ISO-10303-21;
HEADER;
FILE_DESCRIPTION(('Open CASCADE Model'),'2;1');
FILE_NAME('Open CASCADE Shape Model','2026-08-05T18:26:55',('Author'),(
    'Open CASCADE'),'Open CASCADE STEP processor 7.9','build123d',
  'Unknown');
FILE_SCHEMA(('AUTOMOTIVE_DESIGN { 1 0 10303 214 1 1 1 1 }'));
ENDSEC;
DATA;
#1 = APPLICATION_PROTOCOL_DEFINITION('international standard',
  'automotive_design',2000,#2);
#2 = APPLICATION_CONTEXT(
  'core data for automotive mechanical design processes');
#3 = SHAPE_DEFINITION_REPRESENTATION(#4,#10);
#4 = PRODUCT_DEFINITION_SHAPE('','',#5);
#5 = PRODUCT_DEFINITION('design','',#6,#9);
#6 = PRODUCT_DEFINITION_FORMATION('','',#7);
#7 = PRODUCT('SOLID','SOLID','',(#8));
#8 = PRODUCT_CONTEXT('',#2,'mechanical');
#9 = PRODUCT_DEFINITION_CONTEXT('part definition',#2,'design');
#10 = ADVANCED_BREP_SHAPE_REPRESENTATION('',(#11,#15),#3705);
#11 = AXIS2_PLACEMENT_3D('',#12,#13,#14);
#12 = CARTESIAN_POINT('',(0.,0.,0.));
#13 = DIRECTION('',(0.,0.,1.));
#14 = DIRECTION('',(1.,0.,-0.));
#15 = MANIFOLD_SOLID_BREP('',#16);
#16 = CLOSED_SHELL('',(#17,#105,#158,#193,#541,#1077,#1132,#1185,#1238,
    #1297,#1356,#1407,#1458,#1489,#1520,#1573,#1626,#1659,#1704,#1756,
    #1805,#1851,#1904,#1959,#2004,#2052,#2077,#2126,#2153,#2206,#2251,
    #2296,#2328,#2725,#3122,#3519,#3550,#3576,#3607,#3633,#3664,#3690,
    #3695,#3700));
#17 = ADVANCED_FACE('',(#18),#32,.T.);
#18 = FACE_BOUND('',#19,.T.);
#19 = EDGE_LOOP('',(#20,#50,#77,#78));
#20 = ORIENTED_EDGE('',*,*,#21,.T.);
#21 = EDGE_CURVE('',#22,#24,#26,.T.);
#22 = VERTEX_POINT('',#23);
#23 = CARTESIAN_POINT('',(29.05,-7.115197903046E-15,0.));
#24 = VERTEX_POINT('',#25);
#25 = CARTESIAN_POINT('',(29.05,0.,21.4));
#26 = SEAM_CURVE('',#27,(#31,#43),.PCURVE_S1.);
#27 = LINE('',#28,#29);
#28 = CARTESIAN_POINT('',(29.05,-7.115197903046E-15,0.));
#29 = VECTOR('',#30,1.);
#30 = DIRECTION('',(0.,0.,1.));
#31 = PCURVE('',#32,#37);
#32 = CYLINDRICAL_SURFACE('',#33,29.05);
#33 = AXIS2_PLACEMENT_3D('',#34,#35,#36);
#34 = CARTESIAN_POINT('',(0.,0.,0.));
#35 = DIRECTION('',(0.,0.,1.));
#36 = DIRECTION('',(1.,0.,-0.));
#37 = DEFINITIONAL_REPRESENTATION('',(#38),#42);
#38 = LINE('',#39,#40);
#39 = CARTESIAN_POINT('',(6.28318530718,-0.));
#40 = VECTOR('',#41,1.);
#41 = DIRECTION('',(0.,1.));
#42 = ( GEOMETRIC_REPRESENTATION_CONTEXT(2) 
PARAMETRIC_REPRESENTATION_CONTEXT() REPRESENTATION_CONTEXT('2D SPACE',''
  ) );
#43 = PCURVE('',#32,#44);
#44 = DEFINITIONAL_REPRESENTATION('',(#45),#49);
#45 = LINE('',#46,#47);
#46 = CARTESIAN_POINT('',(0.,-0.));
#47 = VECTOR('',#48,1.);
#48 = DIRECTION('',(0.,1.));
#49 = ( GEOMETRIC_REPRESENTATION_CONTEXT(2) 
PARAMETRIC_REPRESENTATION_CONTEXT() REPRESENTATION_CONTEXT('2D SPACE',''
  ) );
#50 = ORIENTED_EDGE('',*,*,#51,.F.);
#51 = EDGE_CURVE('',#24,#24,#52,.T.);
#52 = SURFACE_CURVE('',#53,(#58,#65),.PCURVE_S1.);
#53 = CIRCLE('',#54,29.05);
#54 = AXIS2_PLACEMENT_3D('',#55,#56,#57);
#55 = CARTESIAN_POINT('',(0.,0.,21.4));
#56 = DIRECTION('',(0.,0.,1.));
#57 = DIRECTION('',(1.,0.,-0.));
#58 = PCURVE('',#32,#59);
#59 = DEFINITIONAL_REPRESENTATION('',(#60),#64);
#60 = LINE('',#61,#62);
#61 = CARTESIAN_POINT('',(0.,21.4));
#62 = VECTOR('',#63,1.);
#63 = DIRECTION('',(1.,0.));
#64 = ( GEOMETRIC_REPRESENTATION_CONTEXT(2) 
PARAMETRIC_REPRESENTATION_CONTEXT() REPRESENTATION_CONTEXT('2D SPACE',''
  ) );
#65 = PCURVE('',#66,#71);
#66 = CONICAL_SURFACE('',#67,29.05,0.785398163397);
#67 = AXIS2_PLACEMENT_3D('',#68,#69,#70);
#68 = CARTESIAN_POINT('',(0.,0.,21.4));
#69 = DIRECTION('',(-0.,-0.,-1.));
#70 = DIRECTION('',(1.,0.,0.));
#71 = DEFINITIONAL_REPRESENTATION('',(#72),#76);
#72 = LINE('',#73,#74);
#73 = CARTESIAN_POINT('',(-0.,-0.));
#74 = VECTOR('',#75,1.);
#75 = DIRECTION('',(-1.,-0.));
#76 = ( GEOMETRIC_REPRESENTATION_CONTEXT(2) 
PARAMETRIC_REPRESENTATION_CONTEXT() REPRESENTATION_CONTEXT('2D SPACE',''
  ) );
#77 = ORIENTED_EDGE('',*,*,#21,.F.);
#78 = ORIENTED_EDGE('',*,*,#79,.T.);
#79 = EDGE_CURVE('',#22,#22,#80,.T.);
#80 = SURFACE_CURVE('',#81,(#86,#93),.PCURVE_S1.);
#81 = CIRCLE('',#82,29.05);
#82 = AXIS2_PLACEMENT_3D('',#83,#84,#85);
#83 = CARTESIAN_POINT('',(0.,0.,0.));
#84 = DIRECTION('',(0.,0.,1.));
#85 = DIRECTION('',(1.,0.,-0.));
#86 = PCURVE('',#32,#87);
#87 = DEFINITIONAL_REPRESENTATION('',(#88),#92);
#88 = LINE('',#89,#90);
#89 = CARTESIAN_POINT('',(0.,0.));
#90 = VECTOR('',#91,1.);
#91 = DIRECTION('',(1.,0.));
#92 = ( GEOMETRIC_REPRESENTATION_CONTEXT(2) 
PARAMETRIC_REPRESENTATION_CONTEXT() REPRESENTATION_CONTEXT('2D SPACE',''
  ) );
#93 = PCURVE('',#94,#99);
#94 = PLANE('',#95);
#95 = AXIS2_PLACEMENT_3D('',#96,#97,#98);
#96 = CARTESIAN_POINT('',(0.,0.,0.));
#97 = DIRECTION('',(0.,0.,1.));
#98 = DIRECTION('',(1.,0.,-0.));
#99 = DEFINITIONAL_REPRESENTATION('',(#100),#104);
#100 = CIRCLE('',#101,29.05);
#101 = AXIS2_PLACEMENT_2D('',#102,#103);
#102 = CARTESIAN_POINT('',(0.,0.));
#103 = DIRECTION('',(1.,0.));
#104 = ( GEOMETRIC_REPRESENTATION_CONTEXT(2) 
PARAMETRIC_REPRESENTATION_CONTEXT() REPRESENTATION_CONTEXT('2D SPACE',''
  ) );
#105 = ADVANCED_FACE('',(#106),#66,.T.);
#106 = FACE_BOUND('',#107,.T.);
#107 = EDGE_LOOP('',(#108,#129,#130,#131));
#108 = ORIENTED_EDGE('',*,*,#109,.F.);
#109 = EDGE_CURVE('',#24,#110,#112,.T.);
#110 = VERTEX_POINT('',#111);
#111 = CARTESIAN_POINT('',(28.45,0.,22.));
#112 = SEAM_CURVE('',#113,(#117,#123),.PCURVE_S1.);
#113 = LINE('',#114,#115);
#114 = CARTESIAN_POINT('',(29.05,0.,21.4));
#115 = VECTOR('',#116,1.);
#116 = DIRECTION('',(-0.707106781187,0.,0.707106781187));
#117 = PCURVE('',#66,#118);
#118 = DEFINITIONAL_REPRESENTATION('',(#119),#122);
#119 = B_SPLINE_CURVE_WITH_KNOTS('',1,(#120,#121),.UNSPECIFIED.,.F.,.F.,
  (2,2),(0.,0.848528137424),.PIECEWISE_BEZIER_KNOTS.);
#120 = CARTESIAN_POINT('',(0.,0.));
#121 = CARTESIAN_POINT('',(0.,-0.6));
#122 = ( GEOMETRIC_REPRESENTATION_CONTEXT(2) 
PARAMETRIC_REPRESENTATION_CONTEXT() REPRESENTATION_CONTEXT('2D SPACE',''
  ) );
#123 = PCURVE('',#66,#124);
#124 = DEFINITIONAL_REPRESENTATION('',(#125),#128);
#125 = B_SPLINE_CURVE_WITH_KNOTS('',1,(#126,#127),.UNSPECIFIED.,.F.,.F.,
  (2,2),(0.,0.848528137424),.PIECEWISE_BEZIER_KNOTS.);
#126 = CARTESIAN_POINT('',(-6.28318530718,0.));
#127 = CARTESIAN_POINT('',(-6.28318530718,-0.6));
#128 = ( GEOMETRIC_REPRESENTATION_CONTEXT(2) 
PARAMETRIC_REPRESENTATION_CONTEXT() REPRESENTATION_CONTEXT('2D SPACE',''
  ) );
#129 = ORIENTED_EDGE('',*,*,#51,.T.);
#130 = ORIENTED_EDGE('',*,*,#109,.T.);
#131 = ORIENTED_EDGE('',*,*,#132,.F.);
#132 = EDGE_CURVE('',#110,#110,#133,.T.);
#133 = SURFACE_CURVE('',#134,(#139,#146),.PCURVE_S1.);
#134 = CIRCLE('',#135,28.45);
#135 = AXIS2_PLACEMENT_3D('',#136,#137,#138);
#136 = CARTESIAN_POINT('',(0.,0.,22.));
#137 = DIRECTION('',(0.,0.,1.));
#138 = DIRECTION('',(1.,0.,-0.));
#139 = PCURVE('',#66,#140);
#140 = DEFINITIONAL_REPRESENTATION('',(#141),#145);
#141 = LINE('',#142,#143);
#142 = CARTESIAN_POINT('',(-0.,-0.6));
#143 = VECTOR('',#144,1.);
#144 = DIRECTION('',(-1.,-0.));
#145 = ( GEOMETRIC_REPRESENTATION_CONTEXT(2) 
PARAMETRIC_REPRESENTATION_CONTEXT() REPRESENTATION_CONTEXT('2D SPACE',''
  ) );
#146 = PCURVE('',#147,#152);
#147 = PLANE('',#148);
#148 = AXIS2_PLACEMENT_3D('',#149,#150,#151);
#149 = CARTESIAN_POINT('',(0.,0.,22.));
#150 = DIRECTION('',(0.,0.,1.));
#151 = DIRECTION('',(1.,0.,-0.));
#152 = DEFINITIONAL_REPRESENTATION('',(#153),#157);
#153 = CIRCLE('',#154,28.45);
#154 = AXIS2_PLACEMENT_2D('',#155,#156);
#155 = CARTESIAN_POINT('',(0.,0.));
#156 = DIRECTION('',(1.,0.));
#157 = ( GEOMETRIC_REPRESENTATION_CONTEXT(2) 
PARAMETRIC_REPRESENTATION_CONTEXT() REPRESENTATION_CONTEXT('2D SPACE',''
  ) );
#158 = ADVANCED_FACE('',(#159,#162),#94,.F.);
#159 = FACE_BOUND('',#160,.F.);
#160 = EDGE_LOOP('',(#161));
#161 = ORIENTED_EDGE('',*,*,#79,.T.);
#162 = FACE_BOUND('',#163,.F.);
#163 = EDGE_LOOP('',(#164));
#164 = ORIENTED_EDGE('',*,*,#165,.F.);
#165 = EDGE_CURVE('',#166,#166,#168,.T.);
#166 = VERTEX_POINT('',#167);
#167 = CARTESIAN_POINT('',(19.25,-4.714890176717E-15,0.));
#168 = SURFACE_CURVE('',#169,(#174,#181),.PCURVE_S1.);
#169 = CIRCLE('',#170,19.25);
#170 = AXIS2_PLACEMENT_3D('',#171,#172,#173);
#171 = CARTESIAN_POINT('',(0.,0.,0.));
#172 = DIRECTION('',(0.,0.,1.));
#173 = DIRECTION('',(1.,0.,-0.));
#174 = PCURVE('',#94,#175);
#175 = DEFINITIONAL_REPRESENTATION('',(#176),#180);
#176 = CIRCLE('',#177,19.25);
#177 = AXIS2_PLACEMENT_2D('',#178,#179);
#178 = CARTESIAN_POINT('',(0.,0.));
#179 = DIRECTION('',(1.,0.));
#180 = ( GEOMETRIC_REPRESENTATION_CONTEXT(2) 
PARAMETRIC_REPRESENTATION_CONTEXT() REPRESENTATION_CONTEXT('2D SPACE',''
  ) );
#181 = PCURVE('',#182,#187);
#182 = CYLINDRICAL_SURFACE('',#183,19.25);
#183 = AXIS2_PLACEMENT_3D('',#184,#185,#186);
#184 = CARTESIAN_POINT('',(0.,0.,-33.));
#185 = DIRECTION('',(0.,0.,1.));
#186 = DIRECTION('',(1.,0.,-0.));
#187 = DEFINITIONAL_REPRESENTATION('',(#188),#192);
#188 = LINE('',#189,#190);
#189 = CARTESIAN_POINT('',(0.,33.));
#190 = VECTOR('',#191,1.);
#191 = DIRECTION('',(1.,0.));
#192 = ( GEOMETRIC_REPRESENTATION_CONTEXT(2) 
PARAMETRIC_REPRESENTATION_CONTEXT() REPRESENTATION_CONTEXT('2D SPACE',''
  ) );
#193 = ADVANCED_FACE('',(#194,#197),#147,.T.);
#194 = FACE_BOUND('',#195,.T.);
#195 = EDGE_LOOP('',(#196));
#196 = ORIENTED_EDGE('',*,*,#132,.T.);
#197 = FACE_BOUND('',#198,.T.);
#198 = EDGE_LOOP('',(#199,#230,#258,#287,#315,#344,#372,#401,#429,#458,
    #486,#515));
#199 = ORIENTED_EDGE('',*,*,#200,.F.);
#200 = EDGE_CURVE('',#201,#203,#205,.T.);
#201 = VERTEX_POINT('',#202);
#202 = CARTESIAN_POINT('',(18.736989484686,6.553451384635,22.));
#203 = VERTEX_POINT('',#204);
#204 = CARTESIAN_POINT('',(-3.693039360783,19.503434576497,22.));
#205 = SURFACE_CURVE('',#206,(#211,#218),.PCURVE_S1.);
#206 = CIRCLE('',#207,19.85);
#207 = AXIS2_PLACEMENT_3D('',#208,#209,#210);
#208 = CARTESIAN_POINT('',(0.,0.,22.));
#209 = DIRECTION('',(0.,0.,1.));
#210 = DIRECTION('',(0.953476936128,0.301465971996,-0.));
#211 = PCURVE('',#147,#212);
#212 = DEFINITIONAL_REPRESENTATION('',(#213),#217);
#213 = CIRCLE('',#214,19.85);
#214 = AXIS2_PLACEMENT_2D('',#215,#216);
#215 = CARTESIAN_POINT('',(0.,0.));
#216 = DIRECTION('',(0.953476936128,0.301465971996));
#217 = ( GEOMETRIC_REPRESENTATION_CONTEXT(2) 
PARAMETRIC_REPRESENTATION_CONTEXT() REPRESENTATION_CONTEXT('2D SPACE',''
  ) );
#218 = PCURVE('',#219,#224);
#219 = CONICAL_SURFACE('',#220,19.25,0.785398163397);
#220 = AXIS2_PLACEMENT_3D('',#221,#222,#223);
#221 = CARTESIAN_POINT('',(0.,0.,21.4));
#222 = DIRECTION('',(0.,0.,1.));
#223 = DIRECTION('',(0.953476936128,0.301465971996,-0.));
#224 = DEFINITIONAL_REPRESENTATION('',(#225),#229);
#225 = LINE('',#226,#227);
#226 = CARTESIAN_POINT('',(-0.,0.6));
#227 = VECTOR('',#228,1.);
#228 = DIRECTION('',(1.,-0.));
#229 = ( GEOMETRIC_REPRESENTATION_CONTEXT(2) 
PARAMETRIC_REPRESENTATION_CONTEXT() REPRESENTATION_CONTEXT('2D SPACE',''
  ) );
#230 = ORIENTED_EDGE('',*,*,#231,.F.);
#231 = EDGE_CURVE('',#232,#201,#234,.T.);
#232 = VERTEX_POINT('',#233);
#233 = CARTESIAN_POINT('',(22.74310341002,7.820086142821,22.));
#234 = SURFACE_CURVE('',#235,(#239,#246),.PCURVE_S1.);
#235 = LINE('',#236,#237);
#236 = CARTESIAN_POINT('',(22.178154569007,7.641463204991,22.));
#237 = VECTOR('',#238,1.);
#238 = DIRECTION('',(-0.953476936128,-0.301465971996,0.));
#239 = PCURVE('',#147,#240);
#240 = DEFINITIONAL_REPRESENTATION('',(#241),#245);
#241 = LINE('',#242,#243);
#242 = CARTESIAN_POINT('',(22.178154569007,7.641463204991));
#243 = VECTOR('',#244,1.);
#244 = DIRECTION('',(-0.953476936128,-0.301465971996));
#245 = ( GEOMETRIC_REPRESENTATION_CONTEXT(2) 
PARAMETRIC_REPRESENTATION_CONTEXT() REPRESENTATION_CONTEXT('2D SPACE',''
  ) );
#246 = PCURVE('',#247,#252);
#247 = PLANE('',#248);
#248 = AXIS2_PLACEMENT_3D('',#249,#250,#251);
#249 = CARTESIAN_POINT('',(22.268594360606,7.355420124153,21.7));
#250 = DIRECTION('',(-0.213168633096,0.674210007241,-0.707106781187));
#251 = DIRECTION('',(0.953476936128,0.301465971996,8.326672684689E-17));
#252 = DEFINITIONAL_REPRESENTATION('',(#253),#257);
#253 = LINE('',#254,#255);
#254 = CARTESIAN_POINT('',(-0.,-0.424264068712));
#255 = VECTOR('',#256,1.);
#256 = DIRECTION('',(-1.,0.));
#257 = ( GEOMETRIC_REPRESENTATION_CONTEXT(2) 
PARAMETRIC_REPRESENTATION_CONTEXT() REPRESENTATION_CONTEXT('2D SPACE',''
  ) );
#258 = ORIENTED_EDGE('',*,*,#259,.F.);
#259 = EDGE_CURVE('',#260,#232,#262,.T.);
#260 = VERTEX_POINT('',#261);
#261 = CARTESIAN_POINT('',(22.74310341002,-7.820086142821,22.));
#262 = SURFACE_CURVE('',#263,(#268,#275),.PCURVE_S1.);
#263 = CIRCLE('',#264,24.05);
#264 = AXIS2_PLACEMENT_3D('',#265,#266,#267);
#265 = CARTESIAN_POINT('',(0.,0.,22.));
#266 = DIRECTION('',(0.,0.,1.));
#267 = DIRECTION('',(0.953476936128,-0.301465971996,0.));
#268 = PCURVE('',#147,#269);
#269 = DEFINITIONAL_REPRESENTATION('',(#270),#274);
#270 = CIRCLE('',#271,24.05);
#271 = AXIS2_PLACEMENT_2D('',#272,#273);
#272 = CARTESIAN_POINT('',(0.,0.));
#273 = DIRECTION('',(0.953476936128,-0.301465971996));
#274 = ( GEOMETRIC_REPRESENTATION_CONTEXT(2) 
PARAMETRIC_REPRESENTATION_CONTEXT() REPRESENTATION_CONTEXT('2D SPACE',''
  ) );
#275 = PCURVE('',#276,#281);
#276 = CONICAL_SURFACE('',#277,23.45,0.785398163397);
#277 = AXIS2_PLACEMENT_3D('',#278,#279,#280);
#278 = CARTESIAN_POINT('',(0.,0.,21.4));
#279 = DIRECTION('',(0.,0.,1.));
#280 = DIRECTION('',(0.953476936128,-0.301465971996,0.));
#281 = DEFINITIONAL_REPRESENTATION('',(#282),#286);
#282 = LINE('',#283,#284);
#283 = CARTESIAN_POINT('',(-0.,0.6));
#284 = VECTOR('',#285,1.);
#285 = DIRECTION('',(1.,-0.));
#286 = ( GEOMETRIC_REPRESENTATION_CONTEXT(2) 
PARAMETRIC_REPRESENTATION_CONTEXT() REPRESENTATION_CONTEXT('2D SPACE',''
  ) );
#287 = ORIENTED_EDGE('',*,*,#288,.T.);
#288 = EDGE_CURVE('',#260,#289,#291,.T.);
#289 = VERTEX_POINT('',#290);
#290 = CARTESIAN_POINT('',(18.736989484686,-6.553451384635,22.));
#291 = SURFACE_CURVE('',#292,(#296,#303),.PCURVE_S1.);
#292 = LINE('',#293,#294);
#293 = CARTESIAN_POINT('',(22.178154569007,-7.641463204991,22.));
#294 = VECTOR('',#295,1.);
#295 = DIRECTION('',(-0.953476936128,0.301465971996,0.));
#296 = PCURVE('',#147,#297);
#297 = DEFINITIONAL_REPRESENTATION('',(#298),#302);
#298 = LINE('',#299,#300);
#299 = CARTESIAN_POINT('',(22.178154569007,-7.641463204991));
#300 = VECTOR('',#301,1.);
#301 = DIRECTION('',(-0.953476936128,0.301465971996));
#302 = ( GEOMETRIC_REPRESENTATION_CONTEXT(2) 
PARAMETRIC_REPRESENTATION_CONTEXT() REPRESENTATION_CONTEXT('2D SPACE',''
  ) );
#303 = PCURVE('',#304,#309);
#304 = PLANE('',#305);
#305 = AXIS2_PLACEMENT_3D('',#306,#307,#308);
#306 = CARTESIAN_POINT('',(22.268594360606,-7.355420124153,21.7));
#307 = DIRECTION('',(0.213168633096,0.674210007241,0.707106781187));
#308 = DIRECTION('',(0.953476936128,-0.301465971996,8.326672684689E-17)
  );
#309 = DEFINITIONAL_REPRESENTATION('',(#310),#314);
#310 = LINE('',#311,#312);
#311 = CARTESIAN_POINT('',(-0.,-0.424264068712));
#312 = VECTOR('',#313,1.);
#313 = DIRECTION('',(-1.,0.));
#314 = ( GEOMETRIC_REPRESENTATION_CONTEXT(2) 
PARAMETRIC_REPRESENTATION_CONTEXT() REPRESENTATION_CONTEXT('2D SPACE',''
  ) );
#315 = ORIENTED_EDGE('',*,*,#316,.F.);
#316 = EDGE_CURVE('',#317,#289,#319,.T.);
#317 = VERTEX_POINT('',#318);
#318 = CARTESIAN_POINT('',(-3.693039360783,-19.50343457649,22.));
#319 = SURFACE_CURVE('',#320,(#325,#332),.PCURVE_S1.);
#320 = CIRCLE('',#321,19.85);
#321 = AXIS2_PLACEMENT_3D('',#322,#323,#324);
#322 = CARTESIAN_POINT('',(0.,0.,22.));
#323 = DIRECTION('',(0.,0.,1.));
#324 = DIRECTION('',(-0.215661277939,-0.976468234608,0.));
#325 = PCURVE('',#147,#326);
#326 = DEFINITIONAL_REPRESENTATION('',(#327),#331);
#327 = CIRCLE('',#328,19.85);
#328 = AXIS2_PLACEMENT_2D('',#329,#330);
#329 = CARTESIAN_POINT('',(0.,0.));
#330 = DIRECTION('',(-0.215661277939,-0.976468234608));
#331 = ( GEOMETRIC_REPRESENTATION_CONTEXT(2) 
PARAMETRIC_REPRESENTATION_CONTEXT() REPRESENTATION_CONTEXT('2D SPACE',''
  ) );
#332 = PCURVE('',#333,#338);
#333 = CONICAL_SURFACE('',#334,19.25,0.785398163397);
#334 = AXIS2_PLACEMENT_3D('',#335,#336,#337);
#335 = CARTESIAN_POINT('',(0.,0.,21.4));
#336 = DIRECTION('',(0.,0.,1.));
#337 = DIRECTION('',(-0.215661277939,-0.976468234608,0.));
#338 = DEFINITIONAL_REPRESENTATION('',(#339),#343);
#339 = LINE('',#340,#341);
#340 = CARTESIAN_POINT('',(-0.,0.6));
#341 = VECTOR('',#342,1.);
#342 = DIRECTION('',(1.,-0.));
#343 = ( GEOMETRIC_REPRESENTATION_CONTEXT(2) 
PARAMETRIC_REPRESENTATION_CONTEXT() REPRESENTATION_CONTEXT('2D SPACE',''
  ) );
#344 = ORIENTED_EDGE('',*,*,#345,.F.);
#345 = EDGE_CURVE('',#346,#317,#348,.T.);
#346 = VERTEX_POINT('',#347);
#347 = CARTESIAN_POINT('',(-4.599158445544,-23.60614838538,22.));
#348 = SURFACE_CURVE('',#349,(#353,#360),.PCURVE_S1.);
#349 = LINE('',#350,#351);
#350 = CARTESIAN_POINT('',(-4.471376026897,-23.02757686831,22.));
#351 = VECTOR('',#352,1.);
#352 = DIRECTION('',(0.215661277939,0.976468234608,-0.));
#353 = PCURVE('',#147,#354);
#354 = DEFINITIONAL_REPRESENTATION('',(#355),#359);
#355 = LINE('',#356,#357);
#356 = CARTESIAN_POINT('',(-4.471376026897,-23.02757686831));
#357 = VECTOR('',#358,1.);
#358 = DIRECTION('',(0.215661277939,0.976468234608));
#359 = ( GEOMETRIC_REPRESENTATION_CONTEXT(2) 
PARAMETRIC_REPRESENTATION_CONTEXT() REPRESENTATION_CONTEXT('2D SPACE',''
  ) );
#360 = PCURVE('',#361,#366);
#361 = PLANE('',#362);
#362 = AXIS2_PLACEMENT_3D('',#363,#364,#365);
#363 = CARTESIAN_POINT('',(-4.764316497279,-22.96287848493,21.7));
#364 = DIRECTION('',(0.690467310304,-0.15249555207,-0.707106781187));
#365 = DIRECTION('',(-0.215661277939,-0.976468234608,-4.163336342344E-17
    ));
#366 = DEFINITIONAL_REPRESENTATION('',(#367),#371);
#367 = LINE('',#368,#369);
#368 = CARTESIAN_POINT('',(-0.,-0.424264068712));
#369 = VECTOR('',#370,1.);
#370 = DIRECTION('',(-1.,0.));
#371 = ( GEOMETRIC_REPRESENTATION_CONTEXT(2) 
PARAMETRIC_REPRESENTATION_CONTEXT() REPRESENTATION_CONTEXT('2D SPACE',''
  ) );
#372 = ORIENTED_EDGE('',*,*,#373,.F.);
#373 = EDGE_CURVE('',#374,#346,#376,.T.);
#374 = VERTEX_POINT('',#375);
#375 = CARTESIAN_POINT('',(-18.14394496447,-15.78606224256,22.));
#376 = SURFACE_CURVE('',#377,(#382,#389),.PCURVE_S1.);
#377 = CIRCLE('',#378,24.05);
#378 = AXIS2_PLACEMENT_3D('',#379,#380,#381);
#379 = CARTESIAN_POINT('',(0.,0.,22.));
#380 = DIRECTION('',(0.,0.,1.));
#381 = DIRECTION('',(-0.737815658189,-0.675002262611,0.));
#382 = PCURVE('',#147,#383);
#383 = DEFINITIONAL_REPRESENTATION('',(#384),#388);
#384 = CIRCLE('',#385,24.05);
#385 = AXIS2_PLACEMENT_2D('',#386,#387);
#386 = CARTESIAN_POINT('',(0.,0.));
#387 = DIRECTION('',(-0.737815658189,-0.675002262611));
#388 = ( GEOMETRIC_REPRESENTATION_CONTEXT(2) 
PARAMETRIC_REPRESENTATION_CONTEXT() REPRESENTATION_CONTEXT('2D SPACE',''
  ) );
#389 = PCURVE('',#390,#395);
#390 = CONICAL_SURFACE('',#391,23.45,0.785398163397);
#391 = AXIS2_PLACEMENT_3D('',#392,#393,#394);
#392 = CARTESIAN_POINT('',(0.,0.,21.4));
#393 = DIRECTION('',(0.,0.,1.));
#394 = DIRECTION('',(-0.737815658189,-0.675002262611,0.));
#395 = DEFINITIONAL_REPRESENTATION('',(#396),#400);
#396 = LINE('',#397,#398);
#397 = CARTESIAN_POINT('',(-0.,0.6));
#398 = VECTOR('',#399,1.);
#399 = DIRECTION('',(1.,-0.));
#400 = ( GEOMETRIC_REPRESENTATION_CONTEXT(2) 
PARAMETRIC_REPRESENTATION_CONTEXT() REPRESENTATION_CONTEXT('2D SPACE',''
  ) );
#401 = ORIENTED_EDGE('',*,*,#402,.T.);
#402 = EDGE_CURVE('',#374,#403,#405,.T.);
#403 = VERTEX_POINT('',#404);
#404 = CARTESIAN_POINT('',(-15.0439501239,-12.94998319186,22.));
#405 = SURFACE_CURVE('',#406,(#410,#417),.PCURVE_S1.);
#406 = LINE('',#407,#408);
#407 = CARTESIAN_POINT('',(-17.70677854211,-15.38611366332,22.));
#408 = VECTOR('',#409,1.);
#409 = DIRECTION('',(0.737815658189,0.675002262611,-0.));
#410 = PCURVE('',#147,#411);
#411 = DEFINITIONAL_REPRESENTATION('',(#412),#416);
#412 = LINE('',#413,#414);
#413 = CARTESIAN_POINT('',(-17.70677854211,-15.38611366332));
#414 = VECTOR('',#415,1.);
#415 = DIRECTION('',(0.737815658189,0.675002262611));
#416 = ( GEOMETRIC_REPRESENTATION_CONTEXT(2) 
PARAMETRIC_REPRESENTATION_CONTEXT() REPRESENTATION_CONTEXT('2D SPACE',''
  ) );
#417 = PCURVE('',#418,#423);
#418 = PLANE('',#419);
#419 = AXIS2_PLACEMENT_3D('',#420,#421,#422);
#420 = CARTESIAN_POINT('',(-17.50427786332,-15.60745836077,21.7));
#421 = DIRECTION('',(0.477298677209,-0.521714455171,0.707106781187));
#422 = DIRECTION('',(-0.737815658189,-0.675002262611,-8.326672684689E-17
    ));
#423 = DEFINITIONAL_REPRESENTATION('',(#424),#428);
#424 = LINE('',#425,#426);
#425 = CARTESIAN_POINT('',(3.552713678801E-15,-0.424264068712));
#426 = VECTOR('',#427,1.);
#427 = DIRECTION('',(-1.,0.));
#428 = ( GEOMETRIC_REPRESENTATION_CONTEXT(2) 
PARAMETRIC_REPRESENTATION_CONTEXT() REPRESENTATION_CONTEXT('2D SPACE',''
  ) );
#429 = ORIENTED_EDGE('',*,*,#430,.F.);
#430 = EDGE_CURVE('',#431,#403,#433,.T.);
#431 = VERTEX_POINT('',#432);
#432 = CARTESIAN_POINT('',(-15.0439501239,12.949983191863,22.));
#433 = SURFACE_CURVE('',#434,(#439,#446),.PCURVE_S1.);
#434 = CIRCLE('',#435,19.85);
#435 = AXIS2_PLACEMENT_3D('',#436,#437,#438);
#436 = CARTESIAN_POINT('',(0.,0.,22.));
#437 = DIRECTION('',(0.,0.,1.));
#438 = DIRECTION('',(-0.737815658189,0.675002262611,0.));
#439 = PCURVE('',#147,#440);
#440 = DEFINITIONAL_REPRESENTATION('',(#441),#445);
#441 = CIRCLE('',#442,19.85);
#442 = AXIS2_PLACEMENT_2D('',#443,#444);
#443 = CARTESIAN_POINT('',(0.,0.));
#444 = DIRECTION('',(-0.737815658189,0.675002262611));
#445 = ( GEOMETRIC_REPRESENTATION_CONTEXT(2) 
PARAMETRIC_REPRESENTATION_CONTEXT() REPRESENTATION_CONTEXT('2D SPACE',''
  ) );
#446 = PCURVE('',#447,#452);
#447 = CONICAL_SURFACE('',#448,19.25,0.785398163397);
#448 = AXIS2_PLACEMENT_3D('',#449,#450,#451);
#449 = CARTESIAN_POINT('',(0.,0.,21.4));
#450 = DIRECTION('',(0.,0.,1.));
#451 = DIRECTION('',(-0.737815658189,0.675002262611,0.));
#452 = DEFINITIONAL_REPRESENTATION('',(#453),#457);
#453 = LINE('',#454,#455);
#454 = CARTESIAN_POINT('',(-0.,0.6));
#455 = VECTOR('',#456,1.);
#456 = DIRECTION('',(1.,-0.));
#457 = ( GEOMETRIC_REPRESENTATION_CONTEXT(2) 
PARAMETRIC_REPRESENTATION_CONTEXT() REPRESENTATION_CONTEXT('2D SPACE',''
  ) );
#458 = ORIENTED_EDGE('',*,*,#459,.F.);
#459 = EDGE_CURVE('',#460,#431,#462,.T.);
#460 = VERTEX_POINT('',#461);
#461 = CARTESIAN_POINT('',(-18.14394496447,15.786062242563,22.));
#462 = SURFACE_CURVE('',#463,(#467,#474),.PCURVE_S1.);
#463 = LINE('',#464,#465);
#464 = CARTESIAN_POINT('',(-17.70677854211,15.386113663322,22.));
#465 = VECTOR('',#466,1.);
#466 = DIRECTION('',(0.737815658189,-0.675002262611,0.));
#467 = PCURVE('',#147,#468);
#468 = DEFINITIONAL_REPRESENTATION('',(#469),#473);
#469 = LINE('',#470,#471);
#470 = CARTESIAN_POINT('',(-17.70677854211,15.386113663322));
#471 = VECTOR('',#472,1.);
#472 = DIRECTION('',(0.737815658189,-0.675002262611));
#473 = ( GEOMETRIC_REPRESENTATION_CONTEXT(2) 
PARAMETRIC_REPRESENTATION_CONTEXT() REPRESENTATION_CONTEXT('2D SPACE',''
  ) );
#474 = PCURVE('',#475,#480);
#475 = PLANE('',#476);
#476 = AXIS2_PLACEMENT_3D('',#477,#478,#479);
#477 = CARTESIAN_POINT('',(-17.50427786332,15.607458360779,21.7));
#478 = DIRECTION('',(-0.477298677209,-0.521714455171,-0.707106781187));
#479 = DIRECTION('',(-0.737815658189,0.675002262611,-1.387778780781E-16)
  );
#480 = DEFINITIONAL_REPRESENTATION('',(#481),#485);
#481 = LINE('',#482,#483);
#482 = CARTESIAN_POINT('',(-3.552713678801E-15,-0.424264068712));
#483 = VECTOR('',#484,1.);
#484 = DIRECTION('',(-1.,0.));
#485 = ( GEOMETRIC_REPRESENTATION_CONTEXT(2) 
PARAMETRIC_REPRESENTATION_CONTEXT() REPRESENTATION_CONTEXT('2D SPACE',''
  ) );
#486 = ORIENTED_EDGE('',*,*,#487,.F.);
#487 = EDGE_CURVE('',#488,#460,#490,.T.);
#488 = VERTEX_POINT('',#489);
#489 = CARTESIAN_POINT('',(-4.599158445544,23.606148385384,22.));
#490 = SURFACE_CURVE('',#491,(#496,#503),.PCURVE_S1.);
#491 = CIRCLE('',#492,24.05);
#492 = AXIS2_PLACEMENT_3D('',#493,#494,#495);
#493 = CARTESIAN_POINT('',(0.,0.,22.));
#494 = DIRECTION('',(0.,0.,1.));
#495 = DIRECTION('',(-0.215661277939,0.976468234608,0.));
#496 = PCURVE('',#147,#497);
#497 = DEFINITIONAL_REPRESENTATION('',(#498),#502);
#498 = CIRCLE('',#499,24.05);
#499 = AXIS2_PLACEMENT_2D('',#500,#501);
#500 = CARTESIAN_POINT('',(0.,0.));
#501 = DIRECTION('',(-0.215661277939,0.976468234608));
#502 = ( GEOMETRIC_REPRESENTATION_CONTEXT(2) 
PARAMETRIC_REPRESENTATION_CONTEXT() REPRESENTATION_CONTEXT('2D SPACE',''
  ) );
#503 = PCURVE('',#504,#509);
#504 = CONICAL_SURFACE('',#505,23.45,0.785398163397);
#505 = AXIS2_PLACEMENT_3D('',#506,#507,#508);
#506 = CARTESIAN_POINT('',(0.,0.,21.4));
#507 = DIRECTION('',(0.,0.,1.));
#508 = DIRECTION('',(-0.215661277939,0.976468234608,0.));
#509 = DEFINITIONAL_REPRESENTATION('',(#510),#514);
#510 = LINE('',#511,#512);
#511 = CARTESIAN_POINT('',(-0.,0.6));
#512 = VECTOR('',#513,1.);
#513 = DIRECTION('',(1.,-0.));
#514 = ( GEOMETRIC_REPRESENTATION_CONTEXT(2) 
PARAMETRIC_REPRESENTATION_CONTEXT() REPRESENTATION_CONTEXT('2D SPACE',''
  ) );
#515 = ORIENTED_EDGE('',*,*,#516,.T.);
#516 = EDGE_CURVE('',#488,#203,#517,.T.);
#517 = SURFACE_CURVE('',#518,(#522,#529),.PCURVE_S1.);
#518 = LINE('',#519,#520);
#519 = CARTESIAN_POINT('',(-4.471376026897,23.027576868314,22.));
#520 = VECTOR('',#521,1.);
#521 = DIRECTION('',(0.215661277939,-0.976468234608,0.));
#522 = PCURVE('',#147,#523);
#523 = DEFINITIONAL_REPRESENTATION('',(#524),#528);
#524 = LINE('',#525,#526);
#525 = CARTESIAN_POINT('',(-4.471376026897,23.027576868314));
#526 = VECTOR('',#527,1.);
#527 = DIRECTION('',(0.215661277939,-0.976468234608));
#528 = ( GEOMETRIC_REPRESENTATION_CONTEXT(2) 
PARAMETRIC_REPRESENTATION_CONTEXT() REPRESENTATION_CONTEXT('2D SPACE',''
  ) );
#529 = PCURVE('',#530,#535);
#530 = PLANE('',#531);
#531 = AXIS2_PLACEMENT_3D('',#532,#533,#534);
#532 = CARTESIAN_POINT('',(-4.764316497279,22.962878484932,21.7));
#533 = DIRECTION('',(-0.690467310304,-0.15249555207,0.707106781187));
#534 = DIRECTION('',(-0.215661277939,0.976468234608,-1.387778780781E-17)
  );
#535 = DEFINITIONAL_REPRESENTATION('',(#536),#540);
#536 = LINE('',#537,#538);
#537 = CARTESIAN_POINT('',(-0.,-0.424264068712));
#538 = VECTOR('',#539,1.);
#539 = DIRECTION('',(-1.,0.));
#540 = ( GEOMETRIC_REPRESENTATION_CONTEXT(2) 
PARAMETRIC_REPRESENTATION_CONTEXT() REPRESENTATION_CONTEXT('2D SPACE',''
  ) );
#541 = ADVANCED_FACE('',(#542),#182,.F.);
#542 = FACE_BOUND('',#543,.F.);
#543 = EDGE_LOOP('',(#544,#572,#601,#627,#656,#677,#678,#679,#703,#731,
    #755,#781,#810,#836,#865,#893,#917,#943,#972,#998,#1027,#1055));
#544 = ORIENTED_EDGE('',*,*,#545,.F.);
#545 = EDGE_CURVE('',#546,#548,#550,.T.);
#546 = VERTEX_POINT('',#547);
#547 = CARTESIAN_POINT('',(18.354431020467,5.80321996093,15.15));
#548 = VERTEX_POINT('',#549);
#549 = CARTESIAN_POINT('',(18.354431020467,5.80321996093,21.4));
#550 = SURFACE_CURVE('',#551,(#555,#561),.PCURVE_S1.);
#551 = LINE('',#552,#553);
#552 = CARTESIAN_POINT('',(18.354431020467,5.80321996093,-33.));
#553 = VECTOR('',#554,1.);
#554 = DIRECTION('',(0.,0.,1.));
#555 = PCURVE('',#182,#556);
#556 = DEFINITIONAL_REPRESENTATION('',(#557),#560);
#557 = B_SPLINE_CURVE_WITH_KNOTS('',1,(#558,#559),.UNSPECIFIED.,.F.,.F.,
  (2,2),(41.7,55.0000006),.PIECEWISE_BEZIER_KNOTS.);
#558 = CARTESIAN_POINT('',(0.306229782363,41.7));
#559 = CARTESIAN_POINT('',(0.306229782363,55.0000006));
#560 = ( GEOMETRIC_REPRESENTATION_CONTEXT(2) 
PARAMETRIC_REPRESENTATION_CONTEXT() REPRESENTATION_CONTEXT('2D SPACE',''
  ) );
#561 = PCURVE('',#562,#567);
#562 = PLANE('',#563);
#563 = AXIS2_PLACEMENT_3D('',#564,#565,#566);
#564 = CARTESIAN_POINT('',(-44.71806830441,-14.13875408662,-9.5));
#565 = DIRECTION('',(-0.301465971996,0.953476936128,0.));
#566 = DIRECTION('',(0.,0.,1.));
#567 = DEFINITIONAL_REPRESENTATION('',(#568),#571);
#568 = B_SPLINE_CURVE_WITH_KNOTS('',1,(#569,#570),.UNSPECIFIED.,.F.,.F.,
  (2,2),(41.7,55.0000006),.PIECEWISE_BEZIER_KNOTS.);
#569 = CARTESIAN_POINT('',(18.2,66.15));
#570 = CARTESIAN_POINT('',(31.5000006,66.15));
#571 = ( GEOMETRIC_REPRESENTATION_CONTEXT(2) 
PARAMETRIC_REPRESENTATION_CONTEXT() REPRESENTATION_CONTEXT('2D SPACE',''
  ) );
#572 = ORIENTED_EDGE('',*,*,#573,.T.);
#573 = EDGE_CURVE('',#546,#574,#576,.T.);
#574 = VERTEX_POINT('',#575);
#575 = CARTESIAN_POINT('',(15.950387167104,10.777181877443,15.15));
#576 = SURFACE_CURVE('',#577,(#582,#589),.PCURVE_S1.);
#577 = CIRCLE('',#578,19.25);
#578 = AXIS2_PLACEMENT_3D('',#579,#580,#581);
#579 = CARTESIAN_POINT('',(0.,0.,15.15));
#580 = DIRECTION('',(0.,0.,1.));
#581 = DIRECTION('',(1.,0.,-0.));
#582 = PCURVE('',#182,#583);
#583 = DEFINITIONAL_REPRESENTATION('',(#584),#588);
#584 = LINE('',#585,#586);
#585 = CARTESIAN_POINT('',(0.,48.15));
#586 = VECTOR('',#587,1.);
#587 = DIRECTION('',(1.,0.));
#588 = ( GEOMETRIC_REPRESENTATION_CONTEXT(2) 
PARAMETRIC_REPRESENTATION_CONTEXT() REPRESENTATION_CONTEXT('2D SPACE',''
  ) );
#589 = PCURVE('',#590,#595);
#590 = PLANE('',#591);
#591 = AXIS2_PLACEMENT_3D('',#592,#593,#594);
#592 = CARTESIAN_POINT('',(0.,0.,15.15));
#593 = DIRECTION('',(0.,0.,1.));
#594 = DIRECTION('',(1.,0.,-0.));
#595 = DEFINITIONAL_REPRESENTATION('',(#596),#600);
#596 = CIRCLE('',#597,19.25);
#597 = AXIS2_PLACEMENT_2D('',#598,#599);
#598 = CARTESIAN_POINT('',(0.,0.));
#599 = DIRECTION('',(1.,0.));
#600 = ( GEOMETRIC_REPRESENTATION_CONTEXT(2) 
PARAMETRIC_REPRESENTATION_CONTEXT() REPRESENTATION_CONTEXT('2D SPACE',''
  ) );
#601 = ORIENTED_EDGE('',*,*,#602,.F.);
#602 = EDGE_CURVE('',#603,#574,#605,.T.);
#603 = VERTEX_POINT('',#604);
#604 = CARTESIAN_POINT('',(15.950387167104,10.777181877443,10.));
#605 = SURFACE_CURVE('',#606,(#610,#616),.PCURVE_S1.);
#606 = LINE('',#607,#608);
#607 = CARTESIAN_POINT('',(15.950387167104,10.777181877443,-33.));
#608 = VECTOR('',#609,1.);
#609 = DIRECTION('',(0.,0.,1.));
#610 = PCURVE('',#182,#611);
#611 = DEFINITIONAL_REPRESENTATION('',(#612),#615);
#612 = B_SPLINE_CURVE_WITH_KNOTS('',1,(#613,#614),.UNSPECIFIED.,.F.,.F.,
  (2,2),(42.485,48.665),.PIECEWISE_BEZIER_KNOTS.);
#613 = CARTESIAN_POINT('',(0.594209108942,42.485));
#614 = CARTESIAN_POINT('',(0.594209108942,48.665));
#615 = ( GEOMETRIC_REPRESENTATION_CONTEXT(2) 
PARAMETRIC_REPRESENTATION_CONTEXT() REPRESENTATION_CONTEXT('2D SPACE',''
  ) );
#616 = PCURVE('',#617,#622);
#617 = PLANE('',#618);
#618 = AXIS2_PLACEMENT_3D('',#619,#620,#621);
#619 = CARTESIAN_POINT('',(-38.86094327985,-26.25713402867,2.275));
#620 = DIRECTION('',(-0.559853604023,0.828591541148,0.));
#621 = DIRECTION('',(0.,0.,1.));
#622 = DEFINITIONAL_REPRESENTATION('',(#623),#626);
#623 = B_SPLINE_CURVE_WITH_KNOTS('',1,(#624,#625),.UNSPECIFIED.,.F.,.F.,
  (2,2),(42.485,48.665),.PIECEWISE_BEZIER_KNOTS.);
#624 = CARTESIAN_POINT('',(7.21,66.15));
#625 = CARTESIAN_POINT('',(13.39,66.15));
#626 = ( GEOMETRIC_REPRESENTATION_CONTEXT(2) 
PARAMETRIC_REPRESENTATION_CONTEXT() REPRESENTATION_CONTEXT('2D SPACE',''
  ) );
#627 = ORIENTED_EDGE('',*,*,#628,.F.);
#628 = EDGE_CURVE('',#629,#603,#631,.T.);
#629 = VERTEX_POINT('',#630);
#630 = CARTESIAN_POINT('',(19.25,-4.714890176717E-15,10.));
#631 = SURFACE_CURVE('',#632,(#637,#644),.PCURVE_S1.);
#632 = CIRCLE('',#633,19.25);
#633 = AXIS2_PLACEMENT_3D('',#634,#635,#636);
#634 = CARTESIAN_POINT('',(0.,0.,10.));
#635 = DIRECTION('',(-0.,0.,1.));
#636 = DIRECTION('',(1.,-2.449293598295E-16,0.));
#637 = PCURVE('',#182,#638);
#638 = DEFINITIONAL_REPRESENTATION('',(#639),#643);
#639 = LINE('',#640,#641);
#640 = CARTESIAN_POINT('',(0.,43.));
#641 = VECTOR('',#642,1.);
#642 = DIRECTION('',(1.,0.));
#643 = ( GEOMETRIC_REPRESENTATION_CONTEXT(2) 
PARAMETRIC_REPRESENTATION_CONTEXT() REPRESENTATION_CONTEXT('2D SPACE',''
  ) );
#644 = PCURVE('',#645,#650);
#645 = PLANE('',#646);
#646 = AXIS2_PLACEMENT_3D('',#647,#648,#649);
#647 = CARTESIAN_POINT('',(0.,0.,10.));
#648 = DIRECTION('',(0.,0.,1.));
#649 = DIRECTION('',(1.,0.,-0.));
#650 = DEFINITIONAL_REPRESENTATION('',(#651),#655);
#651 = CIRCLE('',#652,19.25);
#652 = AXIS2_PLACEMENT_2D('',#653,#654);
#653 = CARTESIAN_POINT('',(0.,0.));
#654 = DIRECTION('',(1.,-2.449293598295E-16));
#655 = ( GEOMETRIC_REPRESENTATION_CONTEXT(2) 
PARAMETRIC_REPRESENTATION_CONTEXT() REPRESENTATION_CONTEXT('2D SPACE',''
  ) );
#656 = ORIENTED_EDGE('',*,*,#657,.F.);
#657 = EDGE_CURVE('',#166,#629,#658,.T.);
#658 = SEAM_CURVE('',#659,(#663,#670),.PCURVE_S1.);
#659 = LINE('',#660,#661);
#660 = CARTESIAN_POINT('',(19.25,-4.714890176717E-15,-33.));
#661 = VECTOR('',#662,1.);
#662 = DIRECTION('',(0.,0.,1.));
#663 = PCURVE('',#182,#664);
#664 = DEFINITIONAL_REPRESENTATION('',(#665),#669);
#665 = LINE('',#666,#667);
#666 = CARTESIAN_POINT('',(0.,-0.));
#667 = VECTOR('',#668,1.);
#668 = DIRECTION('',(0.,1.));
#669 = ( GEOMETRIC_REPRESENTATION_CONTEXT(2) 
PARAMETRIC_REPRESENTATION_CONTEXT() REPRESENTATION_CONTEXT('2D SPACE',''
  ) );
#670 = PCURVE('',#182,#671);
#671 = DEFINITIONAL_REPRESENTATION('',(#672),#676);
#672 = LINE('',#673,#674);
#673 = CARTESIAN_POINT('',(6.28318530718,-0.));
#674 = VECTOR('',#675,1.);
#675 = DIRECTION('',(0.,1.));
#676 = ( GEOMETRIC_REPRESENTATION_CONTEXT(2) 
PARAMETRIC_REPRESENTATION_CONTEXT() REPRESENTATION_CONTEXT('2D SPACE',''
  ) );
#677 = ORIENTED_EDGE('',*,*,#165,.T.);
#678 = ORIENTED_EDGE('',*,*,#657,.T.);
#679 = ORIENTED_EDGE('',*,*,#680,.F.);
#680 = EDGE_CURVE('',#681,#629,#683,.T.);
#681 = VERTEX_POINT('',#682);
#682 = CARTESIAN_POINT('',(18.354431020467,-5.80321996093,10.));
#683 = SURFACE_CURVE('',#684,(#689,#696),.PCURVE_S1.);
#684 = CIRCLE('',#685,19.25);
#685 = AXIS2_PLACEMENT_3D('',#686,#687,#688);
#686 = CARTESIAN_POINT('',(0.,0.,10.));
#687 = DIRECTION('',(0.,0.,1.));
#688 = DIRECTION('',(1.,0.,-0.));
#689 = PCURVE('',#182,#690);
#690 = DEFINITIONAL_REPRESENTATION('',(#691),#695);
#691 = LINE('',#692,#693);
#692 = CARTESIAN_POINT('',(0.,43.));
#693 = VECTOR('',#694,1.);
#694 = DIRECTION('',(1.,0.));
#695 = ( GEOMETRIC_REPRESENTATION_CONTEXT(2) 
PARAMETRIC_REPRESENTATION_CONTEXT() REPRESENTATION_CONTEXT('2D SPACE',''
  ) );
#696 = PCURVE('',#645,#697);
#697 = DEFINITIONAL_REPRESENTATION('',(#698),#702);
#698 = CIRCLE('',#699,19.25);
#699 = AXIS2_PLACEMENT_2D('',#700,#701);
#700 = CARTESIAN_POINT('',(0.,0.));
#701 = DIRECTION('',(1.,0.));
#702 = ( GEOMETRIC_REPRESENTATION_CONTEXT(2) 
PARAMETRIC_REPRESENTATION_CONTEXT() REPRESENTATION_CONTEXT('2D SPACE',''
  ) );
#703 = ORIENTED_EDGE('',*,*,#704,.F.);
#704 = EDGE_CURVE('',#705,#681,#707,.T.);
#705 = VERTEX_POINT('',#706);
#706 = CARTESIAN_POINT('',(18.354431020467,-5.80321996093,21.4));
#707 = SURFACE_CURVE('',#708,(#712,#719),.PCURVE_S1.);
#708 = LINE('',#709,#710);
#709 = CARTESIAN_POINT('',(18.354431020467,-5.80321996093,22.));
#710 = VECTOR('',#711,1.);
#711 = DIRECTION('',(2.960594732334E-16,5.181040781584E-16,-1.));
#712 = PCURVE('',#182,#713);
#713 = DEFINITIONAL_REPRESENTATION('',(#714),#718);
#714 = LINE('',#715,#716);
#715 = CARTESIAN_POINT('',(5.976955524817,55.));
#716 = VECTOR('',#717,1.);
#717 = DIRECTION('',(-0.,-1.));
#718 = ( GEOMETRIC_REPRESENTATION_CONTEXT(2) 
PARAMETRIC_REPRESENTATION_CONTEXT() REPRESENTATION_CONTEXT('2D SPACE',''
  ) );
#719 = PCURVE('',#720,#725);
#720 = PLANE('',#721);
#721 = AXIS2_PLACEMENT_3D('',#722,#723,#724);
#722 = CARTESIAN_POINT('',(-44.71806830441,14.138754086629,-9.5));
#723 = DIRECTION('',(0.301465971996,0.953476936128,0.));
#724 = DIRECTION('',(0.,0.,1.));
#725 = DEFINITIONAL_REPRESENTATION('',(#726),#730);
#726 = LINE('',#727,#728);
#727 = CARTESIAN_POINT('',(31.5,66.15));
#728 = VECTOR('',#729,1.);
#729 = DIRECTION('',(-1.,1.26095129933E-16));
#730 = ( GEOMETRIC_REPRESENTATION_CONTEXT(2) 
PARAMETRIC_REPRESENTATION_CONTEXT() REPRESENTATION_CONTEXT('2D SPACE',''
  ) );
#731 = ORIENTED_EDGE('',*,*,#732,.F.);
#732 = EDGE_CURVE('',#733,#705,#735,.T.);
#733 = VERTEX_POINT('',#734);
#734 = CARTESIAN_POINT('',(-4.151479600319,-18.79701351619,21.4));
#735 = SURFACE_CURVE('',#736,(#741,#748),.PCURVE_S1.);
#736 = CIRCLE('',#737,19.25);
#737 = AXIS2_PLACEMENT_3D('',#738,#739,#740);
#738 = CARTESIAN_POINT('',(0.,0.,21.4));
#739 = DIRECTION('',(0.,0.,1.));
#740 = DIRECTION('',(-0.215661277939,-0.976468234608,0.));
#741 = PCURVE('',#182,#742);
#742 = DEFINITIONAL_REPRESENTATION('',(#743),#747);
#743 = LINE('',#744,#745);
#744 = CARTESIAN_POINT('',(4.495019987149,54.4));
#745 = VECTOR('',#746,1.);
#746 = DIRECTION('',(1.,0.));
#747 = ( GEOMETRIC_REPRESENTATION_CONTEXT(2) 
PARAMETRIC_REPRESENTATION_CONTEXT() REPRESENTATION_CONTEXT('2D SPACE',''
  ) );
#748 = PCURVE('',#333,#749);
#749 = DEFINITIONAL_REPRESENTATION('',(#750),#754);
#750 = LINE('',#751,#752);
#751 = CARTESIAN_POINT('',(0.,-0.));
#752 = VECTOR('',#753,1.);
#753 = DIRECTION('',(1.,-0.));
#754 = ( GEOMETRIC_REPRESENTATION_CONTEXT(2) 
PARAMETRIC_REPRESENTATION_CONTEXT() REPRESENTATION_CONTEXT('2D SPACE',''
  ) );
#755 = ORIENTED_EDGE('',*,*,#756,.F.);
#756 = EDGE_CURVE('',#757,#733,#759,.T.);
#757 = VERTEX_POINT('',#758);
#758 = CARTESIAN_POINT('',(-4.151479600319,-18.79701351619,15.15));
#759 = SURFACE_CURVE('',#760,(#764,#770),.PCURVE_S1.);
#760 = LINE('',#761,#762);
#761 = CARTESIAN_POINT('',(-4.151479600319,-18.79701351619,-33.));
#762 = VECTOR('',#763,1.);
#763 = DIRECTION('',(0.,0.,1.));
#764 = PCURVE('',#182,#765);
#765 = DEFINITIONAL_REPRESENTATION('',(#766),#769);
#766 = B_SPLINE_CURVE_WITH_KNOTS('',1,(#767,#768),.UNSPECIFIED.,.F.,.F.,
  (2,2),(41.7,55.0000006),.PIECEWISE_BEZIER_KNOTS.);
#767 = CARTESIAN_POINT('',(4.495019987149,41.7));
#768 = CARTESIAN_POINT('',(4.495019987149,55.0000006));
#769 = ( GEOMETRIC_REPRESENTATION_CONTEXT(2) 
PARAMETRIC_REPRESENTATION_CONTEXT() REPRESENTATION_CONTEXT('2D SPACE',''
  ) );
#770 = PCURVE('',#771,#776);
#771 = PLANE('',#772);
#772 = AXIS2_PLACEMENT_3D('',#773,#774,#775);
#773 = CARTESIAN_POINT('',(10.114513935323,45.796360203101,-9.5));
#774 = DIRECTION('',(0.976468234608,-0.215661277939,0.));
#775 = DIRECTION('',(0.,0.,1.));
#776 = DEFINITIONAL_REPRESENTATION('',(#777),#780);
#777 = B_SPLINE_CURVE_WITH_KNOTS('',1,(#778,#779),.UNSPECIFIED.,.F.,.F.,
  (2,2),(41.7,55.0000006),.PIECEWISE_BEZIER_KNOTS.);
#778 = CARTESIAN_POINT('',(18.2,66.15));
#779 = CARTESIAN_POINT('',(31.5000006,66.15));
#780 = ( GEOMETRIC_REPRESENTATION_CONTEXT(2) 
PARAMETRIC_REPRESENTATION_CONTEXT() REPRESENTATION_CONTEXT('2D SPACE',''
  ) );
#781 = ORIENTED_EDGE('',*,*,#782,.T.);
#782 = EDGE_CURVE('',#757,#783,#785,.T.);
#783 = VERTEX_POINT('',#784);
#784 = CARTESIAN_POINT('',(1.358119703518,-19.20203142563,15.15));
#785 = SURFACE_CURVE('',#786,(#791,#798),.PCURVE_S1.);
#786 = CIRCLE('',#787,19.25);
#787 = AXIS2_PLACEMENT_3D('',#788,#789,#790);
#788 = CARTESIAN_POINT('',(0.,0.,15.15));
#789 = DIRECTION('',(0.,0.,1.));
#790 = DIRECTION('',(1.,0.,-0.));
#791 = PCURVE('',#182,#792);
#792 = DEFINITIONAL_REPRESENTATION('',(#793),#797);
#793 = LINE('',#794,#795);
#794 = CARTESIAN_POINT('',(0.,48.15));
#795 = VECTOR('',#796,1.);
#796 = DIRECTION('',(1.,0.));
#797 = ( GEOMETRIC_REPRESENTATION_CONTEXT(2) 
PARAMETRIC_REPRESENTATION_CONTEXT() REPRESENTATION_CONTEXT('2D SPACE',''
  ) );
#798 = PCURVE('',#799,#804);
#799 = PLANE('',#800);
#800 = AXIS2_PLACEMENT_3D('',#801,#802,#803);
#801 = CARTESIAN_POINT('',(0.,0.,15.15));
#802 = DIRECTION('',(0.,0.,1.));
#803 = DIRECTION('',(1.,0.,-0.));
#804 = DEFINITIONAL_REPRESENTATION('',(#805),#809);
#805 = CIRCLE('',#806,19.25);
#806 = AXIS2_PLACEMENT_2D('',#807,#808);
#807 = CARTESIAN_POINT('',(0.,0.));
#808 = DIRECTION('',(1.,0.));
#809 = ( GEOMETRIC_REPRESENTATION_CONTEXT(2) 
PARAMETRIC_REPRESENTATION_CONTEXT() REPRESENTATION_CONTEXT('2D SPACE',''
  ) );
#810 = ORIENTED_EDGE('',*,*,#811,.F.);
#811 = EDGE_CURVE('',#812,#783,#814,.T.);
#812 = VERTEX_POINT('',#813);
#813 = CARTESIAN_POINT('',(1.358119703518,-19.20203142563,10.));
#814 = SURFACE_CURVE('',#815,(#819,#825),.PCURVE_S1.);
#815 = LINE('',#816,#817);
#816 = CARTESIAN_POINT('',(1.358119703518,-19.20203142563,-33.));
#817 = VECTOR('',#818,1.);
#818 = DIRECTION('',(0.,0.,1.));
#819 = PCURVE('',#182,#820);
#820 = DEFINITIONAL_REPRESENTATION('',(#821),#824);
#821 = B_SPLINE_CURVE_WITH_KNOTS('',1,(#822,#823),.UNSPECIFIED.,.F.,.F.,
  (2,2),(42.485,48.665),.PIECEWISE_BEZIER_KNOTS.);
#822 = CARTESIAN_POINT('',(4.782999313728,42.485));
#823 = CARTESIAN_POINT('',(4.782999313728,48.665));
#824 = ( GEOMETRIC_REPRESENTATION_CONTEXT(2) 
PARAMETRIC_REPRESENTATION_CONTEXT() REPRESENTATION_CONTEXT('2D SPACE',''
  ) );
#825 = PCURVE('',#826,#831);
#826 = PLANE('',#827);
#827 = AXIS2_PLACEMENT_3D('',#828,#829,#830);
#828 = CARTESIAN_POINT('',(-3.308873459481,46.783131109719,2.275));
#829 = DIRECTION('',(0.997508126007,7.055167291005E-02,0.));
#830 = DIRECTION('',(0.,0.,1.));
#831 = DEFINITIONAL_REPRESENTATION('',(#832),#835);
#832 = B_SPLINE_CURVE_WITH_KNOTS('',1,(#833,#834),.UNSPECIFIED.,.F.,.F.,
  (2,2),(42.485,48.665),.PIECEWISE_BEZIER_KNOTS.);
#833 = CARTESIAN_POINT('',(7.21,66.15));
#834 = CARTESIAN_POINT('',(13.39,66.15));
#835 = ( GEOMETRIC_REPRESENTATION_CONTEXT(2) 
PARAMETRIC_REPRESENTATION_CONTEXT() REPRESENTATION_CONTEXT('2D SPACE',''
  ) );
#836 = ORIENTED_EDGE('',*,*,#837,.F.);
#837 = EDGE_CURVE('',#838,#812,#840,.T.);
#838 = VERTEX_POINT('',#839);
#839 = CARTESIAN_POINT('',(-14.20295142014,-12.99379355526,10.));
#840 = SURFACE_CURVE('',#841,(#846,#853),.PCURVE_S1.);
#841 = CIRCLE('',#842,19.25);
#842 = AXIS2_PLACEMENT_3D('',#843,#844,#845);
#843 = CARTESIAN_POINT('',(0.,0.,10.));
#844 = DIRECTION('',(1.56739736509E-16,-3.461729801471E-17,1.));
#845 = DIRECTION('',(-0.737815658189,-0.675002262611,9.227827737144E-17)
  );
#846 = PCURVE('',#182,#847);
#847 = DEFINITIONAL_REPRESENTATION('',(#848),#852);
#848 = LINE('',#849,#850);
#849 = CARTESIAN_POINT('',(3.882560422424,43.));
#850 = VECTOR('',#851,1.);
#851 = DIRECTION('',(1.,0.));
#852 = ( GEOMETRIC_REPRESENTATION_CONTEXT(2) 
PARAMETRIC_REPRESENTATION_CONTEXT() REPRESENTATION_CONTEXT('2D SPACE',''
  ) );
#853 = PCURVE('',#854,#859);
#854 = PLANE('',#855);
#855 = AXIS2_PLACEMENT_3D('',#856,#857,#858);
#856 = CARTESIAN_POINT('',(0.,0.,10.));
#857 = DIRECTION('',(0.,0.,1.));
#858 = DIRECTION('',(1.,0.,-0.));
#859 = DEFINITIONAL_REPRESENTATION('',(#860),#864);
#860 = CIRCLE('',#861,19.25);
#861 = AXIS2_PLACEMENT_2D('',#862,#863);
#862 = CARTESIAN_POINT('',(0.,0.));
#863 = DIRECTION('',(-0.737815658189,-0.675002262611));
#864 = ( GEOMETRIC_REPRESENTATION_CONTEXT(2) 
PARAMETRIC_REPRESENTATION_CONTEXT() REPRESENTATION_CONTEXT('2D SPACE',''
  ) );
#865 = ORIENTED_EDGE('',*,*,#866,.F.);
#866 = EDGE_CURVE('',#867,#838,#869,.T.);
#867 = VERTEX_POINT('',#868);
#868 = CARTESIAN_POINT('',(-14.20295142014,-12.99379355526,21.4));
#869 = SURFACE_CURVE('',#870,(#874,#881),.PCURVE_S1.);
#870 = LINE('',#871,#872);
#871 = CARTESIAN_POINT('',(-14.20295142014,-12.99379355526,22.));
#872 = VECTOR('',#873,1.);
#873 = DIRECTION('',(-2.960594732334E-16,-7.401486830834E-16,-1.));
#874 = PCURVE('',#182,#875);
#875 = DEFINITIONAL_REPRESENTATION('',(#876),#880);
#876 = LINE('',#877,#878);
#877 = CARTESIAN_POINT('',(3.882560422424,55.));
#878 = VECTOR('',#879,1.);
#879 = DIRECTION('',(-0.,-1.));
#880 = ( GEOMETRIC_REPRESENTATION_CONTEXT(2) 
PARAMETRIC_REPRESENTATION_CONTEXT() REPRESENTATION_CONTEXT('2D SPACE',''
  ) );
#881 = PCURVE('',#882,#887);
#882 = PLANE('',#883);
#883 = AXIS2_PLACEMENT_3D('',#884,#885,#886);
#884 = CARTESIAN_POINT('',(34.603554369086,31.657606116472,-9.5));
#885 = DIRECTION('',(0.675002262611,-0.737815658189,0.));
#886 = DIRECTION('',(0.,0.,1.));
#887 = DEFINITIONAL_REPRESENTATION('',(#888),#892);
#888 = LINE('',#889,#890);
#889 = CARTESIAN_POINT('',(31.5,66.15));
#890 = VECTOR('',#891,1.);
#891 = DIRECTION('',(-1.,7.18039350857E-16));
#892 = ( GEOMETRIC_REPRESENTATION_CONTEXT(2) 
PARAMETRIC_REPRESENTATION_CONTEXT() REPRESENTATION_CONTEXT('2D SPACE',''
  ) );
#893 = ORIENTED_EDGE('',*,*,#894,.F.);
#894 = EDGE_CURVE('',#895,#867,#897,.T.);
#895 = VERTEX_POINT('',#896);
#896 = CARTESIAN_POINT('',(-14.20295142014,12.993793555268,21.4));
#897 = SURFACE_CURVE('',#898,(#903,#910),.PCURVE_S1.);
#898 = CIRCLE('',#899,19.25);
#899 = AXIS2_PLACEMENT_3D('',#900,#901,#902);
#900 = CARTESIAN_POINT('',(0.,0.,21.4));
#901 = DIRECTION('',(0.,0.,1.));
#902 = DIRECTION('',(-0.737815658189,0.675002262611,0.));
#903 = PCURVE('',#182,#904);
#904 = DEFINITIONAL_REPRESENTATION('',(#905),#909);
#905 = LINE('',#906,#907);
#906 = CARTESIAN_POINT('',(2.400624884756,54.4));
#907 = VECTOR('',#908,1.);
#908 = DIRECTION('',(1.,0.));
#909 = ( GEOMETRIC_REPRESENTATION_CONTEXT(2) 
PARAMETRIC_REPRESENTATION_CONTEXT() REPRESENTATION_CONTEXT('2D SPACE',''
  ) );
#910 = PCURVE('',#447,#911);
#911 = DEFINITIONAL_REPRESENTATION('',(#912),#916);
#912 = LINE('',#913,#914);
#913 = CARTESIAN_POINT('',(0.,-0.));
#914 = VECTOR('',#915,1.);
#915 = DIRECTION('',(1.,-0.));
#916 = ( GEOMETRIC_REPRESENTATION_CONTEXT(2) 
PARAMETRIC_REPRESENTATION_CONTEXT() REPRESENTATION_CONTEXT('2D SPACE',''
  ) );
#917 = ORIENTED_EDGE('',*,*,#918,.F.);
#918 = EDGE_CURVE('',#919,#895,#921,.T.);
#919 = VERTEX_POINT('',#920);
#920 = CARTESIAN_POINT('',(-14.20295142014,12.993793555268,15.15));
#921 = SURFACE_CURVE('',#922,(#926,#932),.PCURVE_S1.);
#922 = LINE('',#923,#924);
#923 = CARTESIAN_POINT('',(-14.20295142014,12.993793555268,-33.));
#924 = VECTOR('',#925,1.);
#925 = DIRECTION('',(0.,0.,1.));
#926 = PCURVE('',#182,#927);
#927 = DEFINITIONAL_REPRESENTATION('',(#928),#931);
#928 = B_SPLINE_CURVE_WITH_KNOTS('',1,(#929,#930),.UNSPECIFIED.,.F.,.F.,
  (2,2),(41.7,55.0000006),.PIECEWISE_BEZIER_KNOTS.);
#929 = CARTESIAN_POINT('',(2.400624884756,41.7));
#930 = CARTESIAN_POINT('',(2.400624884756,55.0000006));
#931 = ( GEOMETRIC_REPRESENTATION_CONTEXT(2) 
PARAMETRIC_REPRESENTATION_CONTEXT() REPRESENTATION_CONTEXT('2D SPACE',''
  ) );
#932 = PCURVE('',#933,#938);
#933 = PLANE('',#934);
#934 = AXIS2_PLACEMENT_3D('',#935,#936,#937);
#935 = CARTESIAN_POINT('',(34.603554369086,-31.65760611647,-9.5));
#936 = DIRECTION('',(-0.675002262611,-0.737815658189,0.));
#937 = DIRECTION('',(0.,0.,1.));
#938 = DEFINITIONAL_REPRESENTATION('',(#939),#942);
#939 = B_SPLINE_CURVE_WITH_KNOTS('',1,(#940,#941),.UNSPECIFIED.,.F.,.F.,
  (2,2),(41.7,55.0000006),.PIECEWISE_BEZIER_KNOTS.);
#940 = CARTESIAN_POINT('',(18.2,66.15));
#941 = CARTESIAN_POINT('',(31.5000006,66.15));
#942 = ( GEOMETRIC_REPRESENTATION_CONTEXT(2) 
PARAMETRIC_REPRESENTATION_CONTEXT() REPRESENTATION_CONTEXT('2D SPACE',''
  ) );
#943 = ORIENTED_EDGE('',*,*,#944,.T.);
#944 = EDGE_CURVE('',#919,#945,#947,.T.);
#945 = VERTEX_POINT('',#946);
#946 = CARTESIAN_POINT('',(-17.30850687062,8.424849548188,15.15));
#947 = SURFACE_CURVE('',#948,(#953,#960),.PCURVE_S1.);
#948 = CIRCLE('',#949,19.25);
#949 = AXIS2_PLACEMENT_3D('',#950,#951,#952);
#950 = CARTESIAN_POINT('',(0.,0.,15.15));
#951 = DIRECTION('',(0.,0.,1.));
#952 = DIRECTION('',(1.,0.,-0.));
#953 = PCURVE('',#182,#954);
#954 = DEFINITIONAL_REPRESENTATION('',(#955),#959);
#955 = LINE('',#956,#957);
#956 = CARTESIAN_POINT('',(0.,48.15));
#957 = VECTOR('',#958,1.);
#958 = DIRECTION('',(1.,0.));
#959 = ( GEOMETRIC_REPRESENTATION_CONTEXT(2) 
PARAMETRIC_REPRESENTATION_CONTEXT() REPRESENTATION_CONTEXT('2D SPACE',''
  ) );
#960 = PCURVE('',#961,#966);
#961 = PLANE('',#962);
#962 = AXIS2_PLACEMENT_3D('',#963,#964,#965);
#963 = CARTESIAN_POINT('',(0.,0.,15.15));
#964 = DIRECTION('',(0.,0.,1.));
#965 = DIRECTION('',(1.,0.,-0.));
#966 = DEFINITIONAL_REPRESENTATION('',(#967),#971);
#967 = CIRCLE('',#968,19.25);
#968 = AXIS2_PLACEMENT_2D('',#969,#970);
#969 = CARTESIAN_POINT('',(0.,0.));
#970 = DIRECTION('',(1.,0.));
#971 = ( GEOMETRIC_REPRESENTATION_CONTEXT(2) 
PARAMETRIC_REPRESENTATION_CONTEXT() REPRESENTATION_CONTEXT('2D SPACE',''
  ) );
#972 = ORIENTED_EDGE('',*,*,#973,.F.);
#973 = EDGE_CURVE('',#974,#945,#976,.T.);
#974 = VERTEX_POINT('',#975);
#975 = CARTESIAN_POINT('',(-17.30850687062,8.424849548188,10.));
#976 = SURFACE_CURVE('',#977,(#981,#987),.PCURVE_S1.);
#977 = LINE('',#978,#979);
#978 = CARTESIAN_POINT('',(-17.30850687062,8.424849548188,-33.));
#979 = VECTOR('',#980,1.);
#980 = DIRECTION('',(0.,0.,1.));
#981 = PCURVE('',#182,#982);
#982 = DEFINITIONAL_REPRESENTATION('',(#983),#986);
#983 = B_SPLINE_CURVE_WITH_KNOTS('',1,(#984,#985),.UNSPECIFIED.,.F.,.F.,
  (2,2),(42.485,48.665),.PIECEWISE_BEZIER_KNOTS.);
#984 = CARTESIAN_POINT('',(2.688604211335,42.485));
#985 = CARTESIAN_POINT('',(2.688604211335,48.665));
#986 = ( GEOMETRIC_REPRESENTATION_CONTEXT(2) 
PARAMETRIC_REPRESENTATION_CONTEXT() REPRESENTATION_CONTEXT('2D SPACE',''
  ) );
#987 = PCURVE('',#988,#993);
#988 = PLANE('',#989);
#989 = AXIS2_PLACEMENT_3D('',#990,#991,#992);
#990 = CARTESIAN_POINT('',(42.169816739335,-20.52599708104,2.275));
#991 = DIRECTION('',(-0.437654521984,-0.899143214058,0.));
#992 = DIRECTION('',(0.,0.,1.));
#993 = DEFINITIONAL_REPRESENTATION('',(#994),#997);
#994 = B_SPLINE_CURVE_WITH_KNOTS('',1,(#995,#996),.UNSPECIFIED.,.F.,.F.,
  (2,2),(42.485,48.665),.PIECEWISE_BEZIER_KNOTS.);
#995 = CARTESIAN_POINT('',(7.21,66.15));
#996 = CARTESIAN_POINT('',(13.39,66.15));
#997 = ( GEOMETRIC_REPRESENTATION_CONTEXT(2) 
PARAMETRIC_REPRESENTATION_CONTEXT() REPRESENTATION_CONTEXT('2D SPACE',''
  ) );
#998 = ORIENTED_EDGE('',*,*,#999,.F.);
#999 = EDGE_CURVE('',#1000,#974,#1002,.T.);
#1000 = VERTEX_POINT('',#1001);
#1001 = CARTESIAN_POINT('',(-4.151479600319,18.797013516198,10.));
#1002 = SURFACE_CURVE('',#1003,(#1008,#1015),.PCURVE_S1.);
#1003 = CIRCLE('',#1004,19.25);
#1004 = AXIS2_PLACEMENT_3D('',#1005,#1006,#1007);
#1005 = CARTESIAN_POINT('',(0.,0.,10.));
#1006 = DIRECTION('',(0.,0.,1.));
#1007 = DIRECTION('',(-0.215661277939,0.976468234608,0.));
#1008 = PCURVE('',#182,#1009);
#1009 = DEFINITIONAL_REPRESENTATION('',(#1010),#1014);
#1010 = LINE('',#1011,#1012);
#1011 = CARTESIAN_POINT('',(1.78816532003,43.));
#1012 = VECTOR('',#1013,1.);
#1013 = DIRECTION('',(1.,0.));
#1014 = ( GEOMETRIC_REPRESENTATION_CONTEXT(2) 
PARAMETRIC_REPRESENTATION_CONTEXT() REPRESENTATION_CONTEXT('2D SPACE',''
  ) );
#1015 = PCURVE('',#1016,#1021);
#1016 = PLANE('',#1017);
#1017 = AXIS2_PLACEMENT_3D('',#1018,#1019,#1020);
#1018 = CARTESIAN_POINT('',(0.,0.,10.));
#1019 = DIRECTION('',(0.,0.,1.));
#1020 = DIRECTION('',(1.,0.,-0.));
#1021 = DEFINITIONAL_REPRESENTATION('',(#1022),#1026);
#1022 = CIRCLE('',#1023,19.25);
#1023 = AXIS2_PLACEMENT_2D('',#1024,#1025);
#1024 = CARTESIAN_POINT('',(0.,0.));
#1025 = DIRECTION('',(-0.215661277939,0.976468234608));
#1026 = ( GEOMETRIC_REPRESENTATION_CONTEXT(2) 
PARAMETRIC_REPRESENTATION_CONTEXT() REPRESENTATION_CONTEXT('2D SPACE',''
  ) );
#1027 = ORIENTED_EDGE('',*,*,#1028,.F.);
#1028 = EDGE_CURVE('',#1029,#1000,#1031,.T.);
#1029 = VERTEX_POINT('',#1030);
#1030 = CARTESIAN_POINT('',(-4.151479600319,18.797013516198,21.4));
#1031 = SURFACE_CURVE('',#1032,(#1036,#1043),.PCURVE_S1.);
#1032 = LINE('',#1033,#1034);
#1033 = CARTESIAN_POINT('',(-4.151479600319,18.797013516198,22.));
#1034 = VECTOR('',#1035,1.);
#1035 = DIRECTION('',(-7.401486830834E-17,0.,-1.));
#1036 = PCURVE('',#182,#1037);
#1037 = DEFINITIONAL_REPRESENTATION('',(#1038),#1042);
#1038 = LINE('',#1039,#1040);
#1039 = CARTESIAN_POINT('',(1.78816532003,55.));
#1040 = VECTOR('',#1041,1.);
#1041 = DIRECTION('',(-0.,-1.));
#1042 = ( GEOMETRIC_REPRESENTATION_CONTEXT(2) 
PARAMETRIC_REPRESENTATION_CONTEXT() REPRESENTATION_CONTEXT('2D SPACE',''
  ) );
#1043 = PCURVE('',#1044,#1049);
#1044 = PLANE('',#1045);
#1045 = AXIS2_PLACEMENT_3D('',#1046,#1047,#1048);
#1046 = CARTESIAN_POINT('',(10.114513935323,-45.7963602031,-9.5));
#1047 = DIRECTION('',(-0.976468234608,-0.215661277939,0.));
#1048 = DIRECTION('',(0.,0.,1.));
#1049 = DEFINITIONAL_REPRESENTATION('',(#1050),#1054);
#1050 = LINE('',#1051,#1052);
#1051 = CARTESIAN_POINT('',(31.5,66.15));
#1052 = VECTOR('',#1053,1.);
#1053 = DIRECTION('',(-1.,1.596214108584E-17));
#1054 = ( GEOMETRIC_REPRESENTATION_CONTEXT(2) 
PARAMETRIC_REPRESENTATION_CONTEXT() REPRESENTATION_CONTEXT('2D SPACE',''
  ) );
#1055 = ORIENTED_EDGE('',*,*,#1056,.F.);
#1056 = EDGE_CURVE('',#548,#1029,#1057,.T.);
#1057 = SURFACE_CURVE('',#1058,(#1063,#1070),.PCURVE_S1.);
#1058 = CIRCLE('',#1059,19.25);
#1059 = AXIS2_PLACEMENT_3D('',#1060,#1061,#1062);
#1060 = CARTESIAN_POINT('',(0.,0.,21.4));
#1061 = DIRECTION('',(0.,0.,1.));
#1062 = DIRECTION('',(0.953476936128,0.301465971996,-0.));
#1063 = PCURVE('',#182,#1064);
#1064 = DEFINITIONAL_REPRESENTATION('',(#1065),#1069);
#1065 = LINE('',#1066,#1067);
#1066 = CARTESIAN_POINT('',(0.306229782363,54.4));
#1067 = VECTOR('',#1068,1.);
#1068 = DIRECTION('',(1.,0.));
#1069 = ( GEOMETRIC_REPRESENTATION_CONTEXT(2) 
PARAMETRIC_REPRESENTATION_CONTEXT() REPRESENTATION_CONTEXT('2D SPACE',''
  ) );
#1070 = PCURVE('',#219,#1071);
#1071 = DEFINITIONAL_REPRESENTATION('',(#1072),#1076);
#1072 = LINE('',#1073,#1074);
#1073 = CARTESIAN_POINT('',(0.,-0.));
#1074 = VECTOR('',#1075,1.);
#1075 = DIRECTION('',(1.,-0.));
#1076 = ( GEOMETRIC_REPRESENTATION_CONTEXT(2) 
PARAMETRIC_REPRESENTATION_CONTEXT() REPRESENTATION_CONTEXT('2D SPACE',''
  ) );
#1077 = ADVANCED_FACE('',(#1078),#219,.F.);
#1078 = FACE_BOUND('',#1079,.T.);
#1079 = EDGE_LOOP('',(#1080,#1105,#1106,#1131));
#1080 = ORIENTED_EDGE('',*,*,#1081,.F.);
#1081 = EDGE_CURVE('',#201,#548,#1082,.T.);
#1082 = SURFACE_CURVE('',#1083,(#1088,#1098),.PCURVE_S1.);
#1083 = PARABOLA('',#1084,6.805902768921);
#1084 = AXIS2_PLACEMENT_3D('',#1085,#1086,#1087);
#1085 = CARTESIAN_POINT('',(2.901609980465,-9.177215510233,11.775));
#1086 = DIRECTION('',(0.213168633096,-0.674210007241,0.707106781187));
#1087 = DIRECTION('',(-0.213168633096,0.674210007241,0.707106781187));
#1088 = PCURVE('',#219,#1089);
#1089 = DEFINITIONAL_REPRESENTATION('',(#1090),#1097);
#1090 = B_SPLINE_CURVE_WITH_KNOTS('',5,(#1091,#1092,#1093,#1094,#1095,
    #1096),.UNSPECIFIED.,.F.,.F.,(6,6),(-19.84092991772,-19.25),
  .PIECEWISE_BEZIER_KNOTS.);
#1091 = CARTESIAN_POINT('',(3.023130493328E-02,0.6));
#1092 = CARTESIAN_POINT('',(2.427735110231E-02,0.478185983545));
#1093 = CARTESIAN_POINT('',(1.827772503952E-02,0.357278975317));
#1094 = CARTESIAN_POINT('',(1.223194591417E-02,0.237278975317));
#1095 = CARTESIAN_POINT('',(6.139531612708E-03,0.118185983545));
#1096 = CARTESIAN_POINT('',(0.,-1.7763568394E-15));
#1097 = ( GEOMETRIC_REPRESENTATION_CONTEXT(2) 
PARAMETRIC_REPRESENTATION_CONTEXT() REPRESENTATION_CONTEXT('2D SPACE',''
  ) );
#1098 = PCURVE('',#247,#1099);
#1099 = DEFINITIONAL_REPRESENTATION('',(#1100),#1104);
#1100 = B_SPLINE_CURVE_WITH_KNOTS('',2,(#1101,#1102,#1103),
  .UNSPECIFIED.,.F.,.F.,(3,3),(-19.84092991772,-19.25),
  .PIECEWISE_BEZIER_KNOTS.);
#1101 = CARTESIAN_POINT('',(-3.609070082277,-0.424264068712));
#1102 = CARTESIAN_POINT('',(-3.904535041138,6.413516683912E-03));
#1103 = CARTESIAN_POINT('',(-4.2,0.424264068712));
#1104 = ( GEOMETRIC_REPRESENTATION_CONTEXT(2) 
PARAMETRIC_REPRESENTATION_CONTEXT() REPRESENTATION_CONTEXT('2D SPACE',''
  ) );
#1105 = ORIENTED_EDGE('',*,*,#200,.T.);
#1106 = ORIENTED_EDGE('',*,*,#1107,.T.);
#1107 = EDGE_CURVE('',#203,#1029,#1108,.T.);
#1108 = SURFACE_CURVE('',#1109,(#1114,#1124),.PCURVE_S1.);
#1109 = PARABOLA('',#1110,6.805902768921);
#1110 = AXIS2_PLACEMENT_3D('',#1111,#1112,#1113);
#1111 = CARTESIAN_POINT('',(-9.398506758099,-2.07573980016,11.775));
#1112 = DIRECTION('',(0.690467310304,0.15249555207,-0.707106781187));
#1113 = DIRECTION('',(0.690467310304,0.15249555207,0.707106781187));
#1114 = PCURVE('',#219,#1115);
#1115 = DEFINITIONAL_REPRESENTATION('',(#1116),#1123);
#1116 = B_SPLINE_CURVE_WITH_KNOTS('',5,(#1117,#1118,#1119,#1120,#1121,
    #1122),.UNSPECIFIED.,.F.,.F.,(6,6),(-19.84092991772,-19.25),
  .PIECEWISE_BEZIER_KNOTS.);
#1117 = CARTESIAN_POINT('',(1.451704232734,0.6));
#1118 = CARTESIAN_POINT('',(1.457658186565,0.478185983545));
#1119 = CARTESIAN_POINT('',(1.463657812628,0.357278975317));
#1120 = CARTESIAN_POINT('',(1.469703591753,0.237278975317));
#1121 = CARTESIAN_POINT('',(1.475796006055,0.118185983545));
#1122 = CARTESIAN_POINT('',(1.481935537668,1.7763568394E-15));
#1123 = ( GEOMETRIC_REPRESENTATION_CONTEXT(2) 
PARAMETRIC_REPRESENTATION_CONTEXT() REPRESENTATION_CONTEXT('2D SPACE',''
  ) );
#1124 = PCURVE('',#530,#1125);
#1125 = DEFINITIONAL_REPRESENTATION('',(#1126),#1130);
#1126 = B_SPLINE_CURVE_WITH_KNOTS('',2,(#1127,#1128,#1129),
  .UNSPECIFIED.,.F.,.F.,(3,3),(-19.84092991772,-19.25),
  .PIECEWISE_BEZIER_KNOTS.);
#1127 = CARTESIAN_POINT('',(-3.609070082277,-0.424264068712));
#1128 = CARTESIAN_POINT('',(-3.904535041138,6.41351668391E-03));
#1129 = CARTESIAN_POINT('',(-4.2,0.424264068712));
#1130 = ( GEOMETRIC_REPRESENTATION_CONTEXT(2) 
PARAMETRIC_REPRESENTATION_CONTEXT() REPRESENTATION_CONTEXT('2D SPACE',''
  ) );
#1131 = ORIENTED_EDGE('',*,*,#1056,.F.);
#1132 = ADVANCED_FACE('',(#1133),#247,.F.);
#1133 = FACE_BOUND('',#1134,.T.);
#1134 = EDGE_LOOP('',(#1135,#1162,#1163,#1164));
#1135 = ORIENTED_EDGE('',*,*,#1136,.F.);
#1136 = EDGE_CURVE('',#232,#1137,#1139,.T.);
#1137 = VERTEX_POINT('',#1138);
#1138 = CARTESIAN_POINT('',(22.359034152205,7.069377043314,21.4));
#1139 = SURFACE_CURVE('',#1140,(#1145,#1152),.PCURVE_S1.);
#1140 = PARABOLA('',#1141,8.290827009412);
#1141 = AXIS2_PLACEMENT_3D('',#1142,#1143,#1144);
#1142 = CARTESIAN_POINT('',(3.534688521657,-11.1795170761,9.675));
#1143 = DIRECTION('',(0.213168633096,-0.674210007241,0.707106781187));
#1144 = DIRECTION('',(-0.213168633096,0.674210007241,0.707106781187));
#1145 = PCURVE('',#247,#1146);
#1146 = DEFINITIONAL_REPRESENTATION('',(#1147),#1151);
#1147 = B_SPLINE_CURVE_WITH_KNOTS('',2,(#1148,#1149,#1150),
  .UNSPECIFIED.,.F.,.F.,(3,3),(-24.04251442757,-23.45),
  .PIECEWISE_BEZIER_KNOTS.);
#1148 = CARTESIAN_POINT('',(0.592514427572,-0.424264068712));
#1149 = CARTESIAN_POINT('',(0.296257213786,5.293099025014E-03));
#1150 = CARTESIAN_POINT('',(-1.7763568394E-14,0.424264068712));
#1151 = ( GEOMETRIC_REPRESENTATION_CONTEXT(2) 
PARAMETRIC_REPRESENTATION_CONTEXT() REPRESENTATION_CONTEXT('2D SPACE',''
  ) );
#1152 = PCURVE('',#276,#1153);
#1153 = DEFINITIONAL_REPRESENTATION('',(#1154),#1161);
#1154 = B_SPLINE_CURVE_WITH_KNOTS('',5,(#1155,#1156,#1157,#1158,#1159,
    #1160),.UNSPECIFIED.,.F.,.F.,(6,6),(-24.04251442757,-23.45),
  .PIECEWISE_BEZIER_KNOTS.);
#1155 = CARTESIAN_POINT('',(0.637410178357,0.6));
#1156 = CARTESIAN_POINT('',(0.63248282345,0.478502885514));
#1157 = CARTESIAN_POINT('',(0.627524353189,0.357754328272));
#1158 = CARTESIAN_POINT('',(0.622534499215,0.237754328272));
#1159 = CARTESIAN_POINT('',(0.617512992679,0.118502885514));
#1160 = CARTESIAN_POINT('',(0.612459564726,3.552713678801E-15));
#1161 = ( GEOMETRIC_REPRESENTATION_CONTEXT(2) 
PARAMETRIC_REPRESENTATION_CONTEXT() REPRESENTATION_CONTEXT('2D SPACE',''
  ) );
#1162 = ORIENTED_EDGE('',*,*,#231,.T.);
#1163 = ORIENTED_EDGE('',*,*,#1081,.T.);
#1164 = ORIENTED_EDGE('',*,*,#1165,.F.);
#1165 = EDGE_CURVE('',#1137,#548,#1166,.T.);
#1166 = SURFACE_CURVE('',#1167,(#1171,#1178),.PCURVE_S1.);
#1167 = LINE('',#1168,#1169);
#1168 = CARTESIAN_POINT('',(22.359034152205,7.069377043314,21.4));
#1169 = VECTOR('',#1170,1.);
#1170 = DIRECTION('',(-0.953476936128,-0.301465971996,0.));
#1171 = PCURVE('',#247,#1172);
#1172 = DEFINITIONAL_REPRESENTATION('',(#1173),#1177);
#1173 = LINE('',#1174,#1175);
#1174 = CARTESIAN_POINT('',(-0.,0.424264068712));
#1175 = VECTOR('',#1176,1.);
#1176 = DIRECTION('',(-1.,0.));
#1177 = ( GEOMETRIC_REPRESENTATION_CONTEXT(2) 
PARAMETRIC_REPRESENTATION_CONTEXT() REPRESENTATION_CONTEXT('2D SPACE',''
  ) );
#1178 = PCURVE('',#562,#1179);
#1179 = DEFINITIONAL_REPRESENTATION('',(#1180),#1184);
#1180 = LINE('',#1181,#1182);
#1181 = CARTESIAN_POINT('',(30.9,70.35));
#1182 = VECTOR('',#1183,1.);
#1183 = DIRECTION('',(0.,-1.));
#1184 = ( GEOMETRIC_REPRESENTATION_CONTEXT(2) 
PARAMETRIC_REPRESENTATION_CONTEXT() REPRESENTATION_CONTEXT('2D SPACE',''
  ) );
#1185 = ADVANCED_FACE('',(#1186),#530,.T.);
#1186 = FACE_BOUND('',#1187,.F.);
#1187 = EDGE_LOOP('',(#1188,#1215,#1216,#1217));
#1188 = ORIENTED_EDGE('',*,*,#1189,.F.);
#1189 = EDGE_CURVE('',#488,#1190,#1192,.T.);
#1190 = VERTEX_POINT('',#1191);
#1191 = CARTESIAN_POINT('',(-5.057256967662,22.89818010155,21.4));
#1192 = SURFACE_CURVE('',#1193,(#1198,#1205),.PCURVE_S1.);
#1193 = PARABOLA('',#1194,8.290827009412);
#1194 = AXIS2_PLACEMENT_3D('',#1195,#1196,#1197);
#1195 = CARTESIAN_POINT('',(-11.44909005077,-2.528628483831,9.675));
#1196 = DIRECTION('',(0.690467310304,0.15249555207,-0.707106781187));
#1197 = DIRECTION('',(0.690467310304,0.15249555207,0.707106781187));
#1198 = PCURVE('',#530,#1199);
#1199 = DEFINITIONAL_REPRESENTATION('',(#1200),#1204);
#1200 = B_SPLINE_CURVE_WITH_KNOTS('',2,(#1201,#1202,#1203),
  .UNSPECIFIED.,.F.,.F.,(3,3),(-24.04251442757,-23.45),
  .PIECEWISE_BEZIER_KNOTS.);
#1201 = CARTESIAN_POINT('',(0.592514427572,-0.424264068712));
#1202 = CARTESIAN_POINT('',(0.296257213786,5.293099025021E-03));
#1203 = CARTESIAN_POINT('',(-7.105427357601E-15,0.424264068712));
#1204 = ( GEOMETRIC_REPRESENTATION_CONTEXT(2) 
PARAMETRIC_REPRESENTATION_CONTEXT() REPRESENTATION_CONTEXT('2D SPACE',''
  ) );
#1205 = PCURVE('',#504,#1206);
#1206 = DEFINITIONAL_REPRESENTATION('',(#1207),#1214);
#1207 = B_SPLINE_CURVE_WITH_KNOTS('',5,(#1208,#1209,#1210,#1211,#1212,
    #1213),.UNSPECIFIED.,.F.,.F.,(6,6),(-24.04251442757,-23.45),
  .PIECEWISE_BEZIER_KNOTS.);
#1208 = CARTESIAN_POINT('',(-2.495061363134E-02,0.6));
#1209 = CARTESIAN_POINT('',(-2.00232587243E-02,0.478502885514));
#1210 = CARTESIAN_POINT('',(-1.506478846343E-02,0.357754328272));
#1211 = CARTESIAN_POINT('',(-1.007493448956E-02,0.237754328272));
#1212 = CARTESIAN_POINT('',(-5.053427953705E-03,0.118502885514));
#1213 = CARTESIAN_POINT('',(0.,5.681582339348E-15));
#1214 = ( GEOMETRIC_REPRESENTATION_CONTEXT(2) 
PARAMETRIC_REPRESENTATION_CONTEXT() REPRESENTATION_CONTEXT('2D SPACE',''
  ) );
#1215 = ORIENTED_EDGE('',*,*,#516,.T.);
#1216 = ORIENTED_EDGE('',*,*,#1107,.T.);
#1217 = ORIENTED_EDGE('',*,*,#1218,.F.);
#1218 = EDGE_CURVE('',#1190,#1029,#1219,.T.);
#1219 = SURFACE_CURVE('',#1220,(#1224,#1231),.PCURVE_S1.);
#1220 = LINE('',#1221,#1222);
#1221 = CARTESIAN_POINT('',(-5.057256967662,22.89818010155,21.4));
#1222 = VECTOR('',#1223,1.);
#1223 = DIRECTION('',(0.215661277939,-0.976468234608,0.));
#1224 = PCURVE('',#530,#1225);
#1225 = DEFINITIONAL_REPRESENTATION('',(#1226),#1230);
#1226 = LINE('',#1227,#1228);
#1227 = CARTESIAN_POINT('',(-0.,0.424264068712));
#1228 = VECTOR('',#1229,1.);
#1229 = DIRECTION('',(-1.,0.));
#1230 = ( GEOMETRIC_REPRESENTATION_CONTEXT(2) 
PARAMETRIC_REPRESENTATION_CONTEXT() REPRESENTATION_CONTEXT('2D SPACE',''
  ) );
#1231 = PCURVE('',#1044,#1232);
#1232 = DEFINITIONAL_REPRESENTATION('',(#1233),#1237);
#1233 = LINE('',#1234,#1235);
#1234 = CARTESIAN_POINT('',(30.9,70.35));
#1235 = VECTOR('',#1236,1.);
#1236 = DIRECTION('',(0.,-1.));
#1237 = ( GEOMETRIC_REPRESENTATION_CONTEXT(2) 
PARAMETRIC_REPRESENTATION_CONTEXT() REPRESENTATION_CONTEXT('2D SPACE',''
  ) );
#1238 = ADVANCED_FACE('',(#1239),#276,.F.);
#1239 = FACE_BOUND('',#1240,.T.);
#1240 = EDGE_LOOP('',(#1241,#1268,#1269,#1270));
#1241 = ORIENTED_EDGE('',*,*,#1242,.F.);
#1242 = EDGE_CURVE('',#260,#1243,#1245,.T.);
#1243 = VERTEX_POINT('',#1244);
#1244 = CARTESIAN_POINT('',(22.359034152205,-7.069377043314,21.4));
#1245 = SURFACE_CURVE('',#1246,(#1251,#1261),.PCURVE_S1.);
#1246 = PARABOLA('',#1247,8.290827009412);
#1247 = AXIS2_PLACEMENT_3D('',#1248,#1249,#1250);
#1248 = CARTESIAN_POINT('',(3.534688521657,11.179517076102,9.675));
#1249 = DIRECTION('',(-0.213168633096,-0.674210007241,-0.707106781187));
#1250 = DIRECTION('',(-0.213168633096,-0.674210007241,0.707106781187));
#1251 = PCURVE('',#276,#1252);
#1252 = DEFINITIONAL_REPRESENTATION('',(#1253),#1260);
#1253 = B_SPLINE_CURVE_WITH_KNOTS('',5,(#1254,#1255,#1256,#1257,#1258,
    #1259),.UNSPECIFIED.,.F.,.F.,(6,6),(-24.04251442757,-23.45),
  .PIECEWISE_BEZIER_KNOTS.);
#1254 = CARTESIAN_POINT('',(-2.495061363134E-02,0.6));
#1255 = CARTESIAN_POINT('',(-2.00232587243E-02,0.478502885514));
#1256 = CARTESIAN_POINT('',(-1.506478846344E-02,0.357754328272));
#1257 = CARTESIAN_POINT('',(-1.007493448954E-02,0.237754328272));
#1258 = CARTESIAN_POINT('',(-5.053427953705E-03,0.118502885514));
#1259 = CARTESIAN_POINT('',(0.,2.139630465985E-15));
#1260 = ( GEOMETRIC_REPRESENTATION_CONTEXT(2) 
PARAMETRIC_REPRESENTATION_CONTEXT() REPRESENTATION_CONTEXT('2D SPACE',''
  ) );
#1261 = PCURVE('',#304,#1262);
#1262 = DEFINITIONAL_REPRESENTATION('',(#1263),#1267);
#1263 = B_SPLINE_CURVE_WITH_KNOTS('',2,(#1264,#1265,#1266),
  .UNSPECIFIED.,.F.,.F.,(3,3),(-24.04251442757,-23.45),
  .PIECEWISE_BEZIER_KNOTS.);
#1264 = CARTESIAN_POINT('',(0.592514427572,-0.424264068712));
#1265 = CARTESIAN_POINT('',(0.296257213786,5.293099025018E-03));
#1266 = CARTESIAN_POINT('',(-1.7763568394E-14,0.424264068712));
#1267 = ( GEOMETRIC_REPRESENTATION_CONTEXT(2) 
PARAMETRIC_REPRESENTATION_CONTEXT() REPRESENTATION_CONTEXT('2D SPACE',''
  ) );
#1268 = ORIENTED_EDGE('',*,*,#259,.T.);
#1269 = ORIENTED_EDGE('',*,*,#1136,.T.);
#1270 = ORIENTED_EDGE('',*,*,#1271,.F.);
#1271 = EDGE_CURVE('',#1243,#1137,#1272,.T.);
#1272 = SURFACE_CURVE('',#1273,(#1278,#1285),.PCURVE_S1.);
#1273 = CIRCLE('',#1274,23.45);
#1274 = AXIS2_PLACEMENT_3D('',#1275,#1276,#1277);
#1275 = CARTESIAN_POINT('',(0.,0.,21.4));
#1276 = DIRECTION('',(0.,0.,1.));
#1277 = DIRECTION('',(0.953476936128,-0.301465971996,0.));
#1278 = PCURVE('',#276,#1279);
#1279 = DEFINITIONAL_REPRESENTATION('',(#1280),#1284);
#1280 = LINE('',#1281,#1282);
#1281 = CARTESIAN_POINT('',(0.,-0.));
#1282 = VECTOR('',#1283,1.);
#1283 = DIRECTION('',(1.,-0.));
#1284 = ( GEOMETRIC_REPRESENTATION_CONTEXT(2) 
PARAMETRIC_REPRESENTATION_CONTEXT() REPRESENTATION_CONTEXT('2D SPACE',''
  ) );
#1285 = PCURVE('',#1286,#1291);
#1286 = CYLINDRICAL_SURFACE('',#1287,23.45);
#1287 = AXIS2_PLACEMENT_3D('',#1288,#1289,#1290);
#1288 = CARTESIAN_POINT('',(0.,0.,10.));
#1289 = DIRECTION('',(0.,0.,1.));
#1290 = DIRECTION('',(1.,0.,-0.));
#1291 = DEFINITIONAL_REPRESENTATION('',(#1292),#1296);
#1292 = LINE('',#1293,#1294);
#1293 = CARTESIAN_POINT('',(-0.306229782363,11.4));
#1294 = VECTOR('',#1295,1.);
#1295 = DIRECTION('',(1.,0.));
#1296 = ( GEOMETRIC_REPRESENTATION_CONTEXT(2) 
PARAMETRIC_REPRESENTATION_CONTEXT() REPRESENTATION_CONTEXT('2D SPACE',''
  ) );
#1297 = ADVANCED_FACE('',(#1298),#504,.F.);
#1298 = FACE_BOUND('',#1299,.T.);
#1299 = EDGE_LOOP('',(#1300,#1301,#1302,#1329));
#1300 = ORIENTED_EDGE('',*,*,#1189,.F.);
#1301 = ORIENTED_EDGE('',*,*,#487,.T.);
#1302 = ORIENTED_EDGE('',*,*,#1303,.T.);
#1303 = EDGE_CURVE('',#460,#1304,#1306,.T.);
#1304 = VERTEX_POINT('',#1305);
#1305 = CARTESIAN_POINT('',(-17.30177718454,15.828803058236,21.4));
#1306 = SURFACE_CURVE('',#1307,(#1312,#1322),.PCURVE_S1.);
#1307 = PARABOLA('',#1308,8.290827009412);
#1308 = AXIS2_PLACEMENT_3D('',#1309,#1310,#1311);
#1309 = CARTESIAN_POINT('',(7.914401529118,8.650888592272,9.675));
#1310 = DIRECTION('',(0.477298677209,0.521714455171,0.707106781187));
#1311 = DIRECTION('',(-0.477298677209,-0.521714455171,0.707106781187));
#1312 = PCURVE('',#504,#1313);
#1313 = DEFINITIONAL_REPRESENTATION('',(#1314),#1321);
#1314 = B_SPLINE_CURVE_WITH_KNOTS('',5,(#1315,#1316,#1317,#1318,#1319,
    #1320),.UNSPECIFIED.,.F.,.F.,(6,6),(-24.04251442757,-23.45),
  .PIECEWISE_BEZIER_KNOTS.);
#1315 = CARTESIAN_POINT('',(0.637410178357,0.6));
#1316 = CARTESIAN_POINT('',(0.63248282345,0.478502885514));
#1317 = CARTESIAN_POINT('',(0.627524353189,0.357754328272));
#1318 = CARTESIAN_POINT('',(0.622534499215,0.237754328272));
#1319 = CARTESIAN_POINT('',(0.617512992679,0.118502885514));
#1320 = CARTESIAN_POINT('',(0.612459564726,-1.7763568394E-15));
#1321 = ( GEOMETRIC_REPRESENTATION_CONTEXT(2) 
PARAMETRIC_REPRESENTATION_CONTEXT() REPRESENTATION_CONTEXT('2D SPACE',''
  ) );
#1322 = PCURVE('',#475,#1323);
#1323 = DEFINITIONAL_REPRESENTATION('',(#1324),#1328);
#1324 = B_SPLINE_CURVE_WITH_KNOTS('',2,(#1325,#1326,#1327),
  .UNSPECIFIED.,.F.,.F.,(3,3),(-24.04251442757,-23.45),
  .PIECEWISE_BEZIER_KNOTS.);
#1325 = CARTESIAN_POINT('',(0.592514427572,-0.424264068712));
#1326 = CARTESIAN_POINT('',(0.296257213786,5.293099025014E-03));
#1327 = CARTESIAN_POINT('',(-2.13162820728E-14,0.424264068712));
#1328 = ( GEOMETRIC_REPRESENTATION_CONTEXT(2) 
PARAMETRIC_REPRESENTATION_CONTEXT() REPRESENTATION_CONTEXT('2D SPACE',''
  ) );
#1329 = ORIENTED_EDGE('',*,*,#1330,.F.);
#1330 = EDGE_CURVE('',#1190,#1304,#1331,.T.);
#1331 = SURFACE_CURVE('',#1332,(#1337,#1344),.PCURVE_S1.);
#1332 = CIRCLE('',#1333,23.45);
#1333 = AXIS2_PLACEMENT_3D('',#1334,#1335,#1336);
#1334 = CARTESIAN_POINT('',(0.,0.,21.4));
#1335 = DIRECTION('',(0.,0.,1.));
#1336 = DIRECTION('',(-0.215661277939,0.976468234608,0.));
#1337 = PCURVE('',#504,#1338);
#1338 = DEFINITIONAL_REPRESENTATION('',(#1339),#1343);
#1339 = LINE('',#1340,#1341);
#1340 = CARTESIAN_POINT('',(0.,-0.));
#1341 = VECTOR('',#1342,1.);
#1342 = DIRECTION('',(1.,-0.));
#1343 = ( GEOMETRIC_REPRESENTATION_CONTEXT(2) 
PARAMETRIC_REPRESENTATION_CONTEXT() REPRESENTATION_CONTEXT('2D SPACE',''
  ) );
#1344 = PCURVE('',#1345,#1350);
#1345 = CYLINDRICAL_SURFACE('',#1346,23.45);
#1346 = AXIS2_PLACEMENT_3D('',#1347,#1348,#1349);
#1347 = CARTESIAN_POINT('',(0.,0.,10.));
#1348 = DIRECTION('',(0.,0.,1.));
#1349 = DIRECTION('',(1.,0.,-0.));
#1350 = DEFINITIONAL_REPRESENTATION('',(#1351),#1355);
#1351 = LINE('',#1352,#1353);
#1352 = CARTESIAN_POINT('',(1.78816532003,11.4));
#1353 = VECTOR('',#1354,1.);
#1354 = DIRECTION('',(1.,0.));
#1355 = ( GEOMETRIC_REPRESENTATION_CONTEXT(2) 
PARAMETRIC_REPRESENTATION_CONTEXT() REPRESENTATION_CONTEXT('2D SPACE',''
  ) );
#1356 = ADVANCED_FACE('',(#1357),#304,.T.);
#1357 = FACE_BOUND('',#1358,.F.);
#1358 = EDGE_LOOP('',(#1359,#1360,#1361,#1386));
#1359 = ORIENTED_EDGE('',*,*,#1242,.F.);
#1360 = ORIENTED_EDGE('',*,*,#288,.T.);
#1361 = ORIENTED_EDGE('',*,*,#1362,.T.);
#1362 = EDGE_CURVE('',#289,#705,#1363,.T.);
#1363 = SURFACE_CURVE('',#1364,(#1369,#1376),.PCURVE_S1.);
#1364 = PARABOLA('',#1365,6.805902768921);
#1365 = AXIS2_PLACEMENT_3D('',#1366,#1367,#1368);
#1366 = CARTESIAN_POINT('',(2.901609980465,9.177215510233,11.775));
#1367 = DIRECTION('',(-0.213168633096,-0.674210007241,-0.707106781187));
#1368 = DIRECTION('',(-0.213168633096,-0.674210007241,0.707106781187));
#1369 = PCURVE('',#304,#1370);
#1370 = DEFINITIONAL_REPRESENTATION('',(#1371),#1375);
#1371 = B_SPLINE_CURVE_WITH_KNOTS('',2,(#1372,#1373,#1374),
  .UNSPECIFIED.,.F.,.F.,(3,3),(-19.84092991772,-19.25),
  .PIECEWISE_BEZIER_KNOTS.);
#1372 = CARTESIAN_POINT('',(-3.609070082277,-0.424264068712));
#1373 = CARTESIAN_POINT('',(-3.904535041138,6.413516683908E-03));
#1374 = CARTESIAN_POINT('',(-4.2,0.424264068712));
#1375 = ( GEOMETRIC_REPRESENTATION_CONTEXT(2) 
PARAMETRIC_REPRESENTATION_CONTEXT() REPRESENTATION_CONTEXT('2D SPACE',''
  ) );
#1376 = PCURVE('',#333,#1377);
#1377 = DEFINITIONAL_REPRESENTATION('',(#1378),#1385);
#1378 = B_SPLINE_CURVE_WITH_KNOTS('',5,(#1379,#1380,#1381,#1382,#1383,
    #1384),.UNSPECIFIED.,.F.,.F.,(6,6),(-19.84092991772,-19.25),
  .PIECEWISE_BEZIER_KNOTS.);
#1379 = CARTESIAN_POINT('',(1.451704232734,0.6));
#1380 = CARTESIAN_POINT('',(1.457658186565,0.478185983545));
#1381 = CARTESIAN_POINT('',(1.463657812628,0.357278975317));
#1382 = CARTESIAN_POINT('',(1.469703591753,0.237278975317));
#1383 = CARTESIAN_POINT('',(1.475796006055,0.118185983545));
#1384 = CARTESIAN_POINT('',(1.481935537668,-1.7763568394E-15));
#1385 = ( GEOMETRIC_REPRESENTATION_CONTEXT(2) 
PARAMETRIC_REPRESENTATION_CONTEXT() REPRESENTATION_CONTEXT('2D SPACE',''
  ) );
#1386 = ORIENTED_EDGE('',*,*,#1387,.F.);
#1387 = EDGE_CURVE('',#1243,#705,#1388,.T.);
#1388 = SURFACE_CURVE('',#1389,(#1393,#1400),.PCURVE_S1.);
#1389 = LINE('',#1390,#1391);
#1390 = CARTESIAN_POINT('',(22.359034152205,-7.069377043314,21.4));
#1391 = VECTOR('',#1392,1.);
#1392 = DIRECTION('',(-0.953476936128,0.301465971996,0.));
#1393 = PCURVE('',#304,#1394);
#1394 = DEFINITIONAL_REPRESENTATION('',(#1395),#1399);
#1395 = LINE('',#1396,#1397);
#1396 = CARTESIAN_POINT('',(-3.552713678801E-15,0.424264068712));
#1397 = VECTOR('',#1398,1.);
#1398 = DIRECTION('',(-1.,0.));
#1399 = ( GEOMETRIC_REPRESENTATION_CONTEXT(2) 
PARAMETRIC_REPRESENTATION_CONTEXT() REPRESENTATION_CONTEXT('2D SPACE',''
  ) );
#1400 = PCURVE('',#720,#1401);
#1401 = DEFINITIONAL_REPRESENTATION('',(#1402),#1406);
#1402 = LINE('',#1403,#1404);
#1403 = CARTESIAN_POINT('',(30.9,70.35));
#1404 = VECTOR('',#1405,1.);
#1405 = DIRECTION('',(0.,-1.));
#1406 = ( GEOMETRIC_REPRESENTATION_CONTEXT(2) 
PARAMETRIC_REPRESENTATION_CONTEXT() REPRESENTATION_CONTEXT('2D SPACE',''
  ) );
#1407 = ADVANCED_FACE('',(#1408),#475,.F.);
#1408 = FACE_BOUND('',#1409,.T.);
#1409 = EDGE_LOOP('',(#1410,#1411,#1412,#1437));
#1410 = ORIENTED_EDGE('',*,*,#1303,.F.);
#1411 = ORIENTED_EDGE('',*,*,#459,.T.);
#1412 = ORIENTED_EDGE('',*,*,#1413,.T.);
#1413 = EDGE_CURVE('',#431,#895,#1414,.T.);
#1414 = SURFACE_CURVE('',#1415,(#1420,#1427),.PCURVE_S1.);
#1415 = PARABOLA('',#1416,6.805902768921);
#1416 = AXIS2_PLACEMENT_3D('',#1417,#1418,#1419);
#1417 = CARTESIAN_POINT('',(6.496896777634,7.101475710074,11.775));
#1418 = DIRECTION('',(0.477298677209,0.521714455171,0.707106781187));
#1419 = DIRECTION('',(-0.477298677209,-0.521714455171,0.707106781187));
#1420 = PCURVE('',#475,#1421);
#1421 = DEFINITIONAL_REPRESENTATION('',(#1422),#1426);
#1422 = B_SPLINE_CURVE_WITH_KNOTS('',2,(#1423,#1424,#1425),
  .UNSPECIFIED.,.F.,.F.,(3,3),(-19.84092991772,-19.25),
  .PIECEWISE_BEZIER_KNOTS.);
#1423 = CARTESIAN_POINT('',(-3.609070082277,-0.424264068712));
#1424 = CARTESIAN_POINT('',(-3.904535041138,6.413516683908E-03));
#1425 = CARTESIAN_POINT('',(-4.2,0.424264068712));
#1426 = ( GEOMETRIC_REPRESENTATION_CONTEXT(2) 
PARAMETRIC_REPRESENTATION_CONTEXT() REPRESENTATION_CONTEXT('2D SPACE',''
  ) );
#1427 = PCURVE('',#447,#1428);
#1428 = DEFINITIONAL_REPRESENTATION('',(#1429),#1436);
#1429 = B_SPLINE_CURVE_WITH_KNOTS('',5,(#1430,#1431,#1432,#1433,#1434,
    #1435),.UNSPECIFIED.,.F.,.F.,(6,6),(-19.84092991772,-19.25),
  .PIECEWISE_BEZIER_KNOTS.);
#1430 = CARTESIAN_POINT('',(3.023130493328E-02,0.6));
#1431 = CARTESIAN_POINT('',(2.427735110231E-02,0.478185983545));
#1432 = CARTESIAN_POINT('',(1.827772503952E-02,0.357278975317));
#1433 = CARTESIAN_POINT('',(1.223194591415E-02,0.237278975317));
#1434 = CARTESIAN_POINT('',(6.139531612708E-03,0.118185983545));
#1435 = CARTESIAN_POINT('',(1.845565547429E-16,-1.7763568394E-15));
#1436 = ( GEOMETRIC_REPRESENTATION_CONTEXT(2) 
PARAMETRIC_REPRESENTATION_CONTEXT() REPRESENTATION_CONTEXT('2D SPACE',''
  ) );
#1437 = ORIENTED_EDGE('',*,*,#1438,.F.);
#1438 = EDGE_CURVE('',#1304,#895,#1439,.T.);
#1439 = SURFACE_CURVE('',#1440,(#1444,#1451),.PCURVE_S1.);
#1440 = LINE('',#1441,#1442);
#1441 = CARTESIAN_POINT('',(-17.30177718454,15.828803058236,21.4));
#1442 = VECTOR('',#1443,1.);
#1443 = DIRECTION('',(0.737815658189,-0.675002262611,0.));
#1444 = PCURVE('',#475,#1445);
#1445 = DEFINITIONAL_REPRESENTATION('',(#1446),#1450);
#1446 = LINE('',#1447,#1448);
#1447 = CARTESIAN_POINT('',(-0.,0.424264068712));
#1448 = VECTOR('',#1449,1.);
#1449 = DIRECTION('',(-1.,0.));
#1450 = ( GEOMETRIC_REPRESENTATION_CONTEXT(2) 
PARAMETRIC_REPRESENTATION_CONTEXT() REPRESENTATION_CONTEXT('2D SPACE',''
  ) );
#1451 = PCURVE('',#933,#1452);
#1452 = DEFINITIONAL_REPRESENTATION('',(#1453),#1457);
#1453 = LINE('',#1454,#1455);
#1454 = CARTESIAN_POINT('',(30.9,70.35));
#1455 = VECTOR('',#1456,1.);
#1456 = DIRECTION('',(0.,-1.));
#1457 = ( GEOMETRIC_REPRESENTATION_CONTEXT(2) 
PARAMETRIC_REPRESENTATION_CONTEXT() REPRESENTATION_CONTEXT('2D SPACE',''
  ) );
#1458 = ADVANCED_FACE('',(#1459),#333,.F.);
#1459 = FACE_BOUND('',#1460,.T.);
#1460 = EDGE_LOOP('',(#1461,#1486,#1487,#1488));
#1461 = ORIENTED_EDGE('',*,*,#1462,.F.);
#1462 = EDGE_CURVE('',#317,#733,#1463,.T.);
#1463 = SURFACE_CURVE('',#1464,(#1469,#1479),.PCURVE_S1.);
#1464 = PARABOLA('',#1465,6.805902768921);
#1465 = AXIS2_PLACEMENT_3D('',#1466,#1467,#1468);
#1466 = CARTESIAN_POINT('',(-9.398506758099,2.07573980016,11.775));
#1467 = DIRECTION('',(-0.690467310304,0.15249555207,0.707106781187));
#1468 = DIRECTION('',(0.690467310304,-0.15249555207,0.707106781187));
#1469 = PCURVE('',#333,#1470);
#1470 = DEFINITIONAL_REPRESENTATION('',(#1471),#1478);
#1471 = B_SPLINE_CURVE_WITH_KNOTS('',5,(#1472,#1473,#1474,#1475,#1476,
    #1477),.UNSPECIFIED.,.F.,.F.,(6,6),(-19.84092991772,-19.25),
  .PIECEWISE_BEZIER_KNOTS.);
#1472 = CARTESIAN_POINT('',(3.023130493328E-02,0.6));
#1473 = CARTESIAN_POINT('',(2.427735110231E-02,0.478185983545));
#1474 = CARTESIAN_POINT('',(1.827772503952E-02,0.357278975317));
#1475 = CARTESIAN_POINT('',(1.223194591417E-02,0.237278975317));
#1476 = CARTESIAN_POINT('',(6.139531612708E-03,0.118185983545));
#1477 = CARTESIAN_POINT('',(0.,-3.552713678801E-15));
#1478 = ( GEOMETRIC_REPRESENTATION_CONTEXT(2) 
PARAMETRIC_REPRESENTATION_CONTEXT() REPRESENTATION_CONTEXT('2D SPACE',''
  ) );
#1479 = PCURVE('',#361,#1480);
#1480 = DEFINITIONAL_REPRESENTATION('',(#1481),#1485);
#1481 = B_SPLINE_CURVE_WITH_KNOTS('',2,(#1482,#1483,#1484),
  .UNSPECIFIED.,.F.,.F.,(3,3),(-19.84092991772,-19.25),
  .PIECEWISE_BEZIER_KNOTS.);
#1482 = CARTESIAN_POINT('',(-3.609070082277,-0.424264068712));
#1483 = CARTESIAN_POINT('',(-3.904535041138,6.413516683912E-03));
#1484 = CARTESIAN_POINT('',(-4.2,0.424264068712));
#1485 = ( GEOMETRIC_REPRESENTATION_CONTEXT(2) 
PARAMETRIC_REPRESENTATION_CONTEXT() REPRESENTATION_CONTEXT('2D SPACE',''
  ) );
#1486 = ORIENTED_EDGE('',*,*,#316,.T.);
#1487 = ORIENTED_EDGE('',*,*,#1362,.T.);
#1488 = ORIENTED_EDGE('',*,*,#732,.F.);
#1489 = ADVANCED_FACE('',(#1490),#447,.F.);
#1490 = FACE_BOUND('',#1491,.T.);
#1491 = EDGE_LOOP('',(#1492,#1493,#1494,#1519));
#1492 = ORIENTED_EDGE('',*,*,#1413,.F.);
#1493 = ORIENTED_EDGE('',*,*,#430,.T.);
#1494 = ORIENTED_EDGE('',*,*,#1495,.T.);
#1495 = EDGE_CURVE('',#403,#867,#1496,.T.);
#1496 = SURFACE_CURVE('',#1497,(#1502,#1512),.PCURVE_S1.);
#1497 = PARABOLA('',#1498,6.805902768921);
#1498 = AXIS2_PLACEMENT_3D('',#1499,#1500,#1501);
#1499 = CARTESIAN_POINT('',(6.496896777634,-7.101475710074,11.775));
#1500 = DIRECTION('',(-0.477298677209,0.521714455171,-0.707106781187));
#1501 = DIRECTION('',(-0.477298677209,0.521714455171,0.707106781187));
#1502 = PCURVE('',#447,#1503);
#1503 = DEFINITIONAL_REPRESENTATION('',(#1504),#1511);
#1504 = B_SPLINE_CURVE_WITH_KNOTS('',5,(#1505,#1506,#1507,#1508,#1509,
    #1510),.UNSPECIFIED.,.F.,.F.,(6,6),(-19.84092991772,-19.25),
  .PIECEWISE_BEZIER_KNOTS.);
#1505 = CARTESIAN_POINT('',(1.451704232734,0.6));
#1506 = CARTESIAN_POINT('',(1.457658186565,0.478185983545));
#1507 = CARTESIAN_POINT('',(1.463657812628,0.357278975317));
#1508 = CARTESIAN_POINT('',(1.469703591753,0.237278975317));
#1509 = CARTESIAN_POINT('',(1.475796006055,0.118185983545));
#1510 = CARTESIAN_POINT('',(1.481935537668,5.329070518201E-15));
#1511 = ( GEOMETRIC_REPRESENTATION_CONTEXT(2) 
PARAMETRIC_REPRESENTATION_CONTEXT() REPRESENTATION_CONTEXT('2D SPACE',''
  ) );
#1512 = PCURVE('',#418,#1513);
#1513 = DEFINITIONAL_REPRESENTATION('',(#1514),#1518);
#1514 = B_SPLINE_CURVE_WITH_KNOTS('',2,(#1515,#1516,#1517),
  .UNSPECIFIED.,.F.,.F.,(3,3),(-19.84092991772,-19.25),
  .PIECEWISE_BEZIER_KNOTS.);
#1515 = CARTESIAN_POINT('',(-3.609070082277,-0.424264068712));
#1516 = CARTESIAN_POINT('',(-3.904535041138,6.413516683919E-03));
#1517 = CARTESIAN_POINT('',(-4.2,0.424264068712));
#1518 = ( GEOMETRIC_REPRESENTATION_CONTEXT(2) 
PARAMETRIC_REPRESENTATION_CONTEXT() REPRESENTATION_CONTEXT('2D SPACE',''
  ) );
#1519 = ORIENTED_EDGE('',*,*,#894,.F.);
#1520 = ADVANCED_FACE('',(#1521),#361,.F.);
#1521 = FACE_BOUND('',#1522,.T.);
#1522 = EDGE_LOOP('',(#1523,#1550,#1551,#1552));
#1523 = ORIENTED_EDGE('',*,*,#1524,.F.);
#1524 = EDGE_CURVE('',#346,#1525,#1527,.T.);
#1525 = VERTEX_POINT('',#1526);
#1526 = CARTESIAN_POINT('',(-5.057256967662,-22.89818010155,21.4));
#1527 = SURFACE_CURVE('',#1528,(#1533,#1540),.PCURVE_S1.);
#1528 = PARABOLA('',#1529,8.290827009412);
#1529 = AXIS2_PLACEMENT_3D('',#1530,#1531,#1532);
#1530 = CARTESIAN_POINT('',(-11.44909005077,2.528628483831,9.675));
#1531 = DIRECTION('',(-0.690467310304,0.15249555207,0.707106781187));
#1532 = DIRECTION('',(0.690467310304,-0.15249555207,0.707106781187));
#1533 = PCURVE('',#361,#1534);
#1534 = DEFINITIONAL_REPRESENTATION('',(#1535),#1539);
#1535 = B_SPLINE_CURVE_WITH_KNOTS('',2,(#1536,#1537,#1538),
  .UNSPECIFIED.,.F.,.F.,(3,3),(-24.04251442757,-23.45),
  .PIECEWISE_BEZIER_KNOTS.);
#1536 = CARTESIAN_POINT('',(0.592514427572,-0.424264068712));
#1537 = CARTESIAN_POINT('',(0.296257213786,5.293099025014E-03));
#1538 = CARTESIAN_POINT('',(-7.105427357601E-15,0.424264068712));
#1539 = ( GEOMETRIC_REPRESENTATION_CONTEXT(2) 
PARAMETRIC_REPRESENTATION_CONTEXT() REPRESENTATION_CONTEXT('2D SPACE',''
  ) );
#1540 = PCURVE('',#390,#1541);
#1541 = DEFINITIONAL_REPRESENTATION('',(#1542),#1549);
#1542 = B_SPLINE_CURVE_WITH_KNOTS('',5,(#1543,#1544,#1545,#1546,#1547,
    #1548),.UNSPECIFIED.,.F.,.F.,(6,6),(-24.04251442757,-23.45),
  .PIECEWISE_BEZIER_KNOTS.);
#1543 = CARTESIAN_POINT('',(0.637410178357,0.6));
#1544 = CARTESIAN_POINT('',(0.63248282345,0.478502885514));
#1545 = CARTESIAN_POINT('',(0.627524353189,0.357754328272));
#1546 = CARTESIAN_POINT('',(0.622534499215,0.237754328272));
#1547 = CARTESIAN_POINT('',(0.617512992679,0.118502885514));
#1548 = CARTESIAN_POINT('',(0.612459564726,1.7763568394E-15));
#1549 = ( GEOMETRIC_REPRESENTATION_CONTEXT(2) 
PARAMETRIC_REPRESENTATION_CONTEXT() REPRESENTATION_CONTEXT('2D SPACE',''
  ) );
#1550 = ORIENTED_EDGE('',*,*,#345,.T.);
#1551 = ORIENTED_EDGE('',*,*,#1462,.T.);
#1552 = ORIENTED_EDGE('',*,*,#1553,.F.);
#1553 = EDGE_CURVE('',#1525,#733,#1554,.T.);
#1554 = SURFACE_CURVE('',#1555,(#1559,#1566),.PCURVE_S1.);
#1555 = LINE('',#1556,#1557);
#1556 = CARTESIAN_POINT('',(-5.057256967662,-22.89818010155,21.4));
#1557 = VECTOR('',#1558,1.);
#1558 = DIRECTION('',(0.215661277939,0.976468234608,-0.));
#1559 = PCURVE('',#361,#1560);
#1560 = DEFINITIONAL_REPRESENTATION('',(#1561),#1565);
#1561 = LINE('',#1562,#1563);
#1562 = CARTESIAN_POINT('',(-0.,0.424264068712));
#1563 = VECTOR('',#1564,1.);
#1564 = DIRECTION('',(-1.,0.));
#1565 = ( GEOMETRIC_REPRESENTATION_CONTEXT(2) 
PARAMETRIC_REPRESENTATION_CONTEXT() REPRESENTATION_CONTEXT('2D SPACE',''
  ) );
#1566 = PCURVE('',#771,#1567);
#1567 = DEFINITIONAL_REPRESENTATION('',(#1568),#1572);
#1568 = LINE('',#1569,#1570);
#1569 = CARTESIAN_POINT('',(30.9,70.35));
#1570 = VECTOR('',#1571,1.);
#1571 = DIRECTION('',(0.,-1.));
#1572 = ( GEOMETRIC_REPRESENTATION_CONTEXT(2) 
PARAMETRIC_REPRESENTATION_CONTEXT() REPRESENTATION_CONTEXT('2D SPACE',''
  ) );
#1573 = ADVANCED_FACE('',(#1574),#418,.T.);
#1574 = FACE_BOUND('',#1575,.F.);
#1575 = EDGE_LOOP('',(#1576,#1603,#1604,#1605));
#1576 = ORIENTED_EDGE('',*,*,#1577,.F.);
#1577 = EDGE_CURVE('',#374,#1578,#1580,.T.);
#1578 = VERTEX_POINT('',#1579);
#1579 = CARTESIAN_POINT('',(-17.30177718454,-15.82880305823,21.4));
#1580 = SURFACE_CURVE('',#1581,(#1586,#1593),.PCURVE_S1.);
#1581 = PARABOLA('',#1582,8.290827009412);
#1582 = AXIS2_PLACEMENT_3D('',#1583,#1584,#1585);
#1583 = CARTESIAN_POINT('',(7.914401529118,-8.650888592272,9.675));
#1584 = DIRECTION('',(-0.477298677209,0.521714455171,-0.707106781187));
#1585 = DIRECTION('',(-0.477298677209,0.521714455171,0.707106781187));
#1586 = PCURVE('',#418,#1587);
#1587 = DEFINITIONAL_REPRESENTATION('',(#1588),#1592);
#1588 = B_SPLINE_CURVE_WITH_KNOTS('',2,(#1589,#1590,#1591),
  .UNSPECIFIED.,.F.,.F.,(3,3),(-24.04251442757,-23.45),
  .PIECEWISE_BEZIER_KNOTS.);
#1589 = CARTESIAN_POINT('',(0.592514427572,-0.424264068712));
#1590 = CARTESIAN_POINT('',(0.296257213786,5.293099025014E-03));
#1591 = CARTESIAN_POINT('',(-2.48689957516E-14,0.424264068712));
#1592 = ( GEOMETRIC_REPRESENTATION_CONTEXT(2) 
PARAMETRIC_REPRESENTATION_CONTEXT() REPRESENTATION_CONTEXT('2D SPACE',''
  ) );
#1593 = PCURVE('',#390,#1594);
#1594 = DEFINITIONAL_REPRESENTATION('',(#1595),#1602);
#1595 = B_SPLINE_CURVE_WITH_KNOTS('',5,(#1596,#1597,#1598,#1599,#1600,
    #1601),.UNSPECIFIED.,.F.,.F.,(6,6),(-24.04251442757,-23.45),
  .PIECEWISE_BEZIER_KNOTS.);
#1596 = CARTESIAN_POINT('',(-2.495061363134E-02,0.6));
#1597 = CARTESIAN_POINT('',(-2.00232587243E-02,0.478502885514));
#1598 = CARTESIAN_POINT('',(-1.506478846344E-02,0.357754328272));
#1599 = CARTESIAN_POINT('',(-1.007493448954E-02,0.237754328272));
#1600 = CARTESIAN_POINT('',(-5.053427953704E-03,0.118502885514));
#1601 = CARTESIAN_POINT('',(8.881784197001E-16,2.101137136575E-15));
#1602 = ( GEOMETRIC_REPRESENTATION_CONTEXT(2) 
PARAMETRIC_REPRESENTATION_CONTEXT() REPRESENTATION_CONTEXT('2D SPACE',''
  ) );
#1603 = ORIENTED_EDGE('',*,*,#402,.T.);
#1604 = ORIENTED_EDGE('',*,*,#1495,.T.);
#1605 = ORIENTED_EDGE('',*,*,#1606,.F.);
#1606 = EDGE_CURVE('',#1578,#867,#1607,.T.);
#1607 = SURFACE_CURVE('',#1608,(#1612,#1619),.PCURVE_S1.);
#1608 = LINE('',#1609,#1610);
#1609 = CARTESIAN_POINT('',(-17.30177718454,-15.82880305823,21.4));
#1610 = VECTOR('',#1611,1.);
#1611 = DIRECTION('',(0.737815658189,0.675002262611,-0.));
#1612 = PCURVE('',#418,#1613);
#1613 = DEFINITIONAL_REPRESENTATION('',(#1614),#1618);
#1614 = LINE('',#1615,#1616);
#1615 = CARTESIAN_POINT('',(7.105427357601E-15,0.424264068712));
#1616 = VECTOR('',#1617,1.);
#1617 = DIRECTION('',(-1.,0.));
#1618 = ( GEOMETRIC_REPRESENTATION_CONTEXT(2) 
PARAMETRIC_REPRESENTATION_CONTEXT() REPRESENTATION_CONTEXT('2D SPACE',''
  ) );
#1619 = PCURVE('',#882,#1620);
#1620 = DEFINITIONAL_REPRESENTATION('',(#1621),#1625);
#1621 = LINE('',#1622,#1623);
#1622 = CARTESIAN_POINT('',(30.9,70.35));
#1623 = VECTOR('',#1624,1.);
#1624 = DIRECTION('',(0.,-1.));
#1625 = ( GEOMETRIC_REPRESENTATION_CONTEXT(2) 
PARAMETRIC_REPRESENTATION_CONTEXT() REPRESENTATION_CONTEXT('2D SPACE',''
  ) );
#1626 = ADVANCED_FACE('',(#1627),#390,.F.);
#1627 = FACE_BOUND('',#1628,.T.);
#1628 = EDGE_LOOP('',(#1629,#1630,#1631,#1632));
#1629 = ORIENTED_EDGE('',*,*,#1577,.F.);
#1630 = ORIENTED_EDGE('',*,*,#373,.T.);
#1631 = ORIENTED_EDGE('',*,*,#1524,.T.);
#1632 = ORIENTED_EDGE('',*,*,#1633,.F.);
#1633 = EDGE_CURVE('',#1578,#1525,#1634,.T.);
#1634 = SURFACE_CURVE('',#1635,(#1640,#1647),.PCURVE_S1.);
#1635 = CIRCLE('',#1636,23.45);
#1636 = AXIS2_PLACEMENT_3D('',#1637,#1638,#1639);
#1637 = CARTESIAN_POINT('',(0.,0.,21.4));
#1638 = DIRECTION('',(0.,0.,1.));
#1639 = DIRECTION('',(-0.737815658189,-0.675002262611,0.));
#1640 = PCURVE('',#390,#1641);
#1641 = DEFINITIONAL_REPRESENTATION('',(#1642),#1646);
#1642 = LINE('',#1643,#1644);
#1643 = CARTESIAN_POINT('',(0.,-0.));
#1644 = VECTOR('',#1645,1.);
#1645 = DIRECTION('',(1.,-0.));
#1646 = ( GEOMETRIC_REPRESENTATION_CONTEXT(2) 
PARAMETRIC_REPRESENTATION_CONTEXT() REPRESENTATION_CONTEXT('2D SPACE',''
  ) );
#1647 = PCURVE('',#1648,#1653);
#1648 = CYLINDRICAL_SURFACE('',#1649,23.45);
#1649 = AXIS2_PLACEMENT_3D('',#1650,#1651,#1652);
#1650 = CARTESIAN_POINT('',(0.,0.,10.));
#1651 = DIRECTION('',(0.,0.,1.));
#1652 = DIRECTION('',(1.,0.,-0.));
#1653 = DEFINITIONAL_REPRESENTATION('',(#1654),#1658);
#1654 = LINE('',#1655,#1656);
#1655 = CARTESIAN_POINT('',(3.882560422424,11.4));
#1656 = VECTOR('',#1657,1.);
#1657 = DIRECTION('',(1.,0.));
#1658 = ( GEOMETRIC_REPRESENTATION_CONTEXT(2) 
PARAMETRIC_REPRESENTATION_CONTEXT() REPRESENTATION_CONTEXT('2D SPACE',''
  ) );
#1659 = ADVANCED_FACE('',(#1660),#562,.F.);
#1660 = FACE_BOUND('',#1661,.F.);
#1661 = EDGE_LOOP('',(#1662,#1683,#1702,#1703));
#1662 = ORIENTED_EDGE('',*,*,#1663,.F.);
#1663 = EDGE_CURVE('',#1664,#1137,#1666,.T.);
#1664 = VERTEX_POINT('',#1665);
#1665 = CARTESIAN_POINT('',(22.359034152205,7.069377043315,15.15));
#1666 = SURFACE_CURVE('',#1667,(#1671,#1677),.PCURVE_S1.);
#1667 = LINE('',#1668,#1669);
#1668 = CARTESIAN_POINT('',(22.359034152205,7.069377043314,10.));
#1669 = VECTOR('',#1670,1.);
#1670 = DIRECTION('',(0.,0.,1.));
#1671 = PCURVE('',#562,#1672);
#1672 = DEFINITIONAL_REPRESENTATION('',(#1673),#1676);
#1673 = B_SPLINE_CURVE_WITH_KNOTS('',1,(#1674,#1675),.UNSPECIFIED.,.F.,
  .F.,(2,2),(-6.E-07,13.0000006),.PIECEWISE_BEZIER_KNOTS.);
#1674 = CARTESIAN_POINT('',(19.4999994,70.35));
#1675 = CARTESIAN_POINT('',(32.5000006,70.35));
#1676 = ( GEOMETRIC_REPRESENTATION_CONTEXT(2) 
PARAMETRIC_REPRESENTATION_CONTEXT() REPRESENTATION_CONTEXT('2D SPACE',''
  ) );
#1677 = PCURVE('',#1286,#1678);
#1678 = DEFINITIONAL_REPRESENTATION('',(#1679),#1682);
#1679 = B_SPLINE_CURVE_WITH_KNOTS('',1,(#1680,#1681),.UNSPECIFIED.,.F.,
  .F.,(2,2),(-6.E-07,13.0000006),.PIECEWISE_BEZIER_KNOTS.);
#1680 = CARTESIAN_POINT('',(0.306229782363,-6.E-07));
#1681 = CARTESIAN_POINT('',(0.306229782363,13.0000006));
#1682 = ( GEOMETRIC_REPRESENTATION_CONTEXT(2) 
PARAMETRIC_REPRESENTATION_CONTEXT() REPRESENTATION_CONTEXT('2D SPACE',''
  ) );
#1683 = ORIENTED_EDGE('',*,*,#1684,.F.);
#1684 = EDGE_CURVE('',#546,#1664,#1685,.T.);
#1685 = SURFACE_CURVE('',#1686,(#1690,#1696),.PCURVE_S1.);
#1686 = LINE('',#1687,#1688);
#1687 = CARTESIAN_POINT('',(-22.3590341522,-7.069377043314,15.15));
#1688 = VECTOR('',#1689,1.);
#1689 = DIRECTION('',(0.953476936128,0.301465971996,-0.));
#1690 = PCURVE('',#562,#1691);
#1691 = DEFINITIONAL_REPRESENTATION('',(#1692),#1695);
#1692 = B_SPLINE_CURVE_WITH_KNOTS('',1,(#1693,#1694),.UNSPECIFIED.,.F.,
  .F.,(2,2),(42.7,46.9),.PIECEWISE_BEZIER_KNOTS.);
#1693 = CARTESIAN_POINT('',(24.65,66.15));
#1694 = CARTESIAN_POINT('',(24.65,70.35));
#1695 = ( GEOMETRIC_REPRESENTATION_CONTEXT(2) 
PARAMETRIC_REPRESENTATION_CONTEXT() REPRESENTATION_CONTEXT('2D SPACE',''
  ) );
#1696 = PCURVE('',#590,#1697);
#1697 = DEFINITIONAL_REPRESENTATION('',(#1698),#1701);
#1698 = B_SPLINE_CURVE_WITH_KNOTS('',1,(#1699,#1700),.UNSPECIFIED.,.F.,
  .F.,(2,2),(42.7,46.9),.PIECEWISE_BEZIER_KNOTS.);
#1699 = CARTESIAN_POINT('',(18.354431020467,5.80321996093));
#1700 = CARTESIAN_POINT('',(22.359034152205,7.069377043314));
#1701 = ( GEOMETRIC_REPRESENTATION_CONTEXT(2) 
PARAMETRIC_REPRESENTATION_CONTEXT() REPRESENTATION_CONTEXT('2D SPACE',''
  ) );
#1702 = ORIENTED_EDGE('',*,*,#545,.T.);
#1703 = ORIENTED_EDGE('',*,*,#1165,.F.);
#1704 = ADVANCED_FACE('',(#1705),#590,.F.);
#1705 = FACE_BOUND('',#1706,.F.);
#1706 = EDGE_LOOP('',(#1707,#1708,#1736,#1755));
#1707 = ORIENTED_EDGE('',*,*,#1684,.T.);
#1708 = ORIENTED_EDGE('',*,*,#1709,.F.);
#1709 = EDGE_CURVE('',#1710,#1664,#1712,.T.);
#1710 = VERTEX_POINT('',#1711);
#1711 = CARTESIAN_POINT('',(19.430471639927,13.128567014339,15.15));
#1712 = SURFACE_CURVE('',#1713,(#1718,#1729),.PCURVE_S1.);
#1713 = CIRCLE('',#1714,23.45);
#1714 = AXIS2_PLACEMENT_3D('',#1715,#1716,#1717);
#1715 = CARTESIAN_POINT('',(0.,0.,15.15));
#1716 = DIRECTION('',(0.,0.,-1.));
#1717 = DIRECTION('',(-0.953476936128,0.301465971996,0.));
#1718 = PCURVE('',#590,#1719);
#1719 = DEFINITIONAL_REPRESENTATION('',(#1720),#1728);
#1720 = ( BOUNDED_CURVE() B_SPLINE_CURVE(2,(#1721,#1722,#1723,#1724,
#1725,#1726,#1727),.UNSPECIFIED.,.T.,.F.) B_SPLINE_CURVE_WITH_KNOTS((1,2
    ,2,2,2,1),(-2.094395102393,0.,2.094395102393,4.188790204786,
6.28318530718,8.377580409573),.UNSPECIFIED.) CURVE() 
GEOMETRIC_REPRESENTATION_ITEM() RATIONAL_B_SPLINE_CURVE((1.,0.5,1.,0.5,
1.,0.5,1.)) REPRESENTATION_ITEM('') );
#1721 = CARTESIAN_POINT('',(-22.3590341522,7.069377043314));
#1722 = CARTESIAN_POINT('',(-10.11451393532,45.796360203101));
#1723 = CARTESIAN_POINT('',(17.301777184543,15.828803058236));
#1724 = CARTESIAN_POINT('',(44.71806830441,-14.13875408662));
#1725 = CARTESIAN_POINT('',(5.057256967662,-22.89818010155));
#1726 = CARTESIAN_POINT('',(-34.60355436908,-31.65760611647));
#1727 = CARTESIAN_POINT('',(-22.3590341522,7.069377043314));
#1728 = ( GEOMETRIC_REPRESENTATION_CONTEXT(2) 
PARAMETRIC_REPRESENTATION_CONTEXT() REPRESENTATION_CONTEXT('2D SPACE',''
  ) );
#1729 = PCURVE('',#1286,#1730);
#1730 = DEFINITIONAL_REPRESENTATION('',(#1731),#1735);
#1731 = LINE('',#1732,#1733);
#1732 = CARTESIAN_POINT('',(2.835362871227,5.15));
#1733 = VECTOR('',#1734,1.);
#1734 = DIRECTION('',(-1.,-0.));
#1735 = ( GEOMETRIC_REPRESENTATION_CONTEXT(2) 
PARAMETRIC_REPRESENTATION_CONTEXT() REPRESENTATION_CONTEXT('2D SPACE',''
  ) );
#1736 = ORIENTED_EDGE('',*,*,#1737,.T.);
#1737 = EDGE_CURVE('',#1710,#574,#1738,.T.);
#1738 = SURFACE_CURVE('',#1739,(#1743,#1749),.PCURVE_S1.);
#1739 = LINE('',#1740,#1741);
#1740 = CARTESIAN_POINT('',(-19.43047163992,-13.12856701433,15.15));
#1741 = VECTOR('',#1742,1.);
#1742 = DIRECTION('',(-0.828591541148,-0.559853604023,0.));
#1743 = PCURVE('',#590,#1744);
#1744 = DEFINITIONAL_REPRESENTATION('',(#1745),#1748);
#1745 = B_SPLINE_CURVE_WITH_KNOTS('',1,(#1746,#1747),.UNSPECIFIED.,.F.,
  .F.,(2,2),(-51.75103716422,-10.82281140549),.PIECEWISE_BEZIER_KNOTS.);
#1746 = CARTESIAN_POINT('',(23.45,15.84443765398));
#1747 = CARTESIAN_POINT('',(-10.46278165789,-7.069377043314));
#1748 = ( GEOMETRIC_REPRESENTATION_CONTEXT(2) 
PARAMETRIC_REPRESENTATION_CONTEXT() REPRESENTATION_CONTEXT('2D SPACE',''
  ) );
#1749 = PCURVE('',#617,#1750);
#1750 = DEFINITIONAL_REPRESENTATION('',(#1751),#1754);
#1751 = B_SPLINE_CURVE_WITH_KNOTS('',1,(#1752,#1753),.UNSPECIFIED.,.F.,
  .F.,(2,2),(-51.75103716422,-10.82281140549),.PIECEWISE_BEZIER_KNOTS.);
#1752 = CARTESIAN_POINT('',(12.875,75.201037164225));
#1753 = CARTESIAN_POINT('',(12.875,34.27281140549));
#1754 = ( GEOMETRIC_REPRESENTATION_CONTEXT(2) 
PARAMETRIC_REPRESENTATION_CONTEXT() REPRESENTATION_CONTEXT('2D SPACE',''
  ) );
#1755 = ORIENTED_EDGE('',*,*,#573,.F.);
#1756 = ADVANCED_FACE('',(#1757),#1044,.T.);
#1757 = FACE_BOUND('',#1758,.T.);
#1758 = EDGE_LOOP('',(#1759,#1782,#1803,#1804));
#1759 = ORIENTED_EDGE('',*,*,#1760,.T.);
#1760 = EDGE_CURVE('',#1190,#1761,#1763,.T.);
#1761 = VERTEX_POINT('',#1762);
#1762 = CARTESIAN_POINT('',(-5.057256967662,22.89818010155,10.));
#1763 = SURFACE_CURVE('',#1764,(#1768,#1775),.PCURVE_S1.);
#1764 = LINE('',#1765,#1766);
#1765 = CARTESIAN_POINT('',(-5.057256967662,22.89818010155,22.));
#1766 = VECTOR('',#1767,1.);
#1767 = DIRECTION('',(1.480297366167E-16,0.,-1.));
#1768 = PCURVE('',#1044,#1769);
#1769 = DEFINITIONAL_REPRESENTATION('',(#1770),#1774);
#1770 = LINE('',#1771,#1772);
#1771 = CARTESIAN_POINT('',(31.5,70.35));
#1772 = VECTOR('',#1773,1.);
#1773 = DIRECTION('',(-1.,-3.192428217168E-17));
#1774 = ( GEOMETRIC_REPRESENTATION_CONTEXT(2) 
PARAMETRIC_REPRESENTATION_CONTEXT() REPRESENTATION_CONTEXT('2D SPACE',''
  ) );
#1775 = PCURVE('',#1345,#1776);
#1776 = DEFINITIONAL_REPRESENTATION('',(#1777),#1781);
#1777 = LINE('',#1778,#1779);
#1778 = CARTESIAN_POINT('',(1.78816532003,12.));
#1779 = VECTOR('',#1780,1.);
#1780 = DIRECTION('',(-0.,-1.));
#1781 = ( GEOMETRIC_REPRESENTATION_CONTEXT(2) 
PARAMETRIC_REPRESENTATION_CONTEXT() REPRESENTATION_CONTEXT('2D SPACE',''
  ) );
#1782 = ORIENTED_EDGE('',*,*,#1783,.T.);
#1783 = EDGE_CURVE('',#1761,#1000,#1784,.T.);
#1784 = SURFACE_CURVE('',#1785,(#1789,#1796),.PCURVE_S1.);
#1785 = LINE('',#1786,#1787);
#1786 = CARTESIAN_POINT('',(5.057256967662,-22.89818010155,10.));
#1787 = VECTOR('',#1788,1.);
#1788 = DIRECTION('',(0.215661277939,-0.976468234608,0.));
#1789 = PCURVE('',#1044,#1790);
#1790 = DEFINITIONAL_REPRESENTATION('',(#1791),#1795);
#1791 = LINE('',#1792,#1793);
#1792 = CARTESIAN_POINT('',(19.5,23.45));
#1793 = VECTOR('',#1794,1.);
#1794 = DIRECTION('',(0.,-1.));
#1795 = ( GEOMETRIC_REPRESENTATION_CONTEXT(2) 
PARAMETRIC_REPRESENTATION_CONTEXT() REPRESENTATION_CONTEXT('2D SPACE',''
  ) );
#1796 = PCURVE('',#1016,#1797);
#1797 = DEFINITIONAL_REPRESENTATION('',(#1798),#1802);
#1798 = LINE('',#1799,#1800);
#1799 = CARTESIAN_POINT('',(5.057256967662,-22.89818010155));
#1800 = VECTOR('',#1801,1.);
#1801 = DIRECTION('',(0.215661277939,-0.976468234608));
#1802 = ( GEOMETRIC_REPRESENTATION_CONTEXT(2) 
PARAMETRIC_REPRESENTATION_CONTEXT() REPRESENTATION_CONTEXT('2D SPACE',''
  ) );
#1803 = ORIENTED_EDGE('',*,*,#1028,.F.);
#1804 = ORIENTED_EDGE('',*,*,#1218,.F.);
#1805 = ADVANCED_FACE('',(#1806),#617,.F.);
#1806 = FACE_BOUND('',#1807,.F.);
#1807 = EDGE_LOOP('',(#1808,#1829,#1849,#1850));
#1808 = ORIENTED_EDGE('',*,*,#1809,.F.);
#1809 = EDGE_CURVE('',#1810,#1710,#1812,.T.);
#1810 = VERTEX_POINT('',#1811);
#1811 = CARTESIAN_POINT('',(19.430471639927,13.128567014339,10.));
#1812 = SURFACE_CURVE('',#1813,(#1817,#1823),.PCURVE_S1.);
#1813 = LINE('',#1814,#1815);
#1814 = CARTESIAN_POINT('',(19.430471639927,13.128567014339,10.));
#1815 = VECTOR('',#1816,1.);
#1816 = DIRECTION('',(0.,0.,1.));
#1817 = PCURVE('',#617,#1818);
#1818 = DEFINITIONAL_REPRESENTATION('',(#1819),#1822);
#1819 = B_SPLINE_CURVE_WITH_KNOTS('',1,(#1820,#1821),.UNSPECIFIED.,.F.,
  .F.,(2,2),(-6.E-07,5.1500006),.PIECEWISE_BEZIER_KNOTS.);
#1820 = CARTESIAN_POINT('',(7.7249994,70.35));
#1821 = CARTESIAN_POINT('',(12.8750006,70.35));
#1822 = ( GEOMETRIC_REPRESENTATION_CONTEXT(2) 
PARAMETRIC_REPRESENTATION_CONTEXT() REPRESENTATION_CONTEXT('2D SPACE',''
  ) );
#1823 = PCURVE('',#1286,#1824);
#1824 = DEFINITIONAL_REPRESENTATION('',(#1825),#1828);
#1825 = B_SPLINE_CURVE_WITH_KNOTS('',1,(#1826,#1827),.UNSPECIFIED.,.F.,
  .F.,(2,2),(-6.E-07,5.1500006),.PIECEWISE_BEZIER_KNOTS.);
#1826 = CARTESIAN_POINT('',(0.594209108942,-6.E-07));
#1827 = CARTESIAN_POINT('',(0.594209108942,5.1500006));
#1828 = ( GEOMETRIC_REPRESENTATION_CONTEXT(2) 
PARAMETRIC_REPRESENTATION_CONTEXT() REPRESENTATION_CONTEXT('2D SPACE',''
  ) );
#1829 = ORIENTED_EDGE('',*,*,#1830,.T.);
#1830 = EDGE_CURVE('',#1810,#603,#1831,.T.);
#1831 = SURFACE_CURVE('',#1832,(#1836,#1842),.PCURVE_S1.);
#1832 = LINE('',#1833,#1834);
#1833 = CARTESIAN_POINT('',(-19.43047163992,-13.12856701433,10.));
#1834 = VECTOR('',#1835,1.);
#1835 = DIRECTION('',(-0.828591541148,-0.559853604023,0.));
#1836 = PCURVE('',#617,#1837);
#1837 = DEFINITIONAL_REPRESENTATION('',(#1838),#1841);
#1838 = B_SPLINE_CURVE_WITH_KNOTS('',1,(#1839,#1840),.UNSPECIFIED.,.F.,
  .F.,(2,2),(-51.75103716422,-10.82281140549),.PIECEWISE_BEZIER_KNOTS.);
#1839 = CARTESIAN_POINT('',(7.725,75.201037164225));
#1840 = CARTESIAN_POINT('',(7.725,34.27281140549));
#1841 = ( GEOMETRIC_REPRESENTATION_CONTEXT(2) 
PARAMETRIC_REPRESENTATION_CONTEXT() REPRESENTATION_CONTEXT('2D SPACE',''
  ) );
#1842 = PCURVE('',#645,#1843);
#1843 = DEFINITIONAL_REPRESENTATION('',(#1844),#1848);
#1844 = LINE('',#1845,#1846);
#1845 = CARTESIAN_POINT('',(-19.43047163992,-13.12856701433));
#1846 = VECTOR('',#1847,1.);
#1847 = DIRECTION('',(-0.828591541148,-0.559853604023));
#1848 = ( GEOMETRIC_REPRESENTATION_CONTEXT(2) 
PARAMETRIC_REPRESENTATION_CONTEXT() REPRESENTATION_CONTEXT('2D SPACE',''
  ) );
#1849 = ORIENTED_EDGE('',*,*,#602,.T.);
#1850 = ORIENTED_EDGE('',*,*,#1737,.F.);
#1851 = ADVANCED_FACE('',(#1852),#1016,.T.);
#1852 = FACE_BOUND('',#1853,.T.);
#1853 = EDGE_LOOP('',(#1854,#1855,#1883,#1903));
#1854 = ORIENTED_EDGE('',*,*,#1783,.F.);
#1855 = ORIENTED_EDGE('',*,*,#1856,.F.);
#1856 = EDGE_CURVE('',#1857,#1761,#1859,.T.);
#1857 = VERTEX_POINT('',#1858);
#1858 = CARTESIAN_POINT('',(-21.08490836966,10.26299854052,10.));
#1859 = SURFACE_CURVE('',#1860,(#1865,#1876),.PCURVE_S1.);
#1860 = CIRCLE('',#1861,23.45);
#1861 = AXIS2_PLACEMENT_3D('',#1862,#1863,#1864);
#1862 = CARTESIAN_POINT('',(0.,0.,10.));
#1863 = DIRECTION('',(0.,0.,-1.));
#1864 = DIRECTION('',(-0.899143214058,0.437654521984,0.));
#1865 = PCURVE('',#1016,#1866);
#1866 = DEFINITIONAL_REPRESENTATION('',(#1867),#1875);
#1867 = ( BOUNDED_CURVE() B_SPLINE_CURVE(2,(#1868,#1869,#1870,#1871,
#1872,#1873,#1874),.UNSPECIFIED.,.T.,.F.) B_SPLINE_CURVE_WITH_KNOTS((1,2
    ,2,2,2,1),(-2.094395102393,0.,2.094395102393,4.188790204786,
6.28318530718,8.377580409573),.UNSPECIFIED.) CURVE() 
GEOMETRIC_REPRESENTATION_ITEM() RATIONAL_B_SPLINE_CURVE((1.,0.5,1.,0.5,
1.,0.5,1.)) REPRESENTATION_ITEM('') );
#1868 = CARTESIAN_POINT('',(-21.08490836966,10.26299854052));
#1869 = CARTESIAN_POINT('',(-3.308873459481,46.783131109719));
#1870 = CARTESIAN_POINT('',(19.430471639927,13.128567014339));
#1871 = CARTESIAN_POINT('',(42.169816739335,-20.52599708104));
#1872 = CARTESIAN_POINT('',(1.654436729741,-23.39156555485));
#1873 = CARTESIAN_POINT('',(-38.86094327985,-26.25713402867));
#1874 = CARTESIAN_POINT('',(-21.08490836966,10.26299854052));
#1875 = ( GEOMETRIC_REPRESENTATION_CONTEXT(2) 
PARAMETRIC_REPRESENTATION_CONTEXT() REPRESENTATION_CONTEXT('2D SPACE',''
  ) );
#1876 = PCURVE('',#1345,#1877);
#1877 = DEFINITIONAL_REPRESENTATION('',(#1878),#1882);
#1878 = LINE('',#1879,#1880);
#1879 = CARTESIAN_POINT('',(2.688604211335,0.));
#1880 = VECTOR('',#1881,1.);
#1881 = DIRECTION('',(-1.,-0.));
#1882 = ( GEOMETRIC_REPRESENTATION_CONTEXT(2) 
PARAMETRIC_REPRESENTATION_CONTEXT() REPRESENTATION_CONTEXT('2D SPACE',''
  ) );
#1883 = ORIENTED_EDGE('',*,*,#1884,.T.);
#1884 = EDGE_CURVE('',#1857,#974,#1885,.T.);
#1885 = SURFACE_CURVE('',#1886,(#1890,#1897),.PCURVE_S1.);
#1886 = LINE('',#1887,#1888);
#1887 = CARTESIAN_POINT('',(21.084908369668,-10.26299854052,10.));
#1888 = VECTOR('',#1889,1.);
#1889 = DIRECTION('',(0.899143214058,-0.437654521984,0.));
#1890 = PCURVE('',#1016,#1891);
#1891 = DEFINITIONAL_REPRESENTATION('',(#1892),#1896);
#1892 = LINE('',#1893,#1894);
#1893 = CARTESIAN_POINT('',(21.084908369668,-10.26299854052));
#1894 = VECTOR('',#1895,1.);
#1895 = DIRECTION('',(0.899143214058,-0.437654521984));
#1896 = ( GEOMETRIC_REPRESENTATION_CONTEXT(2) 
PARAMETRIC_REPRESENTATION_CONTEXT() REPRESENTATION_CONTEXT('2D SPACE',''
  ) );
#1897 = PCURVE('',#988,#1898);
#1898 = DEFINITIONAL_REPRESENTATION('',(#1899),#1902);
#1899 = B_SPLINE_CURVE_WITH_KNOTS('',1,(#1900,#1901),.UNSPECIFIED.,.F.,
  .F.,(2,2),(-49.53038367342,-17.82547112785),.PIECEWISE_BEZIER_KNOTS.);
#1900 = CARTESIAN_POINT('',(7.725,72.980383673428));
#1901 = CARTESIAN_POINT('',(7.725,41.275471127858));
#1902 = ( GEOMETRIC_REPRESENTATION_CONTEXT(2) 
PARAMETRIC_REPRESENTATION_CONTEXT() REPRESENTATION_CONTEXT('2D SPACE',''
  ) );
#1903 = ORIENTED_EDGE('',*,*,#999,.F.);
#1904 = ADVANCED_FACE('',(#1905),#645,.T.);
#1905 = FACE_BOUND('',#1906,.T.);
#1906 = EDGE_LOOP('',(#1907,#1930,#1956,#1957,#1958));
#1907 = ORIENTED_EDGE('',*,*,#1908,.F.);
#1908 = EDGE_CURVE('',#1909,#681,#1911,.T.);
#1909 = VERTEX_POINT('',#1910);
#1910 = CARTESIAN_POINT('',(22.359034152205,-7.069377043314,10.));
#1911 = SURFACE_CURVE('',#1912,(#1916,#1923),.PCURVE_S1.);
#1912 = LINE('',#1913,#1914);
#1913 = CARTESIAN_POINT('',(-22.3590341522,7.069377043314,10.));
#1914 = VECTOR('',#1915,1.);
#1915 = DIRECTION('',(-0.953476936128,0.301465971996,0.));
#1916 = PCURVE('',#645,#1917);
#1917 = DEFINITIONAL_REPRESENTATION('',(#1918),#1922);
#1918 = LINE('',#1919,#1920);
#1919 = CARTESIAN_POINT('',(-22.3590341522,7.069377043314));
#1920 = VECTOR('',#1921,1.);
#1921 = DIRECTION('',(-0.953476936128,0.301465971996));
#1922 = ( GEOMETRIC_REPRESENTATION_CONTEXT(2) 
PARAMETRIC_REPRESENTATION_CONTEXT() REPRESENTATION_CONTEXT('2D SPACE',''
  ) );
#1923 = PCURVE('',#720,#1924);
#1924 = DEFINITIONAL_REPRESENTATION('',(#1925),#1929);
#1925 = LINE('',#1926,#1927);
#1926 = CARTESIAN_POINT('',(19.5,23.45));
#1927 = VECTOR('',#1928,1.);
#1928 = DIRECTION('',(0.,-1.));
#1929 = ( GEOMETRIC_REPRESENTATION_CONTEXT(2) 
PARAMETRIC_REPRESENTATION_CONTEXT() REPRESENTATION_CONTEXT('2D SPACE',''
  ) );
#1930 = ORIENTED_EDGE('',*,*,#1931,.F.);
#1931 = EDGE_CURVE('',#1810,#1909,#1932,.T.);
#1932 = SURFACE_CURVE('',#1933,(#1938,#1949),.PCURVE_S1.);
#1933 = CIRCLE('',#1934,23.45);
#1934 = AXIS2_PLACEMENT_3D('',#1935,#1936,#1937);
#1935 = CARTESIAN_POINT('',(0.,0.,10.));
#1936 = DIRECTION('',(0.,0.,-1.));
#1937 = DIRECTION('',(0.828591541148,0.559853604023,0.));
#1938 = PCURVE('',#645,#1939);
#1939 = DEFINITIONAL_REPRESENTATION('',(#1940),#1948);
#1940 = ( BOUNDED_CURVE() B_SPLINE_CURVE(2,(#1941,#1942,#1943,#1944,
#1945,#1946,#1947),.UNSPECIFIED.,.T.,.F.) B_SPLINE_CURVE_WITH_KNOTS((1,2
    ,2,2,2,1),(-2.094395102393,0.,2.094395102393,4.188790204786,
6.28318530718,8.377580409573),.UNSPECIFIED.) CURVE() 
GEOMETRIC_REPRESENTATION_ITEM() RATIONAL_B_SPLINE_CURVE((1.,0.5,1.,0.5,
1.,0.5,1.)) REPRESENTATION_ITEM('') );
#1941 = CARTESIAN_POINT('',(19.430471639927,13.128567014339));
#1942 = CARTESIAN_POINT('',(42.169816739335,-20.52599708104));
#1943 = CARTESIAN_POINT('',(1.654436729741,-23.39156555485));
#1944 = CARTESIAN_POINT('',(-38.86094327985,-26.25713402867));
#1945 = CARTESIAN_POINT('',(-21.08490836966,10.26299854052));
#1946 = CARTESIAN_POINT('',(-3.308873459481,46.783131109719));
#1947 = CARTESIAN_POINT('',(19.430471639927,13.128567014339));
#1948 = ( GEOMETRIC_REPRESENTATION_CONTEXT(2) 
PARAMETRIC_REPRESENTATION_CONTEXT() REPRESENTATION_CONTEXT('2D SPACE',''
  ) );
#1949 = PCURVE('',#1286,#1950);
#1950 = DEFINITIONAL_REPRESENTATION('',(#1951),#1955);
#1951 = LINE('',#1952,#1953);
#1952 = CARTESIAN_POINT('',(0.594209108942,0.));
#1953 = VECTOR('',#1954,1.);
#1954 = DIRECTION('',(-1.,-0.));
#1955 = ( GEOMETRIC_REPRESENTATION_CONTEXT(2) 
PARAMETRIC_REPRESENTATION_CONTEXT() REPRESENTATION_CONTEXT('2D SPACE',''
  ) );
#1956 = ORIENTED_EDGE('',*,*,#1830,.T.);
#1957 = ORIENTED_EDGE('',*,*,#628,.F.);
#1958 = ORIENTED_EDGE('',*,*,#680,.F.);
#1959 = ADVANCED_FACE('',(#1960),#988,.F.);
#1960 = FACE_BOUND('',#1961,.F.);
#1961 = EDGE_LOOP('',(#1962,#1983,#1984,#1985));
#1962 = ORIENTED_EDGE('',*,*,#1963,.F.);
#1963 = EDGE_CURVE('',#1857,#1964,#1966,.T.);
#1964 = VERTEX_POINT('',#1965);
#1965 = CARTESIAN_POINT('',(-21.08490836966,10.26299854052,15.15));
#1966 = SURFACE_CURVE('',#1967,(#1971,#1977),.PCURVE_S1.);
#1967 = LINE('',#1968,#1969);
#1968 = CARTESIAN_POINT('',(-21.08490836966,10.26299854052,10.));
#1969 = VECTOR('',#1970,1.);
#1970 = DIRECTION('',(0.,0.,1.));
#1971 = PCURVE('',#988,#1972);
#1972 = DEFINITIONAL_REPRESENTATION('',(#1973),#1976);
#1973 = B_SPLINE_CURVE_WITH_KNOTS('',1,(#1974,#1975),.UNSPECIFIED.,.F.,
  .F.,(2,2),(-6.E-07,5.1500006),.PIECEWISE_BEZIER_KNOTS.);
#1974 = CARTESIAN_POINT('',(7.7249994,70.35));
#1975 = CARTESIAN_POINT('',(12.8750006,70.35));
#1976 = ( GEOMETRIC_REPRESENTATION_CONTEXT(2) 
PARAMETRIC_REPRESENTATION_CONTEXT() REPRESENTATION_CONTEXT('2D SPACE',''
  ) );
#1977 = PCURVE('',#1345,#1978);
#1978 = DEFINITIONAL_REPRESENTATION('',(#1979),#1982);
#1979 = B_SPLINE_CURVE_WITH_KNOTS('',1,(#1980,#1981),.UNSPECIFIED.,.F.,
  .F.,(2,2),(-6.E-07,5.1500006),.PIECEWISE_BEZIER_KNOTS.);
#1980 = CARTESIAN_POINT('',(2.688604211335,-6.E-07));
#1981 = CARTESIAN_POINT('',(2.688604211335,5.1500006));
#1982 = ( GEOMETRIC_REPRESENTATION_CONTEXT(2) 
PARAMETRIC_REPRESENTATION_CONTEXT() REPRESENTATION_CONTEXT('2D SPACE',''
  ) );
#1983 = ORIENTED_EDGE('',*,*,#1884,.T.);
#1984 = ORIENTED_EDGE('',*,*,#973,.T.);
#1985 = ORIENTED_EDGE('',*,*,#1986,.F.);
#1986 = EDGE_CURVE('',#1964,#945,#1987,.T.);
#1987 = SURFACE_CURVE('',#1988,(#1992,#1998),.PCURVE_S1.);
#1988 = LINE('',#1989,#1990);
#1989 = CARTESIAN_POINT('',(21.084908369668,-10.26299854052,15.15));
#1990 = VECTOR('',#1991,1.);
#1991 = DIRECTION('',(0.899143214058,-0.437654521984,0.));
#1992 = PCURVE('',#988,#1993);
#1993 = DEFINITIONAL_REPRESENTATION('',(#1994),#1997);
#1994 = B_SPLINE_CURVE_WITH_KNOTS('',1,(#1995,#1996),.UNSPECIFIED.,.F.,
  .F.,(2,2),(-49.53038367342,-17.82547112785),.PIECEWISE_BEZIER_KNOTS.);
#1995 = CARTESIAN_POINT('',(12.875,72.980383673428));
#1996 = CARTESIAN_POINT('',(12.875,41.275471127858));
#1997 = ( GEOMETRIC_REPRESENTATION_CONTEXT(2) 
PARAMETRIC_REPRESENTATION_CONTEXT() REPRESENTATION_CONTEXT('2D SPACE',''
  ) );
#1998 = PCURVE('',#961,#1999);
#1999 = DEFINITIONAL_REPRESENTATION('',(#2000),#2003);
#2000 = B_SPLINE_CURVE_WITH_KNOTS('',1,(#2001,#2002),.UNSPECIFIED.,.F.,
  .F.,(2,2),(-49.53038367342,-17.82547112785),.PIECEWISE_BEZIER_KNOTS.);
#2001 = CARTESIAN_POINT('',(-23.45,11.414197849748));
#2002 = CARTESIAN_POINT('',(5.057256967662,-2.461600494921));
#2003 = ( GEOMETRIC_REPRESENTATION_CONTEXT(2) 
PARAMETRIC_REPRESENTATION_CONTEXT() REPRESENTATION_CONTEXT('2D SPACE',''
  ) );
#2004 = ADVANCED_FACE('',(#2005),#961,.F.);
#2005 = FACE_BOUND('',#2006,.F.);
#2006 = EDGE_LOOP('',(#2007,#2028,#2050,#2051));
#2007 = ORIENTED_EDGE('',*,*,#2008,.T.);
#2008 = EDGE_CURVE('',#919,#2009,#2011,.T.);
#2009 = VERTEX_POINT('',#2010);
#2010 = CARTESIAN_POINT('',(-17.30177718454,15.828803058236,15.15));
#2011 = SURFACE_CURVE('',#2012,(#2016,#2022),.PCURVE_S1.);
#2012 = LINE('',#2013,#2014);
#2013 = CARTESIAN_POINT('',(17.301777184543,-15.82880305823,15.15));
#2014 = VECTOR('',#2015,1.);
#2015 = DIRECTION('',(-0.737815658189,0.675002262611,0.));
#2016 = PCURVE('',#961,#2017);
#2017 = DEFINITIONAL_REPRESENTATION('',(#2018),#2021);
#2018 = B_SPLINE_CURVE_WITH_KNOTS('',1,(#2019,#2020),.UNSPECIFIED.,.F.,
  .F.,(2,2),(42.7,46.9),.PIECEWISE_BEZIER_KNOTS.);
#2019 = CARTESIAN_POINT('',(-14.20295142014,12.993793555268));
#2020 = CARTESIAN_POINT('',(-17.30177718454,15.828803058236));
#2021 = ( GEOMETRIC_REPRESENTATION_CONTEXT(2) 
PARAMETRIC_REPRESENTATION_CONTEXT() REPRESENTATION_CONTEXT('2D SPACE',''
  ) );
#2022 = PCURVE('',#933,#2023);
#2023 = DEFINITIONAL_REPRESENTATION('',(#2024),#2027);
#2024 = B_SPLINE_CURVE_WITH_KNOTS('',1,(#2025,#2026),.UNSPECIFIED.,.F.,
  .F.,(2,2),(42.7,46.9),.PIECEWISE_BEZIER_KNOTS.);
#2025 = CARTESIAN_POINT('',(24.65,66.15));
#2026 = CARTESIAN_POINT('',(24.65,70.35));
#2027 = ( GEOMETRIC_REPRESENTATION_CONTEXT(2) 
PARAMETRIC_REPRESENTATION_CONTEXT() REPRESENTATION_CONTEXT('2D SPACE',''
  ) );
#2028 = ORIENTED_EDGE('',*,*,#2029,.T.);
#2029 = EDGE_CURVE('',#2009,#1964,#2030,.T.);
#2030 = SURFACE_CURVE('',#2031,(#2036,#2043),.PCURVE_S1.);
#2031 = CIRCLE('',#2032,23.45);
#2032 = AXIS2_PLACEMENT_3D('',#2033,#2034,#2035);
#2033 = CARTESIAN_POINT('',(0.,0.,15.15));
#2034 = DIRECTION('',(0.,0.,1.));
#2035 = DIRECTION('',(1.,0.,-0.));
#2036 = PCURVE('',#961,#2037);
#2037 = DEFINITIONAL_REPRESENTATION('',(#2038),#2042);
#2038 = CIRCLE('',#2039,23.45);
#2039 = AXIS2_PLACEMENT_2D('',#2040,#2041);
#2040 = CARTESIAN_POINT('',(0.,0.));
#2041 = DIRECTION('',(1.,0.));
#2042 = ( GEOMETRIC_REPRESENTATION_CONTEXT(2) 
PARAMETRIC_REPRESENTATION_CONTEXT() REPRESENTATION_CONTEXT('2D SPACE',''
  ) );
#2043 = PCURVE('',#1345,#2044);
#2044 = DEFINITIONAL_REPRESENTATION('',(#2045),#2049);
#2045 = LINE('',#2046,#2047);
#2046 = CARTESIAN_POINT('',(0.,5.15));
#2047 = VECTOR('',#2048,1.);
#2048 = DIRECTION('',(1.,0.));
#2049 = ( GEOMETRIC_REPRESENTATION_CONTEXT(2) 
PARAMETRIC_REPRESENTATION_CONTEXT() REPRESENTATION_CONTEXT('2D SPACE',''
  ) );
#2050 = ORIENTED_EDGE('',*,*,#1986,.T.);
#2051 = ORIENTED_EDGE('',*,*,#944,.F.);
#2052 = ADVANCED_FACE('',(#2053),#933,.F.);
#2053 = FACE_BOUND('',#2054,.F.);
#2054 = EDGE_LOOP('',(#2055,#2074,#2075,#2076));
#2055 = ORIENTED_EDGE('',*,*,#2056,.F.);
#2056 = EDGE_CURVE('',#2009,#1304,#2057,.T.);
#2057 = SURFACE_CURVE('',#2058,(#2062,#2068),.PCURVE_S1.);
#2058 = LINE('',#2059,#2060);
#2059 = CARTESIAN_POINT('',(-17.30177718454,15.828803058236,10.));
#2060 = VECTOR('',#2061,1.);
#2061 = DIRECTION('',(0.,0.,1.));
#2062 = PCURVE('',#933,#2063);
#2063 = DEFINITIONAL_REPRESENTATION('',(#2064),#2067);
#2064 = B_SPLINE_CURVE_WITH_KNOTS('',1,(#2065,#2066),.UNSPECIFIED.,.F.,
  .F.,(2,2),(-6.E-07,13.0000006),.PIECEWISE_BEZIER_KNOTS.);
#2065 = CARTESIAN_POINT('',(19.4999994,70.35));
#2066 = CARTESIAN_POINT('',(32.5000006,70.35));
#2067 = ( GEOMETRIC_REPRESENTATION_CONTEXT(2) 
PARAMETRIC_REPRESENTATION_CONTEXT() REPRESENTATION_CONTEXT('2D SPACE',''
  ) );
#2068 = PCURVE('',#1345,#2069);
#2069 = DEFINITIONAL_REPRESENTATION('',(#2070),#2073);
#2070 = B_SPLINE_CURVE_WITH_KNOTS('',1,(#2071,#2072),.UNSPECIFIED.,.F.,
  .F.,(2,2),(-6.E-07,13.0000006),.PIECEWISE_BEZIER_KNOTS.);
#2071 = CARTESIAN_POINT('',(2.400624884756,-6.E-07));
#2072 = CARTESIAN_POINT('',(2.400624884756,13.0000006));
#2073 = ( GEOMETRIC_REPRESENTATION_CONTEXT(2) 
PARAMETRIC_REPRESENTATION_CONTEXT() REPRESENTATION_CONTEXT('2D SPACE',''
  ) );
#2074 = ORIENTED_EDGE('',*,*,#2008,.F.);
#2075 = ORIENTED_EDGE('',*,*,#918,.T.);
#2076 = ORIENTED_EDGE('',*,*,#1438,.F.);
#2077 = ADVANCED_FACE('',(#2078),#882,.T.);
#2078 = FACE_BOUND('',#2079,.T.);
#2079 = EDGE_LOOP('',(#2080,#2103,#2124,#2125));
#2080 = ORIENTED_EDGE('',*,*,#2081,.T.);
#2081 = EDGE_CURVE('',#1578,#2082,#2084,.T.);
#2082 = VERTEX_POINT('',#2083);
#2083 = CARTESIAN_POINT('',(-17.30177718454,-15.82880305823,10.));
#2084 = SURFACE_CURVE('',#2085,(#2089,#2096),.PCURVE_S1.);
#2085 = LINE('',#2086,#2087);
#2086 = CARTESIAN_POINT('',(-17.30177718454,-15.82880305823,22.));
#2087 = VECTOR('',#2088,1.);
#2088 = DIRECTION('',(2.960594732334E-16,4.440892098501E-16,-1.));
#2089 = PCURVE('',#882,#2090);
#2090 = DEFINITIONAL_REPRESENTATION('',(#2091),#2095);
#2091 = LINE('',#2092,#2093);
#2092 = CARTESIAN_POINT('',(31.5,70.35));
#2093 = VECTOR('',#2094,1.);
#2094 = DIRECTION('',(-1.,-5.18198536557E-16));
#2095 = ( GEOMETRIC_REPRESENTATION_CONTEXT(2) 
PARAMETRIC_REPRESENTATION_CONTEXT() REPRESENTATION_CONTEXT('2D SPACE',''
  ) );
#2096 = PCURVE('',#1648,#2097);
#2097 = DEFINITIONAL_REPRESENTATION('',(#2098),#2102);
#2098 = LINE('',#2099,#2100);
#2099 = CARTESIAN_POINT('',(3.882560422424,12.));
#2100 = VECTOR('',#2101,1.);
#2101 = DIRECTION('',(-0.,-1.));
#2102 = ( GEOMETRIC_REPRESENTATION_CONTEXT(2) 
PARAMETRIC_REPRESENTATION_CONTEXT() REPRESENTATION_CONTEXT('2D SPACE',''
  ) );
#2103 = ORIENTED_EDGE('',*,*,#2104,.T.);
#2104 = EDGE_CURVE('',#2082,#838,#2105,.T.);
#2105 = SURFACE_CURVE('',#2106,(#2110,#2117),.PCURVE_S1.);
#2106 = LINE('',#2107,#2108);
#2107 = CARTESIAN_POINT('',(17.301777184543,15.828803058236,10.));
#2108 = VECTOR('',#2109,1.);
#2109 = DIRECTION('',(0.737815658189,0.675002262611,-0.));
#2110 = PCURVE('',#882,#2111);
#2111 = DEFINITIONAL_REPRESENTATION('',(#2112),#2116);
#2112 = LINE('',#2113,#2114);
#2113 = CARTESIAN_POINT('',(19.5,23.45));
#2114 = VECTOR('',#2115,1.);
#2115 = DIRECTION('',(0.,-1.));
#2116 = ( GEOMETRIC_REPRESENTATION_CONTEXT(2) 
PARAMETRIC_REPRESENTATION_CONTEXT() REPRESENTATION_CONTEXT('2D SPACE',''
  ) );
#2117 = PCURVE('',#854,#2118);
#2118 = DEFINITIONAL_REPRESENTATION('',(#2119),#2123);
#2119 = LINE('',#2120,#2121);
#2120 = CARTESIAN_POINT('',(17.301777184543,15.828803058236));
#2121 = VECTOR('',#2122,1.);
#2122 = DIRECTION('',(0.737815658189,0.675002262611));
#2123 = ( GEOMETRIC_REPRESENTATION_CONTEXT(2) 
PARAMETRIC_REPRESENTATION_CONTEXT() REPRESENTATION_CONTEXT('2D SPACE',''
  ) );
#2124 = ORIENTED_EDGE('',*,*,#866,.F.);
#2125 = ORIENTED_EDGE('',*,*,#1606,.F.);
#2126 = ADVANCED_FACE('',(#2127),#720,.T.);
#2127 = FACE_BOUND('',#2128,.T.);
#2128 = EDGE_LOOP('',(#2129,#2150,#2151,#2152));
#2129 = ORIENTED_EDGE('',*,*,#2130,.T.);
#2130 = EDGE_CURVE('',#1243,#1909,#2131,.T.);
#2131 = SURFACE_CURVE('',#2132,(#2136,#2143),.PCURVE_S1.);
#2132 = LINE('',#2133,#2134);
#2133 = CARTESIAN_POINT('',(22.359034152205,-7.069377043314,22.));
#2134 = VECTOR('',#2135,1.);
#2135 = DIRECTION('',(-2.960594732334E-16,-5.921189464668E-16,-1.));
#2136 = PCURVE('',#720,#2137);
#2137 = DEFINITIONAL_REPRESENTATION('',(#2138),#2142);
#2138 = LINE('',#2139,#2140);
#2139 = CARTESIAN_POINT('',(31.5,70.35));
#2140 = VECTOR('',#2141,1.);
#2141 = DIRECTION('',(-1.,-1.037821657162E-16));
#2142 = ( GEOMETRIC_REPRESENTATION_CONTEXT(2) 
PARAMETRIC_REPRESENTATION_CONTEXT() REPRESENTATION_CONTEXT('2D SPACE',''
  ) );
#2143 = PCURVE('',#1286,#2144);
#2144 = DEFINITIONAL_REPRESENTATION('',(#2145),#2149);
#2145 = LINE('',#2146,#2147);
#2146 = CARTESIAN_POINT('',(-0.306229782363,12.));
#2147 = VECTOR('',#2148,1.);
#2148 = DIRECTION('',(-0.,-1.));
#2149 = ( GEOMETRIC_REPRESENTATION_CONTEXT(2) 
PARAMETRIC_REPRESENTATION_CONTEXT() REPRESENTATION_CONTEXT('2D SPACE',''
  ) );
#2150 = ORIENTED_EDGE('',*,*,#1908,.T.);
#2151 = ORIENTED_EDGE('',*,*,#704,.F.);
#2152 = ORIENTED_EDGE('',*,*,#1387,.F.);
#2153 = ADVANCED_FACE('',(#2154),#854,.T.);
#2154 = FACE_BOUND('',#2155,.T.);
#2155 = EDGE_LOOP('',(#2156,#2157,#2185,#2205));
#2156 = ORIENTED_EDGE('',*,*,#2104,.F.);
#2157 = ORIENTED_EDGE('',*,*,#2158,.F.);
#2158 = EDGE_CURVE('',#2159,#2082,#2161,.T.);
#2159 = VERTEX_POINT('',#2160);
#2160 = CARTESIAN_POINT('',(1.654436729741,-23.39156555485,10.));
#2161 = SURFACE_CURVE('',#2162,(#2167,#2178),.PCURVE_S1.);
#2162 = CIRCLE('',#2163,23.45);
#2163 = AXIS2_PLACEMENT_3D('',#2164,#2165,#2166);
#2164 = CARTESIAN_POINT('',(0.,0.,10.));
#2165 = DIRECTION('',(0.,-0.,-1.));
#2166 = DIRECTION('',(7.055167291005E-02,-0.997508126007,0.));
#2167 = PCURVE('',#854,#2168);
#2168 = DEFINITIONAL_REPRESENTATION('',(#2169),#2177);
#2169 = ( BOUNDED_CURVE() B_SPLINE_CURVE(2,(#2170,#2171,#2172,#2173,
#2174,#2175,#2176),.UNSPECIFIED.,.T.,.F.) B_SPLINE_CURVE_WITH_KNOTS((1,2
    ,2,2,2,1),(-2.094395102393,0.,2.094395102393,4.188790204786,
6.28318530718,8.377580409573),.UNSPECIFIED.) CURVE() 
GEOMETRIC_REPRESENTATION_ITEM() RATIONAL_B_SPLINE_CURVE((1.,0.5,1.,0.5,
1.,0.5,1.)) REPRESENTATION_ITEM('') );
#2170 = CARTESIAN_POINT('',(1.654436729741,-23.39156555485));
#2171 = CARTESIAN_POINT('',(-38.86094327985,-26.25713402867));
#2172 = CARTESIAN_POINT('',(-21.08490836966,10.26299854052));
#2173 = CARTESIAN_POINT('',(-3.308873459481,46.783131109719));
#2174 = CARTESIAN_POINT('',(19.430471639927,13.128567014339));
#2175 = CARTESIAN_POINT('',(42.169816739335,-20.52599708104));
#2176 = CARTESIAN_POINT('',(1.654436729741,-23.39156555485));
#2177 = ( GEOMETRIC_REPRESENTATION_CONTEXT(2) 
PARAMETRIC_REPRESENTATION_CONTEXT() REPRESENTATION_CONTEXT('2D SPACE',''
  ) );
#2178 = PCURVE('',#1648,#2179);
#2179 = DEFINITIONAL_REPRESENTATION('',(#2180),#2184);
#2180 = LINE('',#2181,#2182);
#2181 = CARTESIAN_POINT('',(4.782999313728,0.));
#2182 = VECTOR('',#2183,1.);
#2183 = DIRECTION('',(-1.,-0.));
#2184 = ( GEOMETRIC_REPRESENTATION_CONTEXT(2) 
PARAMETRIC_REPRESENTATION_CONTEXT() REPRESENTATION_CONTEXT('2D SPACE',''
  ) );
#2185 = ORIENTED_EDGE('',*,*,#2186,.T.);
#2186 = EDGE_CURVE('',#2159,#812,#2187,.T.);
#2187 = SURFACE_CURVE('',#2188,(#2192,#2199),.PCURVE_S1.);
#2188 = LINE('',#2189,#2190);
#2189 = CARTESIAN_POINT('',(-1.654436729741,23.391565554859,10.));
#2190 = VECTOR('',#2191,1.);
#2191 = DIRECTION('',(-7.055167291005E-02,0.997508126007,0.));
#2192 = PCURVE('',#854,#2193);
#2193 = DEFINITIONAL_REPRESENTATION('',(#2194),#2198);
#2194 = LINE('',#2195,#2196);
#2195 = CARTESIAN_POINT('',(-1.654436729741,23.391565554859));
#2196 = VECTOR('',#2197,1.);
#2197 = DIRECTION('',(-7.055167291005E-02,0.997508126007));
#2198 = ( GEOMETRIC_REPRESENTATION_CONTEXT(2) 
PARAMETRIC_REPRESENTATION_CONTEXT() REPRESENTATION_CONTEXT('2D SPACE',''
  ) );
#2199 = PCURVE('',#826,#2200);
#2200 = DEFINITIONAL_REPRESENTATION('',(#2201),#2204);
#2201 = B_SPLINE_CURVE_WITH_KNOTS('',1,(#2202,#2203),.UNSPECIFIED.,.F.,
  .F.,(2,2),(-46.95858042016,-7.581655025607),.PIECEWISE_BEZIER_KNOTS.);
#2202 = CARTESIAN_POINT('',(7.725,70.408580420166));
#2203 = CARTESIAN_POINT('',(7.725,31.031655025607));
#2204 = ( GEOMETRIC_REPRESENTATION_CONTEXT(2) 
PARAMETRIC_REPRESENTATION_CONTEXT() REPRESENTATION_CONTEXT('2D SPACE',''
  ) );
#2205 = ORIENTED_EDGE('',*,*,#837,.F.);
#2206 = ADVANCED_FACE('',(#2207),#826,.F.);
#2207 = FACE_BOUND('',#2208,.F.);
#2208 = EDGE_LOOP('',(#2209,#2230,#2231,#2232));
#2209 = ORIENTED_EDGE('',*,*,#2210,.F.);
#2210 = EDGE_CURVE('',#2159,#2211,#2213,.T.);
#2211 = VERTEX_POINT('',#2212);
#2212 = CARTESIAN_POINT('',(1.654436729741,-23.39156555485,15.15));
#2213 = SURFACE_CURVE('',#2214,(#2218,#2224),.PCURVE_S1.);
#2214 = LINE('',#2215,#2216);
#2215 = CARTESIAN_POINT('',(1.654436729741,-23.39156555485,10.));
#2216 = VECTOR('',#2217,1.);
#2217 = DIRECTION('',(0.,0.,1.));
#2218 = PCURVE('',#826,#2219);
#2219 = DEFINITIONAL_REPRESENTATION('',(#2220),#2223);
#2220 = B_SPLINE_CURVE_WITH_KNOTS('',1,(#2221,#2222),.UNSPECIFIED.,.F.,
  .F.,(2,2),(-6.E-07,5.1500006),.PIECEWISE_BEZIER_KNOTS.);
#2221 = CARTESIAN_POINT('',(7.7249994,70.35));
#2222 = CARTESIAN_POINT('',(12.8750006,70.35));
#2223 = ( GEOMETRIC_REPRESENTATION_CONTEXT(2) 
PARAMETRIC_REPRESENTATION_CONTEXT() REPRESENTATION_CONTEXT('2D SPACE',''
  ) );
#2224 = PCURVE('',#1648,#2225);
#2225 = DEFINITIONAL_REPRESENTATION('',(#2226),#2229);
#2226 = B_SPLINE_CURVE_WITH_KNOTS('',1,(#2227,#2228),.UNSPECIFIED.,.F.,
  .F.,(2,2),(-6.E-07,5.1500006),.PIECEWISE_BEZIER_KNOTS.);
#2227 = CARTESIAN_POINT('',(4.782999313728,-6.E-07));
#2228 = CARTESIAN_POINT('',(4.782999313728,5.1500006));
#2229 = ( GEOMETRIC_REPRESENTATION_CONTEXT(2) 
PARAMETRIC_REPRESENTATION_CONTEXT() REPRESENTATION_CONTEXT('2D SPACE',''
  ) );
#2230 = ORIENTED_EDGE('',*,*,#2186,.T.);
#2231 = ORIENTED_EDGE('',*,*,#811,.T.);
#2232 = ORIENTED_EDGE('',*,*,#2233,.F.);
#2233 = EDGE_CURVE('',#2211,#783,#2234,.T.);
#2234 = SURFACE_CURVE('',#2235,(#2239,#2245),.PCURVE_S1.);
#2235 = LINE('',#2236,#2237);
#2236 = CARTESIAN_POINT('',(-1.654436729741,23.391565554859,15.15));
#2237 = VECTOR('',#2238,1.);
#2238 = DIRECTION('',(-7.055167291005E-02,0.997508126007,0.));
#2239 = PCURVE('',#826,#2240);
#2240 = DEFINITIONAL_REPRESENTATION('',(#2241),#2244);
#2241 = B_SPLINE_CURVE_WITH_KNOTS('',1,(#2242,#2243),.UNSPECIFIED.,.F.,
  .F.,(2,2),(-46.95858042016,-7.581655025607),.PIECEWISE_BEZIER_KNOTS.);
#2242 = CARTESIAN_POINT('',(12.875,70.408580420166));
#2243 = CARTESIAN_POINT('',(12.875,31.031655025607));
#2244 = ( GEOMETRIC_REPRESENTATION_CONTEXT(2) 
PARAMETRIC_REPRESENTATION_CONTEXT() REPRESENTATION_CONTEXT('2D SPACE',''
  ) );
#2245 = PCURVE('',#799,#2246);
#2246 = DEFINITIONAL_REPRESENTATION('',(#2247),#2250);
#2247 = B_SPLINE_CURVE_WITH_KNOTS('',1,(#2248,#2249),.UNSPECIFIED.,.F.,
  .F.,(2,2),(-46.95858042016,-7.581655025607),.PIECEWISE_BEZIER_KNOTS.);
#2248 = CARTESIAN_POINT('',(1.658569676383,-23.45));
#2249 = CARTESIAN_POINT('',(-1.119538284257,15.828803058236));
#2250 = ( GEOMETRIC_REPRESENTATION_CONTEXT(2) 
PARAMETRIC_REPRESENTATION_CONTEXT() REPRESENTATION_CONTEXT('2D SPACE',''
  ) );
#2251 = ADVANCED_FACE('',(#2252),#771,.F.);
#2252 = FACE_BOUND('',#2253,.F.);
#2253 = EDGE_LOOP('',(#2254,#2275,#2294,#2295));
#2254 = ORIENTED_EDGE('',*,*,#2255,.F.);
#2255 = EDGE_CURVE('',#2256,#1525,#2258,.T.);
#2256 = VERTEX_POINT('',#2257);
#2257 = CARTESIAN_POINT('',(-5.057256967662,-22.89818010155,15.15));
#2258 = SURFACE_CURVE('',#2259,(#2263,#2269),.PCURVE_S1.);
#2259 = LINE('',#2260,#2261);
#2260 = CARTESIAN_POINT('',(-5.057256967662,-22.89818010155,10.));
#2261 = VECTOR('',#2262,1.);
#2262 = DIRECTION('',(0.,0.,1.));
#2263 = PCURVE('',#771,#2264);
#2264 = DEFINITIONAL_REPRESENTATION('',(#2265),#2268);
#2265 = B_SPLINE_CURVE_WITH_KNOTS('',1,(#2266,#2267),.UNSPECIFIED.,.F.,
  .F.,(2,2),(-6.E-07,13.0000006),.PIECEWISE_BEZIER_KNOTS.);
#2266 = CARTESIAN_POINT('',(19.4999994,70.35));
#2267 = CARTESIAN_POINT('',(32.5000006,70.35));
#2268 = ( GEOMETRIC_REPRESENTATION_CONTEXT(2) 
PARAMETRIC_REPRESENTATION_CONTEXT() REPRESENTATION_CONTEXT('2D SPACE',''
  ) );
#2269 = PCURVE('',#1648,#2270);
#2270 = DEFINITIONAL_REPRESENTATION('',(#2271),#2274);
#2271 = B_SPLINE_CURVE_WITH_KNOTS('',1,(#2272,#2273),.UNSPECIFIED.,.F.,
  .F.,(2,2),(-6.E-07,13.0000006),.PIECEWISE_BEZIER_KNOTS.);
#2272 = CARTESIAN_POINT('',(4.495019987149,-6.E-07));
#2273 = CARTESIAN_POINT('',(4.495019987149,13.0000006));
#2274 = ( GEOMETRIC_REPRESENTATION_CONTEXT(2) 
PARAMETRIC_REPRESENTATION_CONTEXT() REPRESENTATION_CONTEXT('2D SPACE',''
  ) );
#2275 = ORIENTED_EDGE('',*,*,#2276,.F.);
#2276 = EDGE_CURVE('',#757,#2256,#2277,.T.);
#2277 = SURFACE_CURVE('',#2278,(#2282,#2288),.PCURVE_S1.);
#2278 = LINE('',#2279,#2280);
#2279 = CARTESIAN_POINT('',(5.057256967662,22.89818010155,15.15));
#2280 = VECTOR('',#2281,1.);
#2281 = DIRECTION('',(-0.215661277939,-0.976468234608,0.));
#2282 = PCURVE('',#771,#2283);
#2283 = DEFINITIONAL_REPRESENTATION('',(#2284),#2287);
#2284 = B_SPLINE_CURVE_WITH_KNOTS('',1,(#2285,#2286),.UNSPECIFIED.,.F.,
  .F.,(2,2),(42.7,46.9),.PIECEWISE_BEZIER_KNOTS.);
#2285 = CARTESIAN_POINT('',(24.65,66.15));
#2286 = CARTESIAN_POINT('',(24.65,70.35));
#2287 = ( GEOMETRIC_REPRESENTATION_CONTEXT(2) 
PARAMETRIC_REPRESENTATION_CONTEXT() REPRESENTATION_CONTEXT('2D SPACE',''
  ) );
#2288 = PCURVE('',#799,#2289);
#2289 = DEFINITIONAL_REPRESENTATION('',(#2290),#2293);
#2290 = B_SPLINE_CURVE_WITH_KNOTS('',1,(#2291,#2292),.UNSPECIFIED.,.F.,
  .F.,(2,2),(42.7,46.9),.PIECEWISE_BEZIER_KNOTS.);
#2291 = CARTESIAN_POINT('',(-4.151479600319,-18.79701351619));
#2292 = CARTESIAN_POINT('',(-5.057256967662,-22.89818010155));
#2293 = ( GEOMETRIC_REPRESENTATION_CONTEXT(2) 
PARAMETRIC_REPRESENTATION_CONTEXT() REPRESENTATION_CONTEXT('2D SPACE',''
  ) );
#2294 = ORIENTED_EDGE('',*,*,#756,.T.);
#2295 = ORIENTED_EDGE('',*,*,#1553,.F.);
#2296 = ADVANCED_FACE('',(#2297),#799,.F.);
#2297 = FACE_BOUND('',#2298,.F.);
#2298 = EDGE_LOOP('',(#2299,#2300,#2326,#2327));
#2299 = ORIENTED_EDGE('',*,*,#2276,.T.);
#2300 = ORIENTED_EDGE('',*,*,#2301,.F.);
#2301 = EDGE_CURVE('',#2211,#2256,#2302,.T.);
#2302 = SURFACE_CURVE('',#2303,(#2308,#2319),.PCURVE_S1.);
#2303 = CIRCLE('',#2304,23.45);
#2304 = AXIS2_PLACEMENT_3D('',#2305,#2306,#2307);
#2305 = CARTESIAN_POINT('',(0.,0.,15.15));
#2306 = DIRECTION('',(0.,0.,-1.));
#2307 = DIRECTION('',(0.737815658189,0.675002262611,0.));
#2308 = PCURVE('',#799,#2309);
#2309 = DEFINITIONAL_REPRESENTATION('',(#2310),#2318);
#2310 = ( BOUNDED_CURVE() B_SPLINE_CURVE(2,(#2311,#2312,#2313,#2314,
#2315,#2316,#2317),.UNSPECIFIED.,.T.,.F.) B_SPLINE_CURVE_WITH_KNOTS((1,2
    ,2,2,2,1),(-2.094395102393,0.,2.094395102393,4.188790204786,
6.28318530718,8.377580409573),.UNSPECIFIED.) CURVE() 
GEOMETRIC_REPRESENTATION_ITEM() RATIONAL_B_SPLINE_CURVE((1.,0.5,1.,0.5,
1.,0.5,1.)) REPRESENTATION_ITEM('') );
#2311 = CARTESIAN_POINT('',(17.301777184543,15.828803058236));
#2312 = CARTESIAN_POINT('',(44.71806830441,-14.13875408662));
#2313 = CARTESIAN_POINT('',(5.057256967662,-22.89818010155));
#2314 = CARTESIAN_POINT('',(-34.60355436908,-31.65760611647));
#2315 = CARTESIAN_POINT('',(-22.3590341522,7.069377043314));
#2316 = CARTESIAN_POINT('',(-10.11451393532,45.796360203101));
#2317 = CARTESIAN_POINT('',(17.301777184543,15.828803058236));
#2318 = ( GEOMETRIC_REPRESENTATION_CONTEXT(2) 
PARAMETRIC_REPRESENTATION_CONTEXT() REPRESENTATION_CONTEXT('2D SPACE',''
  ) );
#2319 = PCURVE('',#1648,#2320);
#2320 = DEFINITIONAL_REPRESENTATION('',(#2321),#2325);
#2321 = LINE('',#2322,#2323);
#2322 = CARTESIAN_POINT('',(7.024153076013,5.15));
#2323 = VECTOR('',#2324,1.);
#2324 = DIRECTION('',(-1.,-0.));
#2325 = ( GEOMETRIC_REPRESENTATION_CONTEXT(2) 
PARAMETRIC_REPRESENTATION_CONTEXT() REPRESENTATION_CONTEXT('2D SPACE',''
  ) );
#2326 = ORIENTED_EDGE('',*,*,#2233,.T.);
#2327 = ORIENTED_EDGE('',*,*,#782,.F.);
#2328 = ADVANCED_FACE('',(#2329,#2337),#1286,.F.);
#2329 = FACE_BOUND('',#2330,.F.);
#2330 = EDGE_LOOP('',(#2331,#2332,#2333,#2334,#2335,#2336));
#2331 = ORIENTED_EDGE('',*,*,#2130,.T.);
#2332 = ORIENTED_EDGE('',*,*,#1931,.F.);
#2333 = ORIENTED_EDGE('',*,*,#1809,.T.);
#2334 = ORIENTED_EDGE('',*,*,#1709,.T.);
#2335 = ORIENTED_EDGE('',*,*,#1663,.T.);
#2336 = ORIENTED_EDGE('',*,*,#1271,.F.);
#2337 = FACE_BOUND('',#2338,.F.);
#2338 = EDGE_LOOP('',(#2339,#2534));
#2339 = ORIENTED_EDGE('',*,*,#2340,.T.);
#2340 = EDGE_CURVE('',#2341,#2343,#2345,.T.);
#2341 = VERTEX_POINT('',#2342);
#2342 = CARTESIAN_POINT('',(22.650960515502,6.069307021825,10.575));
#2343 = VERTEX_POINT('',#2344);
#2344 = CARTESIAN_POINT('',(22.650960626479,6.069306607654,14.575));
#2345 = SURFACE_CURVE('',#2346,(#2405,#2467),.PCURVE_S1.);
#2346 = B_SPLINE_CURVE_WITH_KNOTS('',8,(#2347,#2348,#2349,#2350,#2351,
    #2352,#2353,#2354,#2355,#2356,#2357,#2358,#2359,#2360,#2361,#2362,
    #2363,#2364,#2365,#2366,#2367,#2368,#2369,#2370,#2371,#2372,#2373,
    #2374,#2375,#2376,#2377,#2378,#2379,#2380,#2381,#2382,#2383,#2384,
    #2385,#2386,#2387,#2388,#2389,#2390,#2391,#2392,#2393,#2394,#2395,
    #2396,#2397,#2398,#2399,#2400,#2401,#2402,#2403,#2404),
  .UNSPECIFIED.,.T.,.F.,(9,7,7,7,7,7,7,7,9),(0.,0.137068167786,
    0.278998212996,0.448957082842,0.595103743885,0.689666399292,
    0.793754320285,0.898693941662,1.),.UNSPECIFIED.);
#2347 = CARTESIAN_POINT('',(22.650960626479,6.069306607654,14.575));
#2348 = CARTESIAN_POINT('',(22.590928423054,6.293349840925,14.575));
#2349 = CARTESIAN_POINT('',(22.529694055412,6.511749043201,
    14.544257858444));
#2350 = CARTESIAN_POINT('',(22.468659571292,6.720058260369,
    14.485156597372));
#2351 = CARTESIAN_POINT('',(22.409345534242,6.914494611522,
    14.40082163344));
#2352 = CARTESIAN_POINT('',(22.353282688261,7.092011145897,
    14.295088899443));
#2353 = CARTESIAN_POINT('',(22.301830485874,7.250400398148,
    14.172464068119));
#2354 = CARTESIAN_POINT('',(22.255989355867,7.388425638281,14.0380755242
    ));
#2355 = CARTESIAN_POINT('',(22.175149079535,7.627697586583,
    13.752190040748));
#2356 = CARTESIAN_POINT('',(22.139669011303,7.730198450678,
    13.596990530208));
#2357 = CARTESIAN_POINT('',(22.110033650978,7.814257447296,
    13.434697436692));
#2358 = CARTESIAN_POINT('',(22.086325915658,7.880625397355,
    13.267339293921));
#2359 = CARTESIAN_POINT('',(22.068558685415,7.929939860021,
    13.096495286011));
#2360 = CARTESIAN_POINT('',(22.056717020767,7.96266520089,
    12.923442238466));
#2361 = CARTESIAN_POINT('',(22.050790443805,7.979043852706,
    12.749272378838));
#2362 = CARTESIAN_POINT('',(22.050790443805,7.979043852706,
    12.366311723258));
#2363 = CARTESIAN_POINT('',(22.059289076985,7.955556699088,
    12.15765767079));
#2364 = CARTESIAN_POINT('',(22.076281633606,7.908597949258,
    11.950839918867));
#2365 = CARTESIAN_POINT('',(22.10180008277,7.837635102206,
    11.747785522471));
#2366 = CARTESIAN_POINT('',(22.135865949728,7.741741887359,
    11.550885518974));
#2367 = CARTESIAN_POINT('',(22.17841150083,7.619680914444,
    11.363229794695));
#2368 = CARTESIAN_POINT('',(22.229166581564,7.470064018993,
    11.188961351981));
#2369 = CARTESIAN_POINT('',(22.337676295176,7.138399521988,
    10.900700358549));
#2370 = CARTESIAN_POINT('',(22.395165209813,6.958602678628,
    10.77713750862));
#2371 = CARTESIAN_POINT('',(22.45838409402,6.754783748447,
    10.673697599975));
#2372 = CARTESIAN_POINT('',(22.524950544359,6.531623896526,
    10.598188756485));
#2373 = CARTESIAN_POINT('',(22.592079582602,6.295643340478,
    10.555800483734));
#2374 = CARTESIAN_POINT('',(22.65726584964,6.05443192503,10.549007639321
    ));
#2375 = CARTESIAN_POINT('',(22.7185552787,5.815931871713,10.577459014107
    ));
#2376 = CARTESIAN_POINT('',(22.810857177683,5.43971084173,
    10.676898466989));
#2377 = CARTESIAN_POINT('',(22.845192197965,5.295025156057,
    10.729621111673));
#2378 = CARTESIAN_POINT('',(22.877345009856,5.154875730155,
    10.795629471314));
#2379 = CARTESIAN_POINT('',(22.90713046735,5.020636307245,
    10.874377712572));
#2380 = CARTESIAN_POINT('',(22.934425711223,4.893620563272,
    10.965151072952));
#2381 = CARTESIAN_POINT('',(22.959159690909,4.775062346606,
    11.067074612939));
#2382 = CARTESIAN_POINT('',(22.981301202979,4.666086454843,
    11.179125956582));
#2383 = CARTESIAN_POINT('',(23.022358374698,4.459339979776,
    11.433369000558));
#2384 = CARTESIAN_POINT('',(23.040715222477,4.363851465171,
    11.577402290106));
#2385 = CARTESIAN_POINT('',(23.055919632877,4.282459903759,
    11.730736216012));
#2386 = CARTESIAN_POINT('',(23.068013449453,4.216214956193,
    11.891706517991));
#2387 = CARTESIAN_POINT('',(23.077046909857,4.165940320018,
    12.05852697755));
#2388 = CARTESIAN_POINT('',(23.083058807963,4.13221279627,
    12.229317584382));
#2389 = CARTESIAN_POINT('',(23.086066624215,4.115340547549,
    12.402134240198));
#2390 = CARTESIAN_POINT('',(23.086066624215,4.115340547549,
    12.749280235493));
#2391 = CARTESIAN_POINT('',(23.083009592912,4.132489679591,
    12.923449606366));
#2392 = CARTESIAN_POINT('',(23.076902057082,4.166751779884,
    13.096498856973));
#2393 = CARTESIAN_POINT('',(23.067631884095,4.218341839995,
    13.267339277015));
#2394 = CARTESIAN_POINT('',(23.054979656789,4.287670686255,
    13.434695911965));
#2395 = CARTESIAN_POINT('',(23.038615198699,4.375285401705,
    13.596989627304));
#2396 = CARTESIAN_POINT('',(23.018091176929,4.481794916616,
    13.752190340001));
#2397 = CARTESIAN_POINT('',(22.968474374224,4.729383542194,
    14.038021450439));
#2398 = CARTESIAN_POINT('',(22.93916268686,4.871833673789,
    14.172428795166));
#2399 = CARTESIAN_POINT('',(22.904520262217,5.034764448432,
    14.295095839696));
#2400 = CARTESIAN_POINT('',(22.864301206604,5.216588425016,
    14.400861357603));
#2401 = CARTESIAN_POINT('',(22.818436175287,5.414689588284,
    14.485203206959));
#2402 = CARTESIAN_POINT('',(22.767129871558,5.625635606042,
    14.544285471023));
#2403 = CARTESIAN_POINT('',(22.710965867551,5.845363999252,14.575));
#2404 = CARTESIAN_POINT('',(22.650960626479,6.069306607654,14.575));
#2405 = PCURVE('',#1286,#2406);
#2406 = DEFINITIONAL_REPRESENTATION('',(#2407),#2466);
#2407 = B_SPLINE_CURVE_WITH_KNOTS('',8,(#2408,#2409,#2410,#2411,#2412,
    #2413,#2414,#2415,#2416,#2417,#2418,#2419,#2420,#2421,#2422,#2423,
    #2424,#2425,#2426,#2427,#2428,#2429,#2430,#2431,#2432,#2433,#2434,
    #2435,#2436,#2437,#2438,#2439,#2440,#2441,#2442,#2443,#2444,#2445,
    #2446,#2447,#2448,#2449,#2450,#2451,#2452,#2453,#2454,#2455,#2456,
    #2457,#2458,#2459,#2460,#2461,#2462,#2463,#2464,#2465),
  .UNSPECIFIED.,.T.,.F.,(9,7,7,7,7,7,7,7,9),(0.,0.137068167786,
    0.278998212996,0.448957082842,0.595103743885,0.689666399292,
    0.793754320285,0.898693941662,1.),.UNSPECIFIED.);
#2408 = CARTESIAN_POINT('',(0.261799387799,4.575));
#2409 = CARTESIAN_POINT('',(0.271690501777,4.575));
#2410 = CARTESIAN_POINT('',(0.281362403678,4.544257858444));
#2411 = CARTESIAN_POINT('',(0.290617947598,4.485156597372));
#2412 = CARTESIAN_POINT('',(0.299285768892,4.40082163344));
#2413 = CARTESIAN_POINT('',(0.307223735992,4.295088899443));
#2414 = CARTESIAN_POINT('',(0.314325260445,4.172464068119));
#2415 = CARTESIAN_POINT('',(0.3205272471,4.0380755242));
#2416 = CARTESIAN_POINT('',(0.331297367812,3.752190040748));
#2417 = CARTESIAN_POINT('',(0.335922732935,3.596990530208));
#2418 = CARTESIAN_POINT('',(0.339723511591,3.434697436692));
#2419 = CARTESIAN_POINT('',(0.342728828841,3.267339293921));
#2420 = CARTESIAN_POINT('',(0.344964112272,3.096495286011));
#2421 = CARTESIAN_POINT('',(0.346448202628,2.923442238466));
#2422 = CARTESIAN_POINT('',(0.347190971743,2.749272378838));
#2423 = CARTESIAN_POINT('',(0.347190971743,2.366311723258));
#2424 = CARTESIAN_POINT('',(0.346125835154,2.15765767079));
#2425 = CARTESIAN_POINT('',(0.34399625395,1.950839918867));
#2426 = CARTESIAN_POINT('',(0.340780413063,1.747785522471));
#2427 = CARTESIAN_POINT('',(0.33644085026,1.550885518974));
#2428 = CARTESIAN_POINT('',(0.330928789994,1.363229794695));
#2429 = CARTESIAN_POINT('',(0.324191812814,1.188961351981));
#2430 = CARTESIAN_POINT('',(0.309310629585,0.900700358549));
#2431 = CARTESIAN_POINT('',(0.301261171073,0.77713750862));
#2432 = CARTESIAN_POINT('',(0.292161617212,0.673697599975));
#2433 = CARTESIAN_POINT('',(0.282232104963,0.598188756485));
#2434 = CARTESIAN_POINT('',(0.27177151972,0.555800483734));
#2435 = CARTESIAN_POINT('',(0.261117683815,0.549007639321));
#2436 = CARTESIAN_POINT('',(0.250617282267,0.577459014107));
#2437 = CARTESIAN_POINT('',(0.234097954163,0.676898466989));
#2438 = CARTESIAN_POINT('',(0.227756820245,0.729621111673));
#2439 = CARTESIAN_POINT('',(0.221625315982,0.795629471314));
#2440 = CARTESIAN_POINT('',(0.21576187899,0.874377712572));
#2441 = CARTESIAN_POINT('',(0.210221985137,0.965151072952));
#2442 = CARTESIAN_POINT('',(0.205057466751,1.067074612939));
#2443 = CARTESIAN_POINT('',(0.200315402886,1.179125956582));
#2444 = CARTESIAN_POINT('',(0.191326756118,1.433369000558));
#2445 = CARTESIAN_POINT('',(0.187180269208,1.577402290106));
#2446 = CARTESIAN_POINT('',(0.183649436322,1.730736216012));
#2447 = CARTESIAN_POINT('',(0.180777830582,1.891706517991));
#2448 = CARTESIAN_POINT('',(0.178599592837,2.05852697755));
#2449 = CARTESIAN_POINT('',(0.177138644594,2.229317584382));
#2450 = CARTESIAN_POINT('',(0.176407803855,2.402134240198));
#2451 = CARTESIAN_POINT('',(0.176407803855,2.749280235493));
#2452 = CARTESIAN_POINT('',(0.177150638602,2.923449606366));
#2453 = CARTESIAN_POINT('',(0.178634741559,3.096498856973));
#2454 = CARTESIAN_POINT('',(0.180869976058,3.267339277015));
#2455 = CARTESIAN_POINT('',(0.183875234689,3.434695911965));
#2456 = CARTESIAN_POINT('',(0.187676004827,3.596989627304));
#2457 = CARTESIAN_POINT('',(0.19230141906,3.752190340001));
#2458 = CARTESIAN_POINT('',(0.203069491386,4.038021450439));
#2459 = CARTESIAN_POINT('',(0.209271307886,4.172428795167));
#2460 = CARTESIAN_POINT('',(0.216374375285,4.295095839696));
#2461 = CARTESIAN_POINT('',(0.224314903011,4.400861357603));
#2462 = CARTESIAN_POINT('',(0.232985242332,4.485203206959));
#2463 = CARTESIAN_POINT('',(0.242242025674,4.544285471023));
#2464 = CARTESIAN_POINT('',(0.251912716232,4.575));
#2465 = CARTESIAN_POINT('',(0.261799387799,4.575));
#2466 = ( GEOMETRIC_REPRESENTATION_CONTEXT(2) 
PARAMETRIC_REPRESENTATION_CONTEXT() REPRESENTATION_CONTEXT('2D SPACE',''
  ) );
#2467 = PCURVE('',#2468,#2473);
#2468 = CYLINDRICAL_SURFACE('',#2469,2.);
#2469 = AXIS2_PLACEMENT_3D('',#2470,#2471,#2472);
#2470 = CARTESIAN_POINT('',(22.650960626479,6.069306607654,12.575));
#2471 = DIRECTION('',(-0.965925826289,-0.258819045103,2.22044604925E-16)
  );
#2472 = DIRECTION('',(2.144786184852E-16,5.746937261686E-17,1.));
#2473 = DEFINITIONAL_REPRESENTATION('',(#2474),#2533);
#2474 = B_SPLINE_CURVE_WITH_KNOTS('',8,(#2475,#2476,#2477,#2478,#2479,
    #2480,#2481,#2482,#2483,#2484,#2485,#2486,#2487,#2488,#2489,#2490,
    #2491,#2492,#2493,#2494,#2495,#2496,#2497,#2498,#2499,#2500,#2501,
    #2502,#2503,#2504,#2505,#2506,#2507,#2508,#2509,#2510,#2511,#2512,
    #2513,#2514,#2515,#2516,#2517,#2518,#2519,#2520,#2521,#2522,#2523,
    #2524,#2525,#2526,#2527,#2528,#2529,#2530,#2531,#2532),
  .UNSPECIFIED.,.F.,.F.,(9,7,7,7,7,7,7,7,9),(0.,0.137068167786,
    0.278998212996,0.448957082842,0.595103743885,0.689666399292,
    0.793754320285,0.898693941662,1.),.UNSPECIFIED.);
#2475 = CARTESIAN_POINT('',(0.,0.));
#2476 = CARTESIAN_POINT('',(0.115973311394,-1.931343608269E-17));
#2477 = CARTESIAN_POINT('',(0.229376262204,2.621984177585E-03));
#2478 = CARTESIAN_POINT('',(0.340257399563,7.662376010275E-03));
#2479 = CARTESIAN_POINT('',(0.448526944763,1.463150551964E-02));
#2480 = CARTESIAN_POINT('',(0.553967064957,2.283939643077E-02));
#2481 = CARTESIAN_POINT('',(0.656199279593,3.154425251429E-02));
#2482 = CARTESIAN_POINT('',(0.754609351984,4.009982304254E-02));
#2483 = CARTESIAN_POINT('',(0.945171453402,5.62573965772E-02));
#2484 = CARTESIAN_POINT('',(1.039154028666,6.399933503352E-02));
#2485 = CARTESIAN_POINT('',(1.130794403041,7.086882570588E-02));
#2486 = CARTESIAN_POINT('',(1.220599202793,7.65914500747E-02));
#2487 = CARTESIAN_POINT('',(1.309040232039,8.098975449083E-02));
#2488 = CARTESIAN_POINT('',(1.396575319618,8.39579827264E-02));
#2489 = CARTESIAN_POINT('',(1.483660137376,8.544350945218E-02));
#2490 = CARTESIAN_POINT('',(1.675140465166,8.544350945218E-02));
#2491 = CARTESIAN_POINT('',(1.77946701393,8.331338284728E-02));
#2492 = CARTESIAN_POINT('',(1.884608824803,7.905365234188E-02));
#2493 = CARTESIAN_POINT('',(1.991324626234,7.277125955998E-02));
#2494 = CARTESIAN_POINT('',(2.100381368546,6.468514916894E-02));
#2495 = CARTESIAN_POINT('',(2.212588757668,5.518100701953E-02));
#2496 = CARTESIAN_POINT('',(2.328868686106,4.487906573476E-02));
#2497 = CARTESIAN_POINT('',(2.554982699752,2.590781936295E-02));
#2498 = CARTESIAN_POINT('',(2.667003850551,1.691263930111E-02));
#2499 = CARTESIAN_POINT('',(2.783861703878,8.6001072199E-03));
#2500 = CARTESIAN_POINT('',(2.9038832099,2.059873452528E-03));
#2501 = CARTESIAN_POINT('',(3.025860099899,-1.705536101919E-03));
#2502 = CARTESIAN_POINT('',(3.148746467137,-2.240526739103E-03));
#2503 = CARTESIAN_POINT('',(3.271534624105,2.867869094874E-04));
#2504 = CARTESIAN_POINT('',(3.471461235548,8.503166594014E-03));
#2505 = CARTESIAN_POINT('',(3.550003158698,1.278549476318E-02));
#2506 = CARTESIAN_POINT('',(3.628540013068,1.800160395395E-02));
#2507 = CARTESIAN_POINT('',(3.707075864768,2.397478056486E-02));
#2508 = CARTESIAN_POINT('',(3.785615484974,3.048369314203E-02));
#2509 = CARTESIAN_POINT('',(3.864159316675,3.727762780258E-02));
#2510 = CARTESIAN_POINT('',(3.9427025915,4.409560570594E-02));
#2511 = CARTESIAN_POINT('',(4.107685507991,5.794734844374E-02));
#2512 = CARTESIAN_POINT('',(4.194085720721,6.493024125313E-02));
#2513 = CARTESIAN_POINT('',(4.280454173964,7.130959477779E-02));
#2514 = CARTESIAN_POINT('',(4.366808875537,7.677331908081E-02));
#2515 = CARTESIAN_POINT('',(4.453168288803,8.105969970352E-02));
#2516 = CARTESIAN_POINT('',(4.539547919214,8.398197754826E-02));
#2517 = CARTESIAN_POINT('',(4.625956100484,8.544350945219E-02));
#2518 = CARTESIAN_POINT('',(4.799529098131,8.544350945219E-02));
#2519 = CARTESIAN_POINT('',(4.886613660636,8.395785295998E-02));
#2520 = CARTESIAN_POINT('',(4.974147003911,8.098959547248E-02));
#2521 = CARTESIAN_POINT('',(5.062586255065,7.659140488032E-02));
#2522 = CARTESIAN_POINT('',(5.152390097683,7.086889220791E-02));
#2523 = CARTESIAN_POINT('',(5.244030652745,6.399938792094E-02));
#2524 = CARTESIAN_POINT('',(5.338014053249,5.625737966415E-02));
#2525 = CARTESIAN_POINT('',(5.528539911359,4.010287916403E-02));
#2526 = CARTESIAN_POINT('',(5.62695571619,3.154698796673E-02));
#2527 = CARTESIAN_POINT('',(5.729214207581,2.283941310362E-02));
#2528 = CARTESIAN_POINT('',(5.834686493618,1.462852963335E-02));
#2529 = CARTESIAN_POINT('',(5.942982808469,7.658393995318E-03));
#2530 = CARTESIAN_POINT('',(6.053875344628,2.619630934232E-03));
#2531 = CARTESIAN_POINT('',(6.167264083051,1.93047618106E-17));
#2532 = CARTESIAN_POINT('',(6.28318530718,0.));
#2533 = ( GEOMETRIC_REPRESENTATION_CONTEXT(2) 
PARAMETRIC_REPRESENTATION_CONTEXT() REPRESENTATION_CONTEXT('2D SPACE',''
  ) );
#2534 = ORIENTED_EDGE('',*,*,#2535,.T.);
#2535 = EDGE_CURVE('',#2343,#2341,#2536,.T.);
#2536 = SURFACE_CURVE('',#2537,(#2596,#2658),.PCURVE_S1.);
#2537 = B_SPLINE_CURVE_WITH_KNOTS('',8,(#2538,#2539,#2540,#2541,#2542,
    #2543,#2544,#2545,#2546,#2547,#2548,#2549,#2550,#2551,#2552,#2553,
    #2554,#2555,#2556,#2557,#2558,#2559,#2560,#2561,#2562,#2563,#2564,
    #2565,#2566,#2567,#2568,#2569,#2570,#2571,#2572,#2573,#2574,#2575,
    #2576,#2577,#2578,#2579,#2580,#2581,#2582,#2583,#2584,#2585,#2586,
    #2587,#2588,#2589,#2590,#2591,#2592,#2593,#2594,#2595),
  .UNSPECIFIED.,.T.,.F.,(9,7,7,7,7,7,7,7,9),(0.,0.137068167786,
    0.278998212996,0.448957082842,0.595103743885,0.689666399292,
    0.793754320285,0.898693941662,1.),.UNSPECIFIED.);
#2538 = CARTESIAN_POINT('',(22.650960626479,6.069306607654,14.575));
#2539 = CARTESIAN_POINT('',(22.590928423054,6.293349840925,14.575));
#2540 = CARTESIAN_POINT('',(22.529694055412,6.511749043201,
    14.544257858444));
#2541 = CARTESIAN_POINT('',(22.468659571292,6.720058260369,
    14.485156597372));
#2542 = CARTESIAN_POINT('',(22.409345534242,6.914494611522,
    14.40082163344));
#2543 = CARTESIAN_POINT('',(22.353282688261,7.092011145897,
    14.295088899443));
#2544 = CARTESIAN_POINT('',(22.301830485874,7.250400398148,
    14.172464068119));
#2545 = CARTESIAN_POINT('',(22.255989355867,7.388425638281,14.0380755242
    ));
#2546 = CARTESIAN_POINT('',(22.175149079535,7.627697586583,
    13.752190040748));
#2547 = CARTESIAN_POINT('',(22.139669011303,7.730198450678,
    13.596990530208));
#2548 = CARTESIAN_POINT('',(22.110033650978,7.814257447296,
    13.434697436692));
#2549 = CARTESIAN_POINT('',(22.086325915658,7.880625397355,
    13.267339293921));
#2550 = CARTESIAN_POINT('',(22.068558685415,7.929939860021,
    13.096495286011));
#2551 = CARTESIAN_POINT('',(22.056717020767,7.96266520089,
    12.923442238466));
#2552 = CARTESIAN_POINT('',(22.050790443805,7.979043852706,
    12.749272378838));
#2553 = CARTESIAN_POINT('',(22.050790443805,7.979043852706,
    12.366311723258));
#2554 = CARTESIAN_POINT('',(22.059289076985,7.955556699088,
    12.15765767079));
#2555 = CARTESIAN_POINT('',(22.076281633606,7.908597949258,
    11.950839918867));
#2556 = CARTESIAN_POINT('',(22.10180008277,7.837635102206,
    11.747785522471));
#2557 = CARTESIAN_POINT('',(22.135865949728,7.741741887359,
    11.550885518974));
#2558 = CARTESIAN_POINT('',(22.17841150083,7.619680914444,
    11.363229794695));
#2559 = CARTESIAN_POINT('',(22.229166581564,7.470064018993,
    11.188961351981));
#2560 = CARTESIAN_POINT('',(22.337676295176,7.138399521988,
    10.900700358549));
#2561 = CARTESIAN_POINT('',(22.395165209813,6.958602678628,
    10.77713750862));
#2562 = CARTESIAN_POINT('',(22.45838409402,6.754783748447,
    10.673697599975));
#2563 = CARTESIAN_POINT('',(22.524950544359,6.531623896526,
    10.598188756485));
#2564 = CARTESIAN_POINT('',(22.592079582602,6.295643340478,
    10.555800483734));
#2565 = CARTESIAN_POINT('',(22.65726584964,6.05443192503,10.549007639321
    ));
#2566 = CARTESIAN_POINT('',(22.7185552787,5.815931871713,10.577459014107
    ));
#2567 = CARTESIAN_POINT('',(22.810857177683,5.43971084173,
    10.676898466989));
#2568 = CARTESIAN_POINT('',(22.845192197965,5.295025156057,
    10.729621111673));
#2569 = CARTESIAN_POINT('',(22.877345009856,5.154875730155,
    10.795629471314));
#2570 = CARTESIAN_POINT('',(22.90713046735,5.020636307245,
    10.874377712572));
#2571 = CARTESIAN_POINT('',(22.934425711223,4.893620563272,
    10.965151072952));
#2572 = CARTESIAN_POINT('',(22.959159690909,4.775062346606,
    11.067074612939));
#2573 = CARTESIAN_POINT('',(22.981301202979,4.666086454843,
    11.179125956582));
#2574 = CARTESIAN_POINT('',(23.022358374698,4.459339979776,
    11.433369000558));
#2575 = CARTESIAN_POINT('',(23.040715222477,4.363851465171,
    11.577402290106));
#2576 = CARTESIAN_POINT('',(23.055919632877,4.282459903759,
    11.730736216012));
#2577 = CARTESIAN_POINT('',(23.068013449453,4.216214956193,
    11.891706517991));
#2578 = CARTESIAN_POINT('',(23.077046909857,4.165940320018,
    12.05852697755));
#2579 = CARTESIAN_POINT('',(23.083058807963,4.13221279627,
    12.229317584382));
#2580 = CARTESIAN_POINT('',(23.086066624215,4.115340547549,
    12.402134240198));
#2581 = CARTESIAN_POINT('',(23.086066624215,4.115340547549,
    12.749280235493));
#2582 = CARTESIAN_POINT('',(23.083009592912,4.132489679591,
    12.923449606366));
#2583 = CARTESIAN_POINT('',(23.076902057082,4.166751779884,
    13.096498856973));
#2584 = CARTESIAN_POINT('',(23.067631884095,4.218341839995,
    13.267339277015));
#2585 = CARTESIAN_POINT('',(23.054979656789,4.287670686255,
    13.434695911965));
#2586 = CARTESIAN_POINT('',(23.038615198699,4.375285401705,
    13.596989627304));
#2587 = CARTESIAN_POINT('',(23.018091176929,4.481794916616,
    13.752190340001));
#2588 = CARTESIAN_POINT('',(22.968474374224,4.729383542194,
    14.038021450439));
#2589 = CARTESIAN_POINT('',(22.93916268686,4.871833673789,
    14.172428795166));
#2590 = CARTESIAN_POINT('',(22.904520262217,5.034764448432,
    14.295095839696));
#2591 = CARTESIAN_POINT('',(22.864301206604,5.216588425016,
    14.400861357603));
#2592 = CARTESIAN_POINT('',(22.818436175287,5.414689588284,
    14.485203206959));
#2593 = CARTESIAN_POINT('',(22.767129871558,5.625635606042,
    14.544285471023));
#2594 = CARTESIAN_POINT('',(22.710965867551,5.845363999252,14.575));
#2595 = CARTESIAN_POINT('',(22.650960626479,6.069306607654,14.575));
#2596 = PCURVE('',#1286,#2597);
#2597 = DEFINITIONAL_REPRESENTATION('',(#2598),#2657);
#2598 = B_SPLINE_CURVE_WITH_KNOTS('',8,(#2599,#2600,#2601,#2602,#2603,
    #2604,#2605,#2606,#2607,#2608,#2609,#2610,#2611,#2612,#2613,#2614,
    #2615,#2616,#2617,#2618,#2619,#2620,#2621,#2622,#2623,#2624,#2625,
    #2626,#2627,#2628,#2629,#2630,#2631,#2632,#2633,#2634,#2635,#2636,
    #2637,#2638,#2639,#2640,#2641,#2642,#2643,#2644,#2645,#2646,#2647,
    #2648,#2649,#2650,#2651,#2652,#2653,#2654,#2655,#2656),
  .UNSPECIFIED.,.T.,.F.,(9,7,7,7,7,7,7,7,9),(0.,0.137068167786,
    0.278998212996,0.448957082842,0.595103743885,0.689666399292,
    0.793754320285,0.898693941662,1.),.UNSPECIFIED.);
#2599 = CARTESIAN_POINT('',(0.261799387799,4.575));
#2600 = CARTESIAN_POINT('',(0.271690501777,4.575));
#2601 = CARTESIAN_POINT('',(0.281362403678,4.544257858444));
#2602 = CARTESIAN_POINT('',(0.290617947598,4.485156597372));
#2603 = CARTESIAN_POINT('',(0.299285768892,4.40082163344));
#2604 = CARTESIAN_POINT('',(0.307223735992,4.295088899443));
#2605 = CARTESIAN_POINT('',(0.314325260445,4.172464068119));
#2606 = CARTESIAN_POINT('',(0.3205272471,4.0380755242));
#2607 = CARTESIAN_POINT('',(0.331297367812,3.752190040748));
#2608 = CARTESIAN_POINT('',(0.335922732935,3.596990530208));
#2609 = CARTESIAN_POINT('',(0.339723511591,3.434697436692));
#2610 = CARTESIAN_POINT('',(0.342728828841,3.267339293921));
#2611 = CARTESIAN_POINT('',(0.344964112272,3.096495286011));
#2612 = CARTESIAN_POINT('',(0.346448202628,2.923442238466));
#2613 = CARTESIAN_POINT('',(0.347190971743,2.749272378838));
#2614 = CARTESIAN_POINT('',(0.347190971743,2.366311723258));
#2615 = CARTESIAN_POINT('',(0.346125835154,2.15765767079));
#2616 = CARTESIAN_POINT('',(0.34399625395,1.950839918867));
#2617 = CARTESIAN_POINT('',(0.340780413063,1.747785522471));
#2618 = CARTESIAN_POINT('',(0.33644085026,1.550885518974));
#2619 = CARTESIAN_POINT('',(0.330928789994,1.363229794695));
#2620 = CARTESIAN_POINT('',(0.324191812814,1.188961351981));
#2621 = CARTESIAN_POINT('',(0.309310629585,0.900700358549));
#2622 = CARTESIAN_POINT('',(0.301261171073,0.77713750862));
#2623 = CARTESIAN_POINT('',(0.292161617212,0.673697599975));
#2624 = CARTESIAN_POINT('',(0.282232104963,0.598188756485));
#2625 = CARTESIAN_POINT('',(0.27177151972,0.555800483734));
#2626 = CARTESIAN_POINT('',(0.261117683815,0.549007639321));
#2627 = CARTESIAN_POINT('',(0.250617282267,0.577459014107));
#2628 = CARTESIAN_POINT('',(0.234097954163,0.676898466989));
#2629 = CARTESIAN_POINT('',(0.227756820245,0.729621111673));
#2630 = CARTESIAN_POINT('',(0.221625315982,0.795629471314));
#2631 = CARTESIAN_POINT('',(0.21576187899,0.874377712572));
#2632 = CARTESIAN_POINT('',(0.210221985137,0.965151072952));
#2633 = CARTESIAN_POINT('',(0.205057466751,1.067074612939));
#2634 = CARTESIAN_POINT('',(0.200315402886,1.179125956582));
#2635 = CARTESIAN_POINT('',(0.191326756118,1.433369000558));
#2636 = CARTESIAN_POINT('',(0.187180269208,1.577402290106));
#2637 = CARTESIAN_POINT('',(0.183649436322,1.730736216012));
#2638 = CARTESIAN_POINT('',(0.180777830582,1.891706517991));
#2639 = CARTESIAN_POINT('',(0.178599592837,2.05852697755));
#2640 = CARTESIAN_POINT('',(0.177138644594,2.229317584382));
#2641 = CARTESIAN_POINT('',(0.176407803855,2.402134240198));
#2642 = CARTESIAN_POINT('',(0.176407803855,2.749280235493));
#2643 = CARTESIAN_POINT('',(0.177150638602,2.923449606366));
#2644 = CARTESIAN_POINT('',(0.178634741559,3.096498856973));
#2645 = CARTESIAN_POINT('',(0.180869976058,3.267339277015));
#2646 = CARTESIAN_POINT('',(0.183875234689,3.434695911965));
#2647 = CARTESIAN_POINT('',(0.187676004827,3.596989627304));
#2648 = CARTESIAN_POINT('',(0.19230141906,3.752190340001));
#2649 = CARTESIAN_POINT('',(0.203069491386,4.038021450439));
#2650 = CARTESIAN_POINT('',(0.209271307886,4.172428795167));
#2651 = CARTESIAN_POINT('',(0.216374375285,4.295095839696));
#2652 = CARTESIAN_POINT('',(0.224314903011,4.400861357603));
#2653 = CARTESIAN_POINT('',(0.232985242332,4.485203206959));
#2654 = CARTESIAN_POINT('',(0.242242025674,4.544285471023));
#2655 = CARTESIAN_POINT('',(0.251912716232,4.575));
#2656 = CARTESIAN_POINT('',(0.261799387799,4.575));
#2657 = ( GEOMETRIC_REPRESENTATION_CONTEXT(2) 
PARAMETRIC_REPRESENTATION_CONTEXT() REPRESENTATION_CONTEXT('2D SPACE',''
  ) );
#2658 = PCURVE('',#2659,#2664);
#2659 = CYLINDRICAL_SURFACE('',#2660,2.);
#2660 = AXIS2_PLACEMENT_3D('',#2661,#2662,#2663);
#2661 = CARTESIAN_POINT('',(22.650960626479,6.069306607654,12.575));
#2662 = DIRECTION('',(-0.965925826289,-0.258819045103,2.22044604925E-16)
  );
#2663 = DIRECTION('',(2.144786184852E-16,5.746937261686E-17,1.));
#2664 = DEFINITIONAL_REPRESENTATION('',(#2665),#2724);
#2665 = B_SPLINE_CURVE_WITH_KNOTS('',8,(#2666,#2667,#2668,#2669,#2670,
    #2671,#2672,#2673,#2674,#2675,#2676,#2677,#2678,#2679,#2680,#2681,
    #2682,#2683,#2684,#2685,#2686,#2687,#2688,#2689,#2690,#2691,#2692,
    #2693,#2694,#2695,#2696,#2697,#2698,#2699,#2700,#2701,#2702,#2703,
    #2704,#2705,#2706,#2707,#2708,#2709,#2710,#2711,#2712,#2713,#2714,
    #2715,#2716,#2717,#2718,#2719,#2720,#2721,#2722,#2723),
  .UNSPECIFIED.,.F.,.F.,(9,7,7,7,7,7,7,7,9),(0.,0.137068167786,
    0.278998212996,0.448957082842,0.595103743885,0.689666399292,
    0.793754320285,0.898693941662,1.),.UNSPECIFIED.);
#2666 = CARTESIAN_POINT('',(0.,0.));
#2667 = CARTESIAN_POINT('',(0.115973311394,-1.931343608269E-17));
#2668 = CARTESIAN_POINT('',(0.229376262204,2.621984177585E-03));
#2669 = CARTESIAN_POINT('',(0.340257399563,7.662376010275E-03));
#2670 = CARTESIAN_POINT('',(0.448526944763,1.463150551964E-02));
#2671 = CARTESIAN_POINT('',(0.553967064957,2.283939643077E-02));
#2672 = CARTESIAN_POINT('',(0.656199279593,3.154425251429E-02));
#2673 = CARTESIAN_POINT('',(0.754609351984,4.009982304254E-02));
#2674 = CARTESIAN_POINT('',(0.945171453402,5.62573965772E-02));
#2675 = CARTESIAN_POINT('',(1.039154028666,6.399933503352E-02));
#2676 = CARTESIAN_POINT('',(1.130794403041,7.086882570588E-02));
#2677 = CARTESIAN_POINT('',(1.220599202793,7.65914500747E-02));
#2678 = CARTESIAN_POINT('',(1.309040232039,8.098975449083E-02));
#2679 = CARTESIAN_POINT('',(1.396575319618,8.39579827264E-02));
#2680 = CARTESIAN_POINT('',(1.483660137376,8.544350945218E-02));
#2681 = CARTESIAN_POINT('',(1.675140465166,8.544350945218E-02));
#2682 = CARTESIAN_POINT('',(1.77946701393,8.331338284728E-02));
#2683 = CARTESIAN_POINT('',(1.884608824803,7.905365234188E-02));
#2684 = CARTESIAN_POINT('',(1.991324626234,7.277125955998E-02));
#2685 = CARTESIAN_POINT('',(2.100381368546,6.468514916894E-02));
#2686 = CARTESIAN_POINT('',(2.212588757668,5.518100701953E-02));
#2687 = CARTESIAN_POINT('',(2.328868686106,4.487906573476E-02));
#2688 = CARTESIAN_POINT('',(2.554982699752,2.590781936295E-02));
#2689 = CARTESIAN_POINT('',(2.667003850551,1.691263930111E-02));
#2690 = CARTESIAN_POINT('',(2.783861703878,8.6001072199E-03));
#2691 = CARTESIAN_POINT('',(2.9038832099,2.059873452528E-03));
#2692 = CARTESIAN_POINT('',(3.025860099899,-1.705536101919E-03));
#2693 = CARTESIAN_POINT('',(3.148746467137,-2.240526739103E-03));
#2694 = CARTESIAN_POINT('',(3.271534624105,2.867869094874E-04));
#2695 = CARTESIAN_POINT('',(3.471461235548,8.503166594014E-03));
#2696 = CARTESIAN_POINT('',(3.550003158698,1.278549476318E-02));
#2697 = CARTESIAN_POINT('',(3.628540013068,1.800160395395E-02));
#2698 = CARTESIAN_POINT('',(3.707075864768,2.397478056486E-02));
#2699 = CARTESIAN_POINT('',(3.785615484974,3.048369314203E-02));
#2700 = CARTESIAN_POINT('',(3.864159316675,3.727762780258E-02));
#2701 = CARTESIAN_POINT('',(3.9427025915,4.409560570594E-02));
#2702 = CARTESIAN_POINT('',(4.107685507991,5.794734844374E-02));
#2703 = CARTESIAN_POINT('',(4.194085720721,6.493024125313E-02));
#2704 = CARTESIAN_POINT('',(4.280454173964,7.130959477779E-02));
#2705 = CARTESIAN_POINT('',(4.366808875537,7.677331908081E-02));
#2706 = CARTESIAN_POINT('',(4.453168288803,8.105969970352E-02));
#2707 = CARTESIAN_POINT('',(4.539547919214,8.398197754826E-02));
#2708 = CARTESIAN_POINT('',(4.625956100484,8.544350945219E-02));
#2709 = CARTESIAN_POINT('',(4.799529098131,8.544350945219E-02));
#2710 = CARTESIAN_POINT('',(4.886613660636,8.395785295998E-02));
#2711 = CARTESIAN_POINT('',(4.974147003911,8.098959547248E-02));
#2712 = CARTESIAN_POINT('',(5.062586255065,7.659140488032E-02));
#2713 = CARTESIAN_POINT('',(5.152390097683,7.086889220791E-02));
#2714 = CARTESIAN_POINT('',(5.244030652745,6.399938792094E-02));
#2715 = CARTESIAN_POINT('',(5.338014053249,5.625737966415E-02));
#2716 = CARTESIAN_POINT('',(5.528539911359,4.010287916403E-02));
#2717 = CARTESIAN_POINT('',(5.62695571619,3.154698796673E-02));
#2718 = CARTESIAN_POINT('',(5.729214207581,2.283941310362E-02));
#2719 = CARTESIAN_POINT('',(5.834686493618,1.462852963335E-02));
#2720 = CARTESIAN_POINT('',(5.942982808469,7.658393995318E-03));
#2721 = CARTESIAN_POINT('',(6.053875344628,2.619630934232E-03));
#2722 = CARTESIAN_POINT('',(6.167264083051,1.93047618106E-17));
#2723 = CARTESIAN_POINT('',(6.28318530718,0.));
#2724 = ( GEOMETRIC_REPRESENTATION_CONTEXT(2) 
PARAMETRIC_REPRESENTATION_CONTEXT() REPRESENTATION_CONTEXT('2D SPACE',''
  ) );
#2725 = ADVANCED_FACE('',(#2726,#2734),#1345,.F.);
#2726 = FACE_BOUND('',#2727,.F.);
#2727 = EDGE_LOOP('',(#2728,#2729,#2730,#2731,#2732,#2733));
#2728 = ORIENTED_EDGE('',*,*,#1760,.T.);
#2729 = ORIENTED_EDGE('',*,*,#1856,.F.);
#2730 = ORIENTED_EDGE('',*,*,#1963,.T.);
#2731 = ORIENTED_EDGE('',*,*,#2029,.F.);
#2732 = ORIENTED_EDGE('',*,*,#2056,.T.);
#2733 = ORIENTED_EDGE('',*,*,#1330,.F.);
#2734 = FACE_BOUND('',#2735,.F.);
#2735 = EDGE_LOOP('',(#2736,#2931));
#2736 = ORIENTED_EDGE('',*,*,#2737,.T.);
#2737 = EDGE_CURVE('',#2738,#2740,#2742,.T.);
#2738 = VERTEX_POINT('',#2739);
#2739 = CARTESIAN_POINT('',(-16.58165401882,16.581654018825,10.575));
#2740 = VERTEX_POINT('',#2741);
#2741 = CARTESIAN_POINT('',(-16.58165401882,16.581654018825,14.575));
#2742 = SURFACE_CURVE('',#2743,(#2802,#2864),.PCURVE_S1.);
#2743 = B_SPLINE_CURVE_WITH_KNOTS('',8,(#2744,#2745,#2746,#2747,#2748,
    #2749,#2750,#2751,#2752,#2753,#2754,#2755,#2756,#2757,#2758,#2759,
    #2760,#2761,#2762,#2763,#2764,#2765,#2766,#2767,#2768,#2769,#2770,
    #2771,#2772,#2773,#2774,#2775,#2776,#2777,#2778,#2779,#2780,#2781,
    #2782,#2783,#2784,#2785,#2786,#2787,#2788,#2789,#2790,#2791,#2792,
    #2793,#2794,#2795,#2796,#2797,#2798,#2799,#2800,#2801),
  .UNSPECIFIED.,.T.,.F.,(9,7,7,7,7,7,7,7,9),(0.,0.137068167777,
    0.278998212977,0.448957082813,0.595103743847,0.689666399279,
    0.793754320293,0.89869394166,1.),.UNSPECIFIED.);
#2744 = CARTESIAN_POINT('',(-16.58165401882,16.581654018825,14.575));
#2745 = CARTESIAN_POINT('',(-16.74566504867,16.417642988978,14.575));
#2746 = CARTESIAN_POINT('',(-16.90418712218,16.255412869877,
    14.544257858444));
#2747 = CARTESIAN_POINT('',(-17.05407095403,16.098400847539,
    14.485156597372));
#2748 = CARTESIAN_POINT('',(-17.19280075502,15.949815209076,
    14.40082163344));
#2749 = CARTESIAN_POINT('',(-17.3185031604,15.812505093061,
    14.295088899443));
#2750 = CARTESIAN_POINT('',(-17.42994617534,15.688751552587,
    14.17246406812));
#2751 = CARTESIAN_POINT('',(-17.52655897465,15.580039349397,
    14.0380755242));
#2752 = CARTESIAN_POINT('',(-17.69335442213,15.390393642293,
    13.752190040748));
#2753 = CARTESIAN_POINT('',(-17.76438274023,15.308416569828,
    13.596990530208));
#2754 = CARTESIAN_POINT('',(-17.82236228655,15.240722096628,
    13.434697436692));
#2755 = CARTESIAN_POINT('',(-17.86798474964,15.187006620545,
    13.267339293921));
#2756 = CARTESIAN_POINT('',(-17.90180871196,15.146962516467,
    13.096495286011));
#2757 = CARTESIAN_POINT('',(-17.92422885618,15.120344663623,
    12.923442238467));
#2758 = CARTESIAN_POINT('',(-17.93544989625,15.107022771509,
    12.749272378838));
#2759 = CARTESIAN_POINT('',(-17.93544989625,15.107022771509,
    12.366311723258));
#2760 = CARTESIAN_POINT('',(-17.91935874115,15.12612638055,
    12.15765767079));
#2761 = CARTESIAN_POINT('',(-17.88718754917,15.164321741173,
    11.950839918867));
#2762 = CARTESIAN_POINT('',(-17.83849114548,15.221902789941,
    11.747785522471));
#2763 = CARTESIAN_POINT('',(-17.77247811885,15.299351303552,
    11.550885518974));
#2764 = CARTESIAN_POINT('',(-17.68804299105,15.397227318081,
    11.363229794695));
#2765 = CARTESIAN_POINT('',(-17.58384849912,15.515990955094,
    11.188961351981));
#2766 = CARTESIAN_POINT('',(-17.35087347599,15.775795372142,
    10.900700358549));
#2767 = CARTESIAN_POINT('',(-17.22390929944,15.915480654333,
    10.77713750862));
#2768 = CARTESIAN_POINT('',(-17.07900637023,16.072139279145,
    10.673697599975));
#2769 = CARTESIAN_POINT('',(-16.91902749453,16.241367442141,
    10.598188756485));
#2770 = CARTESIAN_POINT('',(-16.74822685732,16.417493172612,
    10.555800483734));
#2771 = CARTESIAN_POINT('',(-16.57192477737,16.594551843571,
    10.549007639321));
#2772 = CARTESIAN_POINT('',(-16.39602238693,16.766880072779,
    10.577459014107));
#2773 = CARTESIAN_POINT('',(-16.11635636698,17.034926377142,
    10.676898467002));
#2774 = CARTESIAN_POINT('',(-16.00822239782,17.137004219725,
    10.729621111675));
#2775 = CARTESIAN_POINT('',(-15.90292584062,17.234924084569,
    10.795629471288));
#2776 = CARTESIAN_POINT('',(-15.8015638189,17.327838758911,
    10.874377712558));
#2777 = CARTESIAN_POINT('',(-15.70521257985,17.414985005518,
    10.965151072982));
#2778 = CARTESIAN_POINT('',(-15.61490514225,17.495684368579,
    11.067074612973));
#2779 = CARTESIAN_POINT('',(-15.53160000766,17.569347426357,
    11.179125956539));
#2780 = CARTESIAN_POINT('',(-15.37308089392,17.708277217652,
    11.433369000598));
#2781 = CARTESIAN_POINT('',(-15.29956383843,17.771918971432,
    11.577402290102));
#2782 = CARTESIAN_POINT('',(-15.23667888379,17.825782157797,
    11.730736215986));
#2783 = CARTESIAN_POINT('',(-15.18535598459,17.869378183978,
    11.891706517988));
#2784 = CARTESIAN_POINT('',(-15.1463336027,17.902338708258,
    12.058526977579));
#2785 = CARTESIAN_POINT('',(-15.1201306594,17.924408926605,
    12.229317584395));
#2786 = CARTESIAN_POINT('',(-15.1070227715,17.935449896256,
    12.402134240146));
#2787 = CARTESIAN_POINT('',(-15.1070227715,17.935449896256,
    12.749280235494));
#2788 = CARTESIAN_POINT('',(-15.12034583985,17.924227863467,
    12.923449606366));
#2789 = CARTESIAN_POINT('',(-15.14696392118,17.901807532137,
    13.096498856973));
#2790 = CARTESIAN_POINT('',(-15.18700713733,17.867984296776,
    13.267339277015));
#2791 = CARTESIAN_POINT('',(-15.24072156575,17.822362723385,
    13.434695911965));
#2792 = CARTESIAN_POINT('',(-15.30841590603,17.764383329235,
    13.596989627305));
#2793 = CARTESIAN_POINT('',(-15.3903938408,17.693354247539,
    13.752190340001));
#2794 = CARTESIAN_POINT('',(-15.5800034789,17.526590523144,
    14.038021450455));
#2795 = CARTESIAN_POINT('',(-15.68871306794,17.429980791466,
    14.172428795167));
#2796 = CARTESIAN_POINT('',(-15.81249404551,17.318514184365,
    14.295095839687));
#2797 = CARTESIAN_POINT('',(-15.94984870044,17.192771472202,
    14.400861357596));
#2798 = CARTESIAN_POINT('',(-16.09847682469,17.054000608299,
    14.485203206959));
#2799 = CARTESIAN_POINT('',(-16.25550828305,16.904095037002,
    14.544285471028));
#2800 = CARTESIAN_POINT('',(-16.4177166515,16.745591386141,14.575));
#2801 = CARTESIAN_POINT('',(-16.58165401882,16.581654018825,14.575));
#2802 = PCURVE('',#1345,#2803);
#2803 = DEFINITIONAL_REPRESENTATION('',(#2804),#2863);
#2804 = B_SPLINE_CURVE_WITH_KNOTS('',8,(#2805,#2806,#2807,#2808,#2809,
    #2810,#2811,#2812,#2813,#2814,#2815,#2816,#2817,#2818,#2819,#2820,
    #2821,#2822,#2823,#2824,#2825,#2826,#2827,#2828,#2829,#2830,#2831,
    #2832,#2833,#2834,#2835,#2836,#2837,#2838,#2839,#2840,#2841,#2842,
    #2843,#2844,#2845,#2846,#2847,#2848,#2849,#2850,#2851,#2852,#2853,
    #2854,#2855,#2856,#2857,#2858,#2859,#2860,#2861,#2862),
  .UNSPECIFIED.,.T.,.F.,(9,7,7,7,7,7,7,7,9),(0.,0.137068167777,
    0.278998212977,0.448957082813,0.595103743847,0.689666399279,
    0.793754320293,0.89869394166,1.),.UNSPECIFIED.);
#2805 = CARTESIAN_POINT('',(2.356194490192,4.575));
#2806 = CARTESIAN_POINT('',(2.36608560417,4.575));
#2807 = CARTESIAN_POINT('',(2.375757506071,4.544257858444));
#2808 = CARTESIAN_POINT('',(2.385013049991,4.485156597372));
#2809 = CARTESIAN_POINT('',(2.393680871285,4.40082163344));
#2810 = CARTESIAN_POINT('',(2.401618838385,4.295088899443));
#2811 = CARTESIAN_POINT('',(2.408720362838,4.17246406812));
#2812 = CARTESIAN_POINT('',(2.414922349493,4.0380755242));
#2813 = CARTESIAN_POINT('',(2.425692470205,3.752190040748));
#2814 = CARTESIAN_POINT('',(2.430317835328,3.596990530208));
#2815 = CARTESIAN_POINT('',(2.434118613984,3.434697436692));
#2816 = CARTESIAN_POINT('',(2.437123931235,3.267339293921));
#2817 = CARTESIAN_POINT('',(2.439359214665,3.096495286011));
#2818 = CARTESIAN_POINT('',(2.440843305021,2.923442238467));
#2819 = CARTESIAN_POINT('',(2.441586074136,2.749272378838));
#2820 = CARTESIAN_POINT('',(2.441586074136,2.366311723258));
#2821 = CARTESIAN_POINT('',(2.440520937548,2.15765767079));
#2822 = CARTESIAN_POINT('',(2.438391356343,1.950839918867));
#2823 = CARTESIAN_POINT('',(2.435175515456,1.747785522471));
#2824 = CARTESIAN_POINT('',(2.430835952653,1.550885518974));
#2825 = CARTESIAN_POINT('',(2.425323892387,1.363229794695));
#2826 = CARTESIAN_POINT('',(2.418586915207,1.188961351981));
#2827 = CARTESIAN_POINT('',(2.403705731979,0.900700358549));
#2828 = CARTESIAN_POINT('',(2.395656273466,0.77713750862));
#2829 = CARTESIAN_POINT('',(2.386556719605,0.673697599975));
#2830 = CARTESIAN_POINT('',(2.376627207356,0.598188756485));
#2831 = CARTESIAN_POINT('',(2.366166622113,0.555800483734));
#2832 = CARTESIAN_POINT('',(2.355512786208,0.549007639321));
#2833 = CARTESIAN_POINT('',(2.34501238466,0.577459014107));
#2834 = CARTESIAN_POINT('',(2.328493056554,0.676898467002));
#2835 = CARTESIAN_POINT('',(2.322151922639,0.729621111675));
#2836 = CARTESIAN_POINT('',(2.316020418377,0.795629471288));
#2837 = CARTESIAN_POINT('',(2.310156981383,0.874377712558));
#2838 = CARTESIAN_POINT('',(2.304617087528,0.965151072982));
#2839 = CARTESIAN_POINT('',(2.299452569144,1.067074612973));
#2840 = CARTESIAN_POINT('',(2.29471050528,1.179125956539));
#2841 = CARTESIAN_POINT('',(2.28572185851,1.433369000598));
#2842 = CARTESIAN_POINT('',(2.281575371602,1.577402290102));
#2843 = CARTESIAN_POINT('',(2.278044538716,1.730736215986));
#2844 = CARTESIAN_POINT('',(2.275172932974,1.891706517988));
#2845 = CARTESIAN_POINT('',(2.27299469523,2.058526977579));
#2846 = CARTESIAN_POINT('',(2.271533746988,2.229317584395));
#2847 = CARTESIAN_POINT('',(2.270802906248,2.402134240146));
#2848 = CARTESIAN_POINT('',(2.270802906248,2.749280235494));
#2849 = CARTESIAN_POINT('',(2.271545740995,2.923449606366));
#2850 = CARTESIAN_POINT('',(2.273029843952,3.096498856973));
#2851 = CARTESIAN_POINT('',(2.275265078452,3.267339277015));
#2852 = CARTESIAN_POINT('',(2.278270337083,3.434695911965));
#2853 = CARTESIAN_POINT('',(2.282071107221,3.596989627305));
#2854 = CARTESIAN_POINT('',(2.286696521453,3.752190340001));
#2855 = CARTESIAN_POINT('',(2.29746459378,4.038021450455));
#2856 = CARTESIAN_POINT('',(2.303666410279,4.172428795167));
#2857 = CARTESIAN_POINT('',(2.310769477678,4.295095839687));
#2858 = CARTESIAN_POINT('',(2.318710005404,4.400861357596));
#2859 = CARTESIAN_POINT('',(2.327380344725,4.485203206959));
#2860 = CARTESIAN_POINT('',(2.336637128067,4.544285471028));
#2861 = CARTESIAN_POINT('',(2.346307818626,4.575));
#2862 = CARTESIAN_POINT('',(2.356194490192,4.575));
#2863 = ( GEOMETRIC_REPRESENTATION_CONTEXT(2) 
PARAMETRIC_REPRESENTATION_CONTEXT() REPRESENTATION_CONTEXT('2D SPACE',''
  ) );
#2864 = PCURVE('',#2865,#2870);
#2865 = CYLINDRICAL_SURFACE('',#2866,2.);
#2866 = AXIS2_PLACEMENT_3D('',#2867,#2868,#2869);
#2867 = CARTESIAN_POINT('',(-16.58165401882,16.581654018825,12.575));
#2868 = DIRECTION('',(0.707106781187,-0.707106781187,2.22044604925E-16)
  );
#2869 = DIRECTION('',(-1.570092458684E-16,1.570092458684E-16,1.));
#2870 = DEFINITIONAL_REPRESENTATION('',(#2871),#2930);
#2871 = B_SPLINE_CURVE_WITH_KNOTS('',8,(#2872,#2873,#2874,#2875,#2876,
    #2877,#2878,#2879,#2880,#2881,#2882,#2883,#2884,#2885,#2886,#2887,
    #2888,#2889,#2890,#2891,#2892,#2893,#2894,#2895,#2896,#2897,#2898,
    #2899,#2900,#2901,#2902,#2903,#2904,#2905,#2906,#2907,#2908,#2909,
    #2910,#2911,#2912,#2913,#2914,#2915,#2916,#2917,#2918,#2919,#2920,
    #2921,#2922,#2923,#2924,#2925,#2926,#2927,#2928,#2929),
  .UNSPECIFIED.,.F.,.F.,(9,7,7,7,7,7,7,7,9),(0.,0.137068167777,
    0.278998212977,0.448957082813,0.595103743847,0.689666399279,
    0.793754320293,0.89869394166,1.),.UNSPECIFIED.);
#2872 = CARTESIAN_POINT('',(0.,3.552713678801E-15));
#2873 = CARTESIAN_POINT('',(0.115973311394,3.552713678801E-15));
#2874 = CARTESIAN_POINT('',(0.229376262204,2.621984177577E-03));
#2875 = CARTESIAN_POINT('',(0.340257399563,7.662376010301E-03));
#2876 = CARTESIAN_POINT('',(0.448526944763,1.463150551962E-02));
#2877 = CARTESIAN_POINT('',(0.553967064957,2.283939643074E-02));
#2878 = CARTESIAN_POINT('',(0.656199279593,3.154425251434E-02));
#2879 = CARTESIAN_POINT('',(0.754609351984,4.009982304254E-02));
#2880 = CARTESIAN_POINT('',(0.945171453402,5.625739657719E-02));
#2881 = CARTESIAN_POINT('',(1.039154028666,6.399933503351E-02));
#2882 = CARTESIAN_POINT('',(1.130794403041,7.086882570592E-02));
#2883 = CARTESIAN_POINT('',(1.220599202793,7.65914500747E-02));
#2884 = CARTESIAN_POINT('',(1.309040232039,8.098975449079E-02));
#2885 = CARTESIAN_POINT('',(1.396575319618,8.395798272641E-02));
#2886 = CARTESIAN_POINT('',(1.483660137376,8.544350945219E-02));
#2887 = CARTESIAN_POINT('',(1.675140465166,8.544350945219E-02));
#2888 = CARTESIAN_POINT('',(1.779467013929,8.331338284729E-02));
#2889 = CARTESIAN_POINT('',(1.884608824803,7.905365234184E-02));
#2890 = CARTESIAN_POINT('',(1.991324626234,7.277125956E-02));
#2891 = CARTESIAN_POINT('',(2.100381368546,6.468514916898E-02));
#2892 = CARTESIAN_POINT('',(2.212588757668,5.518100701949E-02));
#2893 = CARTESIAN_POINT('',(2.328868686106,4.487906573475E-02));
#2894 = CARTESIAN_POINT('',(2.554982699752,2.590781936295E-02));
#2895 = CARTESIAN_POINT('',(2.667003850551,1.691263930102E-02));
#2896 = CARTESIAN_POINT('',(2.783861703877,8.600107220107E-03));
#2897 = CARTESIAN_POINT('',(2.903883209901,2.059873452303E-03));
#2898 = CARTESIAN_POINT('',(3.025860099898,-1.705536101794E-03));
#2899 = CARTESIAN_POINT('',(3.148746467137,-2.240526739124E-03));
#2900 = CARTESIAN_POINT('',(3.271534624105,2.867869094916E-04));
#2901 = CARTESIAN_POINT('',(3.471461235574,8.503166595081E-03));
#2902 = CARTESIAN_POINT('',(3.550003158685,1.278549476294E-02));
#2903 = CARTESIAN_POINT('',(3.628540013041,1.800160395226E-02));
#2904 = CARTESIAN_POINT('',(3.707075864766,2.397478056421E-02));
#2905 = CARTESIAN_POINT('',(3.785615485,3.048369314388E-02));
#2906 = CARTESIAN_POINT('',(3.864159316692,3.727762780441E-02));
#2907 = CARTESIAN_POINT('',(3.942702591472,4.409560570359E-02));
#2908 = CARTESIAN_POINT('',(4.107685508017,5.794734844591E-02));
#2909 = CARTESIAN_POINT('',(4.194085720716,6.493024125216E-02));
#2910 = CARTESIAN_POINT('',(4.280454173949,7.130959477703E-02));
#2911 = CARTESIAN_POINT('',(4.366808875537,7.677331908148E-02));
#2912 = CARTESIAN_POINT('',(4.453168288819,8.105969970399E-02));
#2913 = CARTESIAN_POINT('',(4.539547919219,8.398197754759E-02));
#2914 = CARTESIAN_POINT('',(4.625956100457,8.544350945219E-02));
#2915 = CARTESIAN_POINT('',(4.799529098131,8.544350945219E-02));
#2916 = CARTESIAN_POINT('',(4.886613660636,8.395785295999E-02));
#2917 = CARTESIAN_POINT('',(4.974147003911,8.098959547245E-02));
#2918 = CARTESIAN_POINT('',(5.062586255064,7.659140488033E-02));
#2919 = CARTESIAN_POINT('',(5.152390097683,7.086889220793E-02));
#2920 = CARTESIAN_POINT('',(5.244030652746,6.39993879209E-02));
#2921 = CARTESIAN_POINT('',(5.338014053249,5.625737966416E-02));
#2922 = CARTESIAN_POINT('',(5.52853991137,4.010287916313E-02));
#2923 = CARTESIAN_POINT('',(5.626955716192,3.154698796649E-02));
#2924 = CARTESIAN_POINT('',(5.729214207576,2.283941310424E-02));
#2925 = CARTESIAN_POINT('',(5.83468649361,1.462852963404E-02));
#2926 = CARTESIAN_POINT('',(5.942982808464,7.658393995338E-03));
#2927 = CARTESIAN_POINT('',(6.053875344632,2.619630933765E-03));
#2928 = CARTESIAN_POINT('',(6.16726408306,3.552713678801E-15));
#2929 = CARTESIAN_POINT('',(6.28318530718,3.552713678801E-15));
#2930 = ( GEOMETRIC_REPRESENTATION_CONTEXT(2) 
PARAMETRIC_REPRESENTATION_CONTEXT() REPRESENTATION_CONTEXT('2D SPACE',''
  ) );
#2931 = ORIENTED_EDGE('',*,*,#2932,.T.);
#2932 = EDGE_CURVE('',#2740,#2738,#2933,.T.);
#2933 = SURFACE_CURVE('',#2934,(#2993,#3055),.PCURVE_S1.);
#2934 = B_SPLINE_CURVE_WITH_KNOTS('',8,(#2935,#2936,#2937,#2938,#2939,
    #2940,#2941,#2942,#2943,#2944,#2945,#2946,#2947,#2948,#2949,#2950,
    #2951,#2952,#2953,#2954,#2955,#2956,#2957,#2958,#2959,#2960,#2961,
    #2962,#2963,#2964,#2965,#2966,#2967,#2968,#2969,#2970,#2971,#2972,
    #2973,#2974,#2975,#2976,#2977,#2978,#2979,#2980,#2981,#2982,#2983,
    #2984,#2985,#2986,#2987,#2988,#2989,#2990,#2991,#2992),
  .UNSPECIFIED.,.T.,.F.,(9,7,7,7,7,7,7,7,9),(0.,0.137068167777,
    0.278998212977,0.448957082813,0.595103743847,0.689666399279,
    0.793754320293,0.89869394166,1.),.UNSPECIFIED.);
#2935 = CARTESIAN_POINT('',(-16.58165401882,16.581654018825,14.575));
#2936 = CARTESIAN_POINT('',(-16.74566504867,16.417642988978,14.575));
#2937 = CARTESIAN_POINT('',(-16.90418712218,16.255412869877,
    14.544257858444));
#2938 = CARTESIAN_POINT('',(-17.05407095403,16.098400847539,
    14.485156597372));
#2939 = CARTESIAN_POINT('',(-17.19280075502,15.949815209076,
    14.40082163344));
#2940 = CARTESIAN_POINT('',(-17.3185031604,15.812505093061,
    14.295088899443));
#2941 = CARTESIAN_POINT('',(-17.42994617534,15.688751552587,
    14.17246406812));
#2942 = CARTESIAN_POINT('',(-17.52655897465,15.580039349397,
    14.0380755242));
#2943 = CARTESIAN_POINT('',(-17.69335442213,15.390393642293,
    13.752190040748));
#2944 = CARTESIAN_POINT('',(-17.76438274023,15.308416569828,
    13.596990530208));
#2945 = CARTESIAN_POINT('',(-17.82236228655,15.240722096628,
    13.434697436692));
#2946 = CARTESIAN_POINT('',(-17.86798474964,15.187006620545,
    13.267339293921));
#2947 = CARTESIAN_POINT('',(-17.90180871196,15.146962516467,
    13.096495286011));
#2948 = CARTESIAN_POINT('',(-17.92422885618,15.120344663623,
    12.923442238467));
#2949 = CARTESIAN_POINT('',(-17.93544989625,15.107022771509,
    12.749272378838));
#2950 = CARTESIAN_POINT('',(-17.93544989625,15.107022771509,
    12.366311723258));
#2951 = CARTESIAN_POINT('',(-17.91935874115,15.12612638055,
    12.15765767079));
#2952 = CARTESIAN_POINT('',(-17.88718754917,15.164321741173,
    11.950839918867));
#2953 = CARTESIAN_POINT('',(-17.83849114548,15.221902789941,
    11.747785522471));
#2954 = CARTESIAN_POINT('',(-17.77247811885,15.299351303552,
    11.550885518974));
#2955 = CARTESIAN_POINT('',(-17.68804299105,15.397227318081,
    11.363229794695));
#2956 = CARTESIAN_POINT('',(-17.58384849912,15.515990955094,
    11.188961351981));
#2957 = CARTESIAN_POINT('',(-17.35087347599,15.775795372142,
    10.900700358549));
#2958 = CARTESIAN_POINT('',(-17.22390929944,15.915480654333,
    10.77713750862));
#2959 = CARTESIAN_POINT('',(-17.07900637023,16.072139279145,
    10.673697599975));
#2960 = CARTESIAN_POINT('',(-16.91902749453,16.241367442141,
    10.598188756485));
#2961 = CARTESIAN_POINT('',(-16.74822685732,16.417493172612,
    10.555800483734));
#2962 = CARTESIAN_POINT('',(-16.57192477737,16.594551843571,
    10.549007639321));
#2963 = CARTESIAN_POINT('',(-16.39602238693,16.766880072779,
    10.577459014107));
#2964 = CARTESIAN_POINT('',(-16.11635636698,17.034926377142,
    10.676898467002));
#2965 = CARTESIAN_POINT('',(-16.00822239782,17.137004219725,
    10.729621111675));
#2966 = CARTESIAN_POINT('',(-15.90292584062,17.234924084569,
    10.795629471288));
#2967 = CARTESIAN_POINT('',(-15.8015638189,17.327838758911,
    10.874377712558));
#2968 = CARTESIAN_POINT('',(-15.70521257985,17.414985005518,
    10.965151072982));
#2969 = CARTESIAN_POINT('',(-15.61490514225,17.495684368579,
    11.067074612973));
#2970 = CARTESIAN_POINT('',(-15.53160000766,17.569347426357,
    11.179125956539));
#2971 = CARTESIAN_POINT('',(-15.37308089392,17.708277217652,
    11.433369000598));
#2972 = CARTESIAN_POINT('',(-15.29956383843,17.771918971432,
    11.577402290102));
#2973 = CARTESIAN_POINT('',(-15.23667888379,17.825782157797,
    11.730736215986));
#2974 = CARTESIAN_POINT('',(-15.18535598459,17.869378183978,
    11.891706517988));
#2975 = CARTESIAN_POINT('',(-15.1463336027,17.902338708258,
    12.058526977579));
#2976 = CARTESIAN_POINT('',(-15.1201306594,17.924408926605,
    12.229317584395));
#2977 = CARTESIAN_POINT('',(-15.1070227715,17.935449896256,
    12.402134240146));
#2978 = CARTESIAN_POINT('',(-15.1070227715,17.935449896256,
    12.749280235494));
#2979 = CARTESIAN_POINT('',(-15.12034583985,17.924227863467,
    12.923449606366));
#2980 = CARTESIAN_POINT('',(-15.14696392118,17.901807532137,
    13.096498856973));
#2981 = CARTESIAN_POINT('',(-15.18700713733,17.867984296776,
    13.267339277015));
#2982 = CARTESIAN_POINT('',(-15.24072156575,17.822362723385,
    13.434695911965));
#2983 = CARTESIAN_POINT('',(-15.30841590603,17.764383329235,
    13.596989627305));
#2984 = CARTESIAN_POINT('',(-15.3903938408,17.693354247539,
    13.752190340001));
#2985 = CARTESIAN_POINT('',(-15.5800034789,17.526590523144,
    14.038021450455));
#2986 = CARTESIAN_POINT('',(-15.68871306794,17.429980791466,
    14.172428795167));
#2987 = CARTESIAN_POINT('',(-15.81249404551,17.318514184365,
    14.295095839687));
#2988 = CARTESIAN_POINT('',(-15.94984870044,17.192771472202,
    14.400861357596));
#2989 = CARTESIAN_POINT('',(-16.09847682469,17.054000608299,
    14.485203206959));
#2990 = CARTESIAN_POINT('',(-16.25550828305,16.904095037002,
    14.544285471028));
#2991 = CARTESIAN_POINT('',(-16.4177166515,16.745591386141,14.575));
#2992 = CARTESIAN_POINT('',(-16.58165401882,16.581654018825,14.575));
#2993 = PCURVE('',#1345,#2994);
#2994 = DEFINITIONAL_REPRESENTATION('',(#2995),#3054);
#2995 = B_SPLINE_CURVE_WITH_KNOTS('',8,(#2996,#2997,#2998,#2999,#3000,
    #3001,#3002,#3003,#3004,#3005,#3006,#3007,#3008,#3009,#3010,#3011,
    #3012,#3013,#3014,#3015,#3016,#3017,#3018,#3019,#3020,#3021,#3022,
    #3023,#3024,#3025,#3026,#3027,#3028,#3029,#3030,#3031,#3032,#3033,
    #3034,#3035,#3036,#3037,#3038,#3039,#3040,#3041,#3042,#3043,#3044,
    #3045,#3046,#3047,#3048,#3049,#3050,#3051,#3052,#3053),
  .UNSPECIFIED.,.T.,.F.,(9,7,7,7,7,7,7,7,9),(0.,0.137068167777,
    0.278998212977,0.448957082813,0.595103743847,0.689666399279,
    0.793754320293,0.89869394166,1.),.UNSPECIFIED.);
#2996 = CARTESIAN_POINT('',(2.356194490192,4.575));
#2997 = CARTESIAN_POINT('',(2.36608560417,4.575));
#2998 = CARTESIAN_POINT('',(2.375757506071,4.544257858444));
#2999 = CARTESIAN_POINT('',(2.385013049991,4.485156597372));
#3000 = CARTESIAN_POINT('',(2.393680871285,4.40082163344));
#3001 = CARTESIAN_POINT('',(2.401618838385,4.295088899443));
#3002 = CARTESIAN_POINT('',(2.408720362838,4.17246406812));
#3003 = CARTESIAN_POINT('',(2.414922349493,4.0380755242));
#3004 = CARTESIAN_POINT('',(2.425692470205,3.752190040748));
#3005 = CARTESIAN_POINT('',(2.430317835328,3.596990530208));
#3006 = CARTESIAN_POINT('',(2.434118613984,3.434697436692));
#3007 = CARTESIAN_POINT('',(2.437123931235,3.267339293921));
#3008 = CARTESIAN_POINT('',(2.439359214665,3.096495286011));
#3009 = CARTESIAN_POINT('',(2.440843305021,2.923442238467));
#3010 = CARTESIAN_POINT('',(2.441586074136,2.749272378838));
#3011 = CARTESIAN_POINT('',(2.441586074136,2.366311723258));
#3012 = CARTESIAN_POINT('',(2.440520937548,2.15765767079));
#3013 = CARTESIAN_POINT('',(2.438391356343,1.950839918867));
#3014 = CARTESIAN_POINT('',(2.435175515456,1.747785522471));
#3015 = CARTESIAN_POINT('',(2.430835952653,1.550885518974));
#3016 = CARTESIAN_POINT('',(2.425323892387,1.363229794695));
#3017 = CARTESIAN_POINT('',(2.418586915207,1.188961351981));
#3018 = CARTESIAN_POINT('',(2.403705731979,0.900700358549));
#3019 = CARTESIAN_POINT('',(2.395656273466,0.77713750862));
#3020 = CARTESIAN_POINT('',(2.386556719605,0.673697599975));
#3021 = CARTESIAN_POINT('',(2.376627207356,0.598188756485));
#3022 = CARTESIAN_POINT('',(2.366166622113,0.555800483734));
#3023 = CARTESIAN_POINT('',(2.355512786208,0.549007639321));
#3024 = CARTESIAN_POINT('',(2.34501238466,0.577459014107));
#3025 = CARTESIAN_POINT('',(2.328493056554,0.676898467002));
#3026 = CARTESIAN_POINT('',(2.322151922639,0.729621111675));
#3027 = CARTESIAN_POINT('',(2.316020418377,0.795629471288));
#3028 = CARTESIAN_POINT('',(2.310156981383,0.874377712558));
#3029 = CARTESIAN_POINT('',(2.304617087528,0.965151072982));
#3030 = CARTESIAN_POINT('',(2.299452569144,1.067074612973));
#3031 = CARTESIAN_POINT('',(2.29471050528,1.179125956539));
#3032 = CARTESIAN_POINT('',(2.28572185851,1.433369000598));
#3033 = CARTESIAN_POINT('',(2.281575371602,1.577402290102));
#3034 = CARTESIAN_POINT('',(2.278044538716,1.730736215986));
#3035 = CARTESIAN_POINT('',(2.275172932974,1.891706517988));
#3036 = CARTESIAN_POINT('',(2.27299469523,2.058526977579));
#3037 = CARTESIAN_POINT('',(2.271533746988,2.229317584395));
#3038 = CARTESIAN_POINT('',(2.270802906248,2.402134240146));
#3039 = CARTESIAN_POINT('',(2.270802906248,2.749280235494));
#3040 = CARTESIAN_POINT('',(2.271545740995,2.923449606366));
#3041 = CARTESIAN_POINT('',(2.273029843952,3.096498856973));
#3042 = CARTESIAN_POINT('',(2.275265078452,3.267339277015));
#3043 = CARTESIAN_POINT('',(2.278270337083,3.434695911965));
#3044 = CARTESIAN_POINT('',(2.282071107221,3.596989627305));
#3045 = CARTESIAN_POINT('',(2.286696521453,3.752190340001));
#3046 = CARTESIAN_POINT('',(2.29746459378,4.038021450455));
#3047 = CARTESIAN_POINT('',(2.303666410279,4.172428795167));
#3048 = CARTESIAN_POINT('',(2.310769477678,4.295095839687));
#3049 = CARTESIAN_POINT('',(2.318710005404,4.400861357596));
#3050 = CARTESIAN_POINT('',(2.327380344725,4.485203206959));
#3051 = CARTESIAN_POINT('',(2.336637128067,4.544285471028));
#3052 = CARTESIAN_POINT('',(2.346307818626,4.575));
#3053 = CARTESIAN_POINT('',(2.356194490192,4.575));
#3054 = ( GEOMETRIC_REPRESENTATION_CONTEXT(2) 
PARAMETRIC_REPRESENTATION_CONTEXT() REPRESENTATION_CONTEXT('2D SPACE',''
  ) );
#3055 = PCURVE('',#3056,#3061);
#3056 = CYLINDRICAL_SURFACE('',#3057,2.);
#3057 = AXIS2_PLACEMENT_3D('',#3058,#3059,#3060);
#3058 = CARTESIAN_POINT('',(-16.58165401882,16.581654018825,12.575));
#3059 = DIRECTION('',(0.707106781187,-0.707106781187,2.22044604925E-16)
  );
#3060 = DIRECTION('',(-1.570092458684E-16,1.570092458684E-16,1.));
#3061 = DEFINITIONAL_REPRESENTATION('',(#3062),#3121);
#3062 = B_SPLINE_CURVE_WITH_KNOTS('',8,(#3063,#3064,#3065,#3066,#3067,
    #3068,#3069,#3070,#3071,#3072,#3073,#3074,#3075,#3076,#3077,#3078,
    #3079,#3080,#3081,#3082,#3083,#3084,#3085,#3086,#3087,#3088,#3089,
    #3090,#3091,#3092,#3093,#3094,#3095,#3096,#3097,#3098,#3099,#3100,
    #3101,#3102,#3103,#3104,#3105,#3106,#3107,#3108,#3109,#3110,#3111,
    #3112,#3113,#3114,#3115,#3116,#3117,#3118,#3119,#3120),
  .UNSPECIFIED.,.F.,.F.,(9,7,7,7,7,7,7,7,9),(0.,0.137068167777,
    0.278998212977,0.448957082813,0.595103743847,0.689666399279,
    0.793754320293,0.89869394166,1.),.UNSPECIFIED.);
#3063 = CARTESIAN_POINT('',(0.,3.552713678801E-15));
#3064 = CARTESIAN_POINT('',(0.115973311394,3.552713678801E-15));
#3065 = CARTESIAN_POINT('',(0.229376262204,2.621984177577E-03));
#3066 = CARTESIAN_POINT('',(0.340257399563,7.662376010301E-03));
#3067 = CARTESIAN_POINT('',(0.448526944763,1.463150551962E-02));
#3068 = CARTESIAN_POINT('',(0.553967064957,2.283939643074E-02));
#3069 = CARTESIAN_POINT('',(0.656199279593,3.154425251434E-02));
#3070 = CARTESIAN_POINT('',(0.754609351984,4.009982304254E-02));
#3071 = CARTESIAN_POINT('',(0.945171453402,5.625739657719E-02));
#3072 = CARTESIAN_POINT('',(1.039154028666,6.399933503351E-02));
#3073 = CARTESIAN_POINT('',(1.130794403041,7.086882570592E-02));
#3074 = CARTESIAN_POINT('',(1.220599202793,7.65914500747E-02));
#3075 = CARTESIAN_POINT('',(1.309040232039,8.098975449079E-02));
#3076 = CARTESIAN_POINT('',(1.396575319618,8.395798272641E-02));
#3077 = CARTESIAN_POINT('',(1.483660137376,8.544350945219E-02));
#3078 = CARTESIAN_POINT('',(1.675140465166,8.544350945219E-02));
#3079 = CARTESIAN_POINT('',(1.779467013929,8.331338284729E-02));
#3080 = CARTESIAN_POINT('',(1.884608824803,7.905365234184E-02));
#3081 = CARTESIAN_POINT('',(1.991324626234,7.277125956E-02));
#3082 = CARTESIAN_POINT('',(2.100381368546,6.468514916898E-02));
#3083 = CARTESIAN_POINT('',(2.212588757668,5.518100701949E-02));
#3084 = CARTESIAN_POINT('',(2.328868686106,4.487906573475E-02));
#3085 = CARTESIAN_POINT('',(2.554982699752,2.590781936295E-02));
#3086 = CARTESIAN_POINT('',(2.667003850551,1.691263930102E-02));
#3087 = CARTESIAN_POINT('',(2.783861703877,8.600107220107E-03));
#3088 = CARTESIAN_POINT('',(2.903883209901,2.059873452303E-03));
#3089 = CARTESIAN_POINT('',(3.025860099898,-1.705536101794E-03));
#3090 = CARTESIAN_POINT('',(3.148746467137,-2.240526739124E-03));
#3091 = CARTESIAN_POINT('',(3.271534624105,2.867869094916E-04));
#3092 = CARTESIAN_POINT('',(3.471461235574,8.503166595081E-03));
#3093 = CARTESIAN_POINT('',(3.550003158685,1.278549476294E-02));
#3094 = CARTESIAN_POINT('',(3.628540013041,1.800160395226E-02));
#3095 = CARTESIAN_POINT('',(3.707075864766,2.397478056421E-02));
#3096 = CARTESIAN_POINT('',(3.785615485,3.048369314388E-02));
#3097 = CARTESIAN_POINT('',(3.864159316692,3.727762780441E-02));
#3098 = CARTESIAN_POINT('',(3.942702591472,4.409560570359E-02));
#3099 = CARTESIAN_POINT('',(4.107685508017,5.794734844591E-02));
#3100 = CARTESIAN_POINT('',(4.194085720716,6.493024125216E-02));
#3101 = CARTESIAN_POINT('',(4.280454173949,7.130959477703E-02));
#3102 = CARTESIAN_POINT('',(4.366808875537,7.677331908148E-02));
#3103 = CARTESIAN_POINT('',(4.453168288819,8.105969970399E-02));
#3104 = CARTESIAN_POINT('',(4.539547919219,8.398197754759E-02));
#3105 = CARTESIAN_POINT('',(4.625956100457,8.544350945219E-02));
#3106 = CARTESIAN_POINT('',(4.799529098131,8.544350945219E-02));
#3107 = CARTESIAN_POINT('',(4.886613660636,8.395785295999E-02));
#3108 = CARTESIAN_POINT('',(4.974147003911,8.098959547245E-02));
#3109 = CARTESIAN_POINT('',(5.062586255064,7.659140488033E-02));
#3110 = CARTESIAN_POINT('',(5.152390097683,7.086889220793E-02));
#3111 = CARTESIAN_POINT('',(5.244030652746,6.39993879209E-02));
#3112 = CARTESIAN_POINT('',(5.338014053249,5.625737966416E-02));
#3113 = CARTESIAN_POINT('',(5.52853991137,4.010287916313E-02));
#3114 = CARTESIAN_POINT('',(5.626955716192,3.154698796649E-02));
#3115 = CARTESIAN_POINT('',(5.729214207576,2.283941310424E-02));
#3116 = CARTESIAN_POINT('',(5.83468649361,1.462852963404E-02));
#3117 = CARTESIAN_POINT('',(5.942982808464,7.658393995338E-03));
#3118 = CARTESIAN_POINT('',(6.053875344632,2.619630933765E-03));
#3119 = CARTESIAN_POINT('',(6.16726408306,3.552713678801E-15));
#3120 = CARTESIAN_POINT('',(6.28318530718,3.552713678801E-15));
#3121 = ( GEOMETRIC_REPRESENTATION_CONTEXT(2) 
PARAMETRIC_REPRESENTATION_CONTEXT() REPRESENTATION_CONTEXT('2D SPACE',''
  ) );
#3122 = ADVANCED_FACE('',(#3123,#3131),#1648,.F.);
#3123 = FACE_BOUND('',#3124,.F.);
#3124 = EDGE_LOOP('',(#3125,#3126,#3127,#3128,#3129,#3130));
#3125 = ORIENTED_EDGE('',*,*,#2081,.T.);
#3126 = ORIENTED_EDGE('',*,*,#2158,.F.);
#3127 = ORIENTED_EDGE('',*,*,#2210,.T.);
#3128 = ORIENTED_EDGE('',*,*,#2301,.T.);
#3129 = ORIENTED_EDGE('',*,*,#2255,.T.);
#3130 = ORIENTED_EDGE('',*,*,#1633,.F.);
#3131 = FACE_BOUND('',#3132,.F.);
#3132 = EDGE_LOOP('',(#3133,#3328));
#3133 = ORIENTED_EDGE('',*,*,#3134,.T.);
#3134 = EDGE_CURVE('',#3135,#3137,#3139,.T.);
#3135 = VERTEX_POINT('',#3136);
#3136 = CARTESIAN_POINT('',(-6.069306253916,-22.65096072126,10.575));
#3137 = VERTEX_POINT('',#3138);
#3138 = CARTESIAN_POINT('',(-6.069306607654,-22.65096062647,14.575));
#3139 = SURFACE_CURVE('',#3140,(#3199,#3261),.PCURVE_S1.);
#3140 = B_SPLINE_CURVE_WITH_KNOTS('',8,(#3141,#3142,#3143,#3144,#3145,
    #3146,#3147,#3148,#3149,#3150,#3151,#3152,#3153,#3154,#3155,#3156,
    #3157,#3158,#3159,#3160,#3161,#3162,#3163,#3164,#3165,#3166,#3167,
    #3168,#3169,#3170,#3171,#3172,#3173,#3174,#3175,#3176,#3177,#3178,
    #3179,#3180,#3181,#3182,#3183,#3184,#3185,#3186,#3187,#3188,#3189,
    #3190,#3191,#3192,#3193,#3194,#3195,#3196,#3197,#3198),
  .UNSPECIFIED.,.T.,.F.,(9,7,7,7,7,7,7,7,9),(0.,0.137068175545,
    0.278998224265,0.448957093557,0.595103754123,0.689666409253,
    0.793754329921,0.898693947949,1.),.UNSPECIFIED.);
#3141 = CARTESIAN_POINT('',(-6.069306607654,-22.65096062647,14.575));
#3142 = CARTESIAN_POINT('',(-5.845263374383,-22.7109928299,14.575));
#3143 = CARTESIAN_POINT('',(-5.625506933224,-22.76716191307,
    14.544257858444));
#3144 = CARTESIAN_POINT('',(-5.414588617255,-22.8184591079,
    14.485156597372));
#3145 = CARTESIAN_POINT('',(-5.216544779212,-22.86430982059,
    14.40082163344));
#3146 = CARTESIAN_POINT('',(-5.034779527861,-22.90451623895,
    14.295088899443));
#3147 = CARTESIAN_POINT('',(-4.871884310532,-22.93915195073,
    14.17246406812));
#3148 = CARTESIAN_POINT('',(-4.72943038121,-22.96846498767,14.0380755242
    ));
#3149 = CARTESIAN_POINT('',(-4.481794661418,-23.01809122807,
    13.752190045386));
#3150 = CARTESIAN_POINT('',(-4.375286263369,-23.03861502204,
    13.59699052289));
#3151 = CARTESIAN_POINT('',(-4.28767136796,-23.05497954321,
    13.434697435302));
#3152 = CARTESIAN_POINT('',(-4.21834116912,-23.06763201728,
    13.267339301549));
#3153 = CARTESIAN_POINT('',(-4.16674996988,-23.0769023772,
    13.096495287493));
#3154 = CARTESIAN_POINT('',(-4.132488165605,-23.0830098643,
    12.92344222962));
#3155 = CARTESIAN_POINT('',(-4.115340547549,-23.08606662421,
    12.749272383716));
#3156 = CARTESIAN_POINT('',(-4.115340547549,-23.08606662421,
    12.366311723258));
#3157 = CARTESIAN_POINT('',(-4.139930335835,-23.08168307963,
    12.15765767079));
#3158 = CARTESIAN_POINT('',(-4.189094084428,-23.07291969043,
    11.950839918867));
#3159 = CARTESIAN_POINT('',(-4.263308937282,-23.05953789214,
    11.747785522471));
#3160 = CARTESIAN_POINT('',(-4.363387830869,-23.04109319091,
    11.550885518974));
#3161 = CARTESIAN_POINT('',(-4.490368509774,-23.01690823252,
    11.363229794695));
#3162 = CARTESIAN_POINT('',(-4.645318082438,-22.98605497408,
    11.188961351981));
#3163 = CARTESIAN_POINT('',(-4.986802819184,-22.91419489413,
    10.900700358549));
#3164 = CARTESIAN_POINT('',(-5.171255910373,-22.87408333296,
    10.77713750862));
#3165 = CARTESIAN_POINT('',(-5.379377723782,-22.82692302759,
    10.673697599975));
#3166 = CARTESIAN_POINT('',(-5.605923049826,-22.77299133866,
    10.598188756485));
#3167 = CARTESIAN_POINT('',(-5.843852725277,-22.71313651309,
    10.555800483733));
#3168 = CARTESIAN_POINT('',(-6.085341072262,-22.6489837686,
    10.549007639321));
#3169 = CARTESIAN_POINT('',(-6.322532891767,-22.58281194449,
    10.577459014107));
#3170 = CARTESIAN_POINT('',(-6.69450081071,-22.47463721882,
    10.676898467002));
#3171 = CARTESIAN_POINT('',(-6.836969800129,-22.43202937581,
    10.729621111675));
#3172 = CARTESIAN_POINT('',(-6.97441916922,-22.38979981476,
    10.795629471288));
#3173 = CARTESIAN_POINT('',(-7.105566648443,-22.34847506615,
    10.874377712558));
#3174 = CARTESIAN_POINT('',(-7.229213131376,-22.30860556874,
    10.965151072982));
#3175 = CARTESIAN_POINT('',(-7.344254548655,-22.27074671516,
    11.067074612973));
#3176 = CARTESIAN_POINT('',(-7.449701195308,-22.23543388123,
    11.179125956539));
#3177 = CARTESIAN_POINT('',(-7.64927748077,-22.16761719739,
    11.433369000582));
#3178 = CARTESIAN_POINT('',(-7.741151384053,-22.13577043661,
    11.577402290108));
#3179 = CARTESIAN_POINT('',(-7.81924074909,-22.10824206156,
    11.730736216002));
#3180 = CARTESIAN_POINT('',(-7.882657464852,-22.08559314016,
    11.891706517989));
#3181 = CARTESIAN_POINT('',(-7.930713307146,-22.06827902827,
    12.058526977562));
#3182 = CARTESIAN_POINT('',(-7.962928148563,-22.05662172288,
    12.229317584384));
#3183 = CARTESIAN_POINT('',(-7.979043852706,-22.0507904438,
    12.402134240167));
#3184 = CARTESIAN_POINT('',(-7.979043852706,-22.0507904438,
    12.749280230506));
#3185 = CARTESIAN_POINT('',(-7.962663754085,-22.05671754272,
    12.923449615425));
#3186 = CARTESIAN_POINT('',(-7.929938132342,-22.06855931321,
    13.096498855867));
#3187 = CARTESIAN_POINT('',(-7.880624749639,-22.08632613578,
    13.267339269434));
#3188 = CARTESIAN_POINT('',(-7.814258094562,-22.11003340845,
    13.434695913043));
#3189 = CARTESIAN_POINT('',(-7.730199285443,-22.13966873338,
    13.596989634458));
#3190 = CARTESIAN_POINT('',(-7.627697339808,-22.17514916291,
    13.752190335599));
#3191 = CARTESIAN_POINT('',(-7.388470895318,-22.25597406535,
    14.038021450456));
#3192 = CARTESIAN_POINT('',(-7.250449618909,-22.30181446526,
    14.172428795168));
#3193 = CARTESIAN_POINT('',(-7.092026216704,-22.35327863278,
    14.295095839686));
#3194 = CARTESIAN_POINT('',(-6.914452506168,-22.4093598972,
    14.400861357595));
#3195 = CARTESIAN_POINT('',(-6.719959350594,-22.46869019657,
    14.485203206959));
#3196 = CARTESIAN_POINT('',(-6.511621588504,-22.52973064305,
    14.544285471028));
#3197 = CARTESIAN_POINT('',(-6.293249216037,-22.59095538541,14.575));
#3198 = CARTESIAN_POINT('',(-6.069306607654,-22.65096062647,14.575));
#3199 = PCURVE('',#1648,#3200);
#3200 = DEFINITIONAL_REPRESENTATION('',(#3201),#3260);
#3201 = B_SPLINE_CURVE_WITH_KNOTS('',8,(#3202,#3203,#3204,#3205,#3206,
    #3207,#3208,#3209,#3210,#3211,#3212,#3213,#3214,#3215,#3216,#3217,
    #3218,#3219,#3220,#3221,#3222,#3223,#3224,#3225,#3226,#3227,#3228,
    #3229,#3230,#3231,#3232,#3233,#3234,#3235,#3236,#3237,#3238,#3239,
    #3240,#3241,#3242,#3243,#3244,#3245,#3246,#3247,#3248,#3249,#3250,
    #3251,#3252,#3253,#3254,#3255,#3256,#3257,#3258,#3259),
  .UNSPECIFIED.,.T.,.F.,(9,7,7,7,7,7,7,7,9),(0.,0.137068175545,
    0.278998224265,0.448957093557,0.595103754123,0.689666409253,
    0.793754329921,0.898693947949,1.),.UNSPECIFIED.);
#3202 = CARTESIAN_POINT('',(4.450589592586,4.575));
#3203 = CARTESIAN_POINT('',(4.460480706564,4.575));
#3204 = CARTESIAN_POINT('',(4.470152608465,4.544257858444));
#3205 = CARTESIAN_POINT('',(4.479408152384,4.485156597372));
#3206 = CARTESIAN_POINT('',(4.488075973678,4.40082163344));
#3207 = CARTESIAN_POINT('',(4.496013940778,4.295088899443));
#3208 = CARTESIAN_POINT('',(4.503115465232,4.17246406812));
#3209 = CARTESIAN_POINT('',(4.509317451886,4.0380755242));
#3210 = CARTESIAN_POINT('',(4.520087572424,3.752190045386));
#3211 = CARTESIAN_POINT('',(4.524712938056,3.59699052289));
#3212 = CARTESIAN_POINT('',(4.528513716223,3.434697435302));
#3213 = CARTESIAN_POINT('',(4.531519033493,3.267339301549));
#3214 = CARTESIAN_POINT('',(4.533754317213,3.096495287493));
#3215 = CARTESIAN_POINT('',(4.53523840737,2.92344222962));
#3216 = CARTESIAN_POINT('',(4.535981176529,2.749272383716));
#3217 = CARTESIAN_POINT('',(4.535981176529,2.366311723258));
#3218 = CARTESIAN_POINT('',(4.534916039941,2.15765767079));
#3219 = CARTESIAN_POINT('',(4.532786458736,1.950839918867));
#3220 = CARTESIAN_POINT('',(4.529570617849,1.747785522471));
#3221 = CARTESIAN_POINT('',(4.525231055047,1.550885518974));
#3222 = CARTESIAN_POINT('',(4.51971899478,1.363229794695));
#3223 = CARTESIAN_POINT('',(4.512982017601,1.188961351981));
#3224 = CARTESIAN_POINT('',(4.498100834372,0.900700358549));
#3225 = CARTESIAN_POINT('',(4.490051375859,0.77713750862));
#3226 = CARTESIAN_POINT('',(4.480951821998,0.673697599975));
#3227 = CARTESIAN_POINT('',(4.471022309749,0.598188756485));
#3228 = CARTESIAN_POINT('',(4.460561724506,0.555800483733));
#3229 = CARTESIAN_POINT('',(4.449907888601,0.549007639321));
#3230 = CARTESIAN_POINT('',(4.439407487053,0.577459014107));
#3231 = CARTESIAN_POINT('',(4.422888158947,0.676898467002));
#3232 = CARTESIAN_POINT('',(4.416547025032,0.729621111675));
#3233 = CARTESIAN_POINT('',(4.410415520771,0.795629471288));
#3234 = CARTESIAN_POINT('',(4.404552083776,0.874377712558));
#3235 = CARTESIAN_POINT('',(4.399012189921,0.965151072982));
#3236 = CARTESIAN_POINT('',(4.393847671537,1.067074612973));
#3237 = CARTESIAN_POINT('',(4.389105607674,1.179125956539));
#3238 = CARTESIAN_POINT('',(4.380116960904,1.433369000582));
#3239 = CARTESIAN_POINT('',(4.375970473994,1.577402290108));
#3240 = CARTESIAN_POINT('',(4.372439641108,1.730736216002));
#3241 = CARTESIAN_POINT('',(4.369568035368,1.891706517989));
#3242 = CARTESIAN_POINT('',(4.367389797623,2.058526977562));
#3243 = CARTESIAN_POINT('',(4.365928849381,2.229317584384));
#3244 = CARTESIAN_POINT('',(4.365198008642,2.402134240167));
#3245 = CARTESIAN_POINT('',(4.365198008642,2.749280230506));
#3246 = CARTESIAN_POINT('',(4.365940843342,2.923449615425));
#3247 = CARTESIAN_POINT('',(4.367424946505,3.096498855867));
#3248 = CARTESIAN_POINT('',(4.369660180715,3.267339269434));
#3249 = CARTESIAN_POINT('',(4.372665439317,3.434695913043));
#3250 = CARTESIAN_POINT('',(4.376466209939,3.596989634458));
#3251 = CARTESIAN_POINT('',(4.381091623681,3.752190335599));
#3252 = CARTESIAN_POINT('',(4.391859696173,4.038021450456));
#3253 = CARTESIAN_POINT('',(4.398061512672,4.172428795168));
#3254 = CARTESIAN_POINT('',(4.405164580071,4.295095839686));
#3255 = CARTESIAN_POINT('',(4.413105107797,4.400861357595));
#3256 = CARTESIAN_POINT('',(4.421775447118,4.485203206959));
#3257 = CARTESIAN_POINT('',(4.43103223046,4.544285471028));
#3258 = CARTESIAN_POINT('',(4.440702921019,4.575));
#3259 = CARTESIAN_POINT('',(4.450589592586,4.575));
#3260 = ( GEOMETRIC_REPRESENTATION_CONTEXT(2) 
PARAMETRIC_REPRESENTATION_CONTEXT() REPRESENTATION_CONTEXT('2D SPACE',''
  ) );
#3261 = PCURVE('',#3262,#3267);
#3262 = CYLINDRICAL_SURFACE('',#3263,2.);
#3263 = AXIS2_PLACEMENT_3D('',#3264,#3265,#3266);
#3264 = CARTESIAN_POINT('',(-6.069306607654,-22.65096062647,12.575));
#3265 = DIRECTION('',(0.258819045103,0.965925826289,2.22044604925E-16));
#3266 = DIRECTION('',(-5.746937261686E-17,-2.144786184852E-16,1.));
#3267 = DEFINITIONAL_REPRESENTATION('',(#3268),#3327);
#3268 = B_SPLINE_CURVE_WITH_KNOTS('',8,(#3269,#3270,#3271,#3272,#3273,
    #3274,#3275,#3276,#3277,#3278,#3279,#3280,#3281,#3282,#3283,#3284,
    #3285,#3286,#3287,#3288,#3289,#3290,#3291,#3292,#3293,#3294,#3295,
    #3296,#3297,#3298,#3299,#3300,#3301,#3302,#3303,#3304,#3305,#3306,
    #3307,#3308,#3309,#3310,#3311,#3312,#3313,#3314,#3315,#3316,#3317,
    #3318,#3319,#3320,#3321,#3322,#3323,#3324,#3325,#3326),
  .UNSPECIFIED.,.F.,.F.,(9,7,7,7,7,7,7,7,9),(0.,0.137068175545,
    0.278998224265,0.448957093557,0.595103754123,0.689666409253,
    0.793754329921,0.898693947949,1.),.UNSPECIFIED.);
#3269 = CARTESIAN_POINT('',(0.,0.));
#3270 = CARTESIAN_POINT('',(0.115973311394,6.437812027559E-18));
#3271 = CARTESIAN_POINT('',(0.229376262204,2.621984177587E-03));
#3272 = CARTESIAN_POINT('',(0.340257399563,7.662376010265E-03));
#3273 = CARTESIAN_POINT('',(0.448526944763,1.463150551966E-02));
#3274 = CARTESIAN_POINT('',(0.553967064957,2.283939643078E-02));
#3275 = CARTESIAN_POINT('',(0.656199279593,3.154425251426E-02));
#3276 = CARTESIAN_POINT('',(0.754609351984,4.009982304256E-02));
#3277 = CARTESIAN_POINT('',(0.945171450311,5.625739631512E-02));
#3278 = CARTESIAN_POINT('',(1.039154033757,6.399933554322E-02));
#3279 = CARTESIAN_POINT('',(1.13079440305,7.086882547727E-02));
#3280 = CARTESIAN_POINT('',(1.220599198442,7.659144986237E-02));
#3281 = CARTESIAN_POINT('',(1.309040232015,8.098975471715E-02));
#3282 = CARTESIAN_POINT('',(1.396575323794,8.395798266806E-02));
#3283 = CARTESIAN_POINT('',(1.483660134937,8.544350945219E-02));
#3284 = CARTESIAN_POINT('',(1.675140465166,8.544350945219E-02));
#3285 = CARTESIAN_POINT('',(1.77946701393,8.331338284725E-02));
#3286 = CARTESIAN_POINT('',(1.884608824803,7.905365234188E-02));
#3287 = CARTESIAN_POINT('',(1.991324626234,7.277125955999E-02));
#3288 = CARTESIAN_POINT('',(2.100381368546,6.468514916894E-02));
#3289 = CARTESIAN_POINT('',(2.212588757668,5.518100701954E-02));
#3290 = CARTESIAN_POINT('',(2.328868686106,4.487906573475E-02));
#3291 = CARTESIAN_POINT('',(2.554982699752,2.590781936296E-02));
#3292 = CARTESIAN_POINT('',(2.667003850552,1.691263930103E-02));
#3293 = CARTESIAN_POINT('',(2.783861703876,8.60010722003E-03));
#3294 = CARTESIAN_POINT('',(2.903883209902,2.059873452471E-03));
#3295 = CARTESIAN_POINT('',(3.025860099897,-1.705536101959E-03));
#3296 = CARTESIAN_POINT('',(3.148746467138,-2.240526739065E-03));
#3297 = CARTESIAN_POINT('',(3.271534624105,2.867869094797E-04));
#3298 = CARTESIAN_POINT('',(3.471461235574,8.503166595074E-03));
#3299 = CARTESIAN_POINT('',(3.550003158685,1.278549476294E-02));
#3300 = CARTESIAN_POINT('',(3.628540013041,1.800160395228E-02));
#3301 = CARTESIAN_POINT('',(3.707075864766,2.397478056423E-02));
#3302 = CARTESIAN_POINT('',(3.785615485,3.048369314387E-02));
#3303 = CARTESIAN_POINT('',(3.864159316692,3.727762780439E-02));
#3304 = CARTESIAN_POINT('',(3.942702591472,4.40956057036E-02));
#3305 = CARTESIAN_POINT('',(4.107685508006,5.794734844502E-02));
#3306 = CARTESIAN_POINT('',(4.194085720721,6.493024125282E-02));
#3307 = CARTESIAN_POINT('',(4.280454173958,7.130959477749E-02));
#3308 = CARTESIAN_POINT('',(4.366808875537,7.677331908111E-02));
#3309 = CARTESIAN_POINT('',(4.453168288809,8.105969970365E-02));
#3310 = CARTESIAN_POINT('',(4.539547919214,8.398197754783E-02));
#3311 = CARTESIAN_POINT('',(4.625956100468,8.544350945219E-02));
#3312 = CARTESIAN_POINT('',(4.799529095638,8.544350945219E-02));
#3313 = CARTESIAN_POINT('',(4.886613664896,8.395785301856E-02));
#3314 = CARTESIAN_POINT('',(4.9741470041,8.098959523942E-02));
#3315 = CARTESIAN_POINT('',(5.062586250765,7.659140508486E-02));
#3316 = CARTESIAN_POINT('',(5.15239009751,7.086889244305E-02));
#3317 = CARTESIAN_POINT('',(5.244030657716,6.399938742627E-02));
#3318 = CARTESIAN_POINT('',(5.338014050315,5.625737991296E-02));
#3319 = CARTESIAN_POINT('',(5.52853991137,4.010287916309E-02));
#3320 = CARTESIAN_POINT('',(5.626955716193,3.154698796642E-02));
#3321 = CARTESIAN_POINT('',(5.729214207575,2.283941310436E-02));
#3322 = CARTESIAN_POINT('',(5.834686493609,1.462852963409E-02));
#3323 = CARTESIAN_POINT('',(5.942982808464,7.658393995261E-03));
#3324 = CARTESIAN_POINT('',(6.053875344632,2.619630933789E-03));
#3325 = CARTESIAN_POINT('',(6.167264083061,0.));
#3326 = CARTESIAN_POINT('',(6.28318530718,0.));
#3327 = ( GEOMETRIC_REPRESENTATION_CONTEXT(2) 
PARAMETRIC_REPRESENTATION_CONTEXT() REPRESENTATION_CONTEXT('2D SPACE',''
  ) );
#3328 = ORIENTED_EDGE('',*,*,#3329,.T.);
#3329 = EDGE_CURVE('',#3137,#3135,#3330,.T.);
#3330 = SURFACE_CURVE('',#3331,(#3390,#3452),.PCURVE_S1.);
#3331 = B_SPLINE_CURVE_WITH_KNOTS('',8,(#3332,#3333,#3334,#3335,#3336,
    #3337,#3338,#3339,#3340,#3341,#3342,#3343,#3344,#3345,#3346,#3347,
    #3348,#3349,#3350,#3351,#3352,#3353,#3354,#3355,#3356,#3357,#3358,
    #3359,#3360,#3361,#3362,#3363,#3364,#3365,#3366,#3367,#3368,#3369,
    #3370,#3371,#3372,#3373,#3374,#3375,#3376,#3377,#3378,#3379,#3380,
    #3381,#3382,#3383,#3384,#3385,#3386,#3387,#3388,#3389),
  .UNSPECIFIED.,.T.,.F.,(9,7,7,7,7,7,7,7,9),(0.,0.137068175545,
    0.278998224265,0.448957093557,0.595103754123,0.689666409253,
    0.793754329921,0.898693947949,1.),.UNSPECIFIED.);
#3332 = CARTESIAN_POINT('',(-6.069306607654,-22.65096062647,14.575));
#3333 = CARTESIAN_POINT('',(-5.845263374383,-22.7109928299,14.575));
#3334 = CARTESIAN_POINT('',(-5.625506933224,-22.76716191307,
    14.544257858444));
#3335 = CARTESIAN_POINT('',(-5.414588617255,-22.8184591079,
    14.485156597372));
#3336 = CARTESIAN_POINT('',(-5.216544779212,-22.86430982059,
    14.40082163344));
#3337 = CARTESIAN_POINT('',(-5.034779527861,-22.90451623895,
    14.295088899443));
#3338 = CARTESIAN_POINT('',(-4.871884310532,-22.93915195073,
    14.17246406812));
#3339 = CARTESIAN_POINT('',(-4.72943038121,-22.96846498767,14.0380755242
    ));
#3340 = CARTESIAN_POINT('',(-4.481794661418,-23.01809122807,
    13.752190045386));
#3341 = CARTESIAN_POINT('',(-4.375286263369,-23.03861502204,
    13.59699052289));
#3342 = CARTESIAN_POINT('',(-4.28767136796,-23.05497954321,
    13.434697435302));
#3343 = CARTESIAN_POINT('',(-4.21834116912,-23.06763201728,
    13.267339301549));
#3344 = CARTESIAN_POINT('',(-4.16674996988,-23.0769023772,
    13.096495287493));
#3345 = CARTESIAN_POINT('',(-4.132488165605,-23.0830098643,
    12.92344222962));
#3346 = CARTESIAN_POINT('',(-4.115340547549,-23.08606662421,
    12.749272383716));
#3347 = CARTESIAN_POINT('',(-4.115340547549,-23.08606662421,
    12.366311723258));
#3348 = CARTESIAN_POINT('',(-4.139930335835,-23.08168307963,
    12.15765767079));
#3349 = CARTESIAN_POINT('',(-4.189094084428,-23.07291969043,
    11.950839918867));
#3350 = CARTESIAN_POINT('',(-4.263308937282,-23.05953789214,
    11.747785522471));
#3351 = CARTESIAN_POINT('',(-4.363387830869,-23.04109319091,
    11.550885518974));
#3352 = CARTESIAN_POINT('',(-4.490368509774,-23.01690823252,
    11.363229794695));
#3353 = CARTESIAN_POINT('',(-4.645318082438,-22.98605497408,
    11.188961351981));
#3354 = CARTESIAN_POINT('',(-4.986802819184,-22.91419489413,
    10.900700358549));
#3355 = CARTESIAN_POINT('',(-5.171255910373,-22.87408333296,
    10.77713750862));
#3356 = CARTESIAN_POINT('',(-5.379377723782,-22.82692302759,
    10.673697599975));
#3357 = CARTESIAN_POINT('',(-5.605923049826,-22.77299133866,
    10.598188756485));
#3358 = CARTESIAN_POINT('',(-5.843852725277,-22.71313651309,
    10.555800483733));
#3359 = CARTESIAN_POINT('',(-6.085341072262,-22.6489837686,
    10.549007639321));
#3360 = CARTESIAN_POINT('',(-6.322532891767,-22.58281194449,
    10.577459014107));
#3361 = CARTESIAN_POINT('',(-6.69450081071,-22.47463721882,
    10.676898467002));
#3362 = CARTESIAN_POINT('',(-6.836969800129,-22.43202937581,
    10.729621111675));
#3363 = CARTESIAN_POINT('',(-6.97441916922,-22.38979981476,
    10.795629471288));
#3364 = CARTESIAN_POINT('',(-7.105566648443,-22.34847506615,
    10.874377712558));
#3365 = CARTESIAN_POINT('',(-7.229213131376,-22.30860556874,
    10.965151072982));
#3366 = CARTESIAN_POINT('',(-7.344254548655,-22.27074671516,
    11.067074612973));
#3367 = CARTESIAN_POINT('',(-7.449701195308,-22.23543388123,
    11.179125956539));
#3368 = CARTESIAN_POINT('',(-7.64927748077,-22.16761719739,
    11.433369000582));
#3369 = CARTESIAN_POINT('',(-7.741151384053,-22.13577043661,
    11.577402290108));
#3370 = CARTESIAN_POINT('',(-7.81924074909,-22.10824206156,
    11.730736216002));
#3371 = CARTESIAN_POINT('',(-7.882657464852,-22.08559314016,
    11.891706517989));
#3372 = CARTESIAN_POINT('',(-7.930713307146,-22.06827902827,
    12.058526977562));
#3373 = CARTESIAN_POINT('',(-7.962928148563,-22.05662172288,
    12.229317584384));
#3374 = CARTESIAN_POINT('',(-7.979043852706,-22.0507904438,
    12.402134240167));
#3375 = CARTESIAN_POINT('',(-7.979043852706,-22.0507904438,
    12.749280230506));
#3376 = CARTESIAN_POINT('',(-7.962663754085,-22.05671754272,
    12.923449615425));
#3377 = CARTESIAN_POINT('',(-7.929938132342,-22.06855931321,
    13.096498855867));
#3378 = CARTESIAN_POINT('',(-7.880624749639,-22.08632613578,
    13.267339269434));
#3379 = CARTESIAN_POINT('',(-7.814258094562,-22.11003340845,
    13.434695913043));
#3380 = CARTESIAN_POINT('',(-7.730199285443,-22.13966873338,
    13.596989634458));
#3381 = CARTESIAN_POINT('',(-7.627697339808,-22.17514916291,
    13.752190335599));
#3382 = CARTESIAN_POINT('',(-7.388470895318,-22.25597406535,
    14.038021450456));
#3383 = CARTESIAN_POINT('',(-7.250449618909,-22.30181446526,
    14.172428795168));
#3384 = CARTESIAN_POINT('',(-7.092026216704,-22.35327863278,
    14.295095839686));
#3385 = CARTESIAN_POINT('',(-6.914452506168,-22.4093598972,
    14.400861357595));
#3386 = CARTESIAN_POINT('',(-6.719959350594,-22.46869019657,
    14.485203206959));
#3387 = CARTESIAN_POINT('',(-6.511621588504,-22.52973064305,
    14.544285471028));
#3388 = CARTESIAN_POINT('',(-6.293249216037,-22.59095538541,14.575));
#3389 = CARTESIAN_POINT('',(-6.069306607654,-22.65096062647,14.575));
#3390 = PCURVE('',#1648,#3391);
#3391 = DEFINITIONAL_REPRESENTATION('',(#3392),#3451);
#3392 = B_SPLINE_CURVE_WITH_KNOTS('',8,(#3393,#3394,#3395,#3396,#3397,
    #3398,#3399,#3400,#3401,#3402,#3403,#3404,#3405,#3406,#3407,#3408,
    #3409,#3410,#3411,#3412,#3413,#3414,#3415,#3416,#3417,#3418,#3419,
    #3420,#3421,#3422,#3423,#3424,#3425,#3426,#3427,#3428,#3429,#3430,
    #3431,#3432,#3433,#3434,#3435,#3436,#3437,#3438,#3439,#3440,#3441,
    #3442,#3443,#3444,#3445,#3446,#3447,#3448,#3449,#3450),
  .UNSPECIFIED.,.T.,.F.,(9,7,7,7,7,7,7,7,9),(0.,0.137068175545,
    0.278998224265,0.448957093557,0.595103754123,0.689666409253,
    0.793754329921,0.898693947949,1.),.UNSPECIFIED.);
#3393 = CARTESIAN_POINT('',(4.450589592586,4.575));
#3394 = CARTESIAN_POINT('',(4.460480706564,4.575));
#3395 = CARTESIAN_POINT('',(4.470152608465,4.544257858444));
#3396 = CARTESIAN_POINT('',(4.479408152384,4.485156597372));
#3397 = CARTESIAN_POINT('',(4.488075973678,4.40082163344));
#3398 = CARTESIAN_POINT('',(4.496013940778,4.295088899443));
#3399 = CARTESIAN_POINT('',(4.503115465232,4.17246406812));
#3400 = CARTESIAN_POINT('',(4.509317451886,4.0380755242));
#3401 = CARTESIAN_POINT('',(4.520087572424,3.752190045386));
#3402 = CARTESIAN_POINT('',(4.524712938056,3.59699052289));
#3403 = CARTESIAN_POINT('',(4.528513716223,3.434697435302));
#3404 = CARTESIAN_POINT('',(4.531519033493,3.267339301549));
#3405 = CARTESIAN_POINT('',(4.533754317213,3.096495287493));
#3406 = CARTESIAN_POINT('',(4.53523840737,2.92344222962));
#3407 = CARTESIAN_POINT('',(4.535981176529,2.749272383716));
#3408 = CARTESIAN_POINT('',(4.535981176529,2.366311723258));
#3409 = CARTESIAN_POINT('',(4.534916039941,2.15765767079));
#3410 = CARTESIAN_POINT('',(4.532786458736,1.950839918867));
#3411 = CARTESIAN_POINT('',(4.529570617849,1.747785522471));
#3412 = CARTESIAN_POINT('',(4.525231055047,1.550885518974));
#3413 = CARTESIAN_POINT('',(4.51971899478,1.363229794695));
#3414 = CARTESIAN_POINT('',(4.512982017601,1.188961351981));
#3415 = CARTESIAN_POINT('',(4.498100834372,0.900700358549));
#3416 = CARTESIAN_POINT('',(4.490051375859,0.77713750862));
#3417 = CARTESIAN_POINT('',(4.480951821998,0.673697599975));
#3418 = CARTESIAN_POINT('',(4.471022309749,0.598188756485));
#3419 = CARTESIAN_POINT('',(4.460561724506,0.555800483733));
#3420 = CARTESIAN_POINT('',(4.449907888601,0.549007639321));
#3421 = CARTESIAN_POINT('',(4.439407487053,0.577459014107));
#3422 = CARTESIAN_POINT('',(4.422888158947,0.676898467002));
#3423 = CARTESIAN_POINT('',(4.416547025032,0.729621111675));
#3424 = CARTESIAN_POINT('',(4.410415520771,0.795629471288));
#3425 = CARTESIAN_POINT('',(4.404552083776,0.874377712558));
#3426 = CARTESIAN_POINT('',(4.399012189921,0.965151072982));
#3427 = CARTESIAN_POINT('',(4.393847671537,1.067074612973));
#3428 = CARTESIAN_POINT('',(4.389105607674,1.179125956539));
#3429 = CARTESIAN_POINT('',(4.380116960904,1.433369000582));
#3430 = CARTESIAN_POINT('',(4.375970473994,1.577402290108));
#3431 = CARTESIAN_POINT('',(4.372439641108,1.730736216002));
#3432 = CARTESIAN_POINT('',(4.369568035368,1.891706517989));
#3433 = CARTESIAN_POINT('',(4.367389797623,2.058526977562));
#3434 = CARTESIAN_POINT('',(4.365928849381,2.229317584384));
#3435 = CARTESIAN_POINT('',(4.365198008642,2.402134240167));
#3436 = CARTESIAN_POINT('',(4.365198008642,2.749280230506));
#3437 = CARTESIAN_POINT('',(4.365940843342,2.923449615425));
#3438 = CARTESIAN_POINT('',(4.367424946505,3.096498855867));
#3439 = CARTESIAN_POINT('',(4.369660180715,3.267339269434));
#3440 = CARTESIAN_POINT('',(4.372665439317,3.434695913043));
#3441 = CARTESIAN_POINT('',(4.376466209939,3.596989634458));
#3442 = CARTESIAN_POINT('',(4.381091623681,3.752190335599));
#3443 = CARTESIAN_POINT('',(4.391859696173,4.038021450456));
#3444 = CARTESIAN_POINT('',(4.398061512672,4.172428795168));
#3445 = CARTESIAN_POINT('',(4.405164580071,4.295095839686));
#3446 = CARTESIAN_POINT('',(4.413105107797,4.400861357595));
#3447 = CARTESIAN_POINT('',(4.421775447118,4.485203206959));
#3448 = CARTESIAN_POINT('',(4.43103223046,4.544285471028));
#3449 = CARTESIAN_POINT('',(4.440702921019,4.575));
#3450 = CARTESIAN_POINT('',(4.450589592586,4.575));
#3451 = ( GEOMETRIC_REPRESENTATION_CONTEXT(2) 
PARAMETRIC_REPRESENTATION_CONTEXT() REPRESENTATION_CONTEXT('2D SPACE',''
  ) );
#3452 = PCURVE('',#3453,#3458);
#3453 = CYLINDRICAL_SURFACE('',#3454,2.);
#3454 = AXIS2_PLACEMENT_3D('',#3455,#3456,#3457);
#3455 = CARTESIAN_POINT('',(-6.069306607654,-22.65096062647,12.575));
#3456 = DIRECTION('',(0.258819045103,0.965925826289,2.22044604925E-16));
#3457 = DIRECTION('',(-5.746937261686E-17,-2.144786184852E-16,1.));
#3458 = DEFINITIONAL_REPRESENTATION('',(#3459),#3518);
#3459 = B_SPLINE_CURVE_WITH_KNOTS('',8,(#3460,#3461,#3462,#3463,#3464,
    #3465,#3466,#3467,#3468,#3469,#3470,#3471,#3472,#3473,#3474,#3475,
    #3476,#3477,#3478,#3479,#3480,#3481,#3482,#3483,#3484,#3485,#3486,
    #3487,#3488,#3489,#3490,#3491,#3492,#3493,#3494,#3495,#3496,#3497,
    #3498,#3499,#3500,#3501,#3502,#3503,#3504,#3505,#3506,#3507,#3508,
    #3509,#3510,#3511,#3512,#3513,#3514,#3515,#3516,#3517),
  .UNSPECIFIED.,.F.,.F.,(9,7,7,7,7,7,7,7,9),(0.,0.137068175545,
    0.278998224265,0.448957093557,0.595103754123,0.689666409253,
    0.793754329921,0.898693947949,1.),.UNSPECIFIED.);
#3460 = CARTESIAN_POINT('',(0.,0.));
#3461 = CARTESIAN_POINT('',(0.115973311394,6.437812027559E-18));
#3462 = CARTESIAN_POINT('',(0.229376262204,2.621984177587E-03));
#3463 = CARTESIAN_POINT('',(0.340257399563,7.662376010265E-03));
#3464 = CARTESIAN_POINT('',(0.448526944763,1.463150551966E-02));
#3465 = CARTESIAN_POINT('',(0.553967064957,2.283939643078E-02));
#3466 = CARTESIAN_POINT('',(0.656199279593,3.154425251426E-02));
#3467 = CARTESIAN_POINT('',(0.754609351984,4.009982304256E-02));
#3468 = CARTESIAN_POINT('',(0.945171450311,5.625739631512E-02));
#3469 = CARTESIAN_POINT('',(1.039154033757,6.399933554322E-02));
#3470 = CARTESIAN_POINT('',(1.13079440305,7.086882547727E-02));
#3471 = CARTESIAN_POINT('',(1.220599198442,7.659144986237E-02));
#3472 = CARTESIAN_POINT('',(1.309040232015,8.098975471715E-02));
#3473 = CARTESIAN_POINT('',(1.396575323794,8.395798266806E-02));
#3474 = CARTESIAN_POINT('',(1.483660134937,8.544350945219E-02));
#3475 = CARTESIAN_POINT('',(1.675140465166,8.544350945219E-02));
#3476 = CARTESIAN_POINT('',(1.77946701393,8.331338284725E-02));
#3477 = CARTESIAN_POINT('',(1.884608824803,7.905365234188E-02));
#3478 = CARTESIAN_POINT('',(1.991324626234,7.277125955999E-02));
#3479 = CARTESIAN_POINT('',(2.100381368546,6.468514916894E-02));
#3480 = CARTESIAN_POINT('',(2.212588757668,5.518100701954E-02));
#3481 = CARTESIAN_POINT('',(2.328868686106,4.487906573475E-02));
#3482 = CARTESIAN_POINT('',(2.554982699752,2.590781936296E-02));
#3483 = CARTESIAN_POINT('',(2.667003850552,1.691263930103E-02));
#3484 = CARTESIAN_POINT('',(2.783861703876,8.60010722003E-03));
#3485 = CARTESIAN_POINT('',(2.903883209902,2.059873452471E-03));
#3486 = CARTESIAN_POINT('',(3.025860099897,-1.705536101959E-03));
#3487 = CARTESIAN_POINT('',(3.148746467138,-2.240526739065E-03));
#3488 = CARTESIAN_POINT('',(3.271534624105,2.867869094797E-04));
#3489 = CARTESIAN_POINT('',(3.471461235574,8.503166595074E-03));
#3490 = CARTESIAN_POINT('',(3.550003158685,1.278549476294E-02));
#3491 = CARTESIAN_POINT('',(3.628540013041,1.800160395228E-02));
#3492 = CARTESIAN_POINT('',(3.707075864766,2.397478056423E-02));
#3493 = CARTESIAN_POINT('',(3.785615485,3.048369314387E-02));
#3494 = CARTESIAN_POINT('',(3.864159316692,3.727762780439E-02));
#3495 = CARTESIAN_POINT('',(3.942702591472,4.40956057036E-02));
#3496 = CARTESIAN_POINT('',(4.107685508006,5.794734844502E-02));
#3497 = CARTESIAN_POINT('',(4.194085720721,6.493024125282E-02));
#3498 = CARTESIAN_POINT('',(4.280454173958,7.130959477749E-02));
#3499 = CARTESIAN_POINT('',(4.366808875537,7.677331908111E-02));
#3500 = CARTESIAN_POINT('',(4.453168288809,8.105969970365E-02));
#3501 = CARTESIAN_POINT('',(4.539547919214,8.398197754783E-02));
#3502 = CARTESIAN_POINT('',(4.625956100468,8.544350945219E-02));
#3503 = CARTESIAN_POINT('',(4.799529095638,8.544350945219E-02));
#3504 = CARTESIAN_POINT('',(4.886613664896,8.395785301856E-02));
#3505 = CARTESIAN_POINT('',(4.9741470041,8.098959523942E-02));
#3506 = CARTESIAN_POINT('',(5.062586250765,7.659140508486E-02));
#3507 = CARTESIAN_POINT('',(5.15239009751,7.086889244305E-02));
#3508 = CARTESIAN_POINT('',(5.244030657716,6.399938742627E-02));
#3509 = CARTESIAN_POINT('',(5.338014050315,5.625737991296E-02));
#3510 = CARTESIAN_POINT('',(5.52853991137,4.010287916309E-02));
#3511 = CARTESIAN_POINT('',(5.626955716193,3.154698796642E-02));
#3512 = CARTESIAN_POINT('',(5.729214207575,2.283941310436E-02));
#3513 = CARTESIAN_POINT('',(5.834686493609,1.462852963409E-02));
#3514 = CARTESIAN_POINT('',(5.942982808464,7.658393995261E-03));
#3515 = CARTESIAN_POINT('',(6.053875344632,2.619630933789E-03));
#3516 = CARTESIAN_POINT('',(6.167264083061,0.));
#3517 = CARTESIAN_POINT('',(6.28318530718,0.));
#3518 = ( GEOMETRIC_REPRESENTATION_CONTEXT(2) 
PARAMETRIC_REPRESENTATION_CONTEXT() REPRESENTATION_CONTEXT('2D SPACE',''
  ) );
#3519 = ADVANCED_FACE('',(#3520),#2468,.F.);
#3520 = FACE_BOUND('',#3521,.F.);
#3521 = EDGE_LOOP('',(#3522,#3549));
#3522 = ORIENTED_EDGE('',*,*,#3523,.T.);
#3523 = EDGE_CURVE('',#2341,#2343,#3524,.T.);
#3524 = SURFACE_CURVE('',#3525,(#3530,#3537),.PCURVE_S1.);
#3525 = CIRCLE('',#3526,2.);
#3526 = AXIS2_PLACEMENT_3D('',#3527,#3528,#3529);
#3527 = CARTESIAN_POINT('',(22.650960626479,6.069306607654,12.575));
#3528 = DIRECTION('',(-0.965925826289,-0.258819045103,2.22044604925E-16)
  );
#3529 = DIRECTION('',(2.144786184852E-16,5.746937261686E-17,1.));
#3530 = PCURVE('',#2468,#3531);
#3531 = DEFINITIONAL_REPRESENTATION('',(#3532),#3536);
#3532 = LINE('',#3533,#3534);
#3533 = CARTESIAN_POINT('',(0.,0.));
#3534 = VECTOR('',#3535,1.);
#3535 = DIRECTION('',(1.,0.));
#3536 = ( GEOMETRIC_REPRESENTATION_CONTEXT(2) 
PARAMETRIC_REPRESENTATION_CONTEXT() REPRESENTATION_CONTEXT('2D SPACE',''
  ) );
#3537 = PCURVE('',#3538,#3543);
#3538 = PLANE('',#3539);
#3539 = AXIS2_PLACEMENT_3D('',#3540,#3541,#3542);
#3540 = CARTESIAN_POINT('',(22.650960626479,6.069306607654,12.575));
#3541 = DIRECTION('',(-0.965925826289,-0.258819045103,2.22044604925E-16)
  );
#3542 = DIRECTION('',(2.144786184852E-16,5.746937261686E-17,1.));
#3543 = DEFINITIONAL_REPRESENTATION('',(#3544),#3548);
#3544 = CIRCLE('',#3545,2.);
#3545 = AXIS2_PLACEMENT_2D('',#3546,#3547);
#3546 = CARTESIAN_POINT('',(0.,0.));
#3547 = DIRECTION('',(1.,0.));
#3548 = ( GEOMETRIC_REPRESENTATION_CONTEXT(2) 
PARAMETRIC_REPRESENTATION_CONTEXT() REPRESENTATION_CONTEXT('2D SPACE',''
  ) );
#3549 = ORIENTED_EDGE('',*,*,#2340,.F.);
#3550 = ADVANCED_FACE('',(#3551),#2659,.F.);
#3551 = FACE_BOUND('',#3552,.F.);
#3552 = EDGE_LOOP('',(#3553,#3554));
#3553 = ORIENTED_EDGE('',*,*,#2535,.F.);
#3554 = ORIENTED_EDGE('',*,*,#3555,.T.);
#3555 = EDGE_CURVE('',#2343,#2341,#3556,.T.);
#3556 = SURFACE_CURVE('',#3557,(#3562,#3569),.PCURVE_S1.);
#3557 = CIRCLE('',#3558,2.);
#3558 = AXIS2_PLACEMENT_3D('',#3559,#3560,#3561);
#3559 = CARTESIAN_POINT('',(22.650960626479,6.069306607654,12.575));
#3560 = DIRECTION('',(-0.965925826289,-0.258819045103,2.22044604925E-16)
  );
#3561 = DIRECTION('',(2.144786184852E-16,5.746937261686E-17,1.));
#3562 = PCURVE('',#2659,#3563);
#3563 = DEFINITIONAL_REPRESENTATION('',(#3564),#3568);
#3564 = LINE('',#3565,#3566);
#3565 = CARTESIAN_POINT('',(0.,0.));
#3566 = VECTOR('',#3567,1.);
#3567 = DIRECTION('',(1.,0.));
#3568 = ( GEOMETRIC_REPRESENTATION_CONTEXT(2) 
PARAMETRIC_REPRESENTATION_CONTEXT() REPRESENTATION_CONTEXT('2D SPACE',''
  ) );
#3569 = PCURVE('',#3538,#3570);
#3570 = DEFINITIONAL_REPRESENTATION('',(#3571),#3575);
#3571 = CIRCLE('',#3572,2.);
#3572 = AXIS2_PLACEMENT_2D('',#3573,#3574);
#3573 = CARTESIAN_POINT('',(0.,0.));
#3574 = DIRECTION('',(1.,0.));
#3575 = ( GEOMETRIC_REPRESENTATION_CONTEXT(2) 
PARAMETRIC_REPRESENTATION_CONTEXT() REPRESENTATION_CONTEXT('2D SPACE',''
  ) );
#3576 = ADVANCED_FACE('',(#3577),#2865,.F.);
#3577 = FACE_BOUND('',#3578,.F.);
#3578 = EDGE_LOOP('',(#3579,#3606));
#3579 = ORIENTED_EDGE('',*,*,#3580,.T.);
#3580 = EDGE_CURVE('',#2738,#2740,#3581,.T.);
#3581 = SURFACE_CURVE('',#3582,(#3587,#3594),.PCURVE_S1.);
#3582 = CIRCLE('',#3583,2.);
#3583 = AXIS2_PLACEMENT_3D('',#3584,#3585,#3586);
#3584 = CARTESIAN_POINT('',(-16.58165401882,16.581654018825,12.575));
#3585 = DIRECTION('',(0.707106781187,-0.707106781187,2.22044604925E-16)
  );
#3586 = DIRECTION('',(-1.570092458684E-16,1.570092458684E-16,1.));
#3587 = PCURVE('',#2865,#3588);
#3588 = DEFINITIONAL_REPRESENTATION('',(#3589),#3593);
#3589 = LINE('',#3590,#3591);
#3590 = CARTESIAN_POINT('',(0.,0.));
#3591 = VECTOR('',#3592,1.);
#3592 = DIRECTION('',(1.,0.));
#3593 = ( GEOMETRIC_REPRESENTATION_CONTEXT(2) 
PARAMETRIC_REPRESENTATION_CONTEXT() REPRESENTATION_CONTEXT('2D SPACE',''
  ) );
#3594 = PCURVE('',#3595,#3600);
#3595 = PLANE('',#3596);
#3596 = AXIS2_PLACEMENT_3D('',#3597,#3598,#3599);
#3597 = CARTESIAN_POINT('',(-16.58165401882,16.581654018825,12.575));
#3598 = DIRECTION('',(0.707106781187,-0.707106781187,2.22044604925E-16)
  );
#3599 = DIRECTION('',(-1.570092458684E-16,1.570092458684E-16,1.));
#3600 = DEFINITIONAL_REPRESENTATION('',(#3601),#3605);
#3601 = CIRCLE('',#3602,2.);
#3602 = AXIS2_PLACEMENT_2D('',#3603,#3604);
#3603 = CARTESIAN_POINT('',(0.,0.));
#3604 = DIRECTION('',(1.,0.));
#3605 = ( GEOMETRIC_REPRESENTATION_CONTEXT(2) 
PARAMETRIC_REPRESENTATION_CONTEXT() REPRESENTATION_CONTEXT('2D SPACE',''
  ) );
#3606 = ORIENTED_EDGE('',*,*,#2737,.F.);
#3607 = ADVANCED_FACE('',(#3608),#3056,.F.);
#3608 = FACE_BOUND('',#3609,.F.);
#3609 = EDGE_LOOP('',(#3610,#3611));
#3610 = ORIENTED_EDGE('',*,*,#2932,.F.);
#3611 = ORIENTED_EDGE('',*,*,#3612,.T.);
#3612 = EDGE_CURVE('',#2740,#2738,#3613,.T.);
#3613 = SURFACE_CURVE('',#3614,(#3619,#3626),.PCURVE_S1.);
#3614 = CIRCLE('',#3615,2.);
#3615 = AXIS2_PLACEMENT_3D('',#3616,#3617,#3618);
#3616 = CARTESIAN_POINT('',(-16.58165401882,16.581654018825,12.575));
#3617 = DIRECTION('',(0.707106781187,-0.707106781187,2.22044604925E-16)
  );
#3618 = DIRECTION('',(-1.570092458684E-16,1.570092458684E-16,1.));
#3619 = PCURVE('',#3056,#3620);
#3620 = DEFINITIONAL_REPRESENTATION('',(#3621),#3625);
#3621 = LINE('',#3622,#3623);
#3622 = CARTESIAN_POINT('',(0.,0.));
#3623 = VECTOR('',#3624,1.);
#3624 = DIRECTION('',(1.,0.));
#3625 = ( GEOMETRIC_REPRESENTATION_CONTEXT(2) 
PARAMETRIC_REPRESENTATION_CONTEXT() REPRESENTATION_CONTEXT('2D SPACE',''
  ) );
#3626 = PCURVE('',#3595,#3627);
#3627 = DEFINITIONAL_REPRESENTATION('',(#3628),#3632);
#3628 = CIRCLE('',#3629,2.);
#3629 = AXIS2_PLACEMENT_2D('',#3630,#3631);
#3630 = CARTESIAN_POINT('',(0.,0.));
#3631 = DIRECTION('',(1.,0.));
#3632 = ( GEOMETRIC_REPRESENTATION_CONTEXT(2) 
PARAMETRIC_REPRESENTATION_CONTEXT() REPRESENTATION_CONTEXT('2D SPACE',''
  ) );
#3633 = ADVANCED_FACE('',(#3634),#3262,.F.);
#3634 = FACE_BOUND('',#3635,.F.);
#3635 = EDGE_LOOP('',(#3636,#3663));
#3636 = ORIENTED_EDGE('',*,*,#3637,.T.);
#3637 = EDGE_CURVE('',#3135,#3137,#3638,.T.);
#3638 = SURFACE_CURVE('',#3639,(#3644,#3651),.PCURVE_S1.);
#3639 = CIRCLE('',#3640,2.);
#3640 = AXIS2_PLACEMENT_3D('',#3641,#3642,#3643);
#3641 = CARTESIAN_POINT('',(-6.069306607654,-22.65096062647,12.575));
#3642 = DIRECTION('',(0.258819045103,0.965925826289,2.22044604925E-16));
#3643 = DIRECTION('',(-5.746937261686E-17,-2.144786184852E-16,1.));
#3644 = PCURVE('',#3262,#3645);
#3645 = DEFINITIONAL_REPRESENTATION('',(#3646),#3650);
#3646 = LINE('',#3647,#3648);
#3647 = CARTESIAN_POINT('',(0.,0.));
#3648 = VECTOR('',#3649,1.);
#3649 = DIRECTION('',(1.,0.));
#3650 = ( GEOMETRIC_REPRESENTATION_CONTEXT(2) 
PARAMETRIC_REPRESENTATION_CONTEXT() REPRESENTATION_CONTEXT('2D SPACE',''
  ) );
#3651 = PCURVE('',#3652,#3657);
#3652 = PLANE('',#3653);
#3653 = AXIS2_PLACEMENT_3D('',#3654,#3655,#3656);
#3654 = CARTESIAN_POINT('',(-6.069306607654,-22.65096062647,12.575));
#3655 = DIRECTION('',(0.258819045103,0.965925826289,2.22044604925E-16));
#3656 = DIRECTION('',(-5.746937261686E-17,-2.144786184852E-16,1.));
#3657 = DEFINITIONAL_REPRESENTATION('',(#3658),#3662);
#3658 = CIRCLE('',#3659,2.);
#3659 = AXIS2_PLACEMENT_2D('',#3660,#3661);
#3660 = CARTESIAN_POINT('',(0.,0.));
#3661 = DIRECTION('',(1.,0.));
#3662 = ( GEOMETRIC_REPRESENTATION_CONTEXT(2) 
PARAMETRIC_REPRESENTATION_CONTEXT() REPRESENTATION_CONTEXT('2D SPACE',''
  ) );
#3663 = ORIENTED_EDGE('',*,*,#3134,.F.);
#3664 = ADVANCED_FACE('',(#3665),#3453,.F.);
#3665 = FACE_BOUND('',#3666,.F.);
#3666 = EDGE_LOOP('',(#3667,#3668));
#3667 = ORIENTED_EDGE('',*,*,#3329,.F.);
#3668 = ORIENTED_EDGE('',*,*,#3669,.T.);
#3669 = EDGE_CURVE('',#3137,#3135,#3670,.T.);
#3670 = SURFACE_CURVE('',#3671,(#3676,#3683),.PCURVE_S1.);
#3671 = CIRCLE('',#3672,2.);
#3672 = AXIS2_PLACEMENT_3D('',#3673,#3674,#3675);
#3673 = CARTESIAN_POINT('',(-6.069306607654,-22.65096062647,12.575));
#3674 = DIRECTION('',(0.258819045103,0.965925826289,2.22044604925E-16));
#3675 = DIRECTION('',(-5.746937261686E-17,-2.144786184852E-16,1.));
#3676 = PCURVE('',#3453,#3677);
#3677 = DEFINITIONAL_REPRESENTATION('',(#3678),#3682);
#3678 = LINE('',#3679,#3680);
#3679 = CARTESIAN_POINT('',(0.,0.));
#3680 = VECTOR('',#3681,1.);
#3681 = DIRECTION('',(1.,0.));
#3682 = ( GEOMETRIC_REPRESENTATION_CONTEXT(2) 
PARAMETRIC_REPRESENTATION_CONTEXT() REPRESENTATION_CONTEXT('2D SPACE',''
  ) );
#3683 = PCURVE('',#3652,#3684);
#3684 = DEFINITIONAL_REPRESENTATION('',(#3685),#3689);
#3685 = CIRCLE('',#3686,2.);
#3686 = AXIS2_PLACEMENT_2D('',#3687,#3688);
#3687 = CARTESIAN_POINT('',(0.,0.));
#3688 = DIRECTION('',(1.,0.));
#3689 = ( GEOMETRIC_REPRESENTATION_CONTEXT(2) 
PARAMETRIC_REPRESENTATION_CONTEXT() REPRESENTATION_CONTEXT('2D SPACE',''
  ) );
#3690 = ADVANCED_FACE('',(#3691),#3538,.T.);
#3691 = FACE_BOUND('',#3692,.T.);
#3692 = EDGE_LOOP('',(#3693,#3694));
#3693 = ORIENTED_EDGE('',*,*,#3523,.T.);
#3694 = ORIENTED_EDGE('',*,*,#3555,.T.);
#3695 = ADVANCED_FACE('',(#3696),#3595,.T.);
#3696 = FACE_BOUND('',#3697,.T.);
#3697 = EDGE_LOOP('',(#3698,#3699));
#3698 = ORIENTED_EDGE('',*,*,#3580,.T.);
#3699 = ORIENTED_EDGE('',*,*,#3612,.T.);
#3700 = ADVANCED_FACE('',(#3701),#3652,.T.);
#3701 = FACE_BOUND('',#3702,.T.);
#3702 = EDGE_LOOP('',(#3703,#3704));
#3703 = ORIENTED_EDGE('',*,*,#3637,.T.);
#3704 = ORIENTED_EDGE('',*,*,#3669,.T.);
#3705 = ( GEOMETRIC_REPRESENTATION_CONTEXT(3) 
GLOBAL_UNCERTAINTY_ASSIGNED_CONTEXT((#3709)) 
GLOBAL_UNIT_ASSIGNED_CONTEXT((#3706,#3707,#3708)) REPRESENTATION_CONTEXT
('Context #1','3D Context with UNIT and UNCERTAINTY') );
#3706 = ( LENGTH_UNIT() NAMED_UNIT(*) SI_UNIT(.MILLI.,.METRE.) );
#3707 = ( NAMED_UNIT(*) PLANE_ANGLE_UNIT() SI_UNIT($,.RADIAN.) );
#3708 = ( NAMED_UNIT(*) SI_UNIT($,.STERADIAN.) SOLID_ANGLE_UNIT() );
#3709 = UNCERTAINTY_MEASURE_WITH_UNIT(LENGTH_MEASURE(1.E-05),#3706,
  'distance_accuracy_value','confusion accuracy');
#3710 = PRODUCT_RELATED_PRODUCT_CATEGORY('part',$,(#7));
ENDSEC;
END-ISO-10303-21;
