ISO-10303-21;
HEADER;
FILE_DESCRIPTION(('Open CASCADE Model'),'2;1');
FILE_NAME('Open CASCADE Shape Model','2026-08-05T18:26:54',('Author'),(
    'Open CASCADE'),'Open CASCADE STEP processor 7.9','build123d',
  'Unknown');
FILE_SCHEMA(('AUTOMOTIVE_DESIGN { 1 0 10303 214 1 1 1 1 }'));
ENDSEC;
DATA;
#1 = APPLICATION_PROTOCOL_DEFINITION('international standard',
  'automotive_design',2000,#2);
#2 = APPLICATION_CONTEXT(
  'core data for automotive mechanical design processes');
#3 = SHAPE_DEFINITION_REPRESENTATION(#4,#10);
#4 = PRODUCT_DEFINITION_SHAPE('','',#5);
#5 = PRODUCT_DEFINITION('design','',#6,#9);
#6 = PRODUCT_DEFINITION_FORMATION('','',#7);
#7 = PRODUCT('SOLID','SOLID','',(#8));
#8 = PRODUCT_CONTEXT('',#2,'mechanical');
#9 = PRODUCT_DEFINITION_CONTEXT('part definition',#2,'design');
#10 = ADVANCED_BREP_SHAPE_REPRESENTATION('',(#11,#15),#2794);
#11 = AXIS2_PLACEMENT_3D('',#12,#13,#14);
#12 = CARTESIAN_POINT('',(0.,0.,0.));
#13 = DIRECTION('',(0.,0.,1.));
#14 = DIRECTION('',(1.,0.,-0.));
#15 = MANIFOLD_SOLID_BREP('',#16);
#16 = CLOSED_SHELL('',(#17,#709,#781,#839,#888,#943,#978,#1008,#1055,
    #1086,#1158,#1216,#1264,#1314,#1361,#1392,#1464,#1522,#1570,#1624,
    #1671,#1702,#1991,#1998,#2025,#2314,#2321,#2610,#2617,#2672,#2727,
    #2782,#2786,#2790));
#17 = ADVANCED_FACE('',(#18,#349,#529),#32,.T.);
#18 = FACE_BOUND('',#19,.T.);
#19 = EDGE_LOOP('',(#20,#53,#85,#114,#137,#164,#165,#189,#221,#247,#276,
    #299,#326,#327));
#20 = ORIENTED_EDGE('',*,*,#21,.T.);
#21 = EDGE_CURVE('',#22,#24,#26,.T.);
#22 = VERTEX_POINT('',#23);
#23 = CARTESIAN_POINT('',(18.169790363298,-5.555062389732,14.));
#24 = VERTEX_POINT('',#25);
#25 = CARTESIAN_POINT('',(18.169790363298,-5.555062389732,18.6));
#26 = SURFACE_CURVE('',#27,(#31,#42),.PCURVE_S1.);
#27 = LINE('',#28,#29);
#28 = CARTESIAN_POINT('',(18.169790363298,-5.555062389732,0.));
#29 = VECTOR('',#30,1.);
#30 = DIRECTION('',(0.,0.,1.));
#31 = PCURVE('',#32,#37);
#32 = CYLINDRICAL_SURFACE('',#33,19.);
#33 = AXIS2_PLACEMENT_3D('',#34,#35,#36);
#34 = CARTESIAN_POINT('',(0.,0.,0.));
#35 = DIRECTION('',(0.,0.,1.));
#36 = DIRECTION('',(1.,0.,-0.));
#37 = DEFINITIONAL_REPRESENTATION('',(#38),#41);
#38 = B_SPLINE_CURVE_WITH_KNOTS('',1,(#39,#40),.UNSPECIFIED.,.F.,.F.,(2,
    2),(13.5,19.5),.PIECEWISE_BEZIER_KNOTS.);
#39 = CARTESIAN_POINT('',(5.986479334341,13.5));
#40 = CARTESIAN_POINT('',(5.986479334341,19.5));
#41 = ( GEOMETRIC_REPRESENTATION_CONTEXT(2) 
PARAMETRIC_REPRESENTATION_CONTEXT() REPRESENTATION_CONTEXT('2D SPACE',''
  ) );
#42 = PCURVE('',#43,#48);
#43 = PLANE('',#44);
#44 = AXIS2_PLACEMENT_3D('',#45,#46,#47);
#45 = CARTESIAN_POINT('',(-43.9900187743,13.449098417246,6.5));
#46 = DIRECTION('',(0.292371704723,0.956304755963,0.));
#47 = DIRECTION('',(0.,0.,1.));
#48 = DEFINITIONAL_REPRESENTATION('',(#49),#52);
#49 = B_SPLINE_CURVE_WITH_KNOTS('',1,(#50,#51),.UNSPECIFIED.,.F.,.F.,(2,
    2),(13.5,19.5),.PIECEWISE_BEZIER_KNOTS.);
#50 = CARTESIAN_POINT('',(7.,65.));
#51 = CARTESIAN_POINT('',(13.,65.));
#52 = ( GEOMETRIC_REPRESENTATION_CONTEXT(2) 
PARAMETRIC_REPRESENTATION_CONTEXT() REPRESENTATION_CONTEXT('2D SPACE',''
  ) );
#53 = ORIENTED_EDGE('',*,*,#54,.F.);
#54 = EDGE_CURVE('',#55,#24,#57,.T.);
#55 = VERTEX_POINT('',#56);
#56 = CARTESIAN_POINT('',(18.282712052592,-5.171309312157,19.));
#57 = SURFACE_CURVE('',#58,(#63,#73),.PCURVE_S1.);
#58 = ELLIPSE('',#59,26.870057685089,19.);
#59 = AXIS2_PLACEMENT_3D('',#60,#61,#62);
#60 = CARTESIAN_POINT('',(0.,0.,18.6));
#61 = DIRECTION('',(0.206738015037,0.676209577822,-0.707106781187));
#62 = DIRECTION('',(0.206738015037,0.676209577822,0.707106781187));
#63 = PCURVE('',#32,#64);
#64 = DEFINITIONAL_REPRESENTATION('',(#65),#72);
#65 = B_SPLINE_CURVE_WITH_KNOTS('',5,(#66,#67,#68,#69,#70,#71),
  .UNSPECIFIED.,.F.,.F.,(6,6),(1.549742139771,1.570796326795),
  .PIECEWISE_BEZIER_KNOTS.);
#66 = CARTESIAN_POINT('',(6.007533521364,19.));
#67 = CARTESIAN_POINT('',(6.003322683959,18.920011821117));
#68 = CARTESIAN_POINT('',(5.999111846555,18.840014776658));
#69 = CARTESIAN_POINT('',(5.99490100915,18.760011821379));
#70 = CARTESIAN_POINT('',(5.990690171745,18.68000591069));
#71 = CARTESIAN_POINT('',(5.986479334341,18.6));
#72 = ( GEOMETRIC_REPRESENTATION_CONTEXT(2) 
PARAMETRIC_REPRESENTATION_CONTEXT() REPRESENTATION_CONTEXT('2D SPACE',''
  ) );
#73 = PCURVE('',#74,#79);
#74 = PLANE('',#75);
#75 = AXIS2_PLACEMENT_3D('',#76,#77,#78);
#76 = CARTESIAN_POINT('',(22.053483728094,-6.53328825743,18.8));
#77 = DIRECTION('',(0.206738015037,0.676209577822,-0.707106781187));
#78 = DIRECTION('',(0.956304755963,-0.292371704723,-5.551115123126E-17)
  );
#79 = DEFINITIONAL_REPRESENTATION('',(#80),#84);
#80 = ELLIPSE('',#81,26.870057685089,19.);
#81 = AXIS2_PLACEMENT_2D('',#82,#83);
#82 = CARTESIAN_POINT('',(-23.,0.282842712475));
#83 = DIRECTION('',(-1.502746139296E-16,-1.));
#84 = ( GEOMETRIC_REPRESENTATION_CONTEXT(2) 
PARAMETRIC_REPRESENTATION_CONTEXT() REPRESENTATION_CONTEXT('2D SPACE',''
  ) );
#85 = ORIENTED_EDGE('',*,*,#86,.T.);
#86 = EDGE_CURVE('',#55,#87,#89,.T.);
#87 = VERTEX_POINT('',#88);
#88 = CARTESIAN_POINT('',(19.,-4.65365783676E-15,19.));
#89 = SURFACE_CURVE('',#90,(#95,#102),.PCURVE_S1.);
#90 = CIRCLE('',#91,19.);
#91 = AXIS2_PLACEMENT_3D('',#92,#93,#94);
#92 = CARTESIAN_POINT('',(0.,0.,19.));
#93 = DIRECTION('',(0.,0.,1.));
#94 = DIRECTION('',(1.,0.,-0.));
#95 = PCURVE('',#32,#96);
#96 = DEFINITIONAL_REPRESENTATION('',(#97),#101);
#97 = LINE('',#98,#99);
#98 = CARTESIAN_POINT('',(0.,19.));
#99 = VECTOR('',#100,1.);
#100 = DIRECTION('',(1.,0.));
#101 = ( GEOMETRIC_REPRESENTATION_CONTEXT(2) 
PARAMETRIC_REPRESENTATION_CONTEXT() REPRESENTATION_CONTEXT('2D SPACE',''
  ) );
#102 = PCURVE('',#103,#108);
#103 = PLANE('',#104);
#104 = AXIS2_PLACEMENT_3D('',#105,#106,#107);
#105 = CARTESIAN_POINT('',(0.,0.,19.));
#106 = DIRECTION('',(0.,0.,1.));
#107 = DIRECTION('',(1.,0.,-0.));
#108 = DEFINITIONAL_REPRESENTATION('',(#109),#113);
#109 = CIRCLE('',#110,19.);
#110 = AXIS2_PLACEMENT_2D('',#111,#112);
#111 = CARTESIAN_POINT('',(0.,0.));
#112 = DIRECTION('',(1.,0.));
#113 = ( GEOMETRIC_REPRESENTATION_CONTEXT(2) 
PARAMETRIC_REPRESENTATION_CONTEXT() REPRESENTATION_CONTEXT('2D SPACE',''
  ) );
#114 = ORIENTED_EDGE('',*,*,#115,.T.);
#115 = EDGE_CURVE('',#87,#116,#118,.T.);
#116 = VERTEX_POINT('',#117);
#117 = CARTESIAN_POINT('',(19.,-4.65365783676E-15,31.));
#118 = SEAM_CURVE('',#119,(#123,#130),.PCURVE_S1.);
#119 = LINE('',#120,#121);
#120 = CARTESIAN_POINT('',(19.,-4.65365783676E-15,0.));
#121 = VECTOR('',#122,1.);
#122 = DIRECTION('',(0.,0.,1.));
#123 = PCURVE('',#32,#124);
#124 = DEFINITIONAL_REPRESENTATION('',(#125),#129);
#125 = LINE('',#126,#127);
#126 = CARTESIAN_POINT('',(6.28318530718,-0.));
#127 = VECTOR('',#128,1.);
#128 = DIRECTION('',(0.,1.));
#129 = ( GEOMETRIC_REPRESENTATION_CONTEXT(2) 
PARAMETRIC_REPRESENTATION_CONTEXT() REPRESENTATION_CONTEXT('2D SPACE',''
  ) );
#130 = PCURVE('',#32,#131);
#131 = DEFINITIONAL_REPRESENTATION('',(#132),#136);
#132 = LINE('',#133,#134);
#133 = CARTESIAN_POINT('',(0.,-0.));
#134 = VECTOR('',#135,1.);
#135 = DIRECTION('',(0.,1.));
#136 = ( GEOMETRIC_REPRESENTATION_CONTEXT(2) 
PARAMETRIC_REPRESENTATION_CONTEXT() REPRESENTATION_CONTEXT('2D SPACE',''
  ) );
#137 = ORIENTED_EDGE('',*,*,#138,.F.);
#138 = EDGE_CURVE('',#116,#116,#139,.T.);
#139 = SURFACE_CURVE('',#140,(#145,#152),.PCURVE_S1.);
#140 = CIRCLE('',#141,19.);
#141 = AXIS2_PLACEMENT_3D('',#142,#143,#144);
#142 = CARTESIAN_POINT('',(0.,0.,31.));
#143 = DIRECTION('',(0.,0.,1.));
#144 = DIRECTION('',(1.,0.,-0.));
#145 = PCURVE('',#32,#146);
#146 = DEFINITIONAL_REPRESENTATION('',(#147),#151);
#147 = LINE('',#148,#149);
#148 = CARTESIAN_POINT('',(0.,31.));
#149 = VECTOR('',#150,1.);
#150 = DIRECTION('',(1.,0.));
#151 = ( GEOMETRIC_REPRESENTATION_CONTEXT(2) 
PARAMETRIC_REPRESENTATION_CONTEXT() REPRESENTATION_CONTEXT('2D SPACE',''
  ) );
#152 = PCURVE('',#153,#158);
#153 = PLANE('',#154);
#154 = AXIS2_PLACEMENT_3D('',#155,#156,#157);
#155 = CARTESIAN_POINT('',(0.,0.,31.));
#156 = DIRECTION('',(0.,0.,1.));
#157 = DIRECTION('',(1.,0.,-0.));
#158 = DEFINITIONAL_REPRESENTATION('',(#159),#163);
#159 = CIRCLE('',#160,19.);
#160 = AXIS2_PLACEMENT_2D('',#161,#162);
#161 = CARTESIAN_POINT('',(0.,0.));
#162 = DIRECTION('',(1.,0.));
#163 = ( GEOMETRIC_REPRESENTATION_CONTEXT(2) 
PARAMETRIC_REPRESENTATION_CONTEXT() REPRESENTATION_CONTEXT('2D SPACE',''
  ) );
#164 = ORIENTED_EDGE('',*,*,#115,.F.);
#165 = ORIENTED_EDGE('',*,*,#166,.T.);
#166 = EDGE_CURVE('',#87,#167,#169,.T.);
#167 = VERTEX_POINT('',#168);
#168 = CARTESIAN_POINT('',(18.282712052592,5.171309312157,19.));
#169 = SURFACE_CURVE('',#170,(#175,#182),.PCURVE_S1.);
#170 = CIRCLE('',#171,19.);
#171 = AXIS2_PLACEMENT_3D('',#172,#173,#174);
#172 = CARTESIAN_POINT('',(0.,0.,19.));
#173 = DIRECTION('',(0.,0.,1.));
#174 = DIRECTION('',(1.,0.,-0.));
#175 = PCURVE('',#32,#176);
#176 = DEFINITIONAL_REPRESENTATION('',(#177),#181);
#177 = LINE('',#178,#179);
#178 = CARTESIAN_POINT('',(0.,19.));
#179 = VECTOR('',#180,1.);
#180 = DIRECTION('',(1.,0.));
#181 = ( GEOMETRIC_REPRESENTATION_CONTEXT(2) 
PARAMETRIC_REPRESENTATION_CONTEXT() REPRESENTATION_CONTEXT('2D SPACE',''
  ) );
#182 = PCURVE('',#103,#183);
#183 = DEFINITIONAL_REPRESENTATION('',(#184),#188);
#184 = CIRCLE('',#185,19.);
#185 = AXIS2_PLACEMENT_2D('',#186,#187);
#186 = CARTESIAN_POINT('',(0.,0.));
#187 = DIRECTION('',(1.,0.));
#188 = ( GEOMETRIC_REPRESENTATION_CONTEXT(2) 
PARAMETRIC_REPRESENTATION_CONTEXT() REPRESENTATION_CONTEXT('2D SPACE',''
  ) );
#189 = ORIENTED_EDGE('',*,*,#190,.T.);
#190 = EDGE_CURVE('',#167,#191,#193,.T.);
#191 = VERTEX_POINT('',#192);
#192 = CARTESIAN_POINT('',(18.169790363298,5.555062389732,18.6));
#193 = SURFACE_CURVE('',#194,(#199,#209),.PCURVE_S1.);
#194 = ELLIPSE('',#195,26.870057685089,19.);
#195 = AXIS2_PLACEMENT_3D('',#196,#197,#198);
#196 = CARTESIAN_POINT('',(0.,0.,18.6));
#197 = DIRECTION('',(-0.206738015037,0.676209577822,0.707106781187));
#198 = DIRECTION('',(0.206738015037,-0.676209577822,0.707106781187));
#199 = PCURVE('',#32,#200);
#200 = DEFINITIONAL_REPRESENTATION('',(#201),#208);
#201 = B_SPLINE_CURVE_WITH_KNOTS('',5,(#202,#203,#204,#205,#206,#207),
  .UNSPECIFIED.,.F.,.F.,(6,6),(1.549742139771,1.570796326795),
  .PIECEWISE_BEZIER_KNOTS.);
#202 = CARTESIAN_POINT('',(0.275651785815,19.));
#203 = CARTESIAN_POINT('',(0.27986262322,18.920011821117));
#204 = CARTESIAN_POINT('',(0.284073460625,18.840014776658));
#205 = CARTESIAN_POINT('',(0.28828429803,18.760011821379));
#206 = CARTESIAN_POINT('',(0.292495135434,18.68000591069));
#207 = CARTESIAN_POINT('',(0.296705972839,18.6));
#208 = ( GEOMETRIC_REPRESENTATION_CONTEXT(2) 
PARAMETRIC_REPRESENTATION_CONTEXT() REPRESENTATION_CONTEXT('2D SPACE',''
  ) );
#209 = PCURVE('',#210,#215);
#210 = PLANE('',#211);
#211 = AXIS2_PLACEMENT_3D('',#212,#213,#214);
#212 = CARTESIAN_POINT('',(22.053483728094,6.53328825743,18.8));
#213 = DIRECTION('',(-0.206738015037,0.676209577822,0.707106781187));
#214 = DIRECTION('',(0.956304755963,0.292371704723,2.775557561563E-17));
#215 = DEFINITIONAL_REPRESENTATION('',(#216),#220);
#216 = ELLIPSE('',#217,26.870057685089,19.);
#217 = AXIS2_PLACEMENT_2D('',#218,#219);
#218 = CARTESIAN_POINT('',(-23.,0.282842712475));
#219 = DIRECTION('',(1.962615573355E-17,-1.));
#220 = ( GEOMETRIC_REPRESENTATION_CONTEXT(2) 
PARAMETRIC_REPRESENTATION_CONTEXT() REPRESENTATION_CONTEXT('2D SPACE',''
  ) );
#221 = ORIENTED_EDGE('',*,*,#222,.F.);
#222 = EDGE_CURVE('',#223,#191,#225,.T.);
#223 = VERTEX_POINT('',#224);
#224 = CARTESIAN_POINT('',(18.169790363298,5.555062389732,14.));
#225 = SURFACE_CURVE('',#226,(#230,#236),.PCURVE_S1.);
#226 = LINE('',#227,#228);
#227 = CARTESIAN_POINT('',(18.169790363298,5.555062389732,0.));
#228 = VECTOR('',#229,1.);
#229 = DIRECTION('',(0.,0.,1.));
#230 = PCURVE('',#32,#231);
#231 = DEFINITIONAL_REPRESENTATION('',(#232),#235);
#232 = B_SPLINE_CURVE_WITH_KNOTS('',1,(#233,#234),.UNSPECIFIED.,.F.,.F.,
  (2,2),(13.5,19.5),.PIECEWISE_BEZIER_KNOTS.);
#233 = CARTESIAN_POINT('',(0.296705972839,13.5));
#234 = CARTESIAN_POINT('',(0.296705972839,19.5));
#235 = ( GEOMETRIC_REPRESENTATION_CONTEXT(2) 
PARAMETRIC_REPRESENTATION_CONTEXT() REPRESENTATION_CONTEXT('2D SPACE',''
  ) );
#236 = PCURVE('',#237,#242);
#237 = PLANE('',#238);
#238 = AXIS2_PLACEMENT_3D('',#239,#240,#241);
#239 = CARTESIAN_POINT('',(-43.9900187743,-13.44909841724,6.5));
#240 = DIRECTION('',(-0.292371704723,0.956304755963,0.));
#241 = DIRECTION('',(0.,0.,1.));
#242 = DEFINITIONAL_REPRESENTATION('',(#243),#246);
#243 = B_SPLINE_CURVE_WITH_KNOTS('',1,(#244,#245),.UNSPECIFIED.,.F.,.F.,
  (2,2),(13.5,19.5),.PIECEWISE_BEZIER_KNOTS.);
#244 = CARTESIAN_POINT('',(7.,65.));
#245 = CARTESIAN_POINT('',(13.,65.));
#246 = ( GEOMETRIC_REPRESENTATION_CONTEXT(2) 
PARAMETRIC_REPRESENTATION_CONTEXT() REPRESENTATION_CONTEXT('2D SPACE',''
  ) );
#247 = ORIENTED_EDGE('',*,*,#248,.F.);
#248 = EDGE_CURVE('',#249,#223,#251,.T.);
#249 = VERTEX_POINT('',#250);
#250 = CARTESIAN_POINT('',(19.,-4.65365783676E-15,14.));
#251 = SURFACE_CURVE('',#252,(#257,#264),.PCURVE_S1.);
#252 = CIRCLE('',#253,19.);
#253 = AXIS2_PLACEMENT_3D('',#254,#255,#256);
#254 = CARTESIAN_POINT('',(0.,0.,14.));
#255 = DIRECTION('',(0.,0.,1.));
#256 = DIRECTION('',(1.,0.,-0.));
#257 = PCURVE('',#32,#258);
#258 = DEFINITIONAL_REPRESENTATION('',(#259),#263);
#259 = LINE('',#260,#261);
#260 = CARTESIAN_POINT('',(0.,14.));
#261 = VECTOR('',#262,1.);
#262 = DIRECTION('',(1.,0.));
#263 = ( GEOMETRIC_REPRESENTATION_CONTEXT(2) 
PARAMETRIC_REPRESENTATION_CONTEXT() REPRESENTATION_CONTEXT('2D SPACE',''
  ) );
#264 = PCURVE('',#265,#270);
#265 = PLANE('',#266);
#266 = AXIS2_PLACEMENT_3D('',#267,#268,#269);
#267 = CARTESIAN_POINT('',(0.,0.,14.));
#268 = DIRECTION('',(0.,0.,1.));
#269 = DIRECTION('',(1.,0.,-0.));
#270 = DEFINITIONAL_REPRESENTATION('',(#271),#275);
#271 = CIRCLE('',#272,19.);
#272 = AXIS2_PLACEMENT_2D('',#273,#274);
#273 = CARTESIAN_POINT('',(0.,0.));
#274 = DIRECTION('',(1.,0.));
#275 = ( GEOMETRIC_REPRESENTATION_CONTEXT(2) 
PARAMETRIC_REPRESENTATION_CONTEXT() REPRESENTATION_CONTEXT('2D SPACE',''
  ) );
#276 = ORIENTED_EDGE('',*,*,#277,.F.);
#277 = EDGE_CURVE('',#278,#249,#280,.T.);
#278 = VERTEX_POINT('',#279);
#279 = CARTESIAN_POINT('',(19.,-4.65365783676E-15,0.));
#280 = SEAM_CURVE('',#281,(#285,#292),.PCURVE_S1.);
#281 = LINE('',#282,#283);
#282 = CARTESIAN_POINT('',(19.,-4.65365783676E-15,0.));
#283 = VECTOR('',#284,1.);
#284 = DIRECTION('',(0.,0.,1.));
#285 = PCURVE('',#32,#286);
#286 = DEFINITIONAL_REPRESENTATION('',(#287),#291);
#287 = LINE('',#288,#289);
#288 = CARTESIAN_POINT('',(6.28318530718,-0.));
#289 = VECTOR('',#290,1.);
#290 = DIRECTION('',(0.,1.));
#291 = ( GEOMETRIC_REPRESENTATION_CONTEXT(2) 
PARAMETRIC_REPRESENTATION_CONTEXT() REPRESENTATION_CONTEXT('2D SPACE',''
  ) );
#292 = PCURVE('',#32,#293);
#293 = DEFINITIONAL_REPRESENTATION('',(#294),#298);
#294 = LINE('',#295,#296);
#295 = CARTESIAN_POINT('',(0.,-0.));
#296 = VECTOR('',#297,1.);
#297 = DIRECTION('',(0.,1.));
#298 = ( GEOMETRIC_REPRESENTATION_CONTEXT(2) 
PARAMETRIC_REPRESENTATION_CONTEXT() REPRESENTATION_CONTEXT('2D SPACE',''
  ) );
#299 = ORIENTED_EDGE('',*,*,#300,.T.);
#300 = EDGE_CURVE('',#278,#278,#301,.T.);
#301 = SURFACE_CURVE('',#302,(#307,#314),.PCURVE_S1.);
#302 = CIRCLE('',#303,19.);
#303 = AXIS2_PLACEMENT_3D('',#304,#305,#306);
#304 = CARTESIAN_POINT('',(0.,0.,0.));
#305 = DIRECTION('',(0.,0.,1.));
#306 = DIRECTION('',(1.,0.,-0.));
#307 = PCURVE('',#32,#308);
#308 = DEFINITIONAL_REPRESENTATION('',(#309),#313);
#309 = LINE('',#310,#311);
#310 = CARTESIAN_POINT('',(0.,0.));
#311 = VECTOR('',#312,1.);
#312 = DIRECTION('',(1.,0.));
#313 = ( GEOMETRIC_REPRESENTATION_CONTEXT(2) 
PARAMETRIC_REPRESENTATION_CONTEXT() REPRESENTATION_CONTEXT('2D SPACE',''
  ) );
#314 = PCURVE('',#315,#320);
#315 = PLANE('',#316);
#316 = AXIS2_PLACEMENT_3D('',#317,#318,#319);
#317 = CARTESIAN_POINT('',(0.,0.,0.));
#318 = DIRECTION('',(0.,0.,1.));
#319 = DIRECTION('',(1.,0.,-0.));
#320 = DEFINITIONAL_REPRESENTATION('',(#321),#325);
#321 = CIRCLE('',#322,19.);
#322 = AXIS2_PLACEMENT_2D('',#323,#324);
#323 = CARTESIAN_POINT('',(0.,0.));
#324 = DIRECTION('',(1.,0.));
#325 = ( GEOMETRIC_REPRESENTATION_CONTEXT(2) 
PARAMETRIC_REPRESENTATION_CONTEXT() REPRESENTATION_CONTEXT('2D SPACE',''
  ) );
#326 = ORIENTED_EDGE('',*,*,#277,.T.);
#327 = ORIENTED_EDGE('',*,*,#328,.F.);
#328 = EDGE_CURVE('',#22,#249,#329,.T.);
#329 = SURFACE_CURVE('',#330,(#335,#342),.PCURVE_S1.);
#330 = CIRCLE('',#331,19.);
#331 = AXIS2_PLACEMENT_3D('',#332,#333,#334);
#332 = CARTESIAN_POINT('',(0.,0.,14.));
#333 = DIRECTION('',(0.,0.,1.));
#334 = DIRECTION('',(1.,0.,-0.));
#335 = PCURVE('',#32,#336);
#336 = DEFINITIONAL_REPRESENTATION('',(#337),#341);
#337 = LINE('',#338,#339);
#338 = CARTESIAN_POINT('',(0.,14.));
#339 = VECTOR('',#340,1.);
#340 = DIRECTION('',(1.,0.));
#341 = ( GEOMETRIC_REPRESENTATION_CONTEXT(2) 
PARAMETRIC_REPRESENTATION_CONTEXT() REPRESENTATION_CONTEXT('2D SPACE',''
  ) );
#342 = PCURVE('',#265,#343);
#343 = DEFINITIONAL_REPRESENTATION('',(#344),#348);
#344 = CIRCLE('',#345,19.);
#345 = AXIS2_PLACEMENT_2D('',#346,#347);
#346 = CARTESIAN_POINT('',(0.,0.));
#347 = DIRECTION('',(1.,0.));
#348 = ( GEOMETRIC_REPRESENTATION_CONTEXT(2) 
PARAMETRIC_REPRESENTATION_CONTEXT() REPRESENTATION_CONTEXT('2D SPACE',''
  ) );
#349 = FACE_BOUND('',#350,.T.);
#350 = EDGE_LOOP('',(#351,#379,#411,#440,#476,#502));
#351 = ORIENTED_EDGE('',*,*,#352,.T.);
#352 = EDGE_CURVE('',#353,#355,#357,.T.);
#353 = VERTEX_POINT('',#354);
#354 = CARTESIAN_POINT('',(-4.274070032533,18.513031230919,14.));
#355 = VERTEX_POINT('',#356);
#356 = CARTESIAN_POINT('',(-4.274070032533,18.513031230919,18.6));
#357 = SURFACE_CURVE('',#358,(#362,#368),.PCURVE_S1.);
#358 = LINE('',#359,#360);
#359 = CARTESIAN_POINT('',(-4.274070032533,18.513031230919,0.));
#360 = VECTOR('',#361,1.);
#361 = DIRECTION('',(0.,0.,1.));
#362 = PCURVE('',#32,#363);
#363 = DEFINITIONAL_REPRESENTATION('',(#364),#367);
#364 = B_SPLINE_CURVE_WITH_KNOTS('',1,(#365,#366),.UNSPECIFIED.,.F.,.F.,
  (2,2),(13.5,19.5),.PIECEWISE_BEZIER_KNOTS.);
#365 = CARTESIAN_POINT('',(1.797689129554,13.5));
#366 = CARTESIAN_POINT('',(1.797689129554,19.5));
#367 = ( GEOMETRIC_REPRESENTATION_CONTEXT(2) 
PARAMETRIC_REPRESENTATION_CONTEXT() REPRESENTATION_CONTEXT('2D SPACE',''
  ) );
#368 = PCURVE('',#369,#374);
#369 = PLANE('',#370);
#370 = AXIS2_PLACEMENT_3D('',#371,#372,#373);
#371 = CARTESIAN_POINT('',(10.347748499818,-44.82102298012,6.5));
#372 = DIRECTION('',(-0.974370064785,-0.224951054344,0.));
#373 = DIRECTION('',(0.,0.,1.));
#374 = DEFINITIONAL_REPRESENTATION('',(#375),#378);
#375 = B_SPLINE_CURVE_WITH_KNOTS('',1,(#376,#377),.UNSPECIFIED.,.F.,.F.,
  (2,2),(13.5,19.5),.PIECEWISE_BEZIER_KNOTS.);
#376 = CARTESIAN_POINT('',(7.,65.));
#377 = CARTESIAN_POINT('',(13.,65.));
#378 = ( GEOMETRIC_REPRESENTATION_CONTEXT(2) 
PARAMETRIC_REPRESENTATION_CONTEXT() REPRESENTATION_CONTEXT('2D SPACE',''
  ) );
#379 = ORIENTED_EDGE('',*,*,#380,.F.);
#380 = EDGE_CURVE('',#381,#355,#383,.T.);
#381 = VERTEX_POINT('',#382);
#382 = CARTESIAN_POINT('',(-4.662870791141,18.418947743699,19.));
#383 = SURFACE_CURVE('',#384,(#389,#399),.PCURVE_S1.);
#384 = ELLIPSE('',#385,26.870057685089,19.);
#385 = AXIS2_PLACEMENT_3D('',#386,#387,#388);
#386 = CARTESIAN_POINT('',(0.,0.,18.6));
#387 = DIRECTION('',(-0.688983680195,-0.159064415962,-0.707106781187));
#388 = DIRECTION('',(-0.688983680195,-0.159064415962,0.707106781187));
#389 = PCURVE('',#32,#390);
#390 = DEFINITIONAL_REPRESENTATION('',(#391),#398);
#391 = B_SPLINE_CURVE_WITH_KNOTS('',5,(#392,#393,#394,#395,#396,#397),
  .UNSPECIFIED.,.F.,.F.,(6,6),(1.549742139771,1.570796326795),
  .PIECEWISE_BEZIER_KNOTS.);
#392 = CARTESIAN_POINT('',(1.818743316578,19.));
#393 = CARTESIAN_POINT('',(1.814532479173,18.920011821117));
#394 = CARTESIAN_POINT('',(1.810321641768,18.840014776658));
#395 = CARTESIAN_POINT('',(1.806110804364,18.760011821379));
#396 = CARTESIAN_POINT('',(1.801899966959,18.68000591069));
#397 = CARTESIAN_POINT('',(1.797689129554,18.6));
#398 = ( GEOMETRIC_REPRESENTATION_CONTEXT(2) 
PARAMETRIC_REPRESENTATION_CONTEXT() REPRESENTATION_CONTEXT('2D SPACE',''
  ) );
#399 = PCURVE('',#400,#405);
#400 = PLANE('',#401);
#401 = AXIS2_PLACEMENT_3D('',#402,#403,#404);
#402 = CARTESIAN_POINT('',(-5.368748262866,22.365521279192,18.8));
#403 = DIRECTION('',(-0.688983680195,-0.159064415962,-0.707106781187));
#404 = DIRECTION('',(-0.224951054344,0.974370064785,6.938893903907E-17)
  );
#405 = DEFINITIONAL_REPRESENTATION('',(#406),#410);
#406 = ELLIPSE('',#407,26.870057685089,19.);
#407 = AXIS2_PLACEMENT_2D('',#408,#409);
#408 = CARTESIAN_POINT('',(-23.,0.282842712475));
#409 = DIRECTION('',(1.045765405651E-16,-1.));
#410 = ( GEOMETRIC_REPRESENTATION_CONTEXT(2) 
PARAMETRIC_REPRESENTATION_CONTEXT() REPRESENTATION_CONTEXT('2D SPACE',''
  ) );
#411 = ORIENTED_EDGE('',*,*,#412,.T.);
#412 = EDGE_CURVE('',#381,#413,#415,.T.);
#413 = VERTEX_POINT('',#414);
#414 = CARTESIAN_POINT('',(-13.61984126145,13.247638431543,19.));
#415 = SURFACE_CURVE('',#416,(#421,#428),.PCURVE_S1.);
#416 = CIRCLE('',#417,19.);
#417 = AXIS2_PLACEMENT_3D('',#418,#419,#420);
#418 = CARTESIAN_POINT('',(0.,0.,19.));
#419 = DIRECTION('',(0.,0.,1.));
#420 = DIRECTION('',(1.,0.,-0.));
#421 = PCURVE('',#32,#422);
#422 = DEFINITIONAL_REPRESENTATION('',(#423),#427);
#423 = LINE('',#424,#425);
#424 = CARTESIAN_POINT('',(0.,19.));
#425 = VECTOR('',#426,1.);
#426 = DIRECTION('',(1.,0.));
#427 = ( GEOMETRIC_REPRESENTATION_CONTEXT(2) 
PARAMETRIC_REPRESENTATION_CONTEXT() REPRESENTATION_CONTEXT('2D SPACE',''
  ) );
#428 = PCURVE('',#429,#434);
#429 = PLANE('',#430);
#430 = AXIS2_PLACEMENT_3D('',#431,#432,#433);
#431 = CARTESIAN_POINT('',(0.,0.,19.));
#432 = DIRECTION('',(0.,0.,1.));
#433 = DIRECTION('',(1.,0.,-0.));
#434 = DEFINITIONAL_REPRESENTATION('',(#435),#439);
#435 = CIRCLE('',#436,19.);
#436 = AXIS2_PLACEMENT_2D('',#437,#438);
#437 = CARTESIAN_POINT('',(0.,0.));
#438 = DIRECTION('',(1.,0.));
#439 = ( GEOMETRIC_REPRESENTATION_CONTEXT(2) 
PARAMETRIC_REPRESENTATION_CONTEXT() REPRESENTATION_CONTEXT('2D SPACE',''
  ) );
#440 = ORIENTED_EDGE('',*,*,#441,.F.);
#441 = EDGE_CURVE('',#442,#413,#444,.T.);
#442 = VERTEX_POINT('',#443);
#443 = CARTESIAN_POINT('',(-13.89572033076,12.957968841187,18.6));
#444 = SURFACE_CURVE('',#445,(#450,#460),.PCURVE_S1.);
#445 = ELLIPSE('',#446,26.870057685089,19.);
#446 = AXIS2_PLACEMENT_3D('',#447,#448,#449);
#447 = CARTESIAN_POINT('',(0.,0.,18.6));
#448 = DIRECTION('',(0.482245665158,0.517145161861,-0.707106781187));
#449 = DIRECTION('',(0.482245665158,0.517145161861,0.707106781187));
#450 = PCURVE('',#32,#451);
#451 = DEFINITIONAL_REPRESENTATION('',(#452),#459);
#452 = B_SPLINE_CURVE_WITH_KNOTS('',5,(#453,#454,#455,#456,#457,#458),
  .UNSPECIFIED.,.F.,.F.,(6,6),(4.712388980385,4.733443167408),
  .PIECEWISE_BEZIER_KNOTS.);
#453 = CARTESIAN_POINT('',(2.391101075232,18.6));
#454 = CARTESIAN_POINT('',(2.386890237828,18.68000591069));
#455 = CARTESIAN_POINT('',(2.382679400423,18.760011821379));
#456 = CARTESIAN_POINT('',(2.378468563018,18.840014776658));
#457 = CARTESIAN_POINT('',(2.374257725613,18.920011821117));
#458 = CARTESIAN_POINT('',(2.370046888209,19.));
#459 = ( GEOMETRIC_REPRESENTATION_CONTEXT(2) 
PARAMETRIC_REPRESENTATION_CONTEXT() REPRESENTATION_CONTEXT('2D SPACE',''
  ) );
#460 = PCURVE('',#461,#466);
#461 = PLANE('',#462);
#462 = AXIS2_PLACEMENT_3D('',#463,#464,#465);
#463 = CARTESIAN_POINT('',(-16.68473546522,15.832233021761,18.8));
#464 = DIRECTION('',(-0.482245665158,-0.517145161861,0.707106781187));
#465 = DIRECTION('',(0.731353701619,-0.681998360062,8.326672684689E-17)
  );
#466 = DEFINITIONAL_REPRESENTATION('',(#467),#475);
#467 = ( BOUNDED_CURVE() B_SPLINE_CURVE(2,(#468,#469,#470,#471,#472,#473
,#474),.UNSPECIFIED.,.T.,.F.) B_SPLINE_CURVE_WITH_KNOTS((1,2,2,2,2,1),(
    -2.094395102393,0.,2.094395102393,4.188790204786,6.28318530718,
8.377580409573),.UNSPECIFIED.) CURVE() GEOMETRIC_REPRESENTATION_ITEM() 
RATIONAL_B_SPLINE_CURVE((1.,0.5,1.,0.5,1.,0.5,1.)) REPRESENTATION_ITEM(
  '') );
#468 = CARTESIAN_POINT('',(23.,26.587214972614));
#469 = CARTESIAN_POINT('',(55.908965343809,26.587214972614));
#470 = CARTESIAN_POINT('',(39.454482671904,-13.71787155501));
#471 = CARTESIAN_POINT('',(23.,-54.02295808265));
#472 = CARTESIAN_POINT('',(6.545517328096,-13.71787155501));
#473 = CARTESIAN_POINT('',(-9.908965343809,26.587214972614));
#474 = CARTESIAN_POINT('',(23.,26.587214972614));
#475 = ( GEOMETRIC_REPRESENTATION_CONTEXT(2) 
PARAMETRIC_REPRESENTATION_CONTEXT() REPRESENTATION_CONTEXT('2D SPACE',''
  ) );
#476 = ORIENTED_EDGE('',*,*,#477,.F.);
#477 = EDGE_CURVE('',#478,#442,#480,.T.);
#478 = VERTEX_POINT('',#479);
#479 = CARTESIAN_POINT('',(-13.89572033076,12.957968841187,14.));
#480 = SURFACE_CURVE('',#481,(#485,#491),.PCURVE_S1.);
#481 = LINE('',#482,#483);
#482 = CARTESIAN_POINT('',(-13.89572033076,12.957968841187,0.));
#483 = VECTOR('',#484,1.);
#484 = DIRECTION('',(0.,0.,1.));
#485 = PCURVE('',#32,#486);
#486 = DEFINITIONAL_REPRESENTATION('',(#487),#490);
#487 = B_SPLINE_CURVE_WITH_KNOTS('',1,(#488,#489),.UNSPECIFIED.,.F.,.F.,
  (2,2),(13.5,19.5),.PIECEWISE_BEZIER_KNOTS.);
#488 = CARTESIAN_POINT('',(2.391101075232,13.5));
#489 = CARTESIAN_POINT('',(2.391101075232,19.5));
#490 = ( GEOMETRIC_REPRESENTATION_CONTEXT(2) 
PARAMETRIC_REPRESENTATION_CONTEXT() REPRESENTATION_CONTEXT('2D SPACE',''
  ) );
#491 = PCURVE('',#492,#497);
#492 = PLANE('',#493);
#493 = AXIS2_PLACEMENT_3D('',#494,#495,#496);
#494 = CARTESIAN_POINT('',(33.642270274482,-31.37192456287,6.5));
#495 = DIRECTION('',(-0.681998360062,-0.731353701619,0.));
#496 = DIRECTION('',(0.,0.,1.));
#497 = DEFINITIONAL_REPRESENTATION('',(#498),#501);
#498 = B_SPLINE_CURVE_WITH_KNOTS('',1,(#499,#500),.UNSPECIFIED.,.F.,.F.,
  (2,2),(13.5,19.5),.PIECEWISE_BEZIER_KNOTS.);
#499 = CARTESIAN_POINT('',(7.,65.));
#500 = CARTESIAN_POINT('',(13.,65.));
#501 = ( GEOMETRIC_REPRESENTATION_CONTEXT(2) 
PARAMETRIC_REPRESENTATION_CONTEXT() REPRESENTATION_CONTEXT('2D SPACE',''
  ) );
#502 = ORIENTED_EDGE('',*,*,#503,.F.);
#503 = EDGE_CURVE('',#353,#478,#504,.T.);
#504 = SURFACE_CURVE('',#505,(#510,#517),.PCURVE_S1.);
#505 = CIRCLE('',#506,19.);
#506 = AXIS2_PLACEMENT_3D('',#507,#508,#509);
#507 = CARTESIAN_POINT('',(0.,0.,14.));
#508 = DIRECTION('',(0.,0.,1.));
#509 = DIRECTION('',(1.,0.,-0.));
#510 = PCURVE('',#32,#511);
#511 = DEFINITIONAL_REPRESENTATION('',(#512),#516);
#512 = LINE('',#513,#514);
#513 = CARTESIAN_POINT('',(0.,14.));
#514 = VECTOR('',#515,1.);
#515 = DIRECTION('',(1.,0.));
#516 = ( GEOMETRIC_REPRESENTATION_CONTEXT(2) 
PARAMETRIC_REPRESENTATION_CONTEXT() REPRESENTATION_CONTEXT('2D SPACE',''
  ) );
#517 = PCURVE('',#518,#523);
#518 = PLANE('',#519);
#519 = AXIS2_PLACEMENT_3D('',#520,#521,#522);
#520 = CARTESIAN_POINT('',(0.,0.,14.));
#521 = DIRECTION('',(0.,0.,1.));
#522 = DIRECTION('',(1.,0.,-0.));
#523 = DEFINITIONAL_REPRESENTATION('',(#524),#528);
#524 = CIRCLE('',#525,19.);
#525 = AXIS2_PLACEMENT_2D('',#526,#527);
#526 = CARTESIAN_POINT('',(0.,0.));
#527 = DIRECTION('',(1.,0.));
#528 = ( GEOMETRIC_REPRESENTATION_CONTEXT(2) 
PARAMETRIC_REPRESENTATION_CONTEXT() REPRESENTATION_CONTEXT('2D SPACE',''
  ) );
#529 = FACE_BOUND('',#530,.T.);
#530 = EDGE_LOOP('',(#531,#559,#588,#614,#650,#679));
#531 = ORIENTED_EDGE('',*,*,#532,.F.);
#532 = EDGE_CURVE('',#533,#535,#537,.T.);
#533 = VERTEX_POINT('',#534);
#534 = CARTESIAN_POINT('',(-4.274070032533,-18.51303123091,14.));
#535 = VERTEX_POINT('',#536);
#536 = CARTESIAN_POINT('',(-4.274070032533,-18.51303123091,18.6));
#537 = SURFACE_CURVE('',#538,(#542,#548),.PCURVE_S1.);
#538 = LINE('',#539,#540);
#539 = CARTESIAN_POINT('',(-4.274070032533,-18.51303123091,0.));
#540 = VECTOR('',#541,1.);
#541 = DIRECTION('',(0.,0.,1.));
#542 = PCURVE('',#32,#543);
#543 = DEFINITIONAL_REPRESENTATION('',(#544),#547);
#544 = B_SPLINE_CURVE_WITH_KNOTS('',1,(#545,#546),.UNSPECIFIED.,.F.,.F.,
  (2,2),(13.5,19.5),.PIECEWISE_BEZIER_KNOTS.);
#545 = CARTESIAN_POINT('',(4.485496177625,13.5));
#546 = CARTESIAN_POINT('',(4.485496177625,19.5));
#547 = ( GEOMETRIC_REPRESENTATION_CONTEXT(2) 
PARAMETRIC_REPRESENTATION_CONTEXT() REPRESENTATION_CONTEXT('2D SPACE',''
  ) );
#548 = PCURVE('',#549,#554);
#549 = PLANE('',#550);
#550 = AXIS2_PLACEMENT_3D('',#551,#552,#553);
#551 = CARTESIAN_POINT('',(10.347748499818,44.821022980121,6.5));
#552 = DIRECTION('',(0.974370064785,-0.224951054344,0.));
#553 = DIRECTION('',(0.,0.,1.));
#554 = DEFINITIONAL_REPRESENTATION('',(#555),#558);
#555 = B_SPLINE_CURVE_WITH_KNOTS('',1,(#556,#557),.UNSPECIFIED.,.F.,.F.,
  (2,2),(13.5,19.5),.PIECEWISE_BEZIER_KNOTS.);
#556 = CARTESIAN_POINT('',(7.,65.));
#557 = CARTESIAN_POINT('',(13.,65.));
#558 = ( GEOMETRIC_REPRESENTATION_CONTEXT(2) 
PARAMETRIC_REPRESENTATION_CONTEXT() REPRESENTATION_CONTEXT('2D SPACE',''
  ) );
#559 = ORIENTED_EDGE('',*,*,#560,.F.);
#560 = EDGE_CURVE('',#561,#533,#563,.T.);
#561 = VERTEX_POINT('',#562);
#562 = CARTESIAN_POINT('',(-13.89572033076,-12.95796884118,14.));
#563 = SURFACE_CURVE('',#564,(#569,#576),.PCURVE_S1.);
#564 = CIRCLE('',#565,19.);
#565 = AXIS2_PLACEMENT_3D('',#566,#567,#568);
#566 = CARTESIAN_POINT('',(0.,0.,14.));
#567 = DIRECTION('',(0.,0.,1.));
#568 = DIRECTION('',(1.,0.,-0.));
#569 = PCURVE('',#32,#570);
#570 = DEFINITIONAL_REPRESENTATION('',(#571),#575);
#571 = LINE('',#572,#573);
#572 = CARTESIAN_POINT('',(0.,14.));
#573 = VECTOR('',#574,1.);
#574 = DIRECTION('',(1.,0.));
#575 = ( GEOMETRIC_REPRESENTATION_CONTEXT(2) 
PARAMETRIC_REPRESENTATION_CONTEXT() REPRESENTATION_CONTEXT('2D SPACE',''
  ) );
#576 = PCURVE('',#577,#582);
#577 = PLANE('',#578);
#578 = AXIS2_PLACEMENT_3D('',#579,#580,#581);
#579 = CARTESIAN_POINT('',(0.,0.,14.));
#580 = DIRECTION('',(0.,0.,1.));
#581 = DIRECTION('',(1.,0.,-0.));
#582 = DEFINITIONAL_REPRESENTATION('',(#583),#587);
#583 = CIRCLE('',#584,19.);
#584 = AXIS2_PLACEMENT_2D('',#585,#586);
#585 = CARTESIAN_POINT('',(0.,0.));
#586 = DIRECTION('',(1.,0.));
#587 = ( GEOMETRIC_REPRESENTATION_CONTEXT(2) 
PARAMETRIC_REPRESENTATION_CONTEXT() REPRESENTATION_CONTEXT('2D SPACE',''
  ) );
#588 = ORIENTED_EDGE('',*,*,#589,.T.);
#589 = EDGE_CURVE('',#561,#590,#592,.T.);
#590 = VERTEX_POINT('',#591);
#591 = CARTESIAN_POINT('',(-13.89572033076,-12.95796884118,18.6));
#592 = SURFACE_CURVE('',#593,(#597,#603),.PCURVE_S1.);
#593 = LINE('',#594,#595);
#594 = CARTESIAN_POINT('',(-13.89572033076,-12.95796884118,0.));
#595 = VECTOR('',#596,1.);
#596 = DIRECTION('',(0.,0.,1.));
#597 = PCURVE('',#32,#598);
#598 = DEFINITIONAL_REPRESENTATION('',(#599),#602);
#599 = B_SPLINE_CURVE_WITH_KNOTS('',1,(#600,#601),.UNSPECIFIED.,.F.,.F.,
  (2,2),(13.5,19.5),.PIECEWISE_BEZIER_KNOTS.);
#600 = CARTESIAN_POINT('',(3.892084231947,13.5));
#601 = CARTESIAN_POINT('',(3.892084231947,19.5));
#602 = ( GEOMETRIC_REPRESENTATION_CONTEXT(2) 
PARAMETRIC_REPRESENTATION_CONTEXT() REPRESENTATION_CONTEXT('2D SPACE',''
  ) );
#603 = PCURVE('',#604,#609);
#604 = PLANE('',#605);
#605 = AXIS2_PLACEMENT_3D('',#606,#607,#608);
#606 = CARTESIAN_POINT('',(33.642270274482,31.371924562875,6.5));
#607 = DIRECTION('',(0.681998360062,-0.731353701619,0.));
#608 = DIRECTION('',(0.,0.,1.));
#609 = DEFINITIONAL_REPRESENTATION('',(#610),#613);
#610 = B_SPLINE_CURVE_WITH_KNOTS('',1,(#611,#612),.UNSPECIFIED.,.F.,.F.,
  (2,2),(13.5,19.5),.PIECEWISE_BEZIER_KNOTS.);
#611 = CARTESIAN_POINT('',(7.,65.));
#612 = CARTESIAN_POINT('',(13.,65.));
#613 = ( GEOMETRIC_REPRESENTATION_CONTEXT(2) 
PARAMETRIC_REPRESENTATION_CONTEXT() REPRESENTATION_CONTEXT('2D SPACE',''
  ) );
#614 = ORIENTED_EDGE('',*,*,#615,.T.);
#615 = EDGE_CURVE('',#590,#616,#618,.T.);
#616 = VERTEX_POINT('',#617);
#617 = CARTESIAN_POINT('',(-13.61984126145,-13.24763843154,19.));
#618 = SURFACE_CURVE('',#619,(#624,#634),.PCURVE_S1.);
#619 = ELLIPSE('',#620,26.870057685089,19.);
#620 = AXIS2_PLACEMENT_3D('',#621,#622,#623);
#621 = CARTESIAN_POINT('',(0.,0.,18.6));
#622 = DIRECTION('',(-0.482245665158,0.517145161861,0.707106781187));
#623 = DIRECTION('',(0.482245665158,-0.517145161861,0.707106781187));
#624 = PCURVE('',#32,#625);
#625 = DEFINITIONAL_REPRESENTATION('',(#626),#633);
#626 = B_SPLINE_CURVE_WITH_KNOTS('',5,(#627,#628,#629,#630,#631,#632),
  .UNSPECIFIED.,.F.,.F.,(6,6),(4.712388980385,4.733443167408),
  .PIECEWISE_BEZIER_KNOTS.);
#627 = CARTESIAN_POINT('',(3.892084231947,18.6));
#628 = CARTESIAN_POINT('',(3.896295069352,18.68000591069));
#629 = CARTESIAN_POINT('',(3.900505906757,18.760011821379));
#630 = CARTESIAN_POINT('',(3.904716744162,18.840014776658));
#631 = CARTESIAN_POINT('',(3.908927581566,18.920011821117));
#632 = CARTESIAN_POINT('',(3.913138418971,19.));
#633 = ( GEOMETRIC_REPRESENTATION_CONTEXT(2) 
PARAMETRIC_REPRESENTATION_CONTEXT() REPRESENTATION_CONTEXT('2D SPACE',''
  ) );
#634 = PCURVE('',#635,#640);
#635 = PLANE('',#636);
#636 = AXIS2_PLACEMENT_3D('',#637,#638,#639);
#637 = CARTESIAN_POINT('',(-16.68473546522,-15.83223302176,18.8));
#638 = DIRECTION('',(0.482245665158,-0.517145161861,-0.707106781187));
#639 = DIRECTION('',(0.731353701619,0.681998360062,-1.665334536938E-16)
  );
#640 = DEFINITIONAL_REPRESENTATION('',(#641),#649);
#641 = ( BOUNDED_CURVE() B_SPLINE_CURVE(2,(#642,#643,#644,#645,#646,#647
,#648),.UNSPECIFIED.,.T.,.F.) B_SPLINE_CURVE_WITH_KNOTS((1,2,2,2,2,1),(
    -2.094395102393,0.,2.094395102393,4.188790204786,6.28318530718,
8.377580409573),.UNSPECIFIED.) CURVE() GEOMETRIC_REPRESENTATION_ITEM() 
RATIONAL_B_SPLINE_CURVE((1.,0.5,1.,0.5,1.,0.5,1.)) REPRESENTATION_ITEM(
  '') );
#642 = CARTESIAN_POINT('',(23.,26.587214972614));
#643 = CARTESIAN_POINT('',(55.908965343809,26.587214972614));
#644 = CARTESIAN_POINT('',(39.454482671904,-13.71787155501));
#645 = CARTESIAN_POINT('',(23.,-54.02295808265));
#646 = CARTESIAN_POINT('',(6.545517328096,-13.71787155501));
#647 = CARTESIAN_POINT('',(-9.908965343809,26.587214972614));
#648 = CARTESIAN_POINT('',(23.,26.587214972614));
#649 = ( GEOMETRIC_REPRESENTATION_CONTEXT(2) 
PARAMETRIC_REPRESENTATION_CONTEXT() REPRESENTATION_CONTEXT('2D SPACE',''
  ) );
#650 = ORIENTED_EDGE('',*,*,#651,.T.);
#651 = EDGE_CURVE('',#616,#652,#654,.T.);
#652 = VERTEX_POINT('',#653);
#653 = CARTESIAN_POINT('',(-4.662870791141,-18.41894774369,19.));
#654 = SURFACE_CURVE('',#655,(#660,#667),.PCURVE_S1.);
#655 = CIRCLE('',#656,19.);
#656 = AXIS2_PLACEMENT_3D('',#657,#658,#659);
#657 = CARTESIAN_POINT('',(0.,0.,19.));
#658 = DIRECTION('',(0.,0.,1.));
#659 = DIRECTION('',(1.,0.,-0.));
#660 = PCURVE('',#32,#661);
#661 = DEFINITIONAL_REPRESENTATION('',(#662),#666);
#662 = LINE('',#663,#664);
#663 = CARTESIAN_POINT('',(0.,19.));
#664 = VECTOR('',#665,1.);
#665 = DIRECTION('',(1.,0.));
#666 = ( GEOMETRIC_REPRESENTATION_CONTEXT(2) 
PARAMETRIC_REPRESENTATION_CONTEXT() REPRESENTATION_CONTEXT('2D SPACE',''
  ) );
#667 = PCURVE('',#668,#673);
#668 = PLANE('',#669);
#669 = AXIS2_PLACEMENT_3D('',#670,#671,#672);
#670 = CARTESIAN_POINT('',(0.,0.,19.));
#671 = DIRECTION('',(0.,0.,1.));
#672 = DIRECTION('',(1.,0.,-0.));
#673 = DEFINITIONAL_REPRESENTATION('',(#674),#678);
#674 = CIRCLE('',#675,19.);
#675 = AXIS2_PLACEMENT_2D('',#676,#677);
#676 = CARTESIAN_POINT('',(0.,0.));
#677 = DIRECTION('',(1.,0.));
#678 = ( GEOMETRIC_REPRESENTATION_CONTEXT(2) 
PARAMETRIC_REPRESENTATION_CONTEXT() REPRESENTATION_CONTEXT('2D SPACE',''
  ) );
#679 = ORIENTED_EDGE('',*,*,#680,.T.);
#680 = EDGE_CURVE('',#652,#535,#681,.T.);
#681 = SURFACE_CURVE('',#682,(#687,#697),.PCURVE_S1.);
#682 = ELLIPSE('',#683,26.870057685089,19.);
#683 = AXIS2_PLACEMENT_3D('',#684,#685,#686);
#684 = CARTESIAN_POINT('',(0.,0.,18.6));
#685 = DIRECTION('',(0.688983680195,-0.159064415962,0.707106781187));
#686 = DIRECTION('',(-0.688983680195,0.159064415962,0.707106781187));
#687 = PCURVE('',#32,#688);
#688 = DEFINITIONAL_REPRESENTATION('',(#689),#696);
#689 = B_SPLINE_CURVE_WITH_KNOTS('',5,(#690,#691,#692,#693,#694,#695),
  .UNSPECIFIED.,.F.,.F.,(6,6),(1.549742139771,1.570796326795),
  .PIECEWISE_BEZIER_KNOTS.);
#690 = CARTESIAN_POINT('',(4.464441990602,19.));
#691 = CARTESIAN_POINT('',(4.468652828007,18.920011821117));
#692 = CARTESIAN_POINT('',(4.472863665411,18.840014776658));
#693 = CARTESIAN_POINT('',(4.477074502816,18.760011821379));
#694 = CARTESIAN_POINT('',(4.481285340221,18.68000591069));
#695 = CARTESIAN_POINT('',(4.485496177625,18.6));
#696 = ( GEOMETRIC_REPRESENTATION_CONTEXT(2) 
PARAMETRIC_REPRESENTATION_CONTEXT() REPRESENTATION_CONTEXT('2D SPACE',''
  ) );
#697 = PCURVE('',#698,#703);
#698 = PLANE('',#699);
#699 = AXIS2_PLACEMENT_3D('',#700,#701,#702);
#700 = CARTESIAN_POINT('',(-5.368748262866,-22.36552127919,18.8));
#701 = DIRECTION('',(0.688983680195,-0.159064415962,0.707106781187));
#702 = DIRECTION('',(-0.224951054344,-0.974370064785,9.71445146547E-17)
  );
#703 = DEFINITIONAL_REPRESENTATION('',(#704),#708);
#704 = ELLIPSE('',#705,26.870057685089,19.);
#705 = AXIS2_PLACEMENT_2D('',#706,#707);
#706 = CARTESIAN_POINT('',(-23.,0.282842712475));
#707 = DIRECTION('',(1.242026962987E-16,-1.));
#708 = ( GEOMETRIC_REPRESENTATION_CONTEXT(2) 
PARAMETRIC_REPRESENTATION_CONTEXT() REPRESENTATION_CONTEXT('2D SPACE',''
  ) );
#709 = ADVANCED_FACE('',(#710),#43,.F.);
#710 = FACE_BOUND('',#711,.F.);
#711 = EDGE_LOOP('',(#712,#740,#759,#760));
#712 = ORIENTED_EDGE('',*,*,#713,.F.);
#713 = EDGE_CURVE('',#714,#716,#718,.T.);
#714 = VERTEX_POINT('',#715);
#715 = CARTESIAN_POINT('',(21.99500938715,-6.724549208623,14.));
#716 = VERTEX_POINT('',#717);
#717 = CARTESIAN_POINT('',(21.99500938715,-6.724549208623,18.6));
#718 = SURFACE_CURVE('',#719,(#723,#729),.PCURVE_S1.);
#719 = LINE('',#720,#721);
#720 = CARTESIAN_POINT('',(21.99500938715,-6.724549208623,14.));
#721 = VECTOR('',#722,1.);
#722 = DIRECTION('',(0.,0.,1.));
#723 = PCURVE('',#43,#724);
#724 = DEFINITIONAL_REPRESENTATION('',(#725),#728);
#725 = B_SPLINE_CURVE_WITH_KNOTS('',1,(#726,#727),.UNSPECIFIED.,.F.,.F.,
  (2,2),(-6.E-07,5.0000006),.PIECEWISE_BEZIER_KNOTS.);
#726 = CARTESIAN_POINT('',(7.4999994,69.));
#727 = CARTESIAN_POINT('',(12.5000006,69.));
#728 = ( GEOMETRIC_REPRESENTATION_CONTEXT(2) 
PARAMETRIC_REPRESENTATION_CONTEXT() REPRESENTATION_CONTEXT('2D SPACE',''
  ) );
#729 = PCURVE('',#730,#735);
#730 = CYLINDRICAL_SURFACE('',#731,23.);
#731 = AXIS2_PLACEMENT_3D('',#732,#733,#734);
#732 = CARTESIAN_POINT('',(0.,0.,14.));
#733 = DIRECTION('',(0.,0.,1.));
#734 = DIRECTION('',(1.,0.,-0.));
#735 = DEFINITIONAL_REPRESENTATION('',(#736),#739);
#736 = B_SPLINE_CURVE_WITH_KNOTS('',1,(#737,#738),.UNSPECIFIED.,.F.,.F.,
  (2,2),(0.,5.),.PIECEWISE_BEZIER_KNOTS.);
#737 = CARTESIAN_POINT('',(5.986479334341,0.));
#738 = CARTESIAN_POINT('',(5.986479334341,5.));
#739 = ( GEOMETRIC_REPRESENTATION_CONTEXT(2) 
PARAMETRIC_REPRESENTATION_CONTEXT() REPRESENTATION_CONTEXT('2D SPACE',''
  ) );
#740 = ORIENTED_EDGE('',*,*,#741,.T.);
#741 = EDGE_CURVE('',#714,#22,#742,.T.);
#742 = SURFACE_CURVE('',#743,(#747,#753),.PCURVE_S1.);
#743 = LINE('',#744,#745);
#744 = CARTESIAN_POINT('',(-21.99500938715,6.724549208623,14.));
#745 = VECTOR('',#746,1.);
#746 = DIRECTION('',(-0.956304755963,0.292371704723,0.));
#747 = PCURVE('',#43,#748);
#748 = DEFINITIONAL_REPRESENTATION('',(#749),#752);
#749 = B_SPLINE_CURVE_WITH_KNOTS('',1,(#750,#751),.UNSPECIFIED.,.F.,.F.,
  (2,2),(-47.0509103992,1.050910399204),.PIECEWISE_BEZIER_KNOTS.);
#750 = CARTESIAN_POINT('',(7.5,70.050910399204));
#751 = CARTESIAN_POINT('',(7.5,21.949089600796));
#752 = ( GEOMETRIC_REPRESENTATION_CONTEXT(2) 
PARAMETRIC_REPRESENTATION_CONTEXT() REPRESENTATION_CONTEXT('2D SPACE',''
  ) );
#753 = PCURVE('',#265,#754);
#754 = DEFINITIONAL_REPRESENTATION('',(#755),#758);
#755 = B_SPLINE_CURVE_WITH_KNOTS('',1,(#756,#757),.UNSPECIFIED.,.F.,.F.,
  (2,2),(-47.0509103992,1.050910399204),.PIECEWISE_BEZIER_KNOTS.);
#756 = CARTESIAN_POINT('',(23.,-7.031805673549));
#757 = CARTESIAN_POINT('',(-23.,7.031805673549));
#758 = ( GEOMETRIC_REPRESENTATION_CONTEXT(2) 
PARAMETRIC_REPRESENTATION_CONTEXT() REPRESENTATION_CONTEXT('2D SPACE',''
  ) );
#759 = ORIENTED_EDGE('',*,*,#21,.T.);
#760 = ORIENTED_EDGE('',*,*,#761,.F.);
#761 = EDGE_CURVE('',#716,#24,#762,.T.);
#762 = SURFACE_CURVE('',#763,(#767,#774),.PCURVE_S1.);
#763 = LINE('',#764,#765);
#764 = CARTESIAN_POINT('',(21.99500938715,-6.724549208623,18.6));
#765 = VECTOR('',#766,1.);
#766 = DIRECTION('',(-0.956304755963,0.292371704723,0.));
#767 = PCURVE('',#43,#768);
#768 = DEFINITIONAL_REPRESENTATION('',(#769),#773);
#769 = LINE('',#770,#771);
#770 = CARTESIAN_POINT('',(12.1,69.));
#771 = VECTOR('',#772,1.);
#772 = DIRECTION('',(0.,-1.));
#773 = ( GEOMETRIC_REPRESENTATION_CONTEXT(2) 
PARAMETRIC_REPRESENTATION_CONTEXT() REPRESENTATION_CONTEXT('2D SPACE',''
  ) );
#774 = PCURVE('',#74,#775);
#775 = DEFINITIONAL_REPRESENTATION('',(#776),#780);
#776 = LINE('',#777,#778);
#777 = CARTESIAN_POINT('',(-0.,0.282842712475));
#778 = VECTOR('',#779,1.);
#779 = DIRECTION('',(-1.,0.));
#780 = ( GEOMETRIC_REPRESENTATION_CONTEXT(2) 
PARAMETRIC_REPRESENTATION_CONTEXT() REPRESENTATION_CONTEXT('2D SPACE',''
  ) );
#781 = ADVANCED_FACE('',(#782),#74,.F.);
#782 = FACE_BOUND('',#783,.T.);
#783 = EDGE_LOOP('',(#784,#816,#837,#838));
#784 = ORIENTED_EDGE('',*,*,#785,.F.);
#785 = EDGE_CURVE('',#786,#716,#788,.T.);
#786 = VERTEX_POINT('',#787);
#787 = CARTESIAN_POINT('',(21.726050751927,-6.224043599197,19.));
#788 = SURFACE_CURVE('',#789,(#794,#801),.PCURVE_S1.);
#789 = PARABOLA('',#790,8.131727983645);
#790 = AXIS2_PLACEMENT_3D('',#791,#792,#793);
#791 = CARTESIAN_POINT('',(3.362274604311,10.997504693575,30.1));
#792 = DIRECTION('',(-0.206738015037,-0.676209577822,0.707106781187));
#793 = DIRECTION('',(-0.206738015037,-0.676209577822,-0.707106781187));
#794 = PCURVE('',#74,#795);
#795 = DEFINITIONAL_REPRESENTATION('',(#796),#800);
#796 = B_SPLINE_CURVE_WITH_KNOTS('',2,(#797,#798,#799),.UNSPECIFIED.,.F.
  ,.F.,(3,3),(22.596459899728,23.),.PIECEWISE_BEZIER_KNOTS.);
#797 = CARTESIAN_POINT('',(-0.403540100272,-0.282842712475));
#798 = CARTESIAN_POINT('',(-0.201770050136,-2.503228908653E-03));
#799 = CARTESIAN_POINT('',(1.42108547152E-14,0.282842712475));
#800 = ( GEOMETRIC_REPRESENTATION_CONTEXT(2) 
PARAMETRIC_REPRESENTATION_CONTEXT() REPRESENTATION_CONTEXT('2D SPACE',''
  ) );
#801 = PCURVE('',#802,#807);
#802 = CONICAL_SURFACE('',#803,23.,0.785398163397);
#803 = AXIS2_PLACEMENT_3D('',#804,#805,#806);
#804 = CARTESIAN_POINT('',(0.,0.,18.6));
#805 = DIRECTION('',(-0.,-0.,-1.));
#806 = DIRECTION('',(0.956304755963,0.292371704723,-0.));
#807 = DEFINITIONAL_REPRESENTATION('',(#808),#815);
#808 = B_SPLINE_CURVE_WITH_KNOTS('',5,(#809,#810,#811,#812,#813,#814),
  .UNSPECIFIED.,.F.,.F.,(6,6),(22.596459899728,23.),
  .PIECEWISE_BEZIER_KNOTS.);
#809 = CARTESIAN_POINT('',(0.575711906437,-0.4));
#810 = CARTESIAN_POINT('',(0.579283057766,-0.320708020054));
#811 = CARTESIAN_POINT('',(0.582838547389,-0.241062030082));
#812 = CARTESIAN_POINT('',(0.586378465237,-0.161062030082));
#813 = CARTESIAN_POINT('',(0.589902901328,-8.070802005446E-02));
#814 = CARTESIAN_POINT('',(0.593411945678,3.552713678801E-15));
#815 = ( GEOMETRIC_REPRESENTATION_CONTEXT(2) 
PARAMETRIC_REPRESENTATION_CONTEXT() REPRESENTATION_CONTEXT('2D SPACE',''
  ) );
#816 = ORIENTED_EDGE('',*,*,#817,.T.);
#817 = EDGE_CURVE('',#786,#55,#818,.T.);
#818 = SURFACE_CURVE('',#819,(#823,#830),.PCURVE_S1.);
#819 = LINE('',#820,#821);
#820 = CARTESIAN_POINT('',(22.111958069039,-6.342027306238,19.));
#821 = VECTOR('',#822,1.);
#822 = DIRECTION('',(-0.956304755963,0.292371704723,0.));
#823 = PCURVE('',#74,#824);
#824 = DEFINITIONAL_REPRESENTATION('',(#825),#829);
#825 = LINE('',#826,#827);
#826 = CARTESIAN_POINT('',(-0.,-0.282842712475));
#827 = VECTOR('',#828,1.);
#828 = DIRECTION('',(-1.,0.));
#829 = ( GEOMETRIC_REPRESENTATION_CONTEXT(2) 
PARAMETRIC_REPRESENTATION_CONTEXT() REPRESENTATION_CONTEXT('2D SPACE',''
  ) );
#830 = PCURVE('',#103,#831);
#831 = DEFINITIONAL_REPRESENTATION('',(#832),#836);
#832 = LINE('',#833,#834);
#833 = CARTESIAN_POINT('',(22.111958069039,-6.342027306238));
#834 = VECTOR('',#835,1.);
#835 = DIRECTION('',(-0.956304755963,0.292371704723));
#836 = ( GEOMETRIC_REPRESENTATION_CONTEXT(2) 
PARAMETRIC_REPRESENTATION_CONTEXT() REPRESENTATION_CONTEXT('2D SPACE',''
  ) );
#837 = ORIENTED_EDGE('',*,*,#54,.T.);
#838 = ORIENTED_EDGE('',*,*,#761,.F.);
#839 = ADVANCED_FACE('',(#840),#265,.F.);
#840 = FACE_BOUND('',#841,.F.);
#841 = EDGE_LOOP('',(#842,#843,#867,#886,#887));
#842 = ORIENTED_EDGE('',*,*,#741,.F.);
#843 = ORIENTED_EDGE('',*,*,#844,.T.);
#844 = EDGE_CURVE('',#714,#845,#847,.T.);
#845 = VERTEX_POINT('',#846);
#846 = CARTESIAN_POINT('',(21.99500938715,6.724549208623,14.));
#847 = SURFACE_CURVE('',#848,(#853,#860),.PCURVE_S1.);
#848 = CIRCLE('',#849,23.);
#849 = AXIS2_PLACEMENT_3D('',#850,#851,#852);
#850 = CARTESIAN_POINT('',(0.,0.,14.));
#851 = DIRECTION('',(0.,0.,1.));
#852 = DIRECTION('',(0.956304755963,-0.292371704723,0.));
#853 = PCURVE('',#265,#854);
#854 = DEFINITIONAL_REPRESENTATION('',(#855),#859);
#855 = CIRCLE('',#856,23.);
#856 = AXIS2_PLACEMENT_2D('',#857,#858);
#857 = CARTESIAN_POINT('',(0.,0.));
#858 = DIRECTION('',(0.956304755963,-0.292371704723));
#859 = ( GEOMETRIC_REPRESENTATION_CONTEXT(2) 
PARAMETRIC_REPRESENTATION_CONTEXT() REPRESENTATION_CONTEXT('2D SPACE',''
  ) );
#860 = PCURVE('',#730,#861);
#861 = DEFINITIONAL_REPRESENTATION('',(#862),#866);
#862 = LINE('',#863,#864);
#863 = CARTESIAN_POINT('',(5.986479334341,0.));
#864 = VECTOR('',#865,1.);
#865 = DIRECTION('',(1.,0.));
#866 = ( GEOMETRIC_REPRESENTATION_CONTEXT(2) 
PARAMETRIC_REPRESENTATION_CONTEXT() REPRESENTATION_CONTEXT('2D SPACE',''
  ) );
#867 = ORIENTED_EDGE('',*,*,#868,.T.);
#868 = EDGE_CURVE('',#845,#223,#869,.T.);
#869 = SURFACE_CURVE('',#870,(#874,#880),.PCURVE_S1.);
#870 = LINE('',#871,#872);
#871 = CARTESIAN_POINT('',(-21.99500938715,-6.724549208623,14.));
#872 = VECTOR('',#873,1.);
#873 = DIRECTION('',(-0.956304755963,-0.292371704723,0.));
#874 = PCURVE('',#265,#875);
#875 = DEFINITIONAL_REPRESENTATION('',(#876),#879);
#876 = B_SPLINE_CURVE_WITH_KNOTS('',1,(#877,#878),.UNSPECIFIED.,.F.,.F.,
  (2,2),(-47.0509103992,-2.596782386657E-16),.PIECEWISE_BEZIER_KNOTS.);
#877 = CARTESIAN_POINT('',(23.,7.031805673549));
#878 = CARTESIAN_POINT('',(-21.99500938715,-6.724549208623));
#879 = ( GEOMETRIC_REPRESENTATION_CONTEXT(2) 
PARAMETRIC_REPRESENTATION_CONTEXT() REPRESENTATION_CONTEXT('2D SPACE',''
  ) );
#880 = PCURVE('',#237,#881);
#881 = DEFINITIONAL_REPRESENTATION('',(#882),#885);
#882 = B_SPLINE_CURVE_WITH_KNOTS('',1,(#883,#884),.UNSPECIFIED.,.F.,.F.,
  (2,2),(-47.0509103992,-2.596782386657E-16),.PIECEWISE_BEZIER_KNOTS.);
#883 = CARTESIAN_POINT('',(7.5,70.050910399204));
#884 = CARTESIAN_POINT('',(7.5,23.));
#885 = ( GEOMETRIC_REPRESENTATION_CONTEXT(2) 
PARAMETRIC_REPRESENTATION_CONTEXT() REPRESENTATION_CONTEXT('2D SPACE',''
  ) );
#886 = ORIENTED_EDGE('',*,*,#248,.F.);
#887 = ORIENTED_EDGE('',*,*,#328,.F.);
#888 = ADVANCED_FACE('',(#889),#103,.T.);
#889 = FACE_BOUND('',#890,.T.);
#890 = EDGE_LOOP('',(#891,#892,#893,#921,#942));
#891 = ORIENTED_EDGE('',*,*,#86,.F.);
#892 = ORIENTED_EDGE('',*,*,#817,.F.);
#893 = ORIENTED_EDGE('',*,*,#894,.F.);
#894 = EDGE_CURVE('',#895,#786,#897,.T.);
#895 = VERTEX_POINT('',#896);
#896 = CARTESIAN_POINT('',(21.726050751927,6.224043599197,19.));
#897 = SURFACE_CURVE('',#898,(#903,#914),.PCURVE_S1.);
#898 = CIRCLE('',#899,22.6);
#899 = AXIS2_PLACEMENT_3D('',#900,#901,#902);
#900 = CARTESIAN_POINT('',(0.,0.,19.));
#901 = DIRECTION('',(0.,-0.,-1.));
#902 = DIRECTION('',(0.956304755963,0.292371704723,-0.));
#903 = PCURVE('',#103,#904);
#904 = DEFINITIONAL_REPRESENTATION('',(#905),#913);
#905 = ( BOUNDED_CURVE() B_SPLINE_CURVE(2,(#906,#907,#908,#909,#910,#911
,#912),.UNSPECIFIED.,.T.,.F.) B_SPLINE_CURVE_WITH_KNOTS((1,2,2,2,2,1),(
    -2.094395102393,0.,2.094395102393,4.188790204786,6.28318530718,
8.377580409573),.UNSPECIFIED.) CURVE() GEOMETRIC_REPRESENTATION_ITEM() 
RATIONAL_B_SPLINE_CURVE((1.,0.5,1.,0.5,1.,0.5,1.)) REPRESENTATION_ITEM(
  '') );
#906 = CARTESIAN_POINT('',(21.612487484765,6.607600526734));
#907 = CARTESIAN_POINT('',(33.057187313187,-30.82632587482));
#908 = CARTESIAN_POINT('',(-5.083893828171,-22.02076346414));
#909 = CARTESIAN_POINT('',(-43.22497496952,-13.21520105346));
#910 = CARTESIAN_POINT('',(-16.52859365659,15.413162937412));
#911 = CARTESIAN_POINT('',(10.167787656343,44.041526928293));
#912 = CARTESIAN_POINT('',(21.612487484765,6.607600526734));
#913 = ( GEOMETRIC_REPRESENTATION_CONTEXT(2) 
PARAMETRIC_REPRESENTATION_CONTEXT() REPRESENTATION_CONTEXT('2D SPACE',''
  ) );
#914 = PCURVE('',#802,#915);
#915 = DEFINITIONAL_REPRESENTATION('',(#916),#920);
#916 = LINE('',#917,#918);
#917 = CARTESIAN_POINT('',(0.,-0.4));
#918 = VECTOR('',#919,1.);
#919 = DIRECTION('',(1.,0.));
#920 = ( GEOMETRIC_REPRESENTATION_CONTEXT(2) 
PARAMETRIC_REPRESENTATION_CONTEXT() REPRESENTATION_CONTEXT('2D SPACE',''
  ) );
#921 = ORIENTED_EDGE('',*,*,#922,.T.);
#922 = EDGE_CURVE('',#895,#167,#923,.T.);
#923 = SURFACE_CURVE('',#924,(#928,#935),.PCURVE_S1.);
#924 = LINE('',#925,#926);
#925 = CARTESIAN_POINT('',(22.111958069039,6.342027306238,19.));
#926 = VECTOR('',#927,1.);
#927 = DIRECTION('',(-0.956304755963,-0.292371704723,0.));
#928 = PCURVE('',#103,#929);
#929 = DEFINITIONAL_REPRESENTATION('',(#930),#934);
#930 = LINE('',#931,#932);
#931 = CARTESIAN_POINT('',(22.111958069039,6.342027306238));
#932 = VECTOR('',#933,1.);
#933 = DIRECTION('',(-0.956304755963,-0.292371704723));
#934 = ( GEOMETRIC_REPRESENTATION_CONTEXT(2) 
PARAMETRIC_REPRESENTATION_CONTEXT() REPRESENTATION_CONTEXT('2D SPACE',''
  ) );
#935 = PCURVE('',#210,#936);
#936 = DEFINITIONAL_REPRESENTATION('',(#937),#941);
#937 = LINE('',#938,#939);
#938 = CARTESIAN_POINT('',(-3.552713678801E-15,-0.282842712475));
#939 = VECTOR('',#940,1.);
#940 = DIRECTION('',(-1.,0.));
#941 = ( GEOMETRIC_REPRESENTATION_CONTEXT(2) 
PARAMETRIC_REPRESENTATION_CONTEXT() REPRESENTATION_CONTEXT('2D SPACE',''
  ) );
#942 = ORIENTED_EDGE('',*,*,#166,.F.);
#943 = ADVANCED_FACE('',(#944,#947),#315,.F.);
#944 = FACE_BOUND('',#945,.F.);
#945 = EDGE_LOOP('',(#946));
#946 = ORIENTED_EDGE('',*,*,#300,.T.);
#947 = FACE_BOUND('',#948,.F.);
#948 = EDGE_LOOP('',(#949));
#949 = ORIENTED_EDGE('',*,*,#950,.F.);
#950 = EDGE_CURVE('',#951,#951,#953,.T.);
#951 = VERTEX_POINT('',#952);
#952 = CARTESIAN_POINT('',(15.,-3.673940397442E-15,0.));
#953 = SURFACE_CURVE('',#954,(#959,#966),.PCURVE_S1.);
#954 = CIRCLE('',#955,15.);
#955 = AXIS2_PLACEMENT_3D('',#956,#957,#958);
#956 = CARTESIAN_POINT('',(0.,0.,0.));
#957 = DIRECTION('',(0.,0.,1.));
#958 = DIRECTION('',(1.,0.,-0.));
#959 = PCURVE('',#315,#960);
#960 = DEFINITIONAL_REPRESENTATION('',(#961),#965);
#961 = CIRCLE('',#962,15.);
#962 = AXIS2_PLACEMENT_2D('',#963,#964);
#963 = CARTESIAN_POINT('',(0.,0.));
#964 = DIRECTION('',(1.,0.));
#965 = ( GEOMETRIC_REPRESENTATION_CONTEXT(2) 
PARAMETRIC_REPRESENTATION_CONTEXT() REPRESENTATION_CONTEXT('2D SPACE',''
  ) );
#966 = PCURVE('',#967,#972);
#967 = CYLINDRICAL_SURFACE('',#968,15.);
#968 = AXIS2_PLACEMENT_3D('',#969,#970,#971);
#969 = CARTESIAN_POINT('',(0.,0.,0.));
#970 = DIRECTION('',(0.,0.,1.));
#971 = DIRECTION('',(1.,0.,-0.));
#972 = DEFINITIONAL_REPRESENTATION('',(#973),#977);
#973 = LINE('',#974,#975);
#974 = CARTESIAN_POINT('',(0.,0.));
#975 = VECTOR('',#976,1.);
#976 = DIRECTION('',(1.,0.));
#977 = ( GEOMETRIC_REPRESENTATION_CONTEXT(2) 
PARAMETRIC_REPRESENTATION_CONTEXT() REPRESENTATION_CONTEXT('2D SPACE',''
  ) );
#978 = ADVANCED_FACE('',(#979,#982),#153,.T.);
#979 = FACE_BOUND('',#980,.T.);
#980 = EDGE_LOOP('',(#981));
#981 = ORIENTED_EDGE('',*,*,#138,.T.);
#982 = FACE_BOUND('',#983,.T.);
#983 = EDGE_LOOP('',(#984));
#984 = ORIENTED_EDGE('',*,*,#985,.F.);
#985 = EDGE_CURVE('',#986,#986,#988,.T.);
#986 = VERTEX_POINT('',#987);
#987 = CARTESIAN_POINT('',(15.,-3.673940397442E-15,31.));
#988 = SURFACE_CURVE('',#989,(#994,#1001),.PCURVE_S1.);
#989 = CIRCLE('',#990,15.);
#990 = AXIS2_PLACEMENT_3D('',#991,#992,#993);
#991 = CARTESIAN_POINT('',(0.,0.,31.));
#992 = DIRECTION('',(0.,0.,1.));
#993 = DIRECTION('',(1.,0.,-0.));
#994 = PCURVE('',#153,#995);
#995 = DEFINITIONAL_REPRESENTATION('',(#996),#1000);
#996 = CIRCLE('',#997,15.);
#997 = AXIS2_PLACEMENT_2D('',#998,#999);
#998 = CARTESIAN_POINT('',(0.,0.));
#999 = DIRECTION('',(1.,0.));
#1000 = ( GEOMETRIC_REPRESENTATION_CONTEXT(2) 
PARAMETRIC_REPRESENTATION_CONTEXT() REPRESENTATION_CONTEXT('2D SPACE',''
  ) );
#1001 = PCURVE('',#967,#1002);
#1002 = DEFINITIONAL_REPRESENTATION('',(#1003),#1007);
#1003 = LINE('',#1004,#1005);
#1004 = CARTESIAN_POINT('',(0.,31.));
#1005 = VECTOR('',#1006,1.);
#1006 = DIRECTION('',(1.,0.));
#1007 = ( GEOMETRIC_REPRESENTATION_CONTEXT(2) 
PARAMETRIC_REPRESENTATION_CONTEXT() REPRESENTATION_CONTEXT('2D SPACE',''
  ) );
#1008 = ADVANCED_FACE('',(#1009),#237,.T.);
#1009 = FACE_BOUND('',#1010,.T.);
#1010 = EDGE_LOOP('',(#1011,#1032,#1033,#1034));
#1011 = ORIENTED_EDGE('',*,*,#1012,.F.);
#1012 = EDGE_CURVE('',#845,#1013,#1015,.T.);
#1013 = VERTEX_POINT('',#1014);
#1014 = CARTESIAN_POINT('',(21.99500938715,6.724549208623,18.6));
#1015 = SURFACE_CURVE('',#1016,(#1020,#1026),.PCURVE_S1.);
#1016 = LINE('',#1017,#1018);
#1017 = CARTESIAN_POINT('',(21.99500938715,6.724549208623,14.));
#1018 = VECTOR('',#1019,1.);
#1019 = DIRECTION('',(0.,0.,1.));
#1020 = PCURVE('',#237,#1021);
#1021 = DEFINITIONAL_REPRESENTATION('',(#1022),#1025);
#1022 = B_SPLINE_CURVE_WITH_KNOTS('',1,(#1023,#1024),.UNSPECIFIED.,.F.,
  .F.,(2,2),(-6.E-07,5.0000006),.PIECEWISE_BEZIER_KNOTS.);
#1023 = CARTESIAN_POINT('',(7.4999994,69.));
#1024 = CARTESIAN_POINT('',(12.5000006,69.));
#1025 = ( GEOMETRIC_REPRESENTATION_CONTEXT(2) 
PARAMETRIC_REPRESENTATION_CONTEXT() REPRESENTATION_CONTEXT('2D SPACE',''
  ) );
#1026 = PCURVE('',#730,#1027);
#1027 = DEFINITIONAL_REPRESENTATION('',(#1028),#1031);
#1028 = B_SPLINE_CURVE_WITH_KNOTS('',1,(#1029,#1030),.UNSPECIFIED.,.F.,
  .F.,(2,2),(-6.E-07,5.0000006),.PIECEWISE_BEZIER_KNOTS.);
#1029 = CARTESIAN_POINT('',(6.579891280019,-6.E-07));
#1030 = CARTESIAN_POINT('',(6.579891280019,5.0000006));
#1031 = ( GEOMETRIC_REPRESENTATION_CONTEXT(2) 
PARAMETRIC_REPRESENTATION_CONTEXT() REPRESENTATION_CONTEXT('2D SPACE',''
  ) );
#1032 = ORIENTED_EDGE('',*,*,#868,.T.);
#1033 = ORIENTED_EDGE('',*,*,#222,.T.);
#1034 = ORIENTED_EDGE('',*,*,#1035,.F.);
#1035 = EDGE_CURVE('',#1013,#191,#1036,.T.);
#1036 = SURFACE_CURVE('',#1037,(#1041,#1048),.PCURVE_S1.);
#1037 = LINE('',#1038,#1039);
#1038 = CARTESIAN_POINT('',(21.99500938715,6.724549208623,18.6));
#1039 = VECTOR('',#1040,1.);
#1040 = DIRECTION('',(-0.956304755963,-0.292371704723,0.));
#1041 = PCURVE('',#237,#1042);
#1042 = DEFINITIONAL_REPRESENTATION('',(#1043),#1047);
#1043 = LINE('',#1044,#1045);
#1044 = CARTESIAN_POINT('',(12.1,69.));
#1045 = VECTOR('',#1046,1.);
#1046 = DIRECTION('',(0.,-1.));
#1047 = ( GEOMETRIC_REPRESENTATION_CONTEXT(2) 
PARAMETRIC_REPRESENTATION_CONTEXT() REPRESENTATION_CONTEXT('2D SPACE',''
  ) );
#1048 = PCURVE('',#210,#1049);
#1049 = DEFINITIONAL_REPRESENTATION('',(#1050),#1054);
#1050 = LINE('',#1051,#1052);
#1051 = CARTESIAN_POINT('',(-3.552713678801E-15,0.282842712475));
#1052 = VECTOR('',#1053,1.);
#1053 = DIRECTION('',(-1.,0.));
#1054 = ( GEOMETRIC_REPRESENTATION_CONTEXT(2) 
PARAMETRIC_REPRESENTATION_CONTEXT() REPRESENTATION_CONTEXT('2D SPACE',''
  ) );
#1055 = ADVANCED_FACE('',(#1056),#210,.T.);
#1056 = FACE_BOUND('',#1057,.F.);
#1057 = EDGE_LOOP('',(#1058,#1083,#1084,#1085));
#1058 = ORIENTED_EDGE('',*,*,#1059,.F.);
#1059 = EDGE_CURVE('',#895,#1013,#1060,.T.);
#1060 = SURFACE_CURVE('',#1061,(#1066,#1073),.PCURVE_S1.);
#1061 = PARABOLA('',#1062,8.131727983645);
#1062 = AXIS2_PLACEMENT_3D('',#1063,#1064,#1065);
#1063 = CARTESIAN_POINT('',(3.362274604311,-10.99750469357,30.1));
#1064 = DIRECTION('',(0.206738015037,-0.676209577822,-0.707106781187));
#1065 = DIRECTION('',(-0.206738015037,0.676209577822,-0.707106781187));
#1066 = PCURVE('',#210,#1067);
#1067 = DEFINITIONAL_REPRESENTATION('',(#1068),#1072);
#1068 = B_SPLINE_CURVE_WITH_KNOTS('',2,(#1069,#1070,#1071),
  .UNSPECIFIED.,.F.,.F.,(3,3),(22.596459899728,23.),
  .PIECEWISE_BEZIER_KNOTS.);
#1069 = CARTESIAN_POINT('',(-0.403540100272,-0.282842712475));
#1070 = CARTESIAN_POINT('',(-0.201770050136,-2.503228908649E-03));
#1071 = CARTESIAN_POINT('',(1.42108547152E-14,0.282842712475));
#1072 = ( GEOMETRIC_REPRESENTATION_CONTEXT(2) 
PARAMETRIC_REPRESENTATION_CONTEXT() REPRESENTATION_CONTEXT('2D SPACE',''
  ) );
#1073 = PCURVE('',#802,#1074);
#1074 = DEFINITIONAL_REPRESENTATION('',(#1075),#1082);
#1075 = B_SPLINE_CURVE_WITH_KNOTS('',5,(#1076,#1077,#1078,#1079,#1080,
    #1081),.UNSPECIFIED.,.F.,.F.,(6,6),(22.596459899728,23.),
  .PIECEWISE_BEZIER_KNOTS.);
#1076 = CARTESIAN_POINT('',(1.770003924142E-02,-0.4));
#1077 = CARTESIAN_POINT('',(1.412888791157E-02,-0.320708020054));
#1078 = CARTESIAN_POINT('',(1.05733982886E-02,-0.241062030082));
#1079 = CARTESIAN_POINT('',(7.03348044073E-03,-0.161062030082));
#1080 = CARTESIAN_POINT('',(3.509044350194E-03,-8.070802005447E-02));
#1081 = CARTESIAN_POINT('',(1.930822651522E-16,1.7763568394E-15));
#1082 = ( GEOMETRIC_REPRESENTATION_CONTEXT(2) 
PARAMETRIC_REPRESENTATION_CONTEXT() REPRESENTATION_CONTEXT('2D SPACE',''
  ) );
#1083 = ORIENTED_EDGE('',*,*,#922,.T.);
#1084 = ORIENTED_EDGE('',*,*,#190,.T.);
#1085 = ORIENTED_EDGE('',*,*,#1035,.F.);
#1086 = ADVANCED_FACE('',(#1087),#369,.F.);
#1087 = FACE_BOUND('',#1088,.F.);
#1088 = EDGE_LOOP('',(#1089,#1117,#1136,#1137));
#1089 = ORIENTED_EDGE('',*,*,#1090,.F.);
#1090 = EDGE_CURVE('',#1091,#1093,#1095,.T.);
#1091 = VERTEX_POINT('',#1092);
#1092 = CARTESIAN_POINT('',(-5.173874249909,22.41051149006,14.));
#1093 = VERTEX_POINT('',#1094);
#1094 = CARTESIAN_POINT('',(-5.173874249909,22.41051149006,18.6));
#1095 = SURFACE_CURVE('',#1096,(#1100,#1106),.PCURVE_S1.);
#1096 = LINE('',#1097,#1098);
#1097 = CARTESIAN_POINT('',(-5.173874249909,22.41051149006,14.));
#1098 = VECTOR('',#1099,1.);
#1099 = DIRECTION('',(0.,0.,1.));
#1100 = PCURVE('',#369,#1101);
#1101 = DEFINITIONAL_REPRESENTATION('',(#1102),#1105);
#1102 = B_SPLINE_CURVE_WITH_KNOTS('',1,(#1103,#1104),.UNSPECIFIED.,.F.,
  .F.,(2,2),(-6.E-07,5.0000006),.PIECEWISE_BEZIER_KNOTS.);
#1103 = CARTESIAN_POINT('',(7.4999994,69.));
#1104 = CARTESIAN_POINT('',(12.5000006,69.));
#1105 = ( GEOMETRIC_REPRESENTATION_CONTEXT(2) 
PARAMETRIC_REPRESENTATION_CONTEXT() REPRESENTATION_CONTEXT('2D SPACE',''
  ) );
#1106 = PCURVE('',#1107,#1112);
#1107 = CYLINDRICAL_SURFACE('',#1108,23.);
#1108 = AXIS2_PLACEMENT_3D('',#1109,#1110,#1111);
#1109 = CARTESIAN_POINT('',(0.,0.,14.));
#1110 = DIRECTION('',(0.,0.,1.));
#1111 = DIRECTION('',(1.,0.,-0.));
#1112 = DEFINITIONAL_REPRESENTATION('',(#1113),#1116);
#1113 = B_SPLINE_CURVE_WITH_KNOTS('',1,(#1114,#1115),.UNSPECIFIED.,.F.,
  .F.,(2,2),(-6.E-07,5.0000006),.PIECEWISE_BEZIER_KNOTS.);
#1114 = CARTESIAN_POINT('',(1.797689129554,-6.E-07));
#1115 = CARTESIAN_POINT('',(1.797689129554,5.0000006));
#1116 = ( GEOMETRIC_REPRESENTATION_CONTEXT(2) 
PARAMETRIC_REPRESENTATION_CONTEXT() REPRESENTATION_CONTEXT('2D SPACE',''
  ) );
#1117 = ORIENTED_EDGE('',*,*,#1118,.T.);
#1118 = EDGE_CURVE('',#1091,#353,#1119,.T.);
#1119 = SURFACE_CURVE('',#1120,(#1124,#1130),.PCURVE_S1.);
#1120 = LINE('',#1121,#1122);
#1121 = CARTESIAN_POINT('',(5.173874249909,-22.41051149006,14.));
#1122 = VECTOR('',#1123,1.);
#1123 = DIRECTION('',(0.224951054344,-0.974370064785,0.));
#1124 = PCURVE('',#369,#1125);
#1125 = DEFINITIONAL_REPRESENTATION('',(#1126),#1129);
#1126 = B_SPLINE_CURVE_WITH_KNOTS('',1,(#1127,#1128),.UNSPECIFIED.,.F.,
  .F.,(2,2),(-46.60499447924,0.604994479248),.PIECEWISE_BEZIER_KNOTS.);
#1127 = CARTESIAN_POINT('',(7.5,69.604994479248));
#1128 = CARTESIAN_POINT('',(7.5,22.395005520752));
#1129 = ( GEOMETRIC_REPRESENTATION_CONTEXT(2) 
PARAMETRIC_REPRESENTATION_CONTEXT() REPRESENTATION_CONTEXT('2D SPACE',''
  ) );
#1130 = PCURVE('',#518,#1131);
#1131 = DEFINITIONAL_REPRESENTATION('',(#1132),#1135);
#1132 = B_SPLINE_CURVE_WITH_KNOTS('',1,(#1133,#1134),.UNSPECIFIED.,.F.,
  .F.,(2,2),(-46.60499447924,0.604994479248),.PIECEWISE_BEZIER_KNOTS.);
#1133 = CARTESIAN_POINT('',(-5.309968395888,23.));
#1134 = CARTESIAN_POINT('',(5.309968395888,-23.));
#1135 = ( GEOMETRIC_REPRESENTATION_CONTEXT(2) 
PARAMETRIC_REPRESENTATION_CONTEXT() REPRESENTATION_CONTEXT('2D SPACE',''
  ) );
#1136 = ORIENTED_EDGE('',*,*,#352,.T.);
#1137 = ORIENTED_EDGE('',*,*,#1138,.F.);
#1138 = EDGE_CURVE('',#1093,#355,#1139,.T.);
#1139 = SURFACE_CURVE('',#1140,(#1144,#1151),.PCURVE_S1.);
#1140 = LINE('',#1141,#1142);
#1141 = CARTESIAN_POINT('',(-5.173874249909,22.41051149006,18.6));
#1142 = VECTOR('',#1143,1.);
#1143 = DIRECTION('',(0.224951054344,-0.974370064785,0.));
#1144 = PCURVE('',#369,#1145);
#1145 = DEFINITIONAL_REPRESENTATION('',(#1146),#1150);
#1146 = LINE('',#1147,#1148);
#1147 = CARTESIAN_POINT('',(12.1,69.));
#1148 = VECTOR('',#1149,1.);
#1149 = DIRECTION('',(0.,-1.));
#1150 = ( GEOMETRIC_REPRESENTATION_CONTEXT(2) 
PARAMETRIC_REPRESENTATION_CONTEXT() REPRESENTATION_CONTEXT('2D SPACE',''
  ) );
#1151 = PCURVE('',#400,#1152);
#1152 = DEFINITIONAL_REPRESENTATION('',(#1153),#1157);
#1153 = LINE('',#1154,#1155);
#1154 = CARTESIAN_POINT('',(3.552713678801E-15,0.282842712475));
#1155 = VECTOR('',#1156,1.);
#1156 = DIRECTION('',(-1.,0.));
#1157 = ( GEOMETRIC_REPRESENTATION_CONTEXT(2) 
PARAMETRIC_REPRESENTATION_CONTEXT() REPRESENTATION_CONTEXT('2D SPACE',''
  ) );
#1158 = ADVANCED_FACE('',(#1159),#400,.F.);
#1159 = FACE_BOUND('',#1160,.T.);
#1160 = EDGE_LOOP('',(#1161,#1193,#1214,#1215));
#1161 = ORIENTED_EDGE('',*,*,#1162,.T.);
#1162 = EDGE_CURVE('',#1093,#1163,#1165,.T.);
#1163 = VERTEX_POINT('',#1164);
#1164 = CARTESIAN_POINT('',(-5.472845504797,21.927333674677,19.));
#1165 = SURFACE_CURVE('',#1166,(#1171,#1178),.PCURVE_S1.);
#1166 = PARABOLA('',#1167,8.131727983645);
#1167 = AXIS2_PLACEMENT_3D('',#1168,#1169,#1170);
#1168 = CARTESIAN_POINT('',(-11.20525574503,-2.586937124954,30.1));
#1169 = DIRECTION('',(-0.688983680195,-0.159064415962,-0.707106781187));
#1170 = DIRECTION('',(0.688983680195,0.159064415962,-0.707106781187));
#1171 = PCURVE('',#400,#1172);
#1172 = DEFINITIONAL_REPRESENTATION('',(#1173),#1177);
#1173 = B_SPLINE_CURVE_WITH_KNOTS('',2,(#1174,#1175,#1176),
  .UNSPECIFIED.,.F.,.F.,(3,3),(-23.,-22.59645989972),
  .PIECEWISE_BEZIER_KNOTS.);
#1174 = CARTESIAN_POINT('',(-1.06581410364E-14,0.282842712475));
#1175 = CARTESIAN_POINT('',(-0.201770050136,-2.503228908655E-03));
#1176 = CARTESIAN_POINT('',(-0.403540100272,-0.282842712475));
#1177 = ( GEOMETRIC_REPRESENTATION_CONTEXT(2) 
PARAMETRIC_REPRESENTATION_CONTEXT() REPRESENTATION_CONTEXT('2D SPACE',''
  ) );
#1178 = PCURVE('',#1179,#1184);
#1179 = CONICAL_SURFACE('',#1180,23.,0.785398163397);
#1180 = AXIS2_PLACEMENT_3D('',#1181,#1182,#1183);
#1181 = CARTESIAN_POINT('',(0.,0.,18.6));
#1182 = DIRECTION('',(-0.,-0.,-1.));
#1183 = DIRECTION('',(-0.224951054344,0.974370064785,0.));
#1184 = DEFINITIONAL_REPRESENTATION('',(#1185),#1192);
#1185 = B_SPLINE_CURVE_WITH_KNOTS('',5,(#1186,#1187,#1188,#1189,#1190,
    #1191),.UNSPECIFIED.,.F.,.F.,(6,6),(-23.,-22.59645989972),
  .PIECEWISE_BEZIER_KNOTS.);
#1186 = CARTESIAN_POINT('',(0.,5.329070518201E-15));
#1187 = CARTESIAN_POINT('',(-3.509044350194E-03,-8.070802005446E-02));
#1188 = CARTESIAN_POINT('',(-7.033480440732E-03,-0.161062030082));
#1189 = CARTESIAN_POINT('',(-1.057339828861E-02,-0.241062030082));
#1190 = CARTESIAN_POINT('',(-1.412888791157E-02,-0.320708020054));
#1191 = CARTESIAN_POINT('',(-1.770003924142E-02,-0.4));
#1192 = ( GEOMETRIC_REPRESENTATION_CONTEXT(2) 
PARAMETRIC_REPRESENTATION_CONTEXT() REPRESENTATION_CONTEXT('2D SPACE',''
  ) );
#1193 = ORIENTED_EDGE('',*,*,#1194,.T.);
#1194 = EDGE_CURVE('',#1163,#381,#1195,.T.);
#1195 = SURFACE_CURVE('',#1196,(#1200,#1207),.PCURVE_S1.);
#1196 = LINE('',#1197,#1198);
#1197 = CARTESIAN_POINT('',(-5.563622275823,22.320531068323,19.));
#1198 = VECTOR('',#1199,1.);
#1199 = DIRECTION('',(0.224951054344,-0.974370064785,0.));
#1200 = PCURVE('',#400,#1201);
#1201 = DEFINITIONAL_REPRESENTATION('',(#1202),#1206);
#1202 = LINE('',#1203,#1204);
#1203 = CARTESIAN_POINT('',(3.552713678801E-15,-0.282842712475));
#1204 = VECTOR('',#1205,1.);
#1205 = DIRECTION('',(-1.,0.));
#1206 = ( GEOMETRIC_REPRESENTATION_CONTEXT(2) 
PARAMETRIC_REPRESENTATION_CONTEXT() REPRESENTATION_CONTEXT('2D SPACE',''
  ) );
#1207 = PCURVE('',#429,#1208);
#1208 = DEFINITIONAL_REPRESENTATION('',(#1209),#1213);
#1209 = LINE('',#1210,#1211);
#1210 = CARTESIAN_POINT('',(-5.563622275823,22.320531068323));
#1211 = VECTOR('',#1212,1.);
#1212 = DIRECTION('',(0.224951054344,-0.974370064785));
#1213 = ( GEOMETRIC_REPRESENTATION_CONTEXT(2) 
PARAMETRIC_REPRESENTATION_CONTEXT() REPRESENTATION_CONTEXT('2D SPACE',''
  ) );
#1214 = ORIENTED_EDGE('',*,*,#380,.T.);
#1215 = ORIENTED_EDGE('',*,*,#1138,.F.);
#1216 = ADVANCED_FACE('',(#1217),#518,.F.);
#1217 = FACE_BOUND('',#1218,.F.);
#1218 = EDGE_LOOP('',(#1219,#1220,#1244,#1263));
#1219 = ORIENTED_EDGE('',*,*,#1118,.F.);
#1220 = ORIENTED_EDGE('',*,*,#1221,.T.);
#1221 = EDGE_CURVE('',#1091,#1222,#1224,.T.);
#1222 = VERTEX_POINT('',#1223);
#1223 = CARTESIAN_POINT('',(-16.82113513724,15.685962281437,14.));
#1224 = SURFACE_CURVE('',#1225,(#1230,#1237),.PCURVE_S1.);
#1225 = CIRCLE('',#1226,23.);
#1226 = AXIS2_PLACEMENT_3D('',#1227,#1228,#1229);
#1227 = CARTESIAN_POINT('',(0.,0.,14.));
#1228 = DIRECTION('',(0.,0.,1.));
#1229 = DIRECTION('',(1.,0.,-0.));
#1230 = PCURVE('',#518,#1231);
#1231 = DEFINITIONAL_REPRESENTATION('',(#1232),#1236);
#1232 = CIRCLE('',#1233,23.);
#1233 = AXIS2_PLACEMENT_2D('',#1234,#1235);
#1234 = CARTESIAN_POINT('',(0.,0.));
#1235 = DIRECTION('',(1.,0.));
#1236 = ( GEOMETRIC_REPRESENTATION_CONTEXT(2) 
PARAMETRIC_REPRESENTATION_CONTEXT() REPRESENTATION_CONTEXT('2D SPACE',''
  ) );
#1237 = PCURVE('',#1107,#1238);
#1238 = DEFINITIONAL_REPRESENTATION('',(#1239),#1243);
#1239 = LINE('',#1240,#1241);
#1240 = CARTESIAN_POINT('',(0.,0.));
#1241 = VECTOR('',#1242,1.);
#1242 = DIRECTION('',(1.,0.));
#1243 = ( GEOMETRIC_REPRESENTATION_CONTEXT(2) 
PARAMETRIC_REPRESENTATION_CONTEXT() REPRESENTATION_CONTEXT('2D SPACE',''
  ) );
#1244 = ORIENTED_EDGE('',*,*,#1245,.T.);
#1245 = EDGE_CURVE('',#1222,#478,#1246,.T.);
#1246 = SURFACE_CURVE('',#1247,(#1251,#1257),.PCURVE_S1.);
#1247 = LINE('',#1248,#1249);
#1248 = CARTESIAN_POINT('',(16.821135137241,-15.68596228143,14.));
#1249 = VECTOR('',#1250,1.);
#1250 = DIRECTION('',(0.731353701619,-0.681998360062,0.));
#1251 = PCURVE('',#518,#1252);
#1252 = DEFINITIONAL_REPRESENTATION('',(#1253),#1256);
#1253 = B_SPLINE_CURVE_WITH_KNOTS('',1,(#1254,#1255),.UNSPECIFIED.,.F.,
  .F.,(2,2),(-54.44853160526,-15.92561965782),.PIECEWISE_BEZIER_KNOTS.);
#1254 = CARTESIAN_POINT('',(-23.,21.447846981166));
#1255 = CARTESIAN_POINT('',(5.173874249909,-4.824715791819));
#1256 = ( GEOMETRIC_REPRESENTATION_CONTEXT(2) 
PARAMETRIC_REPRESENTATION_CONTEXT() REPRESENTATION_CONTEXT('2D SPACE',''
  ) );
#1257 = PCURVE('',#492,#1258);
#1258 = DEFINITIONAL_REPRESENTATION('',(#1259),#1262);
#1259 = B_SPLINE_CURVE_WITH_KNOTS('',1,(#1260,#1261),.UNSPECIFIED.,.F.,
  .F.,(2,2),(-54.44853160526,-15.92561965782),.PIECEWISE_BEZIER_KNOTS.);
#1260 = CARTESIAN_POINT('',(7.5,77.448531605268));
#1261 = CARTESIAN_POINT('',(7.5,38.925619657829));
#1262 = ( GEOMETRIC_REPRESENTATION_CONTEXT(2) 
PARAMETRIC_REPRESENTATION_CONTEXT() REPRESENTATION_CONTEXT('2D SPACE',''
  ) );
#1263 = ORIENTED_EDGE('',*,*,#503,.F.);
#1264 = ADVANCED_FACE('',(#1265),#429,.T.);
#1265 = FACE_BOUND('',#1266,.T.);
#1266 = EDGE_LOOP('',(#1267,#1268,#1269,#1293));
#1267 = ORIENTED_EDGE('',*,*,#412,.F.);
#1268 = ORIENTED_EDGE('',*,*,#1194,.F.);
#1269 = ORIENTED_EDGE('',*,*,#1270,.T.);
#1270 = EDGE_CURVE('',#1163,#1271,#1273,.T.);
#1271 = VERTEX_POINT('',#1272);
#1272 = CARTESIAN_POINT('',(-16.25320524713,15.70329007548,19.));
#1273 = SURFACE_CURVE('',#1274,(#1279,#1286),.PCURVE_S1.);
#1274 = CIRCLE('',#1275,22.6);
#1275 = AXIS2_PLACEMENT_3D('',#1276,#1277,#1278);
#1276 = CARTESIAN_POINT('',(0.,0.,19.));
#1277 = DIRECTION('',(0.,0.,1.));
#1278 = DIRECTION('',(-0.224951054344,0.974370064785,0.));
#1279 = PCURVE('',#429,#1280);
#1280 = DEFINITIONAL_REPRESENTATION('',(#1281),#1285);
#1281 = CIRCLE('',#1282,22.6);
#1282 = AXIS2_PLACEMENT_2D('',#1283,#1284);
#1283 = CARTESIAN_POINT('',(0.,0.));
#1284 = DIRECTION('',(-0.224951054344,0.974370064785));
#1285 = ( GEOMETRIC_REPRESENTATION_CONTEXT(2) 
PARAMETRIC_REPRESENTATION_CONTEXT() REPRESENTATION_CONTEXT('2D SPACE',''
  ) );
#1286 = PCURVE('',#1179,#1287);
#1287 = DEFINITIONAL_REPRESENTATION('',(#1288),#1292);
#1288 = LINE('',#1289,#1290);
#1289 = CARTESIAN_POINT('',(-0.,-0.4));
#1290 = VECTOR('',#1291,1.);
#1291 = DIRECTION('',(-1.,-0.));
#1292 = ( GEOMETRIC_REPRESENTATION_CONTEXT(2) 
PARAMETRIC_REPRESENTATION_CONTEXT() REPRESENTATION_CONTEXT('2D SPACE',''
  ) );
#1293 = ORIENTED_EDGE('',*,*,#1294,.T.);
#1294 = EDGE_CURVE('',#1271,#413,#1295,.T.);
#1295 = SURFACE_CURVE('',#1296,(#1300,#1307),.PCURVE_S1.);
#1296 = LINE('',#1297,#1298);
#1297 = CARTESIAN_POINT('',(-16.54833579321,15.978503762085,19.));
#1298 = VECTOR('',#1299,1.);
#1299 = DIRECTION('',(0.731353701619,-0.681998360062,0.));
#1300 = PCURVE('',#429,#1301);
#1301 = DEFINITIONAL_REPRESENTATION('',(#1302),#1306);
#1302 = LINE('',#1303,#1304);
#1303 = CARTESIAN_POINT('',(-16.54833579321,15.978503762085));
#1304 = VECTOR('',#1305,1.);
#1305 = DIRECTION('',(0.731353701619,-0.681998360062));
#1306 = ( GEOMETRIC_REPRESENTATION_CONTEXT(2) 
PARAMETRIC_REPRESENTATION_CONTEXT() REPRESENTATION_CONTEXT('2D SPACE',''
  ) );
#1307 = PCURVE('',#461,#1308);
#1308 = DEFINITIONAL_REPRESENTATION('',(#1309),#1313);
#1309 = LINE('',#1310,#1311);
#1310 = CARTESIAN_POINT('',(0.,0.282842712475));
#1311 = VECTOR('',#1312,1.);
#1312 = DIRECTION('',(1.,0.));
#1313 = ( GEOMETRIC_REPRESENTATION_CONTEXT(2) 
PARAMETRIC_REPRESENTATION_CONTEXT() REPRESENTATION_CONTEXT('2D SPACE',''
  ) );
#1314 = ADVANCED_FACE('',(#1315),#492,.T.);
#1315 = FACE_BOUND('',#1316,.T.);
#1316 = EDGE_LOOP('',(#1317,#1338,#1339,#1340));
#1317 = ORIENTED_EDGE('',*,*,#1318,.F.);
#1318 = EDGE_CURVE('',#1222,#1319,#1321,.T.);
#1319 = VERTEX_POINT('',#1320);
#1320 = CARTESIAN_POINT('',(-16.82113513724,15.685962281437,18.6));
#1321 = SURFACE_CURVE('',#1322,(#1326,#1332),.PCURVE_S1.);
#1322 = LINE('',#1323,#1324);
#1323 = CARTESIAN_POINT('',(-16.82113513724,15.685962281437,14.));
#1324 = VECTOR('',#1325,1.);
#1325 = DIRECTION('',(0.,0.,1.));
#1326 = PCURVE('',#492,#1327);
#1327 = DEFINITIONAL_REPRESENTATION('',(#1328),#1331);
#1328 = B_SPLINE_CURVE_WITH_KNOTS('',1,(#1329,#1330),.UNSPECIFIED.,.F.,
  .F.,(2,2),(-6.E-07,5.0000006),.PIECEWISE_BEZIER_KNOTS.);
#1329 = CARTESIAN_POINT('',(7.4999994,69.));
#1330 = CARTESIAN_POINT('',(12.5000006,69.));
#1331 = ( GEOMETRIC_REPRESENTATION_CONTEXT(2) 
PARAMETRIC_REPRESENTATION_CONTEXT() REPRESENTATION_CONTEXT('2D SPACE',''
  ) );
#1332 = PCURVE('',#1107,#1333);
#1333 = DEFINITIONAL_REPRESENTATION('',(#1334),#1337);
#1334 = B_SPLINE_CURVE_WITH_KNOTS('',1,(#1335,#1336),.UNSPECIFIED.,.F.,
  .F.,(2,2),(-6.E-07,5.0000006),.PIECEWISE_BEZIER_KNOTS.);
#1335 = CARTESIAN_POINT('',(2.391101075232,-6.E-07));
#1336 = CARTESIAN_POINT('',(2.391101075232,5.0000006));
#1337 = ( GEOMETRIC_REPRESENTATION_CONTEXT(2) 
PARAMETRIC_REPRESENTATION_CONTEXT() REPRESENTATION_CONTEXT('2D SPACE',''
  ) );
#1338 = ORIENTED_EDGE('',*,*,#1245,.T.);
#1339 = ORIENTED_EDGE('',*,*,#477,.T.);
#1340 = ORIENTED_EDGE('',*,*,#1341,.F.);
#1341 = EDGE_CURVE('',#1319,#442,#1342,.T.);
#1342 = SURFACE_CURVE('',#1343,(#1347,#1354),.PCURVE_S1.);
#1343 = LINE('',#1344,#1345);
#1344 = CARTESIAN_POINT('',(-16.82113513724,15.685962281437,18.6));
#1345 = VECTOR('',#1346,1.);
#1346 = DIRECTION('',(0.731353701619,-0.681998360062,0.));
#1347 = PCURVE('',#492,#1348);
#1348 = DEFINITIONAL_REPRESENTATION('',(#1349),#1353);
#1349 = LINE('',#1350,#1351);
#1350 = CARTESIAN_POINT('',(12.1,69.));
#1351 = VECTOR('',#1352,1.);
#1352 = DIRECTION('',(0.,-1.));
#1353 = ( GEOMETRIC_REPRESENTATION_CONTEXT(2) 
PARAMETRIC_REPRESENTATION_CONTEXT() REPRESENTATION_CONTEXT('2D SPACE',''
  ) );
#1354 = PCURVE('',#461,#1355);
#1355 = DEFINITIONAL_REPRESENTATION('',(#1356),#1360);
#1356 = LINE('',#1357,#1358);
#1357 = CARTESIAN_POINT('',(0.,-0.282842712475));
#1358 = VECTOR('',#1359,1.);
#1359 = DIRECTION('',(1.,0.));
#1360 = ( GEOMETRIC_REPRESENTATION_CONTEXT(2) 
PARAMETRIC_REPRESENTATION_CONTEXT() REPRESENTATION_CONTEXT('2D SPACE',''
  ) );
#1361 = ADVANCED_FACE('',(#1362),#461,.T.);
#1362 = FACE_BOUND('',#1363,.T.);
#1363 = EDGE_LOOP('',(#1364,#1389,#1390,#1391));
#1364 = ORIENTED_EDGE('',*,*,#1365,.F.);
#1365 = EDGE_CURVE('',#1319,#1271,#1366,.T.);
#1366 = SURFACE_CURVE('',#1367,(#1372,#1379),.PCURVE_S1.);
#1367 = PARABOLA('',#1368,8.131727983645);
#1368 = AXIS2_PLACEMENT_3D('',#1369,#1370,#1371);
#1369 = CARTESIAN_POINT('',(7.842981140719,8.41056756862,30.1));
#1370 = DIRECTION('',(-0.482245665158,-0.517145161861,0.707106781187));
#1371 = DIRECTION('',(-0.482245665158,-0.517145161861,-0.707106781187));
#1372 = PCURVE('',#461,#1373);
#1373 = DEFINITIONAL_REPRESENTATION('',(#1374),#1378);
#1374 = B_SPLINE_CURVE_WITH_KNOTS('',2,(#1375,#1376,#1377),
  .UNSPECIFIED.,.F.,.F.,(3,3),(-23.,-22.59645989972),
  .PIECEWISE_BEZIER_KNOTS.);
#1375 = CARTESIAN_POINT('',(1.42108547152E-14,-0.282842712475));
#1376 = CARTESIAN_POINT('',(0.201770050136,2.503228908653E-03));
#1377 = CARTESIAN_POINT('',(0.403540100272,0.282842712475));
#1378 = ( GEOMETRIC_REPRESENTATION_CONTEXT(2) 
PARAMETRIC_REPRESENTATION_CONTEXT() REPRESENTATION_CONTEXT('2D SPACE',''
  ) );
#1379 = PCURVE('',#1179,#1380);
#1380 = DEFINITIONAL_REPRESENTATION('',(#1381),#1388);
#1381 = B_SPLINE_CURVE_WITH_KNOTS('',5,(#1382,#1383,#1384,#1385,#1386,
    #1387),.UNSPECIFIED.,.F.,.F.,(6,6),(-23.,-22.59645989972),
  .PIECEWISE_BEZIER_KNOTS.);
#1382 = CARTESIAN_POINT('',(-0.593411945678,0.));
#1383 = CARTESIAN_POINT('',(-0.589902901328,-8.070802005447E-02));
#1384 = CARTESIAN_POINT('',(-0.586378465237,-0.161062030082));
#1385 = CARTESIAN_POINT('',(-0.582838547389,-0.241062030082));
#1386 = CARTESIAN_POINT('',(-0.579283057766,-0.320708020054));
#1387 = CARTESIAN_POINT('',(-0.575711906437,-0.4));
#1388 = ( GEOMETRIC_REPRESENTATION_CONTEXT(2) 
PARAMETRIC_REPRESENTATION_CONTEXT() REPRESENTATION_CONTEXT('2D SPACE',''
  ) );
#1389 = ORIENTED_EDGE('',*,*,#1341,.T.);
#1390 = ORIENTED_EDGE('',*,*,#441,.T.);
#1391 = ORIENTED_EDGE('',*,*,#1294,.F.);
#1392 = ADVANCED_FACE('',(#1393),#549,.T.);
#1393 = FACE_BOUND('',#1394,.T.);
#1394 = EDGE_LOOP('',(#1395,#1423,#1442,#1443));
#1395 = ORIENTED_EDGE('',*,*,#1396,.F.);
#1396 = EDGE_CURVE('',#1397,#1399,#1401,.T.);
#1397 = VERTEX_POINT('',#1398);
#1398 = CARTESIAN_POINT('',(-5.173874249909,-22.41051149006,14.));
#1399 = VERTEX_POINT('',#1400);
#1400 = CARTESIAN_POINT('',(-5.173874249909,-22.41051149006,18.6));
#1401 = SURFACE_CURVE('',#1402,(#1406,#1412),.PCURVE_S1.);
#1402 = LINE('',#1403,#1404);
#1403 = CARTESIAN_POINT('',(-5.173874249909,-22.41051149006,14.));
#1404 = VECTOR('',#1405,1.);
#1405 = DIRECTION('',(0.,0.,1.));
#1406 = PCURVE('',#549,#1407);
#1407 = DEFINITIONAL_REPRESENTATION('',(#1408),#1411);
#1408 = B_SPLINE_CURVE_WITH_KNOTS('',1,(#1409,#1410),.UNSPECIFIED.,.F.,
  .F.,(2,2),(-6.E-07,5.0000006),.PIECEWISE_BEZIER_KNOTS.);
#1409 = CARTESIAN_POINT('',(7.4999994,69.));
#1410 = CARTESIAN_POINT('',(12.5000006,69.));
#1411 = ( GEOMETRIC_REPRESENTATION_CONTEXT(2) 
PARAMETRIC_REPRESENTATION_CONTEXT() REPRESENTATION_CONTEXT('2D SPACE',''
  ) );
#1412 = PCURVE('',#1413,#1418);
#1413 = CYLINDRICAL_SURFACE('',#1414,23.);
#1414 = AXIS2_PLACEMENT_3D('',#1415,#1416,#1417);
#1415 = CARTESIAN_POINT('',(0.,0.,14.));
#1416 = DIRECTION('',(0.,0.,1.));
#1417 = DIRECTION('',(1.,0.,-0.));
#1418 = DEFINITIONAL_REPRESENTATION('',(#1419),#1422);
#1419 = B_SPLINE_CURVE_WITH_KNOTS('',1,(#1420,#1421),.UNSPECIFIED.,.F.,
  .F.,(2,2),(-6.E-07,5.0000006),.PIECEWISE_BEZIER_KNOTS.);
#1420 = CARTESIAN_POINT('',(4.485496177625,-6.E-07));
#1421 = CARTESIAN_POINT('',(4.485496177625,5.0000006));
#1422 = ( GEOMETRIC_REPRESENTATION_CONTEXT(2) 
PARAMETRIC_REPRESENTATION_CONTEXT() REPRESENTATION_CONTEXT('2D SPACE',''
  ) );
#1423 = ORIENTED_EDGE('',*,*,#1424,.T.);
#1424 = EDGE_CURVE('',#1397,#533,#1425,.T.);
#1425 = SURFACE_CURVE('',#1426,(#1430,#1436),.PCURVE_S1.);
#1426 = LINE('',#1427,#1428);
#1427 = CARTESIAN_POINT('',(5.173874249909,22.41051149006,14.));
#1428 = VECTOR('',#1429,1.);
#1429 = DIRECTION('',(0.224951054344,0.974370064785,-0.));
#1430 = PCURVE('',#549,#1431);
#1431 = DEFINITIONAL_REPRESENTATION('',(#1432),#1435);
#1432 = B_SPLINE_CURVE_WITH_KNOTS('',1,(#1433,#1434),.UNSPECIFIED.,.F.,
  .F.,(2,2),(-46.60499447924,-6.901432475869),.PIECEWISE_BEZIER_KNOTS.);
#1433 = CARTESIAN_POINT('',(7.5,69.604994479248));
#1434 = CARTESIAN_POINT('',(7.5,29.901432475869));
#1435 = ( GEOMETRIC_REPRESENTATION_CONTEXT(2) 
PARAMETRIC_REPRESENTATION_CONTEXT() REPRESENTATION_CONTEXT('2D SPACE',''
  ) );
#1436 = PCURVE('',#577,#1437);
#1437 = DEFINITIONAL_REPRESENTATION('',(#1438),#1441);
#1438 = B_SPLINE_CURVE_WITH_KNOTS('',1,(#1439,#1440),.UNSPECIFIED.,.F.,
  .F.,(2,2),(-46.60499447924,-6.901432475869),.PIECEWISE_BEZIER_KNOTS.);
#1439 = CARTESIAN_POINT('',(-5.309968395888,-23.));
#1440 = CARTESIAN_POINT('',(3.621389737979,15.685962281437));
#1441 = ( GEOMETRIC_REPRESENTATION_CONTEXT(2) 
PARAMETRIC_REPRESENTATION_CONTEXT() REPRESENTATION_CONTEXT('2D SPACE',''
  ) );
#1442 = ORIENTED_EDGE('',*,*,#532,.T.);
#1443 = ORIENTED_EDGE('',*,*,#1444,.F.);
#1444 = EDGE_CURVE('',#1399,#535,#1445,.T.);
#1445 = SURFACE_CURVE('',#1446,(#1450,#1457),.PCURVE_S1.);
#1446 = LINE('',#1447,#1448);
#1447 = CARTESIAN_POINT('',(-5.173874249909,-22.41051149006,18.6));
#1448 = VECTOR('',#1449,1.);
#1449 = DIRECTION('',(0.224951054344,0.974370064785,-0.));
#1450 = PCURVE('',#549,#1451);
#1451 = DEFINITIONAL_REPRESENTATION('',(#1452),#1456);
#1452 = LINE('',#1453,#1454);
#1453 = CARTESIAN_POINT('',(12.1,69.));
#1454 = VECTOR('',#1455,1.);
#1455 = DIRECTION('',(0.,-1.));
#1456 = ( GEOMETRIC_REPRESENTATION_CONTEXT(2) 
PARAMETRIC_REPRESENTATION_CONTEXT() REPRESENTATION_CONTEXT('2D SPACE',''
  ) );
#1457 = PCURVE('',#698,#1458);
#1458 = DEFINITIONAL_REPRESENTATION('',(#1459),#1463);
#1459 = LINE('',#1460,#1461);
#1460 = CARTESIAN_POINT('',(3.552713678801E-15,0.282842712475));
#1461 = VECTOR('',#1462,1.);
#1462 = DIRECTION('',(-1.,0.));
#1463 = ( GEOMETRIC_REPRESENTATION_CONTEXT(2) 
PARAMETRIC_REPRESENTATION_CONTEXT() REPRESENTATION_CONTEXT('2D SPACE',''
  ) );
#1464 = ADVANCED_FACE('',(#1465),#698,.T.);
#1465 = FACE_BOUND('',#1466,.F.);
#1466 = EDGE_LOOP('',(#1467,#1499,#1520,#1521));
#1467 = ORIENTED_EDGE('',*,*,#1468,.T.);
#1468 = EDGE_CURVE('',#1399,#1469,#1471,.T.);
#1469 = VERTEX_POINT('',#1470);
#1470 = CARTESIAN_POINT('',(-5.472845504797,-21.92733367467,19.));
#1471 = SURFACE_CURVE('',#1472,(#1477,#1484),.PCURVE_S1.);
#1472 = PARABOLA('',#1473,8.131727983645);
#1473 = AXIS2_PLACEMENT_3D('',#1474,#1475,#1476);
#1474 = CARTESIAN_POINT('',(-11.20525574503,2.586937124954,30.1));
#1475 = DIRECTION('',(0.688983680195,-0.159064415962,0.707106781187));
#1476 = DIRECTION('',(0.688983680195,-0.159064415962,-0.707106781187));
#1477 = PCURVE('',#698,#1478);
#1478 = DEFINITIONAL_REPRESENTATION('',(#1479),#1483);
#1479 = B_SPLINE_CURVE_WITH_KNOTS('',2,(#1480,#1481,#1482),
  .UNSPECIFIED.,.F.,.F.,(3,3),(-23.,-22.59645989972),
  .PIECEWISE_BEZIER_KNOTS.);
#1480 = CARTESIAN_POINT('',(-3.19744231092E-14,0.282842712475));
#1481 = CARTESIAN_POINT('',(-0.201770050136,-2.503228908655E-03));
#1482 = CARTESIAN_POINT('',(-0.403540100272,-0.282842712475));
#1483 = ( GEOMETRIC_REPRESENTATION_CONTEXT(2) 
PARAMETRIC_REPRESENTATION_CONTEXT() REPRESENTATION_CONTEXT('2D SPACE',''
  ) );
#1484 = PCURVE('',#1485,#1490);
#1485 = CONICAL_SURFACE('',#1486,23.,0.785398163397);
#1486 = AXIS2_PLACEMENT_3D('',#1487,#1488,#1489);
#1487 = CARTESIAN_POINT('',(0.,0.,18.6));
#1488 = DIRECTION('',(-0.,-0.,-1.));
#1489 = DIRECTION('',(-0.224951054344,-0.974370064785,0.));
#1490 = DEFINITIONAL_REPRESENTATION('',(#1491),#1498);
#1491 = B_SPLINE_CURVE_WITH_KNOTS('',5,(#1492,#1493,#1494,#1495,#1496,
    #1497),.UNSPECIFIED.,.F.,.F.,(6,6),(-23.,-22.59645989972),
  .PIECEWISE_BEZIER_KNOTS.);
#1492 = CARTESIAN_POINT('',(0.,3.5527136788E-15));
#1493 = CARTESIAN_POINT('',(3.509044350194E-03,-8.070802005447E-02));
#1494 = CARTESIAN_POINT('',(7.033480440732E-03,-0.161062030082));
#1495 = CARTESIAN_POINT('',(1.057339828861E-02,-0.241062030082));
#1496 = CARTESIAN_POINT('',(1.412888791157E-02,-0.320708020054));
#1497 = CARTESIAN_POINT('',(1.770003924142E-02,-0.4));
#1498 = ( GEOMETRIC_REPRESENTATION_CONTEXT(2) 
PARAMETRIC_REPRESENTATION_CONTEXT() REPRESENTATION_CONTEXT('2D SPACE',''
  ) );
#1499 = ORIENTED_EDGE('',*,*,#1500,.T.);
#1500 = EDGE_CURVE('',#1469,#652,#1501,.T.);
#1501 = SURFACE_CURVE('',#1502,(#1506,#1513),.PCURVE_S1.);
#1502 = LINE('',#1503,#1504);
#1503 = CARTESIAN_POINT('',(-5.563622275823,-22.32053106832,19.));
#1504 = VECTOR('',#1505,1.);
#1505 = DIRECTION('',(0.224951054344,0.974370064785,-0.));
#1506 = PCURVE('',#698,#1507);
#1507 = DEFINITIONAL_REPRESENTATION('',(#1508),#1512);
#1508 = LINE('',#1509,#1510);
#1509 = CARTESIAN_POINT('',(3.552713678801E-15,-0.282842712475));
#1510 = VECTOR('',#1511,1.);
#1511 = DIRECTION('',(-1.,0.));
#1512 = ( GEOMETRIC_REPRESENTATION_CONTEXT(2) 
PARAMETRIC_REPRESENTATION_CONTEXT() REPRESENTATION_CONTEXT('2D SPACE',''
  ) );
#1513 = PCURVE('',#668,#1514);
#1514 = DEFINITIONAL_REPRESENTATION('',(#1515),#1519);
#1515 = LINE('',#1516,#1517);
#1516 = CARTESIAN_POINT('',(-5.563622275823,-22.32053106832));
#1517 = VECTOR('',#1518,1.);
#1518 = DIRECTION('',(0.224951054344,0.974370064785));
#1519 = ( GEOMETRIC_REPRESENTATION_CONTEXT(2) 
PARAMETRIC_REPRESENTATION_CONTEXT() REPRESENTATION_CONTEXT('2D SPACE',''
  ) );
#1520 = ORIENTED_EDGE('',*,*,#680,.T.);
#1521 = ORIENTED_EDGE('',*,*,#1444,.F.);
#1522 = ADVANCED_FACE('',(#1523),#577,.F.);
#1523 = FACE_BOUND('',#1524,.F.);
#1524 = EDGE_LOOP('',(#1525,#1546,#1568,#1569));
#1525 = ORIENTED_EDGE('',*,*,#1526,.F.);
#1526 = EDGE_CURVE('',#1527,#561,#1529,.T.);
#1527 = VERTEX_POINT('',#1528);
#1528 = CARTESIAN_POINT('',(-16.82113513724,-15.68596228143,14.));
#1529 = SURFACE_CURVE('',#1530,(#1534,#1540),.PCURVE_S1.);
#1530 = LINE('',#1531,#1532);
#1531 = CARTESIAN_POINT('',(16.821135137241,15.685962281437,14.));
#1532 = VECTOR('',#1533,1.);
#1533 = DIRECTION('',(0.731353701619,0.681998360062,-0.));
#1534 = PCURVE('',#577,#1535);
#1535 = DEFINITIONAL_REPRESENTATION('',(#1536),#1539);
#1536 = B_SPLINE_CURVE_WITH_KNOTS('',1,(#1537,#1538),.UNSPECIFIED.,.F.,
  .F.,(2,2),(-54.44853160526,8.448531605268),.PIECEWISE_BEZIER_KNOTS.);
#1537 = CARTESIAN_POINT('',(-23.,-21.44784698116));
#1538 = CARTESIAN_POINT('',(23.,21.447846981166));
#1539 = ( GEOMETRIC_REPRESENTATION_CONTEXT(2) 
PARAMETRIC_REPRESENTATION_CONTEXT() REPRESENTATION_CONTEXT('2D SPACE',''
  ) );
#1540 = PCURVE('',#604,#1541);
#1541 = DEFINITIONAL_REPRESENTATION('',(#1542),#1545);
#1542 = B_SPLINE_CURVE_WITH_KNOTS('',1,(#1543,#1544),.UNSPECIFIED.,.F.,
  .F.,(2,2),(-54.44853160526,8.448531605268),.PIECEWISE_BEZIER_KNOTS.);
#1543 = CARTESIAN_POINT('',(7.5,77.448531605268));
#1544 = CARTESIAN_POINT('',(7.5,14.551468394732));
#1545 = ( GEOMETRIC_REPRESENTATION_CONTEXT(2) 
PARAMETRIC_REPRESENTATION_CONTEXT() REPRESENTATION_CONTEXT('2D SPACE',''
  ) );
#1546 = ORIENTED_EDGE('',*,*,#1547,.T.);
#1547 = EDGE_CURVE('',#1527,#1397,#1548,.T.);
#1548 = SURFACE_CURVE('',#1549,(#1554,#1561),.PCURVE_S1.);
#1549 = CIRCLE('',#1550,23.);
#1550 = AXIS2_PLACEMENT_3D('',#1551,#1552,#1553);
#1551 = CARTESIAN_POINT('',(0.,0.,14.));
#1552 = DIRECTION('',(0.,0.,1.));
#1553 = DIRECTION('',(-0.731353701619,-0.681998360062,0.));
#1554 = PCURVE('',#577,#1555);
#1555 = DEFINITIONAL_REPRESENTATION('',(#1556),#1560);
#1556 = CIRCLE('',#1557,23.);
#1557 = AXIS2_PLACEMENT_2D('',#1558,#1559);
#1558 = CARTESIAN_POINT('',(0.,0.));
#1559 = DIRECTION('',(-0.731353701619,-0.681998360062));
#1560 = ( GEOMETRIC_REPRESENTATION_CONTEXT(2) 
PARAMETRIC_REPRESENTATION_CONTEXT() REPRESENTATION_CONTEXT('2D SPACE',''
  ) );
#1561 = PCURVE('',#1413,#1562);
#1562 = DEFINITIONAL_REPRESENTATION('',(#1563),#1567);
#1563 = LINE('',#1564,#1565);
#1564 = CARTESIAN_POINT('',(3.892084231947,0.));
#1565 = VECTOR('',#1566,1.);
#1566 = DIRECTION('',(1.,0.));
#1567 = ( GEOMETRIC_REPRESENTATION_CONTEXT(2) 
PARAMETRIC_REPRESENTATION_CONTEXT() REPRESENTATION_CONTEXT('2D SPACE',''
  ) );
#1568 = ORIENTED_EDGE('',*,*,#1424,.T.);
#1569 = ORIENTED_EDGE('',*,*,#560,.F.);
#1570 = ADVANCED_FACE('',(#1571),#668,.T.);
#1571 = FACE_BOUND('',#1572,.T.);
#1572 = EDGE_LOOP('',(#1573,#1574,#1597,#1623));
#1573 = ORIENTED_EDGE('',*,*,#651,.F.);
#1574 = ORIENTED_EDGE('',*,*,#1575,.F.);
#1575 = EDGE_CURVE('',#1576,#616,#1578,.T.);
#1576 = VERTEX_POINT('',#1577);
#1577 = CARTESIAN_POINT('',(-16.25320524713,-15.70329007548,19.));
#1578 = SURFACE_CURVE('',#1579,(#1583,#1590),.PCURVE_S1.);
#1579 = LINE('',#1580,#1581);
#1580 = CARTESIAN_POINT('',(-16.54833579321,-15.97850376208,19.));
#1581 = VECTOR('',#1582,1.);
#1582 = DIRECTION('',(0.731353701619,0.681998360062,-0.));
#1583 = PCURVE('',#668,#1584);
#1584 = DEFINITIONAL_REPRESENTATION('',(#1585),#1589);
#1585 = LINE('',#1586,#1587);
#1586 = CARTESIAN_POINT('',(-16.54833579321,-15.97850376208));
#1587 = VECTOR('',#1588,1.);
#1588 = DIRECTION('',(0.731353701619,0.681998360062));
#1589 = ( GEOMETRIC_REPRESENTATION_CONTEXT(2) 
PARAMETRIC_REPRESENTATION_CONTEXT() REPRESENTATION_CONTEXT('2D SPACE',''
  ) );
#1590 = PCURVE('',#635,#1591);
#1591 = DEFINITIONAL_REPRESENTATION('',(#1592),#1596);
#1592 = LINE('',#1593,#1594);
#1593 = CARTESIAN_POINT('',(0.,0.282842712475));
#1594 = VECTOR('',#1595,1.);
#1595 = DIRECTION('',(1.,0.));
#1596 = ( GEOMETRIC_REPRESENTATION_CONTEXT(2) 
PARAMETRIC_REPRESENTATION_CONTEXT() REPRESENTATION_CONTEXT('2D SPACE',''
  ) );
#1597 = ORIENTED_EDGE('',*,*,#1598,.F.);
#1598 = EDGE_CURVE('',#1469,#1576,#1599,.T.);
#1599 = SURFACE_CURVE('',#1600,(#1605,#1616),.PCURVE_S1.);
#1600 = CIRCLE('',#1601,22.6);
#1601 = AXIS2_PLACEMENT_3D('',#1602,#1603,#1604);
#1602 = CARTESIAN_POINT('',(0.,0.,19.));
#1603 = DIRECTION('',(-0.,0.,-1.));
#1604 = DIRECTION('',(-0.224951054344,-0.974370064785,0.));
#1605 = PCURVE('',#668,#1606);
#1606 = DEFINITIONAL_REPRESENTATION('',(#1607),#1615);
#1607 = ( BOUNDED_CURVE() B_SPLINE_CURVE(2,(#1608,#1609,#1610,#1611,
#1612,#1613,#1614),.UNSPECIFIED.,.T.,.F.) B_SPLINE_CURVE_WITH_KNOTS((1,2
    ,2,2,2,1),(-2.094395102393,0.,2.094395102393,4.188790204786,
6.28318530718,8.377580409573),.UNSPECIFIED.) CURVE() 
GEOMETRIC_REPRESENTATION_ITEM() RATIONAL_B_SPLINE_CURVE((1.,0.5,1.,0.5,
1.,0.5,1.)) REPRESENTATION_ITEM('') );
#1608 = CARTESIAN_POINT('',(-5.083893828171,-22.02076346414));
#1609 = CARTESIAN_POINT('',(-43.22497496952,-13.21520105346));
#1610 = CARTESIAN_POINT('',(-16.52859365659,15.413162937412));
#1611 = CARTESIAN_POINT('',(10.167787656343,44.041526928293));
#1612 = CARTESIAN_POINT('',(21.612487484765,6.607600526734));
#1613 = CARTESIAN_POINT('',(33.057187313187,-30.82632587482));
#1614 = CARTESIAN_POINT('',(-5.083893828171,-22.02076346414));
#1615 = ( GEOMETRIC_REPRESENTATION_CONTEXT(2) 
PARAMETRIC_REPRESENTATION_CONTEXT() REPRESENTATION_CONTEXT('2D SPACE',''
  ) );
#1616 = PCURVE('',#1485,#1617);
#1617 = DEFINITIONAL_REPRESENTATION('',(#1618),#1622);
#1618 = LINE('',#1619,#1620);
#1619 = CARTESIAN_POINT('',(0.,-0.4));
#1620 = VECTOR('',#1621,1.);
#1621 = DIRECTION('',(1.,-0.));
#1622 = ( GEOMETRIC_REPRESENTATION_CONTEXT(2) 
PARAMETRIC_REPRESENTATION_CONTEXT() REPRESENTATION_CONTEXT('2D SPACE',''
  ) );
#1623 = ORIENTED_EDGE('',*,*,#1500,.T.);
#1624 = ADVANCED_FACE('',(#1625),#604,.F.);
#1625 = FACE_BOUND('',#1626,.F.);
#1626 = EDGE_LOOP('',(#1627,#1648,#1649,#1650));
#1627 = ORIENTED_EDGE('',*,*,#1628,.F.);
#1628 = EDGE_CURVE('',#1527,#1629,#1631,.T.);
#1629 = VERTEX_POINT('',#1630);
#1630 = CARTESIAN_POINT('',(-16.82113513724,-15.68596228143,18.6));
#1631 = SURFACE_CURVE('',#1632,(#1636,#1642),.PCURVE_S1.);
#1632 = LINE('',#1633,#1634);
#1633 = CARTESIAN_POINT('',(-16.82113513724,-15.68596228143,14.));
#1634 = VECTOR('',#1635,1.);
#1635 = DIRECTION('',(0.,0.,1.));
#1636 = PCURVE('',#604,#1637);
#1637 = DEFINITIONAL_REPRESENTATION('',(#1638),#1641);
#1638 = B_SPLINE_CURVE_WITH_KNOTS('',1,(#1639,#1640),.UNSPECIFIED.,.F.,
  .F.,(2,2),(-6.E-07,5.0000006),.PIECEWISE_BEZIER_KNOTS.);
#1639 = CARTESIAN_POINT('',(7.4999994,69.));
#1640 = CARTESIAN_POINT('',(12.5000006,69.));
#1641 = ( GEOMETRIC_REPRESENTATION_CONTEXT(2) 
PARAMETRIC_REPRESENTATION_CONTEXT() REPRESENTATION_CONTEXT('2D SPACE',''
  ) );
#1642 = PCURVE('',#1413,#1643);
#1643 = DEFINITIONAL_REPRESENTATION('',(#1644),#1647);
#1644 = B_SPLINE_CURVE_WITH_KNOTS('',1,(#1645,#1646),.UNSPECIFIED.,.F.,
  .F.,(2,2),(0.,5.),.PIECEWISE_BEZIER_KNOTS.);
#1645 = CARTESIAN_POINT('',(3.892084231947,0.));
#1646 = CARTESIAN_POINT('',(3.892084231947,5.));
#1647 = ( GEOMETRIC_REPRESENTATION_CONTEXT(2) 
PARAMETRIC_REPRESENTATION_CONTEXT() REPRESENTATION_CONTEXT('2D SPACE',''
  ) );
#1648 = ORIENTED_EDGE('',*,*,#1526,.T.);
#1649 = ORIENTED_EDGE('',*,*,#589,.T.);
#1650 = ORIENTED_EDGE('',*,*,#1651,.F.);
#1651 = EDGE_CURVE('',#1629,#590,#1652,.T.);
#1652 = SURFACE_CURVE('',#1653,(#1657,#1664),.PCURVE_S1.);
#1653 = LINE('',#1654,#1655);
#1654 = CARTESIAN_POINT('',(-16.82113513724,-15.68596228143,18.6));
#1655 = VECTOR('',#1656,1.);
#1656 = DIRECTION('',(0.731353701619,0.681998360062,-0.));
#1657 = PCURVE('',#604,#1658);
#1658 = DEFINITIONAL_REPRESENTATION('',(#1659),#1663);
#1659 = LINE('',#1660,#1661);
#1660 = CARTESIAN_POINT('',(12.1,69.));
#1661 = VECTOR('',#1662,1.);
#1662 = DIRECTION('',(0.,-1.));
#1663 = ( GEOMETRIC_REPRESENTATION_CONTEXT(2) 
PARAMETRIC_REPRESENTATION_CONTEXT() REPRESENTATION_CONTEXT('2D SPACE',''
  ) );
#1664 = PCURVE('',#635,#1665);
#1665 = DEFINITIONAL_REPRESENTATION('',(#1666),#1670);
#1666 = LINE('',#1667,#1668);
#1667 = CARTESIAN_POINT('',(0.,-0.282842712475));
#1668 = VECTOR('',#1669,1.);
#1669 = DIRECTION('',(1.,0.));
#1670 = ( GEOMETRIC_REPRESENTATION_CONTEXT(2) 
PARAMETRIC_REPRESENTATION_CONTEXT() REPRESENTATION_CONTEXT('2D SPACE',''
  ) );
#1671 = ADVANCED_FACE('',(#1672),#635,.F.);
#1672 = FACE_BOUND('',#1673,.F.);
#1673 = EDGE_LOOP('',(#1674,#1699,#1700,#1701));
#1674 = ORIENTED_EDGE('',*,*,#1675,.F.);
#1675 = EDGE_CURVE('',#1629,#1576,#1676,.T.);
#1676 = SURFACE_CURVE('',#1677,(#1682,#1689),.PCURVE_S1.);
#1677 = PARABOLA('',#1678,8.131727983645);
#1678 = AXIS2_PLACEMENT_3D('',#1679,#1680,#1681);
#1679 = CARTESIAN_POINT('',(7.842981140719,-8.41056756862,30.1));
#1680 = DIRECTION('',(0.482245665158,-0.517145161861,-0.707106781187));
#1681 = DIRECTION('',(-0.482245665158,0.517145161861,-0.707106781187));
#1682 = PCURVE('',#635,#1683);
#1683 = DEFINITIONAL_REPRESENTATION('',(#1684),#1688);
#1684 = B_SPLINE_CURVE_WITH_KNOTS('',2,(#1685,#1686,#1687),
  .UNSPECIFIED.,.F.,.F.,(3,3),(-23.,-22.59645989972),
  .PIECEWISE_BEZIER_KNOTS.);
#1685 = CARTESIAN_POINT('',(3.552713678801E-15,-0.282842712475));
#1686 = CARTESIAN_POINT('',(0.201770050136,2.503228908633E-03));
#1687 = CARTESIAN_POINT('',(0.403540100272,0.282842712475));
#1688 = ( GEOMETRIC_REPRESENTATION_CONTEXT(2) 
PARAMETRIC_REPRESENTATION_CONTEXT() REPRESENTATION_CONTEXT('2D SPACE',''
  ) );
#1689 = PCURVE('',#1485,#1690);
#1690 = DEFINITIONAL_REPRESENTATION('',(#1691),#1698);
#1691 = B_SPLINE_CURVE_WITH_KNOTS('',5,(#1692,#1693,#1694,#1695,#1696,
    #1697),.UNSPECIFIED.,.F.,.F.,(6,6),(-23.,-22.59645989972),
  .PIECEWISE_BEZIER_KNOTS.);
#1692 = CARTESIAN_POINT('',(0.593411945678,1.42108547152E-14));
#1693 = CARTESIAN_POINT('',(0.589902901328,-8.070802005446E-02));
#1694 = CARTESIAN_POINT('',(0.586378465237,-0.161062030082));
#1695 = CARTESIAN_POINT('',(0.582838547389,-0.241062030082));
#1696 = CARTESIAN_POINT('',(0.579283057766,-0.320708020054));
#1697 = CARTESIAN_POINT('',(0.575711906437,-0.4));
#1698 = ( GEOMETRIC_REPRESENTATION_CONTEXT(2) 
PARAMETRIC_REPRESENTATION_CONTEXT() REPRESENTATION_CONTEXT('2D SPACE',''
  ) );
#1699 = ORIENTED_EDGE('',*,*,#1651,.T.);
#1700 = ORIENTED_EDGE('',*,*,#615,.T.);
#1701 = ORIENTED_EDGE('',*,*,#1575,.F.);
#1702 = ADVANCED_FACE('',(#1703,#1730),#730,.T.);
#1703 = FACE_BOUND('',#1704,.T.);
#1704 = EDGE_LOOP('',(#1705,#1706,#1707,#1708));
#1705 = ORIENTED_EDGE('',*,*,#713,.F.);
#1706 = ORIENTED_EDGE('',*,*,#844,.T.);
#1707 = ORIENTED_EDGE('',*,*,#1012,.T.);
#1708 = ORIENTED_EDGE('',*,*,#1709,.T.);
#1709 = EDGE_CURVE('',#1013,#716,#1710,.T.);
#1710 = SURFACE_CURVE('',#1711,(#1716,#1723),.PCURVE_S1.);
#1711 = CIRCLE('',#1712,23.);
#1712 = AXIS2_PLACEMENT_3D('',#1713,#1714,#1715);
#1713 = CARTESIAN_POINT('',(0.,0.,18.6));
#1714 = DIRECTION('',(0.,-0.,-1.));
#1715 = DIRECTION('',(0.956304755963,0.292371704723,-0.));
#1716 = PCURVE('',#730,#1717);
#1717 = DEFINITIONAL_REPRESENTATION('',(#1718),#1722);
#1718 = LINE('',#1719,#1720);
#1719 = CARTESIAN_POINT('',(6.579891280019,4.6));
#1720 = VECTOR('',#1721,1.);
#1721 = DIRECTION('',(-1.,-0.));
#1722 = ( GEOMETRIC_REPRESENTATION_CONTEXT(2) 
PARAMETRIC_REPRESENTATION_CONTEXT() REPRESENTATION_CONTEXT('2D SPACE',''
  ) );
#1723 = PCURVE('',#802,#1724);
#1724 = DEFINITIONAL_REPRESENTATION('',(#1725),#1729);
#1725 = LINE('',#1726,#1727);
#1726 = CARTESIAN_POINT('',(0.,0.));
#1727 = VECTOR('',#1728,1.);
#1728 = DIRECTION('',(1.,0.));
#1729 = ( GEOMETRIC_REPRESENTATION_CONTEXT(2) 
PARAMETRIC_REPRESENTATION_CONTEXT() REPRESENTATION_CONTEXT('2D SPACE',''
  ) );
#1730 = FACE_BOUND('',#1731,.T.);
#1731 = EDGE_LOOP('',(#1732));
#1732 = ORIENTED_EDGE('',*,*,#1733,.T.);
#1733 = EDGE_CURVE('',#1734,#1734,#1736,.T.);
#1734 = VERTEX_POINT('',#1735);
#1735 = CARTESIAN_POINT('',(22.577425219296,4.388606893661,14.5));
#1736 = SURFACE_CURVE('',#1737,(#1796,#1891),.PCURVE_S1.);
#1737 = B_SPLINE_CURVE_WITH_KNOTS('',8,(#1738,#1739,#1740,#1741,#1742,
    #1743,#1744,#1745,#1746,#1747,#1748,#1749,#1750,#1751,#1752,#1753,
    #1754,#1755,#1756,#1757,#1758,#1759,#1760,#1761,#1762,#1763,#1764,
    #1765,#1766,#1767,#1768,#1769,#1770,#1771,#1772,#1773,#1774,#1775,
    #1776,#1777,#1778,#1779,#1780,#1781,#1782,#1783,#1784,#1785,#1786,
    #1787,#1788,#1789,#1790,#1791,#1792,#1793,#1794,#1795),
  .UNSPECIFIED.,.T.,.F.,(9,7,7,7,7,7,7,7,9),(0.557484878722,
    0.658778512728,0.763702752402,0.867832712311,0.962391717742,
    1.108534799856,1.278487081416,1.420415226707,1.557484878722),
  .UNSPECIFIED.);
#1738 = CARTESIAN_POINT('',(22.577425219296,4.388606893661,14.5));
#1739 = CARTESIAN_POINT('',(22.621663986726,4.161018165016,14.5));
#1740 = CARTESIAN_POINT('',(22.662313683645,3.93789518976,
    14.530716115132));
#1741 = CARTESIAN_POINT('',(22.698683190243,3.723865649406,14.5897997675
    ));
#1742 = CARTESIAN_POINT('',(22.730483362114,3.523023398502,
    14.674142075027));
#1743 = CARTESIAN_POINT('',(22.757762772707,3.338808207781,
    14.779907132067));
#1744 = CARTESIAN_POINT('',(22.78078739894,3.173827020433,
    14.902573174545));
#1745 = CARTESIAN_POINT('',(22.799925796202,3.029648455978,
    15.036979407061));
#1746 = CARTESIAN_POINT('',(22.831838669621,2.779145868302,
    15.322805290369));
#1747 = CARTESIAN_POINT('',(22.844733381965,2.671436517374,
    15.47800241256));
#1748 = CARTESIAN_POINT('',(22.854813626319,2.582867590472,
    15.640293963363));
#1749 = CARTESIAN_POINT('',(22.862488410703,2.512802207087,
    15.807650165241));
#1750 = CARTESIAN_POINT('',(22.868052351702,2.460672993326,
    15.978491839954));
#1751 = CARTESIAN_POINT('',(22.871697708618,2.426055823314,
    16.151543676275));
#1752 = CARTESIAN_POINT('',(22.873522352629,2.408728956062,
    16.325716376861));
#1753 = CARTESIAN_POINT('',(22.873522352629,2.408728956062,
    16.67296429068));
#1754 = CARTESIAN_POINT('',(22.871725075905,2.425794842125,16.8457833781
    ));
#1755 = CARTESIAN_POINT('',(22.868136407628,2.459876290137,
    17.01652262236));
#1756 = CARTESIAN_POINT('',(22.862716498593,2.510658017198,
    17.183276987348));
#1757 = CARTESIAN_POINT('',(22.855382139442,2.577574903341,
    17.344196877477));
#1758 = CARTESIAN_POINT('',(22.846018900452,2.65982627188,
    17.497514690758));
#1759 = CARTESIAN_POINT('',(22.834503036904,2.756389328369,
    17.641572088192));
#1760 = CARTESIAN_POINT('',(22.808228921438,2.965596562853,
    17.895874010244));
#1761 = CARTESIAN_POINT('',(22.793874561736,3.075877079204,
    18.007925390963));
#1762 = CARTESIAN_POINT('',(22.777601916915,3.195897328475,
    18.109848958321));
#1763 = CARTESIAN_POINT('',(22.759358631996,3.324532059233,
    18.200622312694));
#1764 = CARTESIAN_POINT('',(22.739124711009,3.460544518696,
    18.279370527187));
#1765 = CARTESIAN_POINT('',(22.716926847992,3.60261485557,
    18.345378866636));
#1766 = CARTESIAN_POINT('',(22.692850538988,3.749359154417,
    18.398101516588));
#1767 = CARTESIAN_POINT('',(22.62717461978,4.131136502851,
    18.497541863188));
#1768 = CARTESIAN_POINT('',(22.582719422644,4.373342798697,
    18.525992869491));
#1769 = CARTESIAN_POINT('',(22.534507343289,4.618513153194,
    18.519198945347));
#1770 = CARTESIAN_POINT('',(22.483930525593,4.858588032371,
    18.476809473989));
#1771 = CARTESIAN_POINT('',(22.432967388648,5.085823325333,
    18.401299487961));
#1772 = CARTESIAN_POINT('',(22.383960449575,5.29352383804,
    18.297858512273));
#1773 = CARTESIAN_POINT('',(22.338980939194,5.476856955522,
    18.174295713082));
#1774 = CARTESIAN_POINT('',(22.253509002111,5.815199179292,
    17.88604542888));
#1775 = CARTESIAN_POINT('',(22.213116704166,5.967949921407,
    17.711783892183));
#1776 = CARTESIAN_POINT('',(22.179005698638,6.092646729264,
    17.524132573056));
#1777 = CARTESIAN_POINT('',(22.151554622909,6.190656283061,
    17.327232378528));
#1778 = CARTESIAN_POINT('',(22.130925663981,6.263207126837,
    17.124172881144));
#1779 = CARTESIAN_POINT('',(22.11716705843,6.311223213282,
    16.917347254431));
#1780 = CARTESIAN_POINT('',(22.110286371123,6.335237689853,
    16.708687027676));
#1781 = CARTESIAN_POINT('',(22.110286371123,6.335237689853,
    16.325724241461));
#1782 = CARTESIAN_POINT('',(22.11508492637,6.318490456366,
    16.151551070664));
#1783 = CARTESIAN_POINT('',(22.12467274328,6.285028689997,
    15.978495424145));
#1784 = CARTESIAN_POINT('',(22.139042227877,6.234609929984,
    15.807650147598));
#1785 = CARTESIAN_POINT('',(22.15817362056,6.166770086134,
    15.640292438441));
#1786 = CARTESIAN_POINT('',(22.182005907871,6.080874087189,
    15.478001510339));
#1787 = CARTESIAN_POINT('',(22.210398485973,5.976178373572,15.3228055791
    ));
#1788 = CARTESIAN_POINT('',(22.274661532515,5.731915173082,
    15.036925304965));
#1789 = CARTESIAN_POINT('',(22.310927405666,5.591061759979,
    14.902537885486));
#1790 = CARTESIAN_POINT('',(22.351372772777,5.429503601305,
    14.779914078457));
#1791 = CARTESIAN_POINT('',(22.39507351886,5.248541543901,
    14.674181820883));
#1792 = CARTESIAN_POINT('',(22.440813459056,5.05046912204,
    14.589846401706));
#1793 = CARTESIAN_POINT('',(22.487265189483,4.838429042088,
    14.530743743002));
#1794 = CARTESIAN_POINT('',(22.533166563925,4.61629793689,14.5));
#1795 = CARTESIAN_POINT('',(22.577425219296,4.388606893661,14.5));
#1796 = PCURVE('',#730,#1797);
#1797 = DEFINITIONAL_REPRESENTATION('',(#1798),#1890);
#1798 = B_SPLINE_CURVE_WITH_KNOTS('',3,(#1799,#1800,#1801,#1802,#1803,
    #1804,#1805,#1806,#1807,#1808,#1809,#1810,#1811,#1812,#1813,#1814,
    #1815,#1816,#1817,#1818,#1819,#1820,#1821,#1822,#1823,#1824,#1825,
    #1826,#1827,#1828,#1829,#1830,#1831,#1832,#1833,#1834,#1835,#1836,
    #1837,#1838,#1839,#1840,#1841,#1842,#1843,#1844,#1845,#1846,#1847,
    #1848,#1849,#1850,#1851,#1852,#1853,#1854,#1855,#1856,#1857,#1858,
    #1859,#1860,#1861,#1862,#1863,#1864,#1865,#1866,#1867,#1868,#1869,
    #1870,#1871,#1872,#1873,#1874,#1875,#1876,#1877,#1878,#1879,#1880,
    #1881,#1882,#1883,#1884,#1885,#1886,#1887,#1888,#1889),
  .UNSPECIFIED.,.T.,.F.,(4,1,1,1,1,1,1,1,1,1,1,1,1,1,1,1,1,1,1,1,1,1,1,1
    ,1,1,1,1,1,1,1,1,1,1,1,1,1,1,1,1,1,1,1,1,1,1,1,1,1,1,1,1,1,1,1,1,1,1
    ,1,1,1,1,1,1,1,1,1,1,1,1,1,1,1,1,1,1,1,1,1,1,1,1,1,1,1,1,1,1,4),(
    0.557484878722,0.568848515086,0.580212151449,0.591575787813,
    0.602939424177,0.61430306054,0.625666696904,0.637030333268,
    0.648393969631,0.659757605995,0.671121242359,0.682484878722,
    0.693848515086,0.705212151449,0.716575787813,0.727939424177,
    0.73930306054,0.750666696904,0.762030333268,0.773393969631,
    0.784757605995,0.796121242359,0.807484878722,0.818848515086,
    0.830212151449,0.841575787813,0.852939424177,0.86430306054,
    0.875666696904,0.887030333268,0.898393969631,0.909757605995,
    0.921121242359,0.932484878722,0.943848515086,0.955212151449,
    0.966575787813,0.977939424177,0.98930306054,1.000666696904,
    1.012030333268,1.023393969631,1.034757605995,1.046121242359,
    1.057484878722,1.068848515086,1.080212151449,1.091575787813,
    1.102939424177,1.11430306054,1.125666696904,1.137030333268,
    1.148393969631,1.159757605995,1.171121242359,1.182484878722,
    1.193848515086,1.205212151449,1.216575787813,1.227939424177,
    1.23930306054,1.250666696904,1.262030333268,1.273393969631,
    1.284757605995,1.296121242359,1.307484878722,1.318848515086,
    1.330212151449,1.341575787813,1.352939424177,1.36430306054,
    1.375666696904,1.387030333268,1.398393969631,1.409757605995,
    1.421121242359,1.432484878722,1.443848515086,1.455212151449,
    1.466575787813,1.477939424177,1.48930306054,1.500666696904,
    1.512030333268,1.523393969631,1.534757605995,1.546121242359,
    1.557484878722),.QUASI_UNIFORM_KNOTS.);
#1799 = CARTESIAN_POINT('',(6.475171524899,0.5));
#1800 = CARTESIAN_POINT('',(6.472155252752,0.499983558753));
#1801 = CARTESIAN_POINT('',(6.466176845971,0.507229332834));
#1802 = CARTESIAN_POINT('',(6.457455573725,0.538502482495));
#1803 = CARTESIAN_POINT('',(6.449067666705,0.588824777884));
#1804 = CARTESIAN_POINT('',(6.441089295532,0.656574391897));
#1805 = CARTESIAN_POINT('',(6.433588782257,0.73995698809));
#1806 = CARTESIAN_POINT('',(6.426624293388,0.837000640195));
#1807 = CARTESIAN_POINT('',(6.420245337022,0.945511916226));
#1808 = CARTESIAN_POINT('',(6.414483926074,1.063287779881));
#1809 = CARTESIAN_POINT('',(6.40938290789,1.187344358111));
#1810 = CARTESIAN_POINT('',(6.404883784394,1.316873490165));
#1811 = CARTESIAN_POINT('',(6.400934142543,1.451875716839));
#1812 = CARTESIAN_POINT('',(6.397532513099,1.591139990217));
#1813 = CARTESIAN_POINT('',(6.394664571382,1.733925932172));
#1814 = CARTESIAN_POINT('',(6.39232065449,1.879492687098));
#1815 = CARTESIAN_POINT('',(6.390491464375,2.027205971317));
#1816 = CARTESIAN_POINT('',(6.389169577585,2.176492523295));
#1817 = CARTESIAN_POINT('',(6.388349429471,2.326832787997));
#1818 = CARTESIAN_POINT('',(6.388027501493,2.477758550167));
#1819 = CARTESIAN_POINT('',(6.388203150181,2.628797076334));
#1820 = CARTESIAN_POINT('',(6.388874905595,2.778999968062));
#1821 = CARTESIAN_POINT('',(6.390038122628,2.927560137688));
#1822 = CARTESIAN_POINT('',(6.39168574464,3.073649813994));
#1823 = CARTESIAN_POINT('',(6.393808182357,3.216464831567));
#1824 = CARTESIAN_POINT('',(6.396393425921,3.355216226384));
#1825 = CARTESIAN_POINT('',(6.399427094574,3.489136178564));
#1826 = CARTESIAN_POINT('',(6.402892491101,3.617479406587));
#1827 = CARTESIAN_POINT('',(6.406770685197,3.739528554836));
#1828 = CARTESIAN_POINT('',(6.411040458509,3.854588302734));
#1829 = CARTESIAN_POINT('',(6.415674775251,3.961921927013));
#1830 = CARTESIAN_POINT('',(6.420647314369,4.060927594762));
#1831 = CARTESIAN_POINT('',(6.425929363571,4.151035570472));
#1832 = CARTESIAN_POINT('',(6.431490687791,4.231733353324));
#1833 = CARTESIAN_POINT('',(6.437299725343,4.302562240799));
#1834 = CARTESIAN_POINT('',(6.443323014108,4.363118186876));
#1835 = CARTESIAN_POINT('',(6.449528209546,4.413062601771));
#1836 = CARTESIAN_POINT('',(6.455873345306,4.452087637134));
#1837 = CARTESIAN_POINT('',(6.462362914439,4.480133618466));
#1838 = CARTESIAN_POINT('',(6.468943473887,4.496800549447));
#1839 = CARTESIAN_POINT('',(6.475562003159,4.501908938982));
#1840 = CARTESIAN_POINT('',(6.482164985275,4.495444363421));
#1841 = CARTESIAN_POINT('',(6.488699518733,4.477569302027));
#1842 = CARTESIAN_POINT('',(6.495113874716,4.448617063141));
#1843 = CARTESIAN_POINT('',(6.501358186828,4.409090879021));
#1844 = CARTESIAN_POINT('',(6.507385127743,4.359661073045));
#1845 = CARTESIAN_POINT('',(6.513150471819,4.301165665954));
#1846 = CARTESIAN_POINT('',(6.518614082305,4.234600136623));
#1847 = CARTESIAN_POINT('',(6.523739243615,4.16114822109));
#1848 = CARTESIAN_POINT('',(6.528498076545,4.08206063818));
#1849 = CARTESIAN_POINT('',(6.532854106965,3.999102469898));
#1850 = CARTESIAN_POINT('',(6.536895513777,3.911547241188));
#1851 = CARTESIAN_POINT('',(6.54061917628,3.820015837409));
#1852 = CARTESIAN_POINT('',(6.54403173638,3.724970663284));
#1853 = CARTESIAN_POINT('',(6.547137396181,3.626858367034));
#1854 = CARTESIAN_POINT('',(6.549941045037,3.526077632212));
#1855 = CARTESIAN_POINT('',(6.5524472945,3.422993282736));
#1856 = CARTESIAN_POINT('',(6.554660623337,3.317937486646));
#1857 = CARTESIAN_POINT('',(6.556585236863,3.211213993875));
#1858 = CARTESIAN_POINT('',(6.558225012738,3.103101204141));
#1859 = CARTESIAN_POINT('',(6.559583431787,2.993855268074));
#1860 = CARTESIAN_POINT('',(6.560663518821,2.883712935829));
#1861 = CARTESIAN_POINT('',(6.561467786428,2.772894415944));
#1862 = CARTESIAN_POINT('',(6.561998176243,2.661605801914));
#1863 = CARTESIAN_POINT('',(6.562256018094,2.550042896728));
#1864 = CARTESIAN_POINT('',(6.562241922268,2.438389879688));
#1865 = CARTESIAN_POINT('',(6.561955973989,2.32687642172));
#1866 = CARTESIAN_POINT('',(6.56139764621,2.215677052428));
#1867 = CARTESIAN_POINT('',(6.560565664345,2.104984764849));
#1868 = CARTESIAN_POINT('',(6.559458104986,1.995001675012));
#1869 = CARTESIAN_POINT('',(6.558072437985,1.885944771138));
#1870 = CARTESIAN_POINT('',(6.55640559196,1.778047919417));
#1871 = CARTESIAN_POINT('',(6.554453992396,1.67156443949));
#1872 = CARTESIAN_POINT('',(6.552213698126,1.566771922525));
#1873 = CARTESIAN_POINT('',(6.549680186426,1.463968379605));
#1874 = CARTESIAN_POINT('',(6.546849462472,1.363501788955));
#1875 = CARTESIAN_POINT('',(6.543714242401,1.265675772609));
#1876 = CARTESIAN_POINT('',(6.540278539753,1.171118503909));
#1877 = CARTESIAN_POINT('',(6.53650306965,1.079410377126));
#1878 = CARTESIAN_POINT('',(6.532369756768,0.991054280322));
#1879 = CARTESIAN_POINT('',(6.527893149717,0.90721982644));
#1880 = CARTESIAN_POINT('',(6.523083855522,0.828837348404));
#1881 = CARTESIAN_POINT('',(6.517958065501,0.756839063292));
#1882 = CARTESIAN_POINT('',(6.512534739454,0.692092883));
#1883 = CARTESIAN_POINT('',(6.506836105227,0.635418669332));
#1884 = CARTESIAN_POINT('',(6.500887288411,0.587582280729));
#1885 = CARTESIAN_POINT('',(6.494716165438,0.549296240267));
#1886 = CARTESIAN_POINT('',(6.488353260977,0.521216375633));
#1887 = CARTESIAN_POINT('',(6.481831320684,0.503948214986));
#1888 = CARTESIAN_POINT('',(6.477401254302,0.499995184201));
#1889 = CARTESIAN_POINT('',(6.475171524899,0.5));
#1890 = ( GEOMETRIC_REPRESENTATION_CONTEXT(2) 
PARAMETRIC_REPRESENTATION_CONTEXT() REPRESENTATION_CONTEXT('2D SPACE',''
  ) );
#1891 = PCURVE('',#1892,#1897);
#1892 = CYLINDRICAL_SURFACE('',#1893,2.);
#1893 = AXIS2_PLACEMENT_3D('',#1894,#1895,#1896);
#1894 = CARTESIAN_POINT('',(19.436218232264,3.778018108456,16.5));
#1895 = DIRECTION('',(0.981627183448,0.190808995377,2.22044604925E-16));
#1896 = DIRECTION('',(2.179650201323E-16,4.236810799453E-17,-1.));
#1897 = DEFINITIONAL_REPRESENTATION('',(#1898),#1990);
#1898 = B_SPLINE_CURVE_WITH_KNOTS('',3,(#1899,#1900,#1901,#1902,#1903,
    #1904,#1905,#1906,#1907,#1908,#1909,#1910,#1911,#1912,#1913,#1914,
    #1915,#1916,#1917,#1918,#1919,#1920,#1921,#1922,#1923,#1924,#1925,
    #1926,#1927,#1928,#1929,#1930,#1931,#1932,#1933,#1934,#1935,#1936,
    #1937,#1938,#1939,#1940,#1941,#1942,#1943,#1944,#1945,#1946,#1947,
    #1948,#1949,#1950,#1951,#1952,#1953,#1954,#1955,#1956,#1957,#1958,
    #1959,#1960,#1961,#1962,#1963,#1964,#1965,#1966,#1967,#1968,#1969,
    #1970,#1971,#1972,#1973,#1974,#1975,#1976,#1977,#1978,#1979,#1980,
    #1981,#1982,#1983,#1984,#1985,#1986,#1987,#1988,#1989),
  .UNSPECIFIED.,.F.,.F.,(4,1,1,1,1,1,1,1,1,1,1,1,1,1,1,1,1,1,1,1,1,1,1,1
    ,1,1,1,1,1,1,1,1,1,1,1,1,1,1,1,1,1,1,1,1,1,1,1,1,1,1,1,1,1,1,1,1,1,1
    ,1,1,1,1,1,1,1,1,1,1,1,1,1,1,1,1,1,1,1,1,1,1,1,1,1,1,1,1,1,1,4),(
    0.557484878722,0.568848515086,0.580212151449,0.591575787813,
    0.602939424177,0.61430306054,0.625666696904,0.637030333268,
    0.648393969631,0.659757605995,0.671121242359,0.682484878722,
    0.693848515086,0.705212151449,0.716575787813,0.727939424177,
    0.73930306054,0.750666696904,0.762030333268,0.773393969631,
    0.784757605995,0.796121242359,0.807484878722,0.818848515086,
    0.830212151449,0.841575787813,0.852939424177,0.86430306054,
    0.875666696904,0.887030333268,0.898393969631,0.909757605995,
    0.921121242359,0.932484878722,0.943848515086,0.955212151449,
    0.966575787813,0.977939424177,0.98930306054,1.000666696904,
    1.012030333268,1.023393969631,1.034757605995,1.046121242359,
    1.057484878722,1.068848515086,1.080212151449,1.091575787813,
    1.102939424177,1.11430306054,1.125666696904,1.137030333268,
    1.148393969631,1.159757605995,1.171121242359,1.182484878722,
    1.193848515086,1.205212151449,1.216575787813,1.227939424177,
    1.23930306054,1.250666696904,1.262030333268,1.273393969631,
    1.284757605995,1.296121242359,1.307484878722,1.318848515086,
    1.330212151449,1.341575787813,1.352939424177,1.36430306054,
    1.375666696904,1.387030333268,1.398393969631,1.409757605995,
    1.421121242359,1.432484878722,1.443848515086,1.455212151449,
    1.466575787813,1.477939424177,1.48930306054,1.500666696904,
    1.512030333268,1.523393969631,1.534757605995,1.546121242359,
    1.557484878722),.QUASI_UNIFORM_KNOTS.);
#1899 = CARTESIAN_POINT('',(6.28318530718,3.2));
#1900 = CARTESIAN_POINT('',(6.248508425296,3.200005300862));
#1901 = CARTESIAN_POINT('',(6.179738522845,3.199367938808));
#1902 = CARTESIAN_POINT('',(6.078375812064,3.196672741529));
#1903 = CARTESIAN_POINT('',(5.978831294832,3.192421290656));
#1904 = CARTESIAN_POINT('',(5.881181800834,3.186872914658));
#1905 = CARTESIAN_POINT('',(5.785543610704,3.180318595926));
#1906 = CARTESIAN_POINT('',(5.69207218224,3.173072257735));
#1907 = CARTESIAN_POINT('',(5.601004400593,3.165455674956));
#1908 = CARTESIAN_POINT('',(5.51253019319,3.157771254139));
#1909 = CARTESIAN_POINT('',(5.427314744848,3.150331733887));
#1910 = CARTESIAN_POINT('',(5.344566142379,3.143277101525));
#1911 = CARTESIAN_POINT('',(5.263339281503,3.136701879023));
#1912 = CARTESIAN_POINT('',(5.183590130103,3.130752237385));
#1913 = CARTESIAN_POINT('',(5.105050907749,3.125530245772));
#1914 = CARTESIAN_POINT('',(5.027526066543,3.121122514836));
#1915 = CARTESIAN_POINT('',(4.950808821279,3.117595375249));
#1916 = CARTESIAN_POINT('',(4.874699470212,3.114998776734));
#1917 = CARTESIAN_POINT('',(4.79899851928,3.113367647461));
#1918 = CARTESIAN_POINT('',(4.723499406582,3.112723191149));
#1919 = CARTESIAN_POINT('',(4.648007076033,3.11307509478));
#1920 = CARTESIAN_POINT('',(4.57256605592,3.114414465731));
#1921 = CARTESIAN_POINT('',(4.497153385874,3.116709242608));
#1922 = CARTESIAN_POINT('',(4.421761588415,3.119906444667));
#1923 = CARTESIAN_POINT('',(4.346378210794,3.1239331301));
#1924 = CARTESIAN_POINT('',(4.270991716451,3.128698104229));
#1925 = CARTESIAN_POINT('',(4.19559017759,3.134093840248));
#1926 = CARTESIAN_POINT('',(4.120162237894,3.139998725631));
#1927 = CARTESIAN_POINT('',(4.044696230489,3.146279719073));
#1928 = CARTESIAN_POINT('',(3.969184649088,3.152794965408));
#1929 = CARTESIAN_POINT('',(3.89367673482,3.159391956661));
#1930 = CARTESIAN_POINT('',(3.818166508183,3.165921005416));
#1931 = CARTESIAN_POINT('',(3.742657730363,3.172233251538));
#1932 = CARTESIAN_POINT('',(3.66715048297,3.178185291028));
#1933 = CARTESIAN_POINT('',(3.591642756925,3.183642090804));
#1934 = CARTESIAN_POINT('',(3.516138906732,3.188479794495));
#1935 = CARTESIAN_POINT('',(3.440617085165,3.192589233258));
#1936 = CARTESIAN_POINT('',(3.365155618188,3.195875280534));
#1937 = CARTESIAN_POINT('',(3.289283083012,3.198277541485));
#1938 = CARTESIAN_POINT('',(3.213207398329,3.199721315418));
#1939 = CARTESIAN_POINT('',(3.137106471181,3.20016622998));
#1940 = CARTESIAN_POINT('',(3.061158342862,3.19960338917));
#1941 = CARTESIAN_POINT('',(2.985539233452,3.198056540397));
#1942 = CARTESIAN_POINT('',(2.91042994962,3.195580542134));
#1943 = CARTESIAN_POINT('',(2.836020174851,3.192259018895));
#1944 = CARTESIAN_POINT('',(2.762513044332,3.188200761661));
#1945 = CARTESIAN_POINT('',(2.690131908368,3.183535367743));
#1946 = CARTESIAN_POINT('',(2.619120297033,3.178407425937));
#1947 = CARTESIAN_POINT('',(2.549770054525,3.172972596121));
#1948 = CARTESIAN_POINT('',(2.48234746719,3.167384174147));
#1949 = CARTESIAN_POINT('',(2.417403530103,3.161813949418));
#1950 = CARTESIAN_POINT('',(2.353648339569,3.156258305721));
#1951 = CARTESIAN_POINT('',(2.291062784405,3.150807112449));
#1952 = CARTESIAN_POINT('',(2.229516110557,3.145532221782));
#1953 = CARTESIAN_POINT('',(2.168916036204,3.140499513069));
#1954 = CARTESIAN_POINT('',(2.109166983197,3.135766288962));
#1955 = CARTESIAN_POINT('',(2.050179986449,3.131382612633));
#1956 = CARTESIAN_POINT('',(1.991868941024,3.127391593902));
#1957 = CARTESIAN_POINT('',(1.934150637994,3.123829950781));
#1958 = CARTESIAN_POINT('',(1.876943872411,3.120728479885));
#1959 = CARTESIAN_POINT('',(1.820168865821,3.118112522604));
#1960 = CARTESIAN_POINT('',(1.763746638897,3.116002393233));
#1961 = CARTESIAN_POINT('',(1.707598481732,3.114413764621));
#1962 = CARTESIAN_POINT('',(1.651645253847,3.113358010121));
#1963 = CARTESIAN_POINT('',(1.595807404684,3.112842458397));
#1964 = CARTESIAN_POINT('',(1.540002378358,3.112870683296));
#1965 = CARTESIAN_POINT('',(1.484171250222,3.113442261793));
#1966 = CARTESIAN_POINT('',(1.428226687644,3.114552902721));
#1967 = CARTESIAN_POINT('',(1.372087742965,3.116194660092));
#1968 = CARTESIAN_POINT('',(1.315673207739,3.118355621079));
#1969 = CARTESIAN_POINT('',(1.258902522294,3.121019638931));
#1970 = CARTESIAN_POINT('',(1.201694830422,3.124165971383));
#1971 = CARTESIAN_POINT('',(1.14396815961,3.127768915677));
#1972 = CARTESIAN_POINT('',(1.085640055363,3.131797259419));
#1973 = CARTESIAN_POINT('',(1.026622184354,3.136214223509));
#1974 = CARTESIAN_POINT('',(0.96683729591,3.14097541726));
#1975 = CARTESIAN_POINT('',(0.906152213194,3.146034093288));
#1976 = CARTESIAN_POINT('',(0.844623490764,3.151319075948));
#1977 = CARTESIAN_POINT('',(0.78156622373,3.156815402016));
#1978 = CARTESIAN_POINT('',(0.71676854307,3.162457352436));
#1979 = CARTESIAN_POINT('',(0.650477582493,3.16812487291));
#1980 = CARTESIAN_POINT('',(0.58278857139,3.173700285319));
#1981 = CARTESIAN_POINT('',(0.513811601016,3.179056928606));
#1982 = CARTESIAN_POINT('',(0.443629681597,3.184066336399));
#1983 = CARTESIAN_POINT('',(0.372312382875,3.188600636202));
#1984 = CARTESIAN_POINT('',(0.299914191061,3.192536400935));
#1985 = CARTESIAN_POINT('',(0.22647671566,3.195757922269));
#1986 = CARTESIAN_POINT('',(0.152029072642,3.198161374483));
#1987 = CARTESIAN_POINT('',(7.659002782629E-02,3.199655601901));
#1988 = CARTESIAN_POINT('',(2.563886428155E-02,3.200001671488));
#1989 = CARTESIAN_POINT('',(-3.552713678801E-15,3.2));
#1990 = ( GEOMETRIC_REPRESENTATION_CONTEXT(2) 
PARAMETRIC_REPRESENTATION_CONTEXT() REPRESENTATION_CONTEXT('2D SPACE',''
  ) );
#1991 = ADVANCED_FACE('',(#1992),#802,.T.);
#1992 = FACE_BOUND('',#1993,.T.);
#1993 = EDGE_LOOP('',(#1994,#1995,#1996,#1997));
#1994 = ORIENTED_EDGE('',*,*,#1059,.F.);
#1995 = ORIENTED_EDGE('',*,*,#894,.T.);
#1996 = ORIENTED_EDGE('',*,*,#785,.T.);
#1997 = ORIENTED_EDGE('',*,*,#1709,.F.);
#1998 = ADVANCED_FACE('',(#1999),#967,.F.);
#1999 = FACE_BOUND('',#2000,.F.);
#2000 = EDGE_LOOP('',(#2001,#2002,#2023,#2024));
#2001 = ORIENTED_EDGE('',*,*,#950,.T.);
#2002 = ORIENTED_EDGE('',*,*,#2003,.F.);
#2003 = EDGE_CURVE('',#986,#951,#2004,.T.);
#2004 = SEAM_CURVE('',#2005,(#2009,#2016),.PCURVE_S1.);
#2005 = LINE('',#2006,#2007);
#2006 = CARTESIAN_POINT('',(15.,-3.673940397442E-15,31.));
#2007 = VECTOR('',#2008,1.);
#2008 = DIRECTION('',(0.,0.,-1.));
#2009 = PCURVE('',#967,#2010);
#2010 = DEFINITIONAL_REPRESENTATION('',(#2011),#2015);
#2011 = LINE('',#2012,#2013);
#2012 = CARTESIAN_POINT('',(6.28318530718,31.));
#2013 = VECTOR('',#2014,1.);
#2014 = DIRECTION('',(-0.,-1.));
#2015 = ( GEOMETRIC_REPRESENTATION_CONTEXT(2) 
PARAMETRIC_REPRESENTATION_CONTEXT() REPRESENTATION_CONTEXT('2D SPACE',''
  ) );
#2016 = PCURVE('',#967,#2017);
#2017 = DEFINITIONAL_REPRESENTATION('',(#2018),#2022);
#2018 = LINE('',#2019,#2020);
#2019 = CARTESIAN_POINT('',(0.,31.));
#2020 = VECTOR('',#2021,1.);
#2021 = DIRECTION('',(-0.,-1.));
#2022 = ( GEOMETRIC_REPRESENTATION_CONTEXT(2) 
PARAMETRIC_REPRESENTATION_CONTEXT() REPRESENTATION_CONTEXT('2D SPACE',''
  ) );
#2023 = ORIENTED_EDGE('',*,*,#985,.F.);
#2024 = ORIENTED_EDGE('',*,*,#2003,.T.);
#2025 = ADVANCED_FACE('',(#2026,#2053),#1107,.T.);
#2026 = FACE_BOUND('',#2027,.T.);
#2027 = EDGE_LOOP('',(#2028,#2029,#2030,#2031));
#2028 = ORIENTED_EDGE('',*,*,#1090,.F.);
#2029 = ORIENTED_EDGE('',*,*,#1221,.T.);
#2030 = ORIENTED_EDGE('',*,*,#1318,.T.);
#2031 = ORIENTED_EDGE('',*,*,#2032,.F.);
#2032 = EDGE_CURVE('',#1093,#1319,#2033,.T.);
#2033 = SURFACE_CURVE('',#2034,(#2039,#2046),.PCURVE_S1.);
#2034 = CIRCLE('',#2035,23.);
#2035 = AXIS2_PLACEMENT_3D('',#2036,#2037,#2038);
#2036 = CARTESIAN_POINT('',(0.,0.,18.6));
#2037 = DIRECTION('',(0.,0.,1.));
#2038 = DIRECTION('',(-0.224951054344,0.974370064785,0.));
#2039 = PCURVE('',#1107,#2040);
#2040 = DEFINITIONAL_REPRESENTATION('',(#2041),#2045);
#2041 = LINE('',#2042,#2043);
#2042 = CARTESIAN_POINT('',(1.797689129554,4.6));
#2043 = VECTOR('',#2044,1.);
#2044 = DIRECTION('',(1.,0.));
#2045 = ( GEOMETRIC_REPRESENTATION_CONTEXT(2) 
PARAMETRIC_REPRESENTATION_CONTEXT() REPRESENTATION_CONTEXT('2D SPACE',''
  ) );
#2046 = PCURVE('',#1179,#2047);
#2047 = DEFINITIONAL_REPRESENTATION('',(#2048),#2052);
#2048 = LINE('',#2049,#2050);
#2049 = CARTESIAN_POINT('',(-0.,-0.));
#2050 = VECTOR('',#2051,1.);
#2051 = DIRECTION('',(-1.,-0.));
#2052 = ( GEOMETRIC_REPRESENTATION_CONTEXT(2) 
PARAMETRIC_REPRESENTATION_CONTEXT() REPRESENTATION_CONTEXT('2D SPACE',''
  ) );
#2053 = FACE_BOUND('',#2054,.T.);
#2054 = EDGE_LOOP('',(#2055));
#2055 = ORIENTED_EDGE('',*,*,#2056,.T.);
#2056 = EDGE_CURVE('',#2057,#2057,#2059,.T.);
#2057 = VERTEX_POINT('',#2058);
#2058 = CARTESIAN_POINT('',(-15.08935766678,17.358320345124,14.5));
#2059 = SURFACE_CURVE('',#2060,(#2119,#2214),.PCURVE_S1.);
#2060 = B_SPLINE_CURVE_WITH_KNOTS('',8,(#2061,#2062,#2063,#2064,#2065,
    #2066,#2067,#2068,#2069,#2070,#2071,#2072,#2073,#2074,#2075,#2076,
    #2077,#2078,#2079,#2080,#2081,#2082,#2083,#2084,#2085,#2086,#2087,
    #2088,#2089,#2090,#2091,#2092,#2093,#2094,#2095,#2096,#2097,#2098,
    #2099,#2100,#2101,#2102,#2103,#2104,#2105,#2106,#2107,#2108,#2109,
    #2110,#2111,#2112,#2113,#2114,#2115,#2116,#2117,#2118),
  .UNSPECIFIED.,.T.,.F.,(9,7,7,7,7,7,7,7,9),(0.557484913372,
    0.65877853911,0.7637027734,0.867832733092,0.962391740451,
    1.108534825498,1.278487110468,1.420415258607,1.557484913372),
  .UNSPECIFIED.);
#2061 = CARTESIAN_POINT('',(-15.08935766678,17.358320345124,14.5));
#2062 = CARTESIAN_POINT('',(-14.91437942987,17.510426605871,14.5));
#2063 = CARTESIAN_POINT('',(-14.74147411359,17.657191763688,
    14.530716115132));
#2064 = CARTESIAN_POINT('',(-14.57430384778,17.795703450503,
    14.5897997675));
#2065 = CARTESIAN_POINT('',(-14.41626944228,17.92366433264,
    14.674142075028));
#2066 = CARTESIAN_POINT('',(-14.27037411265,18.039396590575,
    14.779907132068));
#2067 = CARTESIAN_POINT('',(-14.13900852638,18.141827095478,
    14.902573174545));
#2068 = CARTESIAN_POINT('',(-14.02371542551,18.230490715922,
    15.036979407059));
#2069 = CARTESIAN_POINT('',(-13.82273025448,18.383379371207,
    15.322805294779));
#2070 = CARTESIAN_POINT('',(-13.73589858571,18.448401188157,
    15.478002405393));
#2071 = CARTESIAN_POINT('',(-13.66423575815,18.501415406175,
    15.640293962285));
#2072 = CARTESIAN_POINT('',(-13.60739474894,18.543094655687,
    15.807650172836));
#2073 = CARTESIAN_POINT('',(-13.56503150146,18.573977772702,
    15.978491841061));
#2074 = CARTESIAN_POINT('',(-13.53687482744,18.594443332351,
    16.151543667199));
#2075 = CARTESIAN_POINT('',(-13.52278164309,18.604686953377,
    16.325716381859));
#2076 = CARTESIAN_POINT('',(-13.52278164309,18.604686953377,
    16.672964294232));
#2077 = CARTESIAN_POINT('',(-13.53666249439,18.594597523957,
    16.845783372337));
#2078 = CARTESIAN_POINT('',(-13.56438356211,18.574448920483,
    17.01652262209));
#2079 = CARTESIAN_POINT('',(-13.60565187396,18.544364277531,
    17.183276992596));
#2080 = CARTESIAN_POINT('',(-13.65993641529,18.504554094952,
    17.344196877764));
#2081 = CARTESIAN_POINT('',(-13.72648656919,18.455319608797,
    17.497514685294));
#2082 = CARTESIAN_POINT('',(-13.80435470148,18.39706504709,
    17.641572091142));
#2083 = CARTESIAN_POINT('',(-13.97239642155,18.269707379848,
    17.895874010287));
#2084 = CARTESIAN_POINT('',(-14.06072497036,18.202135881547,
    18.007925390929));
#2085 = CARTESIAN_POINT('',(-14.15652923277,18.128033233126,
    18.109848958291));
#2086 = CARTESIAN_POINT('',(-14.25880853498,18.047916719536,
    18.200622312709));
#2087 = CARTESIAN_POINT('',(-14.36648181965,17.962387400181,
    18.279370527213));
#2088 = CARTESIAN_POINT('',(-14.47841940899,17.872128318469,
    18.345378866634));
#2089 = CARTESIAN_POINT('',(-14.59346554509,17.77790547387,
    18.398101516575));
#2090 = CARTESIAN_POINT('',(-14.89125646786,17.530139785171,
    18.497541863188));
#2091 = CARTESIAN_POINT('',(-15.07878567445,17.370537307196,
    18.525992869491));
#2092 = CARTESIAN_POINT('',(-15.26700339002,17.206199244459,
    18.519198945347));
#2093 = CARTESIAN_POINT('',(-15.44962592535,17.0423609959,18.47680947399
    ));
#2094 = CARTESIAN_POINT('',(-15.62093589322,16.884607978179,
    18.401299487957));
#2095 = CARTESIAN_POINT('',(-15.77630634406,16.738316467588,
    18.297858512292));
#2096 = CARTESIAN_POINT('',(-15.91258772599,16.607696510328,
    18.174295713021));
#2097 = CARTESIAN_POINT('',(-16.16286471839,16.364504529528,
    17.88604542888));
#2098 = CARTESIAN_POINT('',(-16.27495459253,16.253148402332,
    17.711783892184));
#2099 = CARTESIAN_POINT('',(-16.36588969314,16.161259001068,
    17.524132573056));
#2100 = CARTESIAN_POINT('',(-16.43704291868,16.088480895227,
    17.327232378527));
#2101 = CARTESIAN_POINT('',(-16.48955931299,16.034340270854,
    17.124172881145));
#2102 = CARTESIAN_POINT('',(-16.52426316087,15.998416925704,
    16.917347254432));
#2103 = CARTESIAN_POINT('',(-16.54161996398,15.980450837415,
    16.708687027676));
#2104 = CARTESIAN_POINT('',(-16.54161996398,15.980450837415,
    16.325724241461));
#2105 = CARTESIAN_POINT('',(-16.52951571196,15.992980124904,
    16.151551070664));
#2106 = CARTESIAN_POINT('',(-16.50533088069,16.018014301099,
    15.978495424145));
#2107 = CARTESIAN_POINT('',(-16.46885169599,16.055668019805,
    15.807650147598));
#2108 = CARTESIAN_POINT('',(-16.41966636417,16.106156213804,
    15.640292438441));
#2109 = CARTESIAN_POINT('',(-16.35719439065,16.169743579518,
    15.478001510339));
#2110 = CARTESIAN_POINT('',(-16.28072153204,16.246680130242,
    15.3228055791));
#2111 = CARTESIAN_POINT('',(-16.10131491848,16.424465161317,
    15.036925304965));
#2112 = CARTESIAN_POINT('',(-15.9974652211,16.526299035308,
    14.902537885487));
#2113 = CARTESIAN_POINT('',(-15.87777443505,16.642104830028,
    14.779914078457));
#2114 = CARTESIAN_POINT('',(-15.74290706926,16.770431815002,
    14.674181820883));
#2115 = CARTESIAN_POINT('',(-15.59424129024,16.90907997611,
    14.589846401706));
#2116 = CARTESIAN_POINT('',(-15.43383505959,17.055328394685,
    14.530743743002));
#2117 = CARTESIAN_POINT('',(-15.26441456674,17.206145703621,14.5));
#2118 = CARTESIAN_POINT('',(-15.08935766678,17.358320345124,14.5));
#2119 = PCURVE('',#1107,#2120);
#2120 = DEFINITIONAL_REPRESENTATION('',(#2121),#2213);
#2121 = B_SPLINE_CURVE_WITH_KNOTS('',3,(#2122,#2123,#2124,#2125,#2126,
    #2127,#2128,#2129,#2130,#2131,#2132,#2133,#2134,#2135,#2136,#2137,
    #2138,#2139,#2140,#2141,#2142,#2143,#2144,#2145,#2146,#2147,#2148,
    #2149,#2150,#2151,#2152,#2153,#2154,#2155,#2156,#2157,#2158,#2159,
    #2160,#2161,#2162,#2163,#2164,#2165,#2166,#2167,#2168,#2169,#2170,
    #2171,#2172,#2173,#2174,#2175,#2176,#2177,#2178,#2179,#2180,#2181,
    #2182,#2183,#2184,#2185,#2186,#2187,#2188,#2189,#2190,#2191,#2192,
    #2193,#2194,#2195,#2196,#2197,#2198,#2199,#2200,#2201,#2202,#2203,
    #2204,#2205,#2206,#2207,#2208,#2209,#2210,#2211,#2212),
  .UNSPECIFIED.,.T.,.F.,(4,1,1,1,1,1,1,1,1,1,1,1,1,1,1,1,1,1,1,1,1,1,1,1
    ,1,1,1,1,1,1,1,1,1,1,1,1,1,1,1,1,1,1,1,1,1,1,1,1,1,1,1,1,1,1,1,1,1,1
    ,1,1,1,1,1,1,1,1,1,1,1,1,1,1,1,1,1,1,1,1,1,1,1,1,1,1,1,1,1,1,4),(
    0.557484913372,0.568848549735,0.580212186099,0.591575822462,
    0.602939458826,0.61430309519,0.625666731553,0.637030367917,
    0.648394004281,0.659757640644,0.671121277008,0.682484913372,
    0.693848549735,0.705212186099,0.716575822463,0.727939458826,
    0.73930309519,0.750666731553,0.762030367917,0.773394004281,
    0.784757640644,0.796121277008,0.807484913372,0.818848549735,
    0.830212186099,0.841575822463,0.852939458826,0.86430309519,
    0.875666731553,0.887030367917,0.898394004281,0.909757640644,
    0.921121277008,0.932484913372,0.943848549735,0.955212186099,
    0.966575822463,0.977939458826,0.98930309519,1.000666731553,
    1.012030367917,1.023394004281,1.034757640644,1.046121277008,
    1.057484913372,1.068848549735,1.080212186099,1.091575822463,
    1.102939458826,1.11430309519,1.125666731553,1.137030367917,
    1.148394004281,1.159757640644,1.171121277008,1.182484913372,
    1.193848549735,1.205212186099,1.216575822463,1.227939458826,
    1.23930309519,1.250666731553,1.262030367917,1.273394004281,
    1.284757640644,1.296121277008,1.307484913372,1.318848549735,
    1.330212186099,1.341575822463,1.352939458826,1.36430309519,
    1.375666731553,1.387030367917,1.398394004281,1.409757640644,
    1.421121277008,1.432484913372,1.443848549735,1.455212186099,
    1.466575822463,1.477939458826,1.48930309519,1.500666731553,
    1.512030367917,1.523394004281,1.534757640644,1.546121277008,
    1.557484913372),.QUASI_UNIFORM_KNOTS.);
#2122 = CARTESIAN_POINT('',(2.286381320113,0.5));
#2123 = CARTESIAN_POINT('',(2.28336504772,0.499983558748));
#2124 = CARTESIAN_POINT('',(2.277386640454,0.507229334016));
#2125 = CARTESIAN_POINT('',(2.268665367531,0.538502488677));
#2126 = CARTESIAN_POINT('',(2.2602774599,0.588824791934));
#2127 = CARTESIAN_POINT('',(2.252299088202,0.656574416243));
#2128 = CARTESIAN_POINT('',(2.244798574501,0.739957024675));
#2129 = CARTESIAN_POINT('',(2.237834085316,0.83700069039));
#2130 = CARTESIAN_POINT('',(2.231455128747,0.945511980866));
#2131 = CARTESIAN_POINT('',(2.225693717724,1.063287858866));
#2132 = CARTESIAN_POINT('',(2.220592699553,1.187344451661));
#2133 = CARTESIAN_POINT('',(2.21609357627,1.3168735945));
#2134 = CARTESIAN_POINT('',(2.212143934708,1.451875830394));
#2135 = CARTESIAN_POINT('',(2.208742305535,1.591140114796));
#2136 = CARTESIAN_POINT('',(2.205874364134,1.733926067924));
#2137 = CARTESIAN_POINT('',(2.203530447624,1.879492832799));
#2138 = CARTESIAN_POINT('',(2.201701257948,2.027206125509));
#2139 = CARTESIAN_POINT('',(2.200379371629,2.176492685894));
#2140 = CARTESIAN_POINT('',(2.199559224019,2.32683296033));
#2141 = CARTESIAN_POINT('',(2.199237296615,2.477758732677));
#2142 = CARTESIAN_POINT('',(2.199412945898,2.628797258438));
#2143 = CARTESIAN_POINT('',(2.200084701903,2.779000147718));
#2144 = CARTESIAN_POINT('',(2.201247919543,2.927560315236));
#2145 = CARTESIAN_POINT('',(2.202895542148,3.073649989119));
#2146 = CARTESIAN_POINT('',(2.20501798043,3.216465002815));
#2147 = CARTESIAN_POINT('',(2.207603224535,3.355216391972));
#2148 = CARTESIAN_POINT('',(2.210636893727,3.489136337523));
#2149 = CARTESIAN_POINT('',(2.214102290801,3.617479559037));
#2150 = CARTESIAN_POINT('',(2.217980485428,3.739528700846));
#2151 = CARTESIAN_POINT('',(2.222250259099,3.85458843685));
#2152 = CARTESIAN_POINT('',(2.22688457617,3.961922049464));
#2153 = CARTESIAN_POINT('',(2.231857115567,4.060927705005));
#2154 = CARTESIAN_POINT('',(2.237139165001,4.151035668304));
#2155 = CARTESIAN_POINT('',(2.242700489408,4.231733438562));
#2156 = CARTESIAN_POINT('',(2.248509527098,4.302562313354));
#2157 = CARTESIAN_POINT('',(2.254532815957,4.363118246757));
#2158 = CARTESIAN_POINT('',(2.260738011439,4.413062649035));
#2159 = CARTESIAN_POINT('',(2.267083147219,4.4520876721));
#2160 = CARTESIAN_POINT('',(2.273572716352,4.480133641322));
#2161 = CARTESIAN_POINT('',(2.28015327573,4.496800560307));
#2162 = CARTESIAN_POINT('',(2.286771804881,4.501908938226));
#2163 = CARTESIAN_POINT('',(2.293374786823,4.495444351584));
#2164 = CARTESIAN_POINT('',(2.29990932006,4.477569279807));
#2165 = CARTESIAN_POINT('',(2.306323675777,4.448617031378));
#2166 = CARTESIAN_POINT('',(2.312567987587,4.40909083868));
#2167 = CARTESIAN_POINT('',(2.318594928166,4.359661025203));
#2168 = CARTESIAN_POINT('',(2.32436027188,4.301165611782));
#2169 = CARTESIAN_POINT('',(2.329823881982,4.234600077388));
#2170 = CARTESIAN_POINT('',(2.334949042895,4.161148158065));
#2171 = CARTESIAN_POINT('',(2.33970787541,4.082060572942));
#2172 = CARTESIAN_POINT('',(2.344063905455,3.999102403177));
#2173 = CARTESIAN_POINT('',(2.34810531195,3.911547172778));
#2174 = CARTESIAN_POINT('',(2.35182897414,3.820015768074));
#2175 = CARTESIAN_POINT('',(2.355241533945,3.724970593446));
#2176 = CARTESIAN_POINT('',(2.358347193467,3.626858297134));
#2177 = CARTESIAN_POINT('',(2.361150842059,3.526077562618));
#2178 = CARTESIAN_POINT('',(2.363657091273,3.42299321378));
#2179 = CARTESIAN_POINT('',(2.365870419876,3.317937418616));
#2180 = CARTESIAN_POINT('',(2.367795033183,3.211213927025));
#2181 = CARTESIAN_POINT('',(2.369434808852,3.103101138691));
#2182 = CARTESIAN_POINT('',(2.370793227708,2.993855204219));
#2183 = CARTESIAN_POINT('',(2.371873314562,2.883712873737));
#2184 = CARTESIAN_POINT('',(2.372677582002,2.772894355761));
#2185 = CARTESIAN_POINT('',(2.37320797166,2.661605743769));
#2186 = CARTESIAN_POINT('',(2.373465813367,2.550042840727));
#2187 = CARTESIAN_POINT('',(2.373451717408,2.438389825942));
#2188 = CARTESIAN_POINT('',(2.373165769006,2.32687637032));
#2189 = CARTESIAN_POINT('',(2.372607441115,2.215677003444));
#2190 = CARTESIAN_POINT('',(2.371775459148,2.104984718348));
#2191 = CARTESIAN_POINT('',(2.370667899697,1.995001631054));
#2192 = CARTESIAN_POINT('',(2.369282232615,1.885944729777));
#2193 = CARTESIAN_POINT('',(2.367615386518,1.778047880697));
#2194 = CARTESIAN_POINT('',(2.365663786893,1.671564403452));
#2195 = CARTESIAN_POINT('',(2.363423492572,1.566771889199));
#2196 = CARTESIAN_POINT('',(2.360889980831,1.463968349012));
#2197 = CARTESIAN_POINT('',(2.358059256847,1.363501761111));
#2198 = CARTESIAN_POINT('',(2.354924036755,1.265675747497));
#2199 = CARTESIAN_POINT('',(2.3514883341,1.171118481577));
#2200 = CARTESIAN_POINT('',(2.347712863987,1.079410357208));
#2201 = CARTESIAN_POINT('',(2.343579551115,0.991054263052));
#2202 = CARTESIAN_POINT('',(2.339102944089,0.907219811799));
#2203 = CARTESIAN_POINT('',(2.334293649936,0.828837336353));
#2204 = CARTESIAN_POINT('',(2.329167859971,0.756839053717));
#2205 = CARTESIAN_POINT('',(2.323744533996,0.69209287573));
#2206 = CARTESIAN_POINT('',(2.318045899854,0.635418664136));
#2207 = CARTESIAN_POINT('',(2.312097083136,0.587582277328));
#2208 = CARTESIAN_POINT('',(2.305925960272,0.549296238331));
#2209 = CARTESIAN_POINT('',(2.299563055931,0.521216374792));
#2210 = CARTESIAN_POINT('',(2.293041115764,0.503948214827));
#2211 = CARTESIAN_POINT('',(2.28861104947,0.499995184202));
#2212 = CARTESIAN_POINT('',(2.286381320113,0.5));
#2213 = ( GEOMETRIC_REPRESENTATION_CONTEXT(2) 
PARAMETRIC_REPRESENTATION_CONTEXT() REPRESENTATION_CONTEXT('2D SPACE',''
  ) );
#2214 = PCURVE('',#2215,#2220);
#2215 = CYLINDRICAL_SURFACE('',#2216,2.);
#2216 = AXIS2_PLACEMENT_3D('',#2217,#2218,#2219);
#2217 = CARTESIAN_POINT('',(-12.98996877401,14.943249688411,16.5));
#2218 = DIRECTION('',(-0.656059028991,0.754709580223,2.22044604925E-16)
  );
#2219 = DIRECTION('',(-1.456743678997E-16,1.675791905737E-16,-1.));
#2220 = DEFINITIONAL_REPRESENTATION('',(#2221),#2313);
#2221 = B_SPLINE_CURVE_WITH_KNOTS('',3,(#2222,#2223,#2224,#2225,#2226,
    #2227,#2228,#2229,#2230,#2231,#2232,#2233,#2234,#2235,#2236,#2237,
    #2238,#2239,#2240,#2241,#2242,#2243,#2244,#2245,#2246,#2247,#2248,
    #2249,#2250,#2251,#2252,#2253,#2254,#2255,#2256,#2257,#2258,#2259,
    #2260,#2261,#2262,#2263,#2264,#2265,#2266,#2267,#2268,#2269,#2270,
    #2271,#2272,#2273,#2274,#2275,#2276,#2277,#2278,#2279,#2280,#2281,
    #2282,#2283,#2284,#2285,#2286,#2287,#2288,#2289,#2290,#2291,#2292,
    #2293,#2294,#2295,#2296,#2297,#2298,#2299,#2300,#2301,#2302,#2303,
    #2304,#2305,#2306,#2307,#2308,#2309,#2310,#2311,#2312),
  .UNSPECIFIED.,.F.,.F.,(4,1,1,1,1,1,1,1,1,1,1,1,1,1,1,1,1,1,1,1,1,1,1,1
    ,1,1,1,1,1,1,1,1,1,1,1,1,1,1,1,1,1,1,1,1,1,1,1,1,1,1,1,1,1,1,1,1,1,1
    ,1,1,1,1,1,1,1,1,1,1,1,1,1,1,1,1,1,1,1,1,1,1,1,1,1,1,1,1,1,1,4),(
    0.557484913372,0.568848549735,0.580212186099,0.591575822462,
    0.602939458826,0.61430309519,0.625666731553,0.637030367917,
    0.648394004281,0.659757640644,0.671121277008,0.682484913372,
    0.693848549735,0.705212186099,0.716575822463,0.727939458826,
    0.73930309519,0.750666731553,0.762030367917,0.773394004281,
    0.784757640644,0.796121277008,0.807484913372,0.818848549735,
    0.830212186099,0.841575822463,0.852939458826,0.86430309519,
    0.875666731553,0.887030367917,0.898394004281,0.909757640644,
    0.921121277008,0.932484913372,0.943848549735,0.955212186099,
    0.966575822463,0.977939458826,0.98930309519,1.000666731553,
    1.012030367917,1.023394004281,1.034757640644,1.046121277008,
    1.057484913372,1.068848549735,1.080212186099,1.091575822463,
    1.102939458826,1.11430309519,1.125666731553,1.137030367917,
    1.148394004281,1.159757640644,1.171121277008,1.182484913372,
    1.193848549735,1.205212186099,1.216575822463,1.227939458826,
    1.23930309519,1.250666731553,1.262030367917,1.273394004281,
    1.284757640644,1.296121277008,1.307484913372,1.318848549735,
    1.330212186099,1.341575822463,1.352939458826,1.36430309519,
    1.375666731553,1.387030367917,1.398394004281,1.409757640644,
    1.421121277008,1.432484913372,1.443848549735,1.455212186099,
    1.466575822463,1.477939458826,1.48930309519,1.500666731553,
    1.512030367917,1.523394004281,1.534757640644,1.546121277008,
    1.557484913372),.QUASI_UNIFORM_KNOTS.);
#2222 = CARTESIAN_POINT('',(6.28318530718,3.2));
#2223 = CARTESIAN_POINT('',(6.248508422467,3.200005300864));
#2224 = CARTESIAN_POINT('',(6.179738514451,3.199367938704));
#2225 = CARTESIAN_POINT('',(6.078375795616,3.196672740998));
#2226 = CARTESIAN_POINT('',(5.978831270635,3.19242128948));
#2227 = CARTESIAN_POINT('',(5.881181769221,3.186872912693));
#2228 = CARTESIAN_POINT('',(5.785543572044,3.180318593107));
#2229 = CARTESIAN_POINT('',(5.692072136975,3.17307225408));
#2230 = CARTESIAN_POINT('',(5.601004349191,3.165455670557));
#2231 = CARTESIAN_POINT('',(5.512530136405,3.15777124917));
#2232 = CARTESIAN_POINT('',(5.427314682882,3.150331728512));
#2233 = CARTESIAN_POINT('',(5.344566077741,3.143277096129));
#2234 = CARTESIAN_POINT('',(5.2633392149,3.136701873812));
#2235 = CARTESIAN_POINT('',(5.183590060221,3.130752232423));
#2236 = CARTESIAN_POINT('',(5.105050834316,3.125530241214));
#2237 = CARTESIAN_POINT('',(5.02752598997,3.121122510873));
#2238 = CARTESIAN_POINT('',(4.950808742,3.117595372048));
#2239 = CARTESIAN_POINT('',(4.874699387894,3.114998774418));
#2240 = CARTESIAN_POINT('',(4.798998432861,3.113367646135));
#2241 = CARTESIAN_POINT('',(4.723499315406,3.112723190965));
#2242 = CARTESIAN_POINT('',(4.648006984883,3.11307509579));
#2243 = CARTESIAN_POINT('',(4.572565965312,3.114414467908));
#2244 = CARTESIAN_POINT('',(4.497153295074,3.11670924594));
#2245 = CARTESIAN_POINT('',(4.421761497075,3.119906449071));
#2246 = CARTESIAN_POINT('',(4.346378119196,3.123933135454));
#2247 = CARTESIAN_POINT('',(4.270991625027,3.128698110399));
#2248 = CARTESIAN_POINT('',(4.195590086265,3.134093847118));
#2249 = CARTESIAN_POINT('',(4.12016214601,3.139998733095));
#2250 = CARTESIAN_POINT('',(4.044696137601,3.146279726975));
#2251 = CARTESIAN_POINT('',(3.969184558054,3.152794973343));
#2252 = CARTESIAN_POINT('',(3.893676645247,3.159391964475));
#2253 = CARTESIAN_POINT('',(3.81816642018,3.165921012926));
#2254 = CARTESIAN_POINT('',(3.742657643892,3.172233258584));
#2255 = CARTESIAN_POINT('',(3.667150398034,3.178185297466));
#2256 = CARTESIAN_POINT('',(3.591642673529,3.183642096506));
#2257 = CARTESIAN_POINT('',(3.51613882487,3.188479799358));
#2258 = CARTESIAN_POINT('',(3.440617004897,3.192589237198));
#2259 = CARTESIAN_POINT('',(3.365155539277,3.195875283508));
#2260 = CARTESIAN_POINT('',(3.289283005216,3.198277543457));
#2261 = CARTESIAN_POINT('',(3.213207321971,3.199721316363));
#2262 = CARTESIAN_POINT('',(3.137106396407,3.200166229914));
#2263 = CARTESIAN_POINT('',(3.061158269849,3.199603388141));
#2264 = CARTESIAN_POINT('',(2.985539162355,3.198056538483));
#2265 = CARTESIAN_POINT('',(2.910429880594,3.195580539439));
#2266 = CARTESIAN_POINT('',(2.836020108048,3.192259015542));
#2267 = CARTESIAN_POINT('',(2.762512979908,3.188200757793));
#2268 = CARTESIAN_POINT('',(2.690131846482,3.183535363509));
#2269 = CARTESIAN_POINT('',(2.619120237866,3.178407421491));
#2270 = CARTESIAN_POINT('',(2.549769998218,3.172972591607));
#2271 = CARTESIAN_POINT('',(2.482347414099,3.16738416971));
#2272 = CARTESIAN_POINT('',(2.417403479859,3.161813945092));
#2273 = CARTESIAN_POINT('',(2.353648291401,3.156258301531));
#2274 = CARTESIAN_POINT('',(2.291062738353,3.15080710847));
#2275 = CARTESIAN_POINT('',(2.229516066458,3.145532218058));
#2276 = CARTESIAN_POINT('',(2.168915993963,3.140499509638));
#2277 = CARTESIAN_POINT('',(2.109166942712,3.135766285851));
#2278 = CARTESIAN_POINT('',(2.050179947629,3.131382609859));
#2279 = CARTESIAN_POINT('',(1.991868903787,3.127391591476));
#2280 = CARTESIAN_POINT('',(1.934150602265,3.123829948709));
#2281 = CARTESIAN_POINT('',(1.876943838117,3.120728478165));
#2282 = CARTESIAN_POINT('',(1.820168832899,3.118112521231));
#2283 = CARTESIAN_POINT('',(1.763746607286,3.116002392196));
#2284 = CARTESIAN_POINT('',(1.707598451375,3.114413763907));
#2285 = CARTESIAN_POINT('',(1.651645224696,3.113358009714));
#2286 = CARTESIAN_POINT('',(1.595807376689,3.112842458278));
#2287 = CARTESIAN_POINT('',(1.540002351485,3.112870683444));
#2288 = CARTESIAN_POINT('',(1.484171224437,3.113442262185));
#2289 = CARTESIAN_POINT('',(1.428226662911,3.114552903332));
#2290 = CARTESIAN_POINT('',(1.372087719257,3.116194660897));
#2291 = CARTESIAN_POINT('',(1.315673185032,3.118355622051));
#2292 = CARTESIAN_POINT('',(1.258902500571,3.121019640043));
#2293 = CARTESIAN_POINT('',(1.201694809668,3.124165972607));
#2294 = CARTESIAN_POINT('',(1.143968139818,3.127768916984));
#2295 = CARTESIAN_POINT('',(1.085640036527,3.131797260779));
#2296 = CARTESIAN_POINT('',(1.026622166474,3.136214224895));
#2297 = CARTESIAN_POINT('',(0.966837278993,3.140975418643));
#2298 = CARTESIAN_POINT('',(0.906152197236,3.146034094643));
#2299 = CARTESIAN_POINT('',(0.844623475823,3.151319077244));
#2300 = CARTESIAN_POINT('',(0.781566209583,3.156815403252));
#2301 = CARTESIAN_POINT('',(0.716768529909,3.162457353575));
#2302 = CARTESIAN_POINT('',(0.650477570382,3.168124873928));
#2303 = CARTESIAN_POINT('',(0.582788560411,3.173700286198));
#2304 = CARTESIAN_POINT('',(0.513811591233,3.179056929335));
#2305 = CARTESIAN_POINT('',(0.44362967307,3.184066336973));
#2306 = CARTESIAN_POINT('',(0.372312375658,3.188600636625));
#2307 = CARTESIAN_POINT('',(0.299914185201,3.192536401219));
#2308 = CARTESIAN_POINT('',(0.226476711202,3.195757922434));
#2309 = CARTESIAN_POINT('',(0.152029069628,3.198161374555));
#2310 = CARTESIAN_POINT('',(7.659002629612E-02,3.199655601915));
#2311 = CARTESIAN_POINT('',(2.563886376718E-02,3.200001671488));
#2312 = CARTESIAN_POINT('',(0.,3.2));
#2313 = ( GEOMETRIC_REPRESENTATION_CONTEXT(2) 
PARAMETRIC_REPRESENTATION_CONTEXT() REPRESENTATION_CONTEXT('2D SPACE',''
  ) );
#2314 = ADVANCED_FACE('',(#2315),#1179,.T.);
#2315 = FACE_BOUND('',#2316,.T.);
#2316 = EDGE_LOOP('',(#2317,#2318,#2319,#2320));
#2317 = ORIENTED_EDGE('',*,*,#1162,.F.);
#2318 = ORIENTED_EDGE('',*,*,#2032,.T.);
#2319 = ORIENTED_EDGE('',*,*,#1365,.T.);
#2320 = ORIENTED_EDGE('',*,*,#1270,.F.);
#2321 = ADVANCED_FACE('',(#2322,#2349),#1413,.T.);
#2322 = FACE_BOUND('',#2323,.T.);
#2323 = EDGE_LOOP('',(#2324,#2325,#2326,#2327));
#2324 = ORIENTED_EDGE('',*,*,#1628,.F.);
#2325 = ORIENTED_EDGE('',*,*,#1547,.T.);
#2326 = ORIENTED_EDGE('',*,*,#1396,.T.);
#2327 = ORIENTED_EDGE('',*,*,#2328,.T.);
#2328 = EDGE_CURVE('',#1399,#1629,#2329,.T.);
#2329 = SURFACE_CURVE('',#2330,(#2335,#2342),.PCURVE_S1.);
#2330 = CIRCLE('',#2331,23.);
#2331 = AXIS2_PLACEMENT_3D('',#2332,#2333,#2334);
#2332 = CARTESIAN_POINT('',(0.,0.,18.6));
#2333 = DIRECTION('',(-0.,0.,-1.));
#2334 = DIRECTION('',(-0.224951054344,-0.974370064785,0.));
#2335 = PCURVE('',#1413,#2336);
#2336 = DEFINITIONAL_REPRESENTATION('',(#2337),#2341);
#2337 = LINE('',#2338,#2339);
#2338 = CARTESIAN_POINT('',(4.485496177625,4.6));
#2339 = VECTOR('',#2340,1.);
#2340 = DIRECTION('',(-1.,-0.));
#2341 = ( GEOMETRIC_REPRESENTATION_CONTEXT(2) 
PARAMETRIC_REPRESENTATION_CONTEXT() REPRESENTATION_CONTEXT('2D SPACE',''
  ) );
#2342 = PCURVE('',#1485,#2343);
#2343 = DEFINITIONAL_REPRESENTATION('',(#2344),#2348);
#2344 = LINE('',#2345,#2346);
#2345 = CARTESIAN_POINT('',(0.,-0.));
#2346 = VECTOR('',#2347,1.);
#2347 = DIRECTION('',(1.,-0.));
#2348 = ( GEOMETRIC_REPRESENTATION_CONTEXT(2) 
PARAMETRIC_REPRESENTATION_CONTEXT() REPRESENTATION_CONTEXT('2D SPACE',''
  ) );
#2349 = FACE_BOUND('',#2350,.T.);
#2350 = EDGE_LOOP('',(#2351));
#2351 = ORIENTED_EDGE('',*,*,#2352,.T.);
#2352 = EDGE_CURVE('',#2353,#2353,#2355,.T.);
#2353 = VERTEX_POINT('',#2354);
#2354 = CARTESIAN_POINT('',(-7.488067552515,-21.74692723878,14.5));
#2355 = SURFACE_CURVE('',#2356,(#2415,#2510),.PCURVE_S1.);
#2356 = B_SPLINE_CURVE_WITH_KNOTS('',8,(#2357,#2358,#2359,#2360,#2361,
    #2362,#2363,#2364,#2365,#2366,#2367,#2368,#2369,#2370,#2371,#2372,
    #2373,#2374,#2375,#2376,#2377,#2378,#2379,#2380,#2381,#2382,#2383,
    #2384,#2385,#2386,#2387,#2388,#2389,#2390,#2391,#2392,#2393,#2394,
    #2395,#2396,#2397,#2398,#2399,#2400,#2401,#2402,#2403,#2404,#2405,
    #2406,#2407,#2408,#2409,#2410,#2411,#2412,#2413,#2414),
  .UNSPECIFIED.,.T.,.F.,(9,7,7,7,7,7,7,7,9),(0.557484902177,
    0.658778536181,0.763702775854,0.867832735761,0.962391741207,
    1.108534823318,1.278487104876,1.420415250164,1.557484902177),
  .UNSPECIFIED.);
#2357 = CARTESIAN_POINT('',(-7.488067552515,-21.74692723878,14.5));
#2358 = CARTESIAN_POINT('',(-7.70728455685,-21.67144477088,14.5));
#2359 = CARTESIAN_POINT('',(-7.920839570049,-21.59508695344,
    14.530716115132));
#2360 = CARTESIAN_POINT('',(-8.124379342455,-21.5195690999,14.5897997675
    ));
#2361 = CARTESIAN_POINT('',(-8.314213919827,-21.44668773114,
    14.674142075027));
#2362 = CARTESIAN_POINT('',(-8.487388660052,-21.37820479835,
    14.779907132067));
#2363 = CARTESIAN_POINT('',(-8.641778872558,-21.31565411591,
    14.902573174545));
#2364 = CARTESIAN_POINT('',(-8.776210370688,-21.2601391719,
    15.036979407061));
#2365 = CARTESIAN_POINT('',(-9.009108412038,-21.16252523715,
    15.322805290369));
#2366 = CARTESIAN_POINT('',(-9.108834802339,-21.11983771015,
    15.47800241256));
#2367 = CARTESIAN_POINT('',(-9.190577865199,-21.08428299438,
    15.640293963363));
#2368 = CARTESIAN_POINT('',(-9.255093659329,-21.05589686094,
    15.807650165241));
#2369 = CARTESIAN_POINT('',(-9.303020853224,-21.0346507683,
    15.978491839954));
#2370 = CARTESIAN_POINT('',(-9.33482288032,-21.02049915499,
    16.151543676275));
#2371 = CARTESIAN_POINT('',(-9.350740709534,-21.01341590943,
    16.325716376861));
#2372 = CARTESIAN_POINT('',(-9.350740709534,-21.01341590943,
    16.672964290677));
#2373 = CARTESIAN_POINT('',(-9.335062580304,-21.02039236517,
    16.845783378123));
#2374 = CARTESIAN_POINT('',(-9.303752846382,-21.03432521128,
    17.016522622382));
#2375 = CARTESIAN_POINT('',(-9.257064626182,-21.0550222959,
    17.183276987346));
#2376 = CARTESIAN_POINT('',(-9.195445723277,-21.08212899762,
    17.344196877455));
#2377 = CARTESIAN_POINT('',(-9.119532329139,-21.11514587906,
    17.497514690739));
#2378 = CARTESIAN_POINT('',(-9.030148337364,-21.15345437693,
    17.641572088193));
#2379 = CARTESIAN_POINT('',(-8.835832499895,-21.23530394273,
    17.895874010267));
#2380 = CARTESIAN_POINT('',(-8.733149591368,-21.27801296073,
    18.007925390945));
#2381 = CARTESIAN_POINT('',(-8.621072684132,-21.32393056156,
    18.109848958305));
#2382 = CARTESIAN_POINT('',(-8.500550097009,-21.37244877876,
    18.200622312702));
#2383 = CARTESIAN_POINT('',(-8.372642891365,-21.42293191891,
    18.279370527201));
#2384 = CARTESIAN_POINT('',(-8.238507439006,-21.47474317406,
    18.345378866635));
#2385 = CARTESIAN_POINT('',(-8.099384993881,-21.52726462824,
    18.398101516581));
#2386 = CARTESIAN_POINT('',(-7.735918151921,-21.66127628802,
    18.497541863187));
#2387 = CARTESIAN_POINT('',(-7.50393374819,-21.74388010589,
    18.525992869492));
#2388 = CARTESIAN_POINT('',(-7.267503953269,-21.82471239765,
    18.519198945346));
#2389 = CARTESIAN_POINT('',(-7.034304600237,-21.90094902827,
    18.476809473989));
#2390 = CARTESIAN_POINT('',(-6.812031495432,-21.97043130349,
    18.401299487966));
#2391 = CARTESIAN_POINT('',(-6.607654105489,-22.03184030566,
    18.297858512245));
#2392 = CARTESIAN_POINT('',(-6.426393213284,-22.08455346575,
    18.174295713165));
#2393 = CARTESIAN_POINT('',(-6.090644283722,-22.17970370882,
    17.88604542888));
#2394 = CARTESIAN_POINT('',(-5.938162111631,-22.22109832373,
    17.711783892183));
#2395 = CARTESIAN_POINT('',(-5.813116005492,-22.25390573033,
    17.524132573056));
#2396 = CARTESIAN_POINT('',(-5.714511704226,-22.27913717828,
    17.327232378527));
#2397 = CARTESIAN_POINT('',(-5.641366350986,-22.29754739769,
    17.124172881144));
#2398 = CARTESIAN_POINT('',(-5.592903897559,-22.30964013898,
    16.917347254432));
#2399 = CARTESIAN_POINT('',(-5.568666407136,-22.31568852726,
    16.708687027676));
#2400 = CARTESIAN_POINT('',(-5.568666407136,-22.31568852726,
    16.325724241461));
#2401 = CARTESIAN_POINT('',(-5.585569214402,-22.31147058127,
    16.151551070664));
#2402 = CARTESIAN_POINT('',(-5.619341862588,-22.30304299109,
    15.978495424145));
#2403 = CARTESIAN_POINT('',(-5.670190531885,-22.29027794979,
    15.807650147598));
#2404 = CARTESIAN_POINT('',(-5.73850725639,-22.27292629993,
    15.640292438441));
#2405 = CARTESIAN_POINT('',(-5.824811517215,-22.2506176667,
    15.478001510339));
#2406 = CARTESIAN_POINT('',(-5.929676953926,-22.22285850381,
    15.3228055791));
#2407 = CARTESIAN_POINT('',(-6.173346614031,-22.15638033439,
    15.036925304965));
#2408 = CARTESIAN_POINT('',(-6.313462184563,-22.11736079528,
    14.902537885487));
#2409 = CARTESIAN_POINT('',(-6.473598337719,-22.07160843133,
    14.779914078457));
#2410 = CARTESIAN_POINT('',(-6.652166449593,-22.0189733589,
    14.674181820883));
#2411 = CARTESIAN_POINT('',(-6.846572168813,-21.95954909815,
    14.589846401706));
#2412 = CARTESIAN_POINT('',(-7.053430129885,-21.89375743677,
    14.530743743002));
#2413 = CARTESIAN_POINT('',(-7.268751997178,-21.82244364051,14.5));
#2414 = CARTESIAN_POINT('',(-7.488067552515,-21.74692723878,14.5));
#2415 = PCURVE('',#1413,#2416);
#2416 = DEFINITIONAL_REPRESENTATION('',(#2417),#2509);
#2417 = B_SPLINE_CURVE_WITH_KNOTS('',3,(#2418,#2419,#2420,#2421,#2422,
    #2423,#2424,#2425,#2426,#2427,#2428,#2429,#2430,#2431,#2432,#2433,
    #2434,#2435,#2436,#2437,#2438,#2439,#2440,#2441,#2442,#2443,#2444,
    #2445,#2446,#2447,#2448,#2449,#2450,#2451,#2452,#2453,#2454,#2455,
    #2456,#2457,#2458,#2459,#2460,#2461,#2462,#2463,#2464,#2465,#2466,
    #2467,#2468,#2469,#2470,#2471,#2472,#2473,#2474,#2475,#2476,#2477,
    #2478,#2479,#2480,#2481,#2482,#2483,#2484,#2485,#2486,#2487,#2488,
    #2489,#2490,#2491,#2492,#2493,#2494,#2495,#2496,#2497,#2498,#2499,
    #2500,#2501,#2502,#2503,#2504,#2505,#2506,#2507,#2508),
  .UNSPECIFIED.,.T.,.F.,(4,1,1,1,1,1,1,1,1,1,1,1,1,1,1,1,1,1,1,1,1,1,1,1
    ,1,1,1,1,1,1,1,1,1,1,1,1,1,1,1,1,1,1,1,1,1,1,1,1,1,1,1,1,1,1,1,1,1,1
    ,1,1,1,1,1,1,1,1,1,1,1,1,1,1,1,1,1,1,1,1,1,1,1,1,1,1,1,1,1,1,4),(
    0.557484902177,0.568848538541,0.580212174904,0.591575811268,
    0.602939447631,0.614303083995,0.625666720359,0.637030356722,
    0.648393993086,0.65975762945,0.671121265813,0.682484902177,
    0.693848538541,0.705212174904,0.716575811268,0.727939447631,
    0.739303083995,0.750666720359,0.762030356722,0.773393993086,
    0.78475762945,0.796121265813,0.807484902177,0.818848538541,
    0.830212174904,0.841575811268,0.852939447631,0.864303083995,
    0.875666720359,0.887030356722,0.898393993086,0.90975762945,
    0.921121265813,0.932484902177,0.943848538541,0.955212174904,
    0.966575811268,0.977939447631,0.989303083995,1.000666720359,
    1.012030356722,1.023393993086,1.03475762945,1.046121265813,
    1.057484902177,1.068848538541,1.080212174904,1.091575811268,
    1.102939447631,1.114303083995,1.125666720359,1.137030356722,
    1.148393993086,1.15975762945,1.171121265813,1.182484902177,
    1.193848538541,1.205212174904,1.216575811268,1.227939447631,
    1.239303083995,1.250666720359,1.262030356722,1.273393993086,
    1.28475762945,1.296121265813,1.307484902177,1.318848538541,
    1.330212174904,1.341575811268,1.352939447631,1.364303083995,
    1.375666720359,1.387030356722,1.398393993086,1.40975762945,
    1.421121265813,1.432484902177,1.443848538541,1.455212174904,
    1.466575811268,1.477939447631,1.489303083995,1.500666720359,
    1.512030356722,1.523393993086,1.53475762945,1.546121265813,
    1.557484902177),.QUASI_UNIFORM_KNOTS.);
#2418 = CARTESIAN_POINT('',(4.380776422506,0.5));
#2419 = CARTESIAN_POINT('',(4.377760150359,0.499983558753));
#2420 = CARTESIAN_POINT('',(4.371781743577,0.507229332834));
#2421 = CARTESIAN_POINT('',(4.363060471331,0.538502482496));
#2422 = CARTESIAN_POINT('',(4.354672564311,0.588824777886));
#2423 = CARTESIAN_POINT('',(4.346694193138,0.6565743919));
#2424 = CARTESIAN_POINT('',(4.339193679863,0.739956988095));
#2425 = CARTESIAN_POINT('',(4.332229190995,0.837000640202));
#2426 = CARTESIAN_POINT('',(4.325850234629,0.945511916234));
#2427 = CARTESIAN_POINT('',(4.32008882368,1.063287779891));
#2428 = CARTESIAN_POINT('',(4.314987805497,1.187344358123));
#2429 = CARTESIAN_POINT('',(4.310488682,1.31687349018));
#2430 = CARTESIAN_POINT('',(4.306539040149,1.451875716856));
#2431 = CARTESIAN_POINT('',(4.303137410705,1.591139990236));
#2432 = CARTESIAN_POINT('',(4.300269468988,1.733925932193));
#2433 = CARTESIAN_POINT('',(4.297925552097,1.879492687121));
#2434 = CARTESIAN_POINT('',(4.296096361982,2.027205971342));
#2435 = CARTESIAN_POINT('',(4.294774475191,2.176492523322));
#2436 = CARTESIAN_POINT('',(4.293954327078,2.326832788026));
#2437 = CARTESIAN_POINT('',(4.293632399099,2.477758550198));
#2438 = CARTESIAN_POINT('',(4.293808047788,2.628797076371));
#2439 = CARTESIAN_POINT('',(4.294479803202,2.778999968113));
#2440 = CARTESIAN_POINT('',(4.295643020235,2.927560137744));
#2441 = CARTESIAN_POINT('',(4.297290642248,3.073649814048));
#2442 = CARTESIAN_POINT('',(4.299413079965,3.216464831616));
#2443 = CARTESIAN_POINT('',(4.301998323528,3.355216226429));
#2444 = CARTESIAN_POINT('',(4.305031992182,3.489136178609));
#2445 = CARTESIAN_POINT('',(4.308497388709,3.617479406638));
#2446 = CARTESIAN_POINT('',(4.312375582805,3.739528554896));
#2447 = CARTESIAN_POINT('',(4.316645356118,3.854588302787));
#2448 = CARTESIAN_POINT('',(4.321279672859,3.961921927034));
#2449 = CARTESIAN_POINT('',(4.326252211976,4.060927594763));
#2450 = CARTESIAN_POINT('',(4.331534261177,4.151035570462));
#2451 = CARTESIAN_POINT('',(4.337095585397,4.231733353307));
#2452 = CARTESIAN_POINT('',(4.342904622947,4.302562240774));
#2453 = CARTESIAN_POINT('',(4.348927911711,4.363118186843));
#2454 = CARTESIAN_POINT('',(4.355133107147,4.413062601734));
#2455 = CARTESIAN_POINT('',(4.361478242907,4.452087637106));
#2456 = CARTESIAN_POINT('',(4.367967812041,4.480133618448));
#2457 = CARTESIAN_POINT('',(4.374548371488,4.496800549438));
#2458 = CARTESIAN_POINT('',(4.381166900761,4.501908938982));
#2459 = CARTESIAN_POINT('',(4.387769882877,4.495444363431));
#2460 = CARTESIAN_POINT('',(4.394304416335,4.477569302045));
#2461 = CARTESIAN_POINT('',(4.400718772318,4.448617063167));
#2462 = CARTESIAN_POINT('',(4.40696308443,4.409090879056));
#2463 = CARTESIAN_POINT('',(4.412990025345,4.359661073089));
#2464 = CARTESIAN_POINT('',(4.418755369421,4.301165666012));
#2465 = CARTESIAN_POINT('',(4.424218979907,4.234600136699));
#2466 = CARTESIAN_POINT('',(4.429344141217,4.161148221185));
#2467 = CARTESIAN_POINT('',(4.434102974147,4.08206063829));
#2468 = CARTESIAN_POINT('',(4.438459004568,3.999102469984));
#2469 = CARTESIAN_POINT('',(4.442500411381,3.911547241262));
#2470 = CARTESIAN_POINT('',(4.446224073885,3.820015837475));
#2471 = CARTESIAN_POINT('',(4.449636633984,3.724970663345));
#2472 = CARTESIAN_POINT('',(4.452742293786,3.626858367093));
#2473 = CARTESIAN_POINT('',(4.455545942642,3.52607763227));
#2474 = CARTESIAN_POINT('',(4.458052192105,3.422993282792));
#2475 = CARTESIAN_POINT('',(4.460265520942,3.317937486702));
#2476 = CARTESIAN_POINT('',(4.462190134469,3.21121399393));
#2477 = CARTESIAN_POINT('',(4.463829910344,3.103101204195));
#2478 = CARTESIAN_POINT('',(4.465188329393,2.993855268127));
#2479 = CARTESIAN_POINT('',(4.466268416428,2.88371293588));
#2480 = CARTESIAN_POINT('',(4.467072684035,2.772894415994));
#2481 = CARTESIAN_POINT('',(4.46760307385,2.661605801962));
#2482 = CARTESIAN_POINT('',(4.467860915701,2.550042896775));
#2483 = CARTESIAN_POINT('',(4.467846819875,2.438389879733));
#2484 = CARTESIAN_POINT('',(4.467560871596,2.326876421763));
#2485 = CARTESIAN_POINT('',(4.467002543817,2.215677052469));
#2486 = CARTESIAN_POINT('',(4.466170561952,2.104984764888));
#2487 = CARTESIAN_POINT('',(4.465063002593,1.995001675048));
#2488 = CARTESIAN_POINT('',(4.463677335592,1.885944771172));
#2489 = CARTESIAN_POINT('',(4.462010489567,1.778047919448));
#2490 = CARTESIAN_POINT('',(4.460058890003,1.67156443952));
#2491 = CARTESIAN_POINT('',(4.457818595734,1.566771922552));
#2492 = CARTESIAN_POINT('',(4.455285084034,1.46396837963));
#2493 = CARTESIAN_POINT('',(4.45245436008,1.363501788978));
#2494 = CARTESIAN_POINT('',(4.449319140009,1.265675772629));
#2495 = CARTESIAN_POINT('',(4.44588343736,1.171118503927));
#2496 = CARTESIAN_POINT('',(4.442107967258,1.079410377142));
#2497 = CARTESIAN_POINT('',(4.437974654375,0.991054280336));
#2498 = CARTESIAN_POINT('',(4.433498047324,0.907219826452));
#2499 = CARTESIAN_POINT('',(4.42868875313,0.828837348413));
#2500 = CARTESIAN_POINT('',(4.423562963108,0.756839063299));
#2501 = CARTESIAN_POINT('',(4.418139637061,0.692092883006));
#2502 = CARTESIAN_POINT('',(4.412441002834,0.635418669336));
#2503 = CARTESIAN_POINT('',(4.406492186018,0.587582280732));
#2504 = CARTESIAN_POINT('',(4.400321063045,0.549296240268));
#2505 = CARTESIAN_POINT('',(4.393958158584,0.521216375634));
#2506 = CARTESIAN_POINT('',(4.387436218291,0.503948214986));
#2507 = CARTESIAN_POINT('',(4.383006151908,0.499995184201));
#2508 = CARTESIAN_POINT('',(4.380776422506,0.5));
#2509 = ( GEOMETRIC_REPRESENTATION_CONTEXT(2) 
PARAMETRIC_REPRESENTATION_CONTEXT() REPRESENTATION_CONTEXT('2D SPACE',''
  ) );
#2510 = PCURVE('',#2511,#2516);
#2511 = CYLINDRICAL_SURFACE('',#2512,2.);
#2512 = AXIS2_PLACEMENT_3D('',#2513,#2514,#2515);
#2513 = CARTESIAN_POINT('',(-6.446249458252,-18.72126779686,16.5));
#2514 = DIRECTION('',(-0.325568154457,-0.945518575599,2.22044604925E-16)
  );
#2515 = DIRECTION('',(-7.229065223261E-17,-2.099472985682E-16,-1.));
#2516 = DEFINITIONAL_REPRESENTATION('',(#2517),#2609);
#2517 = B_SPLINE_CURVE_WITH_KNOTS('',3,(#2518,#2519,#2520,#2521,#2522,
    #2523,#2524,#2525,#2526,#2527,#2528,#2529,#2530,#2531,#2532,#2533,
    #2534,#2535,#2536,#2537,#2538,#2539,#2540,#2541,#2542,#2543,#2544,
    #2545,#2546,#2547,#2548,#2549,#2550,#2551,#2552,#2553,#2554,#2555,
    #2556,#2557,#2558,#2559,#2560,#2561,#2562,#2563,#2564,#2565,#2566,
    #2567,#2568,#2569,#2570,#2571,#2572,#2573,#2574,#2575,#2576,#2577,
    #2578,#2579,#2580,#2581,#2582,#2583,#2584,#2585,#2586,#2587,#2588,
    #2589,#2590,#2591,#2592,#2593,#2594,#2595,#2596,#2597,#2598,#2599,
    #2600,#2601,#2602,#2603,#2604,#2605,#2606,#2607,#2608),
  .UNSPECIFIED.,.F.,.F.,(4,1,1,1,1,1,1,1,1,1,1,1,1,1,1,1,1,1,1,1,1,1,1,1
    ,1,1,1,1,1,1,1,1,1,1,1,1,1,1,1,1,1,1,1,1,1,1,1,1,1,1,1,1,1,1,1,1,1,1
    ,1,1,1,1,1,1,1,1,1,1,1,1,1,1,1,1,1,1,1,1,1,1,1,1,1,1,1,1,1,1,4),(
    0.557484902177,0.568848538541,0.580212174904,0.591575811268,
    0.602939447631,0.614303083995,0.625666720359,0.637030356722,
    0.648393993086,0.65975762945,0.671121265813,0.682484902177,
    0.693848538541,0.705212174904,0.716575811268,0.727939447631,
    0.739303083995,0.750666720359,0.762030356722,0.773393993086,
    0.78475762945,0.796121265813,0.807484902177,0.818848538541,
    0.830212174904,0.841575811268,0.852939447631,0.864303083995,
    0.875666720359,0.887030356722,0.898393993086,0.90975762945,
    0.921121265813,0.932484902177,0.943848538541,0.955212174904,
    0.966575811268,0.977939447631,0.989303083995,1.000666720359,
    1.012030356722,1.023393993086,1.03475762945,1.046121265813,
    1.057484902177,1.068848538541,1.080212174904,1.091575811268,
    1.102939447631,1.114303083995,1.125666720359,1.137030356722,
    1.148393993086,1.15975762945,1.171121265813,1.182484902177,
    1.193848538541,1.205212174904,1.216575811268,1.227939447631,
    1.239303083995,1.250666720359,1.262030356722,1.273393993086,
    1.28475762945,1.296121265813,1.307484902177,1.318848538541,
    1.330212174904,1.341575811268,1.352939447631,1.364303083995,
    1.375666720359,1.387030356722,1.398393993086,1.40975762945,
    1.421121265813,1.432484902177,1.443848538541,1.455212174904,
    1.466575811268,1.477939447631,1.489303083995,1.500666720359,
    1.512030356722,1.523393993086,1.53475762945,1.546121265813,
    1.557484902177),.QUASI_UNIFORM_KNOTS.);
#2518 = CARTESIAN_POINT('',(6.28318530718,3.2));
#2519 = CARTESIAN_POINT('',(6.248508425296,3.200005300862));
#2520 = CARTESIAN_POINT('',(6.179738522844,3.199367938808));
#2521 = CARTESIAN_POINT('',(6.078375812062,3.196672741529));
#2522 = CARTESIAN_POINT('',(5.978831294829,3.192421290655));
#2523 = CARTESIAN_POINT('',(5.88118180083,3.186872914658));
#2524 = CARTESIAN_POINT('',(5.785543610698,3.180318595926));
#2525 = CARTESIAN_POINT('',(5.692072182234,3.173072257734));
#2526 = CARTESIAN_POINT('',(5.601004400586,3.165455674955));
#2527 = CARTESIAN_POINT('',(5.512530193182,3.157771254138));
#2528 = CARTESIAN_POINT('',(5.427314744839,3.150331733886));
#2529 = CARTESIAN_POINT('',(5.34456614237,3.143277101524));
#2530 = CARTESIAN_POINT('',(5.263339281493,3.136701879022));
#2531 = CARTESIAN_POINT('',(5.183590130093,3.130752237385));
#2532 = CARTESIAN_POINT('',(5.105050907737,3.125530245771));
#2533 = CARTESIAN_POINT('',(5.027526066531,3.121122514835));
#2534 = CARTESIAN_POINT('',(4.950808821265,3.117595375248));
#2535 = CARTESIAN_POINT('',(4.874699470199,3.114998776733));
#2536 = CARTESIAN_POINT('',(4.798998519265,3.113367647461));
#2537 = CARTESIAN_POINT('',(4.723499406567,3.112723191149));
#2538 = CARTESIAN_POINT('',(4.648007076014,3.11307509478));
#2539 = CARTESIAN_POINT('',(4.572566055895,3.114414465732));
#2540 = CARTESIAN_POINT('',(4.497153385845,3.116709242609));
#2541 = CARTESIAN_POINT('',(4.421761588387,3.119906444668));
#2542 = CARTESIAN_POINT('',(4.346378210768,3.123933130101));
#2543 = CARTESIAN_POINT('',(4.270991716427,3.128698104231));
#2544 = CARTESIAN_POINT('',(4.195590177564,3.13409384025));
#2545 = CARTESIAN_POINT('',(4.120162237863,3.139998725634));
#2546 = CARTESIAN_POINT('',(4.044696230451,3.146279719077));
#2547 = CARTESIAN_POINT('',(3.969184649052,3.152794965411));
#2548 = CARTESIAN_POINT('',(3.893676734803,3.159391956662));
#2549 = CARTESIAN_POINT('',(3.818166508181,3.165921005416));
#2550 = CARTESIAN_POINT('',(3.742657730372,3.172233251537));
#2551 = CARTESIAN_POINT('',(3.667150482987,3.178185291027));
#2552 = CARTESIAN_POINT('',(3.591642756953,3.183642090802));
#2553 = CARTESIAN_POINT('',(3.516138906775,3.188479794492));
#2554 = CARTESIAN_POINT('',(3.440617085227,3.192589233255));
#2555 = CARTESIAN_POINT('',(3.365155618252,3.195875280532));
#2556 = CARTESIAN_POINT('',(3.289283083074,3.198277541484));
#2557 = CARTESIAN_POINT('',(3.21320739839,3.199721315417));
#2558 = CARTESIAN_POINT('',(3.13710647124,3.20016622998));
#2559 = CARTESIAN_POINT('',(3.061158342921,3.199603389171));
#2560 = CARTESIAN_POINT('',(2.985539233509,3.198056540399));
#2561 = CARTESIAN_POINT('',(2.910429949676,3.195580542137));
#2562 = CARTESIAN_POINT('',(2.836020174906,3.192259018898));
#2563 = CARTESIAN_POINT('',(2.762513044388,3.188200761666));
#2564 = CARTESIAN_POINT('',(2.690131908427,3.183535367751));
#2565 = CARTESIAN_POINT('',(2.619120297097,3.178407425948));
#2566 = CARTESIAN_POINT('',(2.549770054596,3.172972596135));
#2567 = CARTESIAN_POINT('',(2.482347467267,3.167384174163));
#2568 = CARTESIAN_POINT('',(2.417403530163,3.161813949428));
#2569 = CARTESIAN_POINT('',(2.353648339619,3.156258305729));
#2570 = CARTESIAN_POINT('',(2.291062784448,3.150807112454));
#2571 = CARTESIAN_POINT('',(2.229516110596,3.145532221786));
#2572 = CARTESIAN_POINT('',(2.16891603624,3.140499513072));
#2573 = CARTESIAN_POINT('',(2.109166983231,3.135766288965));
#2574 = CARTESIAN_POINT('',(2.050179986481,3.131382612635));
#2575 = CARTESIAN_POINT('',(1.991868941054,3.127391593904));
#2576 = CARTESIAN_POINT('',(1.934150638024,3.123829950782));
#2577 = CARTESIAN_POINT('',(1.876943872439,3.120728479886));
#2578 = CARTESIAN_POINT('',(1.820168865849,3.118112522606));
#2579 = CARTESIAN_POINT('',(1.763746638924,3.116002393234));
#2580 = CARTESIAN_POINT('',(1.707598481757,3.114413764622));
#2581 = CARTESIAN_POINT('',(1.651645253871,3.113358010121));
#2582 = CARTESIAN_POINT('',(1.595807404707,3.112842458397));
#2583 = CARTESIAN_POINT('',(1.54000237838,3.112870683296));
#2584 = CARTESIAN_POINT('',(1.484171250243,3.113442261793));
#2585 = CARTESIAN_POINT('',(1.428226687664,3.11455290272));
#2586 = CARTESIAN_POINT('',(1.372087742985,3.116194660091));
#2587 = CARTESIAN_POINT('',(1.315673207758,3.118355621078));
#2588 = CARTESIAN_POINT('',(1.258902522312,3.12101963893));
#2589 = CARTESIAN_POINT('',(1.201694830439,3.124165971382));
#2590 = CARTESIAN_POINT('',(1.143968159627,3.127768915676));
#2591 = CARTESIAN_POINT('',(1.085640055378,3.131797259417));
#2592 = CARTESIAN_POINT('',(1.026622184368,3.136214223508));
#2593 = CARTESIAN_POINT('',(0.966837295924,3.140975417258));
#2594 = CARTESIAN_POINT('',(0.906152213207,3.146034093287));
#2595 = CARTESIAN_POINT('',(0.844623490776,3.151319075947));
#2596 = CARTESIAN_POINT('',(0.781566223741,3.156815402015));
#2597 = CARTESIAN_POINT('',(0.71676854308,3.162457352436));
#2598 = CARTESIAN_POINT('',(0.650477582503,3.168124872909));
#2599 = CARTESIAN_POINT('',(0.582788571399,3.173700285318));
#2600 = CARTESIAN_POINT('',(0.513811601024,3.179056928606));
#2601 = CARTESIAN_POINT('',(0.443629681603,3.184066336399));
#2602 = CARTESIAN_POINT('',(0.372312382881,3.188600636202));
#2603 = CARTESIAN_POINT('',(0.299914191065,3.192536400935));
#2604 = CARTESIAN_POINT('',(0.226476715663,3.195757922269));
#2605 = CARTESIAN_POINT('',(0.152029072645,3.198161374483));
#2606 = CARTESIAN_POINT('',(7.659002782752E-02,3.199655601901));
#2607 = CARTESIAN_POINT('',(2.563886428198E-02,3.200001671488));
#2608 = CARTESIAN_POINT('',(-8.881784197001E-16,3.2));
#2609 = ( GEOMETRIC_REPRESENTATION_CONTEXT(2) 
PARAMETRIC_REPRESENTATION_CONTEXT() REPRESENTATION_CONTEXT('2D SPACE',''
  ) );
#2610 = ADVANCED_FACE('',(#2611),#1485,.T.);
#2611 = FACE_BOUND('',#2612,.F.);
#2612 = EDGE_LOOP('',(#2613,#2614,#2615,#2616));
#2613 = ORIENTED_EDGE('',*,*,#1468,.F.);
#2614 = ORIENTED_EDGE('',*,*,#2328,.T.);
#2615 = ORIENTED_EDGE('',*,*,#1675,.T.);
#2616 = ORIENTED_EDGE('',*,*,#1598,.F.);
#2617 = ADVANCED_FACE('',(#2618),#1892,.F.);
#2618 = FACE_BOUND('',#2619,.F.);
#2619 = EDGE_LOOP('',(#2620,#2621,#2644,#2671));
#2620 = ORIENTED_EDGE('',*,*,#1733,.T.);
#2621 = ORIENTED_EDGE('',*,*,#2622,.F.);
#2622 = EDGE_CURVE('',#2623,#1734,#2625,.T.);
#2623 = VERTEX_POINT('',#2624);
#2624 = CARTESIAN_POINT('',(19.436218232264,3.778018108456,14.5));
#2625 = SEAM_CURVE('',#2626,(#2630,#2637),.PCURVE_S1.);
#2626 = LINE('',#2627,#2628);
#2627 = CARTESIAN_POINT('',(19.436218232264,3.778018108456,14.5));
#2628 = VECTOR('',#2629,1.);
#2629 = DIRECTION('',(0.981627183448,0.190808995377,2.22044604925E-16));
#2630 = PCURVE('',#1892,#2631);
#2631 = DEFINITIONAL_REPRESENTATION('',(#2632),#2636);
#2632 = LINE('',#2633,#2634);
#2633 = CARTESIAN_POINT('',(0.,-0.));
#2634 = VECTOR('',#2635,1.);
#2635 = DIRECTION('',(0.,1.));
#2636 = ( GEOMETRIC_REPRESENTATION_CONTEXT(2) 
PARAMETRIC_REPRESENTATION_CONTEXT() REPRESENTATION_CONTEXT('2D SPACE',''
  ) );
#2637 = PCURVE('',#1892,#2638);
#2638 = DEFINITIONAL_REPRESENTATION('',(#2639),#2643);
#2639 = LINE('',#2640,#2641);
#2640 = CARTESIAN_POINT('',(6.28318530718,-0.));
#2641 = VECTOR('',#2642,1.);
#2642 = DIRECTION('',(0.,1.));
#2643 = ( GEOMETRIC_REPRESENTATION_CONTEXT(2) 
PARAMETRIC_REPRESENTATION_CONTEXT() REPRESENTATION_CONTEXT('2D SPACE',''
  ) );
#2644 = ORIENTED_EDGE('',*,*,#2645,.T.);
#2645 = EDGE_CURVE('',#2623,#2623,#2646,.T.);
#2646 = SURFACE_CURVE('',#2647,(#2652,#2659),.PCURVE_S1.);
#2647 = CIRCLE('',#2648,2.);
#2648 = AXIS2_PLACEMENT_3D('',#2649,#2650,#2651);
#2649 = CARTESIAN_POINT('',(19.436218232264,3.778018108456,16.5));
#2650 = DIRECTION('',(0.981627183448,0.190808995377,2.22044604925E-16));
#2651 = DIRECTION('',(2.179650201323E-16,4.236810799453E-17,-1.));
#2652 = PCURVE('',#1892,#2653);
#2653 = DEFINITIONAL_REPRESENTATION('',(#2654),#2658);
#2654 = LINE('',#2655,#2656);
#2655 = CARTESIAN_POINT('',(0.,0.));
#2656 = VECTOR('',#2657,1.);
#2657 = DIRECTION('',(1.,0.));
#2658 = ( GEOMETRIC_REPRESENTATION_CONTEXT(2) 
PARAMETRIC_REPRESENTATION_CONTEXT() REPRESENTATION_CONTEXT('2D SPACE',''
  ) );
#2659 = PCURVE('',#2660,#2665);
#2660 = PLANE('',#2661);
#2661 = AXIS2_PLACEMENT_3D('',#2662,#2663,#2664);
#2662 = CARTESIAN_POINT('',(19.436218232264,3.778018108456,16.5));
#2663 = DIRECTION('',(0.981627183448,0.190808995377,2.22044604925E-16));
#2664 = DIRECTION('',(2.179650201323E-16,4.236810799453E-17,-1.));
#2665 = DEFINITIONAL_REPRESENTATION('',(#2666),#2670);
#2666 = CIRCLE('',#2667,2.);
#2667 = AXIS2_PLACEMENT_2D('',#2668,#2669);
#2668 = CARTESIAN_POINT('',(0.,0.));
#2669 = DIRECTION('',(1.,0.));
#2670 = ( GEOMETRIC_REPRESENTATION_CONTEXT(2) 
PARAMETRIC_REPRESENTATION_CONTEXT() REPRESENTATION_CONTEXT('2D SPACE',''
  ) );
#2671 = ORIENTED_EDGE('',*,*,#2622,.T.);
#2672 = ADVANCED_FACE('',(#2673),#2215,.F.);
#2673 = FACE_BOUND('',#2674,.F.);
#2674 = EDGE_LOOP('',(#2675,#2676,#2699,#2726));
#2675 = ORIENTED_EDGE('',*,*,#2056,.T.);
#2676 = ORIENTED_EDGE('',*,*,#2677,.F.);
#2677 = EDGE_CURVE('',#2678,#2057,#2680,.T.);
#2678 = VERTEX_POINT('',#2679);
#2679 = CARTESIAN_POINT('',(-12.98996877401,14.943249688411,14.5));
#2680 = SEAM_CURVE('',#2681,(#2685,#2692),.PCURVE_S1.);
#2681 = LINE('',#2682,#2683);
#2682 = CARTESIAN_POINT('',(-12.98996877401,14.943249688411,14.5));
#2683 = VECTOR('',#2684,1.);
#2684 = DIRECTION('',(-0.656059028991,0.754709580223,2.22044604925E-16)
  );
#2685 = PCURVE('',#2215,#2686);
#2686 = DEFINITIONAL_REPRESENTATION('',(#2687),#2691);
#2687 = LINE('',#2688,#2689);
#2688 = CARTESIAN_POINT('',(0.,-0.));
#2689 = VECTOR('',#2690,1.);
#2690 = DIRECTION('',(0.,1.));
#2691 = ( GEOMETRIC_REPRESENTATION_CONTEXT(2) 
PARAMETRIC_REPRESENTATION_CONTEXT() REPRESENTATION_CONTEXT('2D SPACE',''
  ) );
#2692 = PCURVE('',#2215,#2693);
#2693 = DEFINITIONAL_REPRESENTATION('',(#2694),#2698);
#2694 = LINE('',#2695,#2696);
#2695 = CARTESIAN_POINT('',(6.28318530718,-0.));
#2696 = VECTOR('',#2697,1.);
#2697 = DIRECTION('',(0.,1.));
#2698 = ( GEOMETRIC_REPRESENTATION_CONTEXT(2) 
PARAMETRIC_REPRESENTATION_CONTEXT() REPRESENTATION_CONTEXT('2D SPACE',''
  ) );
#2699 = ORIENTED_EDGE('',*,*,#2700,.T.);
#2700 = EDGE_CURVE('',#2678,#2678,#2701,.T.);
#2701 = SURFACE_CURVE('',#2702,(#2707,#2714),.PCURVE_S1.);
#2702 = CIRCLE('',#2703,2.);
#2703 = AXIS2_PLACEMENT_3D('',#2704,#2705,#2706);
#2704 = CARTESIAN_POINT('',(-12.98996877401,14.943249688411,16.5));
#2705 = DIRECTION('',(-0.656059028991,0.754709580223,2.22044604925E-16)
  );
#2706 = DIRECTION('',(-1.456743678997E-16,1.675791905737E-16,-1.));
#2707 = PCURVE('',#2215,#2708);
#2708 = DEFINITIONAL_REPRESENTATION('',(#2709),#2713);
#2709 = LINE('',#2710,#2711);
#2710 = CARTESIAN_POINT('',(0.,0.));
#2711 = VECTOR('',#2712,1.);
#2712 = DIRECTION('',(1.,0.));
#2713 = ( GEOMETRIC_REPRESENTATION_CONTEXT(2) 
PARAMETRIC_REPRESENTATION_CONTEXT() REPRESENTATION_CONTEXT('2D SPACE',''
  ) );
#2714 = PCURVE('',#2715,#2720);
#2715 = PLANE('',#2716);
#2716 = AXIS2_PLACEMENT_3D('',#2717,#2718,#2719);
#2717 = CARTESIAN_POINT('',(-12.98996877401,14.943249688411,16.5));
#2718 = DIRECTION('',(-0.656059028991,0.754709580223,2.22044604925E-16)
  );
#2719 = DIRECTION('',(-1.456743678997E-16,1.675791905737E-16,-1.));
#2720 = DEFINITIONAL_REPRESENTATION('',(#2721),#2725);
#2721 = CIRCLE('',#2722,2.);
#2722 = AXIS2_PLACEMENT_2D('',#2723,#2724);
#2723 = CARTESIAN_POINT('',(0.,0.));
#2724 = DIRECTION('',(1.,0.));
#2725 = ( GEOMETRIC_REPRESENTATION_CONTEXT(2) 
PARAMETRIC_REPRESENTATION_CONTEXT() REPRESENTATION_CONTEXT('2D SPACE',''
  ) );
#2726 = ORIENTED_EDGE('',*,*,#2677,.T.);
#2727 = ADVANCED_FACE('',(#2728),#2511,.F.);
#2728 = FACE_BOUND('',#2729,.F.);
#2729 = EDGE_LOOP('',(#2730,#2731,#2754,#2781));
#2730 = ORIENTED_EDGE('',*,*,#2352,.T.);
#2731 = ORIENTED_EDGE('',*,*,#2732,.F.);
#2732 = EDGE_CURVE('',#2733,#2353,#2735,.T.);
#2733 = VERTEX_POINT('',#2734);
#2734 = CARTESIAN_POINT('',(-6.446249458252,-18.72126779686,14.5));
#2735 = SEAM_CURVE('',#2736,(#2740,#2747),.PCURVE_S1.);
#2736 = LINE('',#2737,#2738);
#2737 = CARTESIAN_POINT('',(-6.446249458252,-18.72126779686,14.5));
#2738 = VECTOR('',#2739,1.);
#2739 = DIRECTION('',(-0.325568154457,-0.945518575599,2.22044604925E-16)
  );
#2740 = PCURVE('',#2511,#2741);
#2741 = DEFINITIONAL_REPRESENTATION('',(#2742),#2746);
#2742 = LINE('',#2743,#2744);
#2743 = CARTESIAN_POINT('',(0.,-0.));
#2744 = VECTOR('',#2745,1.);
#2745 = DIRECTION('',(0.,1.));
#2746 = ( GEOMETRIC_REPRESENTATION_CONTEXT(2) 
PARAMETRIC_REPRESENTATION_CONTEXT() REPRESENTATION_CONTEXT('2D SPACE',''
  ) );
#2747 = PCURVE('',#2511,#2748);
#2748 = DEFINITIONAL_REPRESENTATION('',(#2749),#2753);
#2749 = LINE('',#2750,#2751);
#2750 = CARTESIAN_POINT('',(6.28318530718,-0.));
#2751 = VECTOR('',#2752,1.);
#2752 = DIRECTION('',(0.,1.));
#2753 = ( GEOMETRIC_REPRESENTATION_CONTEXT(2) 
PARAMETRIC_REPRESENTATION_CONTEXT() REPRESENTATION_CONTEXT('2D SPACE',''
  ) );
#2754 = ORIENTED_EDGE('',*,*,#2755,.T.);
#2755 = EDGE_CURVE('',#2733,#2733,#2756,.T.);
#2756 = SURFACE_CURVE('',#2757,(#2762,#2769),.PCURVE_S1.);
#2757 = CIRCLE('',#2758,2.);
#2758 = AXIS2_PLACEMENT_3D('',#2759,#2760,#2761);
#2759 = CARTESIAN_POINT('',(-6.446249458252,-18.72126779686,16.5));
#2760 = DIRECTION('',(-0.325568154457,-0.945518575599,2.22044604925E-16)
  );
#2761 = DIRECTION('',(-7.229065223261E-17,-2.099472985682E-16,-1.));
#2762 = PCURVE('',#2511,#2763);
#2763 = DEFINITIONAL_REPRESENTATION('',(#2764),#2768);
#2764 = LINE('',#2765,#2766);
#2765 = CARTESIAN_POINT('',(0.,0.));
#2766 = VECTOR('',#2767,1.);
#2767 = DIRECTION('',(1.,0.));
#2768 = ( GEOMETRIC_REPRESENTATION_CONTEXT(2) 
PARAMETRIC_REPRESENTATION_CONTEXT() REPRESENTATION_CONTEXT('2D SPACE',''
  ) );
#2769 = PCURVE('',#2770,#2775);
#2770 = PLANE('',#2771);
#2771 = AXIS2_PLACEMENT_3D('',#2772,#2773,#2774);
#2772 = CARTESIAN_POINT('',(-6.446249458252,-18.72126779686,16.5));
#2773 = DIRECTION('',(-0.325568154457,-0.945518575599,2.22044604925E-16)
  );
#2774 = DIRECTION('',(-7.229065223261E-17,-2.099472985682E-16,-1.));
#2775 = DEFINITIONAL_REPRESENTATION('',(#2776),#2780);
#2776 = CIRCLE('',#2777,2.);
#2777 = AXIS2_PLACEMENT_2D('',#2778,#2779);
#2778 = CARTESIAN_POINT('',(0.,0.));
#2779 = DIRECTION('',(1.,0.));
#2780 = ( GEOMETRIC_REPRESENTATION_CONTEXT(2) 
PARAMETRIC_REPRESENTATION_CONTEXT() REPRESENTATION_CONTEXT('2D SPACE',''
  ) );
#2781 = ORIENTED_EDGE('',*,*,#2732,.T.);
#2782 = ADVANCED_FACE('',(#2783),#2660,.T.);
#2783 = FACE_BOUND('',#2784,.F.);
#2784 = EDGE_LOOP('',(#2785));
#2785 = ORIENTED_EDGE('',*,*,#2645,.F.);
#2786 = ADVANCED_FACE('',(#2787),#2715,.T.);
#2787 = FACE_BOUND('',#2788,.F.);
#2788 = EDGE_LOOP('',(#2789));
#2789 = ORIENTED_EDGE('',*,*,#2700,.F.);
#2790 = ADVANCED_FACE('',(#2791),#2770,.T.);
#2791 = FACE_BOUND('',#2792,.F.);
#2792 = EDGE_LOOP('',(#2793));
#2793 = ORIENTED_EDGE('',*,*,#2755,.F.);
#2794 = ( GEOMETRIC_REPRESENTATION_CONTEXT(3) 
GLOBAL_UNCERTAINTY_ASSIGNED_CONTEXT((#2798)) 
GLOBAL_UNIT_ASSIGNED_CONTEXT((#2795,#2796,#2797)) REPRESENTATION_CONTEXT
('Context #1','3D Context with UNIT and UNCERTAINTY') );
#2795 = ( LENGTH_UNIT() NAMED_UNIT(*) SI_UNIT(.MILLI.,.METRE.) );
#2796 = ( NAMED_UNIT(*) PLANE_ANGLE_UNIT() SI_UNIT($,.RADIAN.) );
#2797 = ( NAMED_UNIT(*) SI_UNIT($,.STERADIAN.) SOLID_ANGLE_UNIT() );
#2798 = UNCERTAINTY_MEASURE_WITH_UNIT(LENGTH_MEASURE(1.E-07),#2795,
  'distance_accuracy_value','confusion accuracy');
#2799 = PRODUCT_RELATED_PRODUCT_CATEGORY('part',$,(#7));
ENDSEC;
END-ISO-10303-21;
