ISO-10303-21;
HEADER;
FILE_DESCRIPTION(('Open CASCADE Model'),'2;1');
FILE_NAME('Open CASCADE Shape Model','2026-08-05T18:26:48',('Author'),(
    'Open CASCADE'),'Open CASCADE STEP processor 7.9','build123d',
  'Unknown');
FILE_SCHEMA(('AUTOMOTIVE_DESIGN { 1 0 10303 214 1 1 1 1 }'));
ENDSEC;
DATA;
#1 = APPLICATION_PROTOCOL_DEFINITION('international standard',
  'automotive_design',2000,#2);
#2 = APPLICATION_CONTEXT(
  'core data for automotive mechanical design processes');
#3 = SHAPE_DEFINITION_REPRESENTATION(#4,#10);
#4 = PRODUCT_DEFINITION_SHAPE('','',#5);
#5 = PRODUCT_DEFINITION('design','',#6,#9);
#6 = PRODUCT_DEFINITION_FORMATION('','',#7);
#7 = PRODUCT('COMPOUND','COMPOUND','',(#8));
#8 = PRODUCT_CONTEXT('',#2,'mechanical');
#9 = PRODUCT_DEFINITION_CONTEXT('part definition',#2,'design');
#10 = ADVANCED_BREP_SHAPE_REPRESENTATION('',(#11,#15),#2689);
#11 = AXIS2_PLACEMENT_3D('',#12,#13,#14);
#12 = CARTESIAN_POINT('',(0.,0.,0.));
#13 = DIRECTION('',(0.,0.,1.));
#14 = DIRECTION('',(1.,0.,-0.));
#15 = MANIFOLD_SOLID_BREP('',#16);
#16 = CLOSED_SHELL('',(#17,#466,#540,#611,#673,#723,#750,#760,#872,#922,
    #990,#1017,#1044,#1054,#1228,#1281,#1350,#1398,#1445,#1497,#1524,
    #1598,#1997,#2073,#2144,#2171,#2198,#2205,#2281,#2352,#2379,#2406,
    #2413,#2489,#2559,#2586,#2613,#2625,#2650,#2682));
#17 = ADVANCED_FACE('',(#18,#242,#354),#33,.T.);
#18 = FACE_BOUND('',#19,.T.);
#19 = EDGE_LOOP('',(#20,#56,#83,#112,#138,#167,#189,#218));
#20 = ORIENTED_EDGE('',*,*,#21,.F.);
#21 = EDGE_CURVE('',#22,#24,#26,.T.);
#22 = VERTEX_POINT('',#23);
#23 = CARTESIAN_POINT('',(41.237245201212,3.607791470145,62.535801207019
    ));
#24 = VERTEX_POINT('',#25);
#25 = CARTESIAN_POINT('',(-41.23724520121,3.607791470145,62.535801207019
    ));
#26 = SURFACE_CURVE('',#27,(#32,#44),.PCURVE_S1.);
#27 = CIRCLE('',#28,41.394764778616);
#28 = AXIS2_PLACEMENT_3D('',#29,#30,#31);
#29 = CARTESIAN_POINT('',(0.,0.,62.535801207019));
#30 = DIRECTION('',(0.,0.,1.));
#31 = DIRECTION('',(1.,0.,-0.));
#32 = PCURVE('',#33,#38);
#33 = CYLINDRICAL_SURFACE('',#34,41.394764778616);
#34 = AXIS2_PLACEMENT_3D('',#35,#36,#37);
#35 = CARTESIAN_POINT('',(0.,0.,0.));
#36 = DIRECTION('',(0.,0.,1.));
#37 = DIRECTION('',(1.,0.,-0.));
#38 = DEFINITIONAL_REPRESENTATION('',(#39),#43);
#39 = LINE('',#40,#41);
#40 = CARTESIAN_POINT('',(0.,62.535801207019));
#41 = VECTOR('',#42,1.);
#42 = DIRECTION('',(1.,0.));
#43 = ( GEOMETRIC_REPRESENTATION_CONTEXT(2) 
PARAMETRIC_REPRESENTATION_CONTEXT() REPRESENTATION_CONTEXT('2D SPACE',''
  ) );
#44 = PCURVE('',#45,#50);
#45 = PLANE('',#46);
#46 = AXIS2_PLACEMENT_3D('',#47,#48,#49);
#47 = CARTESIAN_POINT('',(0.,0.,62.535801207019));
#48 = DIRECTION('',(0.,0.,1.));
#49 = DIRECTION('',(1.,0.,-0.));
#50 = DEFINITIONAL_REPRESENTATION('',(#51),#55);
#51 = CIRCLE('',#52,41.394764778616);
#52 = AXIS2_PLACEMENT_2D('',#53,#54);
#53 = CARTESIAN_POINT('',(0.,0.));
#54 = DIRECTION('',(1.,0.));
#55 = ( GEOMETRIC_REPRESENTATION_CONTEXT(2) 
PARAMETRIC_REPRESENTATION_CONTEXT() REPRESENTATION_CONTEXT('2D SPACE',''
  ) );
#56 = ORIENTED_EDGE('',*,*,#57,.F.);
#57 = EDGE_CURVE('',#58,#22,#60,.T.);
#58 = VERTEX_POINT('',#59);
#59 = CARTESIAN_POINT('',(41.237245201212,3.607791470145,44.025776869053
    ));
#60 = SURFACE_CURVE('',#61,(#65,#71),.PCURVE_S1.);
#61 = LINE('',#62,#63);
#62 = CARTESIAN_POINT('',(41.237245201212,3.607791470145,0.));
#63 = VECTOR('',#64,1.);
#64 = DIRECTION('',(0.,0.,1.));
#65 = PCURVE('',#33,#66);
#66 = DEFINITIONAL_REPRESENTATION('',(#67),#70);
#67 = B_SPLINE_CURVE_WITH_KNOTS('',1,(#68,#69),.UNSPECIFIED.,.F.,.F.,(2,
    2),(-6.E-07,62.535801807019),.PIECEWISE_BEZIER_KNOTS.);
#68 = CARTESIAN_POINT('',(8.726646259972E-02,-6.E-07));
#69 = CARTESIAN_POINT('',(8.726646259972E-02,62.535801807019));
#70 = ( GEOMETRIC_REPRESENTATION_CONTEXT(2) 
PARAMETRIC_REPRESENTATION_CONTEXT() REPRESENTATION_CONTEXT('2D SPACE',''
  ) );
#71 = PCURVE('',#72,#77);
#72 = PLANE('',#73);
#73 = AXIS2_PLACEMENT_3D('',#74,#75,#76);
#74 = CARTESIAN_POINT('',(-82.47449040242,-7.21558294029,-93.80370181052
    ));
#75 = DIRECTION('',(-8.715574274766E-02,0.996194698092,0.));
#76 = DIRECTION('',(0.,0.,1.));
#77 = DEFINITIONAL_REPRESENTATION('',(#78),#82);
#78 = LINE('',#79,#80);
#79 = CARTESIAN_POINT('',(93.803701810528,124.18429433584));
#80 = VECTOR('',#81,1.);
#81 = DIRECTION('',(1.,0.));
#82 = ( GEOMETRIC_REPRESENTATION_CONTEXT(2) 
PARAMETRIC_REPRESENTATION_CONTEXT() REPRESENTATION_CONTEXT('2D SPACE',''
  ) );
#83 = ORIENTED_EDGE('',*,*,#84,.T.);
#84 = EDGE_CURVE('',#58,#85,#87,.T.);
#85 = VERTEX_POINT('',#86);
#86 = CARTESIAN_POINT('',(40.278828400413,9.546859890402,44.025776869053
    ));
#87 = SURFACE_CURVE('',#88,(#93,#100),.PCURVE_S1.);
#88 = CIRCLE('',#89,41.394764778616);
#89 = AXIS2_PLACEMENT_3D('',#90,#91,#92);
#90 = CARTESIAN_POINT('',(0.,0.,44.025776869053));
#91 = DIRECTION('',(0.,0.,1.));
#92 = DIRECTION('',(1.,0.,-0.));
#93 = PCURVE('',#33,#94);
#94 = DEFINITIONAL_REPRESENTATION('',(#95),#99);
#95 = LINE('',#96,#97);
#96 = CARTESIAN_POINT('',(0.,44.025776869053));
#97 = VECTOR('',#98,1.);
#98 = DIRECTION('',(1.,0.));
#99 = ( GEOMETRIC_REPRESENTATION_CONTEXT(2) 
PARAMETRIC_REPRESENTATION_CONTEXT() REPRESENTATION_CONTEXT('2D SPACE',''
  ) );
#100 = PCURVE('',#101,#106);
#101 = PLANE('',#102);
#102 = AXIS2_PLACEMENT_3D('',#103,#104,#105);
#103 = CARTESIAN_POINT('',(33.427245334456,-3.098414005595,
    44.025776869053));
#104 = DIRECTION('',(0.,0.,1.));
#105 = DIRECTION('',(0.996194698092,8.715574274766E-02,0.));
#106 = DEFINITIONAL_REPRESENTATION('',(#107),#111);
#107 = CIRCLE('',#108,41.394764778616);
#108 = AXIS2_PLACEMENT_2D('',#109,#110);
#109 = CARTESIAN_POINT('',(-33.03,6.));
#110 = DIRECTION('',(0.996194698092,-8.715574274766E-02));
#111 = ( GEOMETRIC_REPRESENTATION_CONTEXT(2) 
PARAMETRIC_REPRESENTATION_CONTEXT() REPRESENTATION_CONTEXT('2D SPACE',''
  ) );
#112 = ORIENTED_EDGE('',*,*,#113,.F.);
#113 = EDGE_CURVE('',#114,#85,#116,.T.);
#114 = VERTEX_POINT('',#115);
#115 = CARTESIAN_POINT('',(40.278828400413,9.546859890402,
    18.510024337965));
#116 = SURFACE_CURVE('',#117,(#121,#127),.PCURVE_S1.);
#117 = LINE('',#118,#119);
#118 = CARTESIAN_POINT('',(40.278828400413,9.546859890402,0.));
#119 = VECTOR('',#120,1.);
#120 = DIRECTION('',(0.,0.,1.));
#121 = PCURVE('',#33,#122);
#122 = DEFINITIONAL_REPRESENTATION('',(#123),#126);
#123 = B_SPLINE_CURVE_WITH_KNOTS('',1,(#124,#125),.UNSPECIFIED.,.F.,.F.,
  (2,2),(15.958449084856,46.577352122162),.PIECEWISE_BEZIER_KNOTS.);
#124 = CARTESIAN_POINT('',(0.232724722405,15.958449084856));
#125 = CARTESIAN_POINT('',(0.232724722405,46.577352122162));
#126 = ( GEOMETRIC_REPRESENTATION_CONTEXT(2) 
PARAMETRIC_REPRESENTATION_CONTEXT() REPRESENTATION_CONTEXT('2D SPACE',''
  ) );
#127 = PCURVE('',#128,#133);
#128 = PLANE('',#129);
#129 = AXIS2_PLACEMENT_3D('',#130,#131,#132);
#130 = CARTESIAN_POINT('',(32.381376421484,8.855922371506,
    18.510024337965));
#131 = DIRECTION('',(-8.715574274766E-02,0.996194698092,0.));
#132 = DIRECTION('',(0.,0.,1.));
#133 = DEFINITIONAL_REPRESENTATION('',(#134),#137);
#134 = B_SPLINE_CURVE_WITH_KNOTS('',1,(#135,#136),.UNSPECIFIED.,.F.,.F.,
  (2,2),(15.958449084856,46.577352122162),.PIECEWISE_BEZIER_KNOTS.);
#135 = CARTESIAN_POINT('',(-2.551575253109,7.927618962495));
#136 = CARTESIAN_POINT('',(28.067327784197,7.927618962495));
#137 = ( GEOMETRIC_REPRESENTATION_CONTEXT(2) 
PARAMETRIC_REPRESENTATION_CONTEXT() REPRESENTATION_CONTEXT('2D SPACE',''
  ) );
#138 = ORIENTED_EDGE('',*,*,#139,.F.);
#139 = EDGE_CURVE('',#140,#114,#142,.T.);
#140 = VERTEX_POINT('',#141);
#141 = CARTESIAN_POINT('',(41.237245201212,3.607791470145,
    18.510024337965));
#142 = SURFACE_CURVE('',#143,(#148,#155),.PCURVE_S1.);
#143 = CIRCLE('',#144,41.394764778616);
#144 = AXIS2_PLACEMENT_3D('',#145,#146,#147);
#145 = CARTESIAN_POINT('',(0.,0.,18.510024337965));
#146 = DIRECTION('',(0.,0.,1.));
#147 = DIRECTION('',(1.,0.,-0.));
#148 = PCURVE('',#33,#149);
#149 = DEFINITIONAL_REPRESENTATION('',(#150),#154);
#150 = LINE('',#151,#152);
#151 = CARTESIAN_POINT('',(0.,18.510024337965));
#152 = VECTOR('',#153,1.);
#153 = DIRECTION('',(1.,0.));
#154 = ( GEOMETRIC_REPRESENTATION_CONTEXT(2) 
PARAMETRIC_REPRESENTATION_CONTEXT() REPRESENTATION_CONTEXT('2D SPACE',''
  ) );
#155 = PCURVE('',#156,#161);
#156 = PLANE('',#157);
#157 = AXIS2_PLACEMENT_3D('',#158,#159,#160);
#158 = CARTESIAN_POINT('',(33.427245334456,-3.098414005595,
    18.510024337965));
#159 = DIRECTION('',(0.,0.,1.));
#160 = DIRECTION('',(0.996194698092,8.715574274766E-02,0.));
#161 = DEFINITIONAL_REPRESENTATION('',(#162),#166);
#162 = CIRCLE('',#163,41.394764778616);
#163 = AXIS2_PLACEMENT_2D('',#164,#165);
#164 = CARTESIAN_POINT('',(-33.03,6.));
#165 = DIRECTION('',(0.996194698092,-8.715574274766E-02));
#166 = ( GEOMETRIC_REPRESENTATION_CONTEXT(2) 
PARAMETRIC_REPRESENTATION_CONTEXT() REPRESENTATION_CONTEXT('2D SPACE',''
  ) );
#167 = ORIENTED_EDGE('',*,*,#168,.F.);
#168 = EDGE_CURVE('',#169,#140,#171,.T.);
#169 = VERTEX_POINT('',#170);
#170 = CARTESIAN_POINT('',(41.237245201212,3.607791470145,0.));
#171 = SURFACE_CURVE('',#172,(#176,#182),.PCURVE_S1.);
#172 = LINE('',#173,#174);
#173 = CARTESIAN_POINT('',(41.237245201212,3.607791470145,0.));
#174 = VECTOR('',#175,1.);
#175 = DIRECTION('',(0.,0.,1.));
#176 = PCURVE('',#33,#177);
#177 = DEFINITIONAL_REPRESENTATION('',(#178),#181);
#178 = B_SPLINE_CURVE_WITH_KNOTS('',1,(#179,#180),.UNSPECIFIED.,.F.,.F.,
  (2,2),(-6.E-07,62.535801807019),.PIECEWISE_BEZIER_KNOTS.);
#179 = CARTESIAN_POINT('',(8.726646259972E-02,-6.E-07));
#180 = CARTESIAN_POINT('',(8.726646259972E-02,62.535801807019));
#181 = ( GEOMETRIC_REPRESENTATION_CONTEXT(2) 
PARAMETRIC_REPRESENTATION_CONTEXT() REPRESENTATION_CONTEXT('2D SPACE',''
  ) );
#182 = PCURVE('',#72,#183);
#183 = DEFINITIONAL_REPRESENTATION('',(#184),#188);
#184 = LINE('',#185,#186);
#185 = CARTESIAN_POINT('',(93.803701810528,124.18429433584));
#186 = VECTOR('',#187,1.);
#187 = DIRECTION('',(1.,0.));
#188 = ( GEOMETRIC_REPRESENTATION_CONTEXT(2) 
PARAMETRIC_REPRESENTATION_CONTEXT() REPRESENTATION_CONTEXT('2D SPACE',''
  ) );
#189 = ORIENTED_EDGE('',*,*,#190,.T.);
#190 = EDGE_CURVE('',#169,#191,#193,.T.);
#191 = VERTEX_POINT('',#192);
#192 = CARTESIAN_POINT('',(-41.23724520121,3.607791470145,0.));
#193 = SURFACE_CURVE('',#194,(#199,#206),.PCURVE_S1.);
#194 = CIRCLE('',#195,41.394764778616);
#195 = AXIS2_PLACEMENT_3D('',#196,#197,#198);
#196 = CARTESIAN_POINT('',(0.,0.,0.));
#197 = DIRECTION('',(0.,0.,1.));
#198 = DIRECTION('',(1.,0.,-0.));
#199 = PCURVE('',#33,#200);
#200 = DEFINITIONAL_REPRESENTATION('',(#201),#205);
#201 = LINE('',#202,#203);
#202 = CARTESIAN_POINT('',(0.,0.));
#203 = VECTOR('',#204,1.);
#204 = DIRECTION('',(1.,0.));
#205 = ( GEOMETRIC_REPRESENTATION_CONTEXT(2) 
PARAMETRIC_REPRESENTATION_CONTEXT() REPRESENTATION_CONTEXT('2D SPACE',''
  ) );
#206 = PCURVE('',#207,#212);
#207 = PLANE('',#208);
#208 = AXIS2_PLACEMENT_3D('',#209,#210,#211);
#209 = CARTESIAN_POINT('',(0.,0.,0.));
#210 = DIRECTION('',(0.,0.,1.));
#211 = DIRECTION('',(1.,0.,-0.));
#212 = DEFINITIONAL_REPRESENTATION('',(#213),#217);
#213 = CIRCLE('',#214,41.394764778616);
#214 = AXIS2_PLACEMENT_2D('',#215,#216);
#215 = CARTESIAN_POINT('',(0.,0.));
#216 = DIRECTION('',(1.,0.));
#217 = ( GEOMETRIC_REPRESENTATION_CONTEXT(2) 
PARAMETRIC_REPRESENTATION_CONTEXT() REPRESENTATION_CONTEXT('2D SPACE',''
  ) );
#218 = ORIENTED_EDGE('',*,*,#219,.T.);
#219 = EDGE_CURVE('',#191,#24,#220,.T.);
#220 = SURFACE_CURVE('',#221,(#225,#231),.PCURVE_S1.);
#221 = LINE('',#222,#223);
#222 = CARTESIAN_POINT('',(-41.23724520121,3.607791470145,0.));
#223 = VECTOR('',#224,1.);
#224 = DIRECTION('',(0.,0.,1.));
#225 = PCURVE('',#33,#226);
#226 = DEFINITIONAL_REPRESENTATION('',(#227),#230);
#227 = B_SPLINE_CURVE_WITH_KNOTS('',1,(#228,#229),.UNSPECIFIED.,.F.,.F.,
  (2,2),(-6.E-07,62.535801807019),.PIECEWISE_BEZIER_KNOTS.);
#228 = CARTESIAN_POINT('',(3.05432619099,-6.E-07));
#229 = CARTESIAN_POINT('',(3.05432619099,62.535801807019));
#230 = ( GEOMETRIC_REPRESENTATION_CONTEXT(2) 
PARAMETRIC_REPRESENTATION_CONTEXT() REPRESENTATION_CONTEXT('2D SPACE',''
  ) );
#231 = PCURVE('',#232,#237);
#232 = PLANE('',#233);
#233 = AXIS2_PLACEMENT_3D('',#234,#235,#236);
#234 = CARTESIAN_POINT('',(82.474490402424,-7.21558294029,
    -93.80370181052));
#235 = DIRECTION('',(-8.715574274766E-02,-0.996194698092,0.));
#236 = DIRECTION('',(0.,0.,1.));
#237 = DEFINITIONAL_REPRESENTATION('',(#238),#241);
#238 = B_SPLINE_CURVE_WITH_KNOTS('',1,(#239,#240),.UNSPECIFIED.,.F.,.F.,
  (2,2),(-6.E-07,62.535801807019),.PIECEWISE_BEZIER_KNOTS.);
#239 = CARTESIAN_POINT('',(93.803701210528,124.18429433584));
#240 = CARTESIAN_POINT('',(156.33950361754,124.18429433584));
#241 = ( GEOMETRIC_REPRESENTATION_CONTEXT(2) 
PARAMETRIC_REPRESENTATION_CONTEXT() REPRESENTATION_CONTEXT('2D SPACE',''
  ) );
#242 = FACE_BOUND('',#243,.T.);
#243 = EDGE_LOOP('',(#244,#275,#301,#330));
#244 = ORIENTED_EDGE('',*,*,#245,.F.);
#245 = EDGE_CURVE('',#246,#248,#250,.T.);
#246 = VERTEX_POINT('',#247);
#247 = CARTESIAN_POINT('',(-35.76157064301,20.847940335235,
    12.267900603509));
#248 = VERTEX_POINT('',#249);
#249 = CARTESIAN_POINT('',(-39.42220043069,12.626031216452,
    12.267900603509));
#250 = SURFACE_CURVE('',#251,(#256,#263),.PCURVE_S1.);
#251 = CIRCLE('',#252,41.394764778616);
#252 = AXIS2_PLACEMENT_3D('',#253,#254,#255);
#253 = CARTESIAN_POINT('',(0.,0.,12.267900603509));
#254 = DIRECTION('',(0.,0.,1.));
#255 = DIRECTION('',(1.,0.,-0.));
#256 = PCURVE('',#33,#257);
#257 = DEFINITIONAL_REPRESENTATION('',(#258),#262);
#258 = LINE('',#259,#260);
#259 = CARTESIAN_POINT('',(0.,12.267900603509));
#260 = VECTOR('',#261,1.);
#261 = DIRECTION('',(1.,0.));
#262 = ( GEOMETRIC_REPRESENTATION_CONTEXT(2) 
PARAMETRIC_REPRESENTATION_CONTEXT() REPRESENTATION_CONTEXT('2D SPACE',''
  ) );
#263 = PCURVE('',#264,#269);
#264 = PLANE('',#265);
#265 = AXIS2_PLACEMENT_3D('',#266,#267,#268);
#266 = CARTESIAN_POINT('',(-28.34409157209,17.545465880185,
    12.267900603509));
#267 = DIRECTION('',(0.,0.,1.));
#268 = DIRECTION('',(-0.913545457643,0.406736643076,0.));
#269 = DEFINITIONAL_REPRESENTATION('',(#270),#274);
#270 = CIRCLE('',#271,41.394764778616);
#271 = AXIS2_PLACEMENT_2D('',#272,#273);
#272 = CARTESIAN_POINT('',(-33.03,4.5));
#273 = DIRECTION('',(-0.913545457643,-0.406736643076));
#274 = ( GEOMETRIC_REPRESENTATION_CONTEXT(2) 
PARAMETRIC_REPRESENTATION_CONTEXT() REPRESENTATION_CONTEXT('2D SPACE',''
  ) );
#275 = ORIENTED_EDGE('',*,*,#276,.T.);
#276 = EDGE_CURVE('',#246,#277,#279,.T.);
#277 = VERTEX_POINT('',#278);
#278 = CARTESIAN_POINT('',(-35.76157064301,20.847940335235,
    21.267900603509));
#279 = SURFACE_CURVE('',#280,(#284,#290),.PCURVE_S1.);
#280 = LINE('',#281,#282);
#281 = CARTESIAN_POINT('',(-35.76157064301,20.847940335235,0.));
#282 = VECTOR('',#283,1.);
#283 = DIRECTION('',(0.,0.,1.));
#284 = PCURVE('',#33,#285);
#285 = DEFINITIONAL_REPRESENTATION('',(#286),#289);
#286 = B_SPLINE_CURVE_WITH_KNOTS('',1,(#287,#288),.UNSPECIFIED.,.F.,.F.,
  (2,2),(11.367900603509,22.167900603509),.PIECEWISE_BEZIER_KNOTS.);
#287 = CARTESIAN_POINT('',(2.61378897094,11.367900603509));
#288 = CARTESIAN_POINT('',(2.61378897094,22.167900603509));
#289 = ( GEOMETRIC_REPRESENTATION_CONTEXT(2) 
PARAMETRIC_REPRESENTATION_CONTEXT() REPRESENTATION_CONTEXT('2D SPACE',''
  ) );
#290 = PCURVE('',#291,#296);
#291 = PLANE('',#292);
#292 = AXIS2_PLACEMENT_3D('',#293,#294,#295);
#293 = CARTESIAN_POINT('',(-28.34409157209,17.545465880185,
    12.267900603509));
#294 = DIRECTION('',(-0.406736643076,-0.913545457643,0.));
#295 = DIRECTION('',(0.,0.,1.));
#296 = DEFINITIONAL_REPRESENTATION('',(#297),#300);
#297 = B_SPLINE_CURVE_WITH_KNOTS('',1,(#298,#299),.UNSPECIFIED.,.F.,.F.,
  (2,2),(11.367900603509,22.167900603509),.PIECEWISE_BEZIER_KNOTS.);
#298 = CARTESIAN_POINT('',(-0.9,8.11944168609));
#299 = CARTESIAN_POINT('',(9.9,8.11944168609));
#300 = ( GEOMETRIC_REPRESENTATION_CONTEXT(2) 
PARAMETRIC_REPRESENTATION_CONTEXT() REPRESENTATION_CONTEXT('2D SPACE',''
  ) );
#301 = ORIENTED_EDGE('',*,*,#302,.T.);
#302 = EDGE_CURVE('',#277,#303,#305,.T.);
#303 = VERTEX_POINT('',#304);
#304 = CARTESIAN_POINT('',(-39.42220043069,12.626031216452,
    21.267900603509));
#305 = SURFACE_CURVE('',#306,(#311,#318),.PCURVE_S1.);
#306 = CIRCLE('',#307,41.394764778616);
#307 = AXIS2_PLACEMENT_3D('',#308,#309,#310);
#308 = CARTESIAN_POINT('',(0.,0.,21.267900603509));
#309 = DIRECTION('',(0.,0.,1.));
#310 = DIRECTION('',(1.,0.,-0.));
#311 = PCURVE('',#33,#312);
#312 = DEFINITIONAL_REPRESENTATION('',(#313),#317);
#313 = LINE('',#314,#315);
#314 = CARTESIAN_POINT('',(0.,21.267900603509));
#315 = VECTOR('',#316,1.);
#316 = DIRECTION('',(1.,0.));
#317 = ( GEOMETRIC_REPRESENTATION_CONTEXT(2) 
PARAMETRIC_REPRESENTATION_CONTEXT() REPRESENTATION_CONTEXT('2D SPACE',''
  ) );
#318 = PCURVE('',#319,#324);
#319 = PLANE('',#320);
#320 = AXIS2_PLACEMENT_3D('',#321,#322,#323);
#321 = CARTESIAN_POINT('',(-28.34409157209,17.545465880185,
    21.267900603509));
#322 = DIRECTION('',(0.,0.,1.));
#323 = DIRECTION('',(-0.913545457643,0.406736643076,0.));
#324 = DEFINITIONAL_REPRESENTATION('',(#325),#329);
#325 = CIRCLE('',#326,41.394764778616);
#326 = AXIS2_PLACEMENT_2D('',#327,#328);
#327 = CARTESIAN_POINT('',(-33.03,4.5));
#328 = DIRECTION('',(-0.913545457643,-0.406736643076));
#329 = ( GEOMETRIC_REPRESENTATION_CONTEXT(2) 
PARAMETRIC_REPRESENTATION_CONTEXT() REPRESENTATION_CONTEXT('2D SPACE',''
  ) );
#330 = ORIENTED_EDGE('',*,*,#331,.F.);
#331 = EDGE_CURVE('',#248,#303,#332,.T.);
#332 = SURFACE_CURVE('',#333,(#337,#343),.PCURVE_S1.);
#333 = LINE('',#334,#335);
#334 = CARTESIAN_POINT('',(-39.42220043069,12.626031216452,0.));
#335 = VECTOR('',#336,1.);
#336 = DIRECTION('',(0.,0.,1.));
#337 = PCURVE('',#33,#338);
#338 = DEFINITIONAL_REPRESENTATION('',(#339),#342);
#339 = B_SPLINE_CURVE_WITH_KNOTS('',1,(#340,#341),.UNSPECIFIED.,.F.,.F.,
  (2,2),(11.367900603509,22.167900603509),.PIECEWISE_BEZIER_KNOTS.);
#340 = CARTESIAN_POINT('',(2.831638295283,11.367900603509));
#341 = CARTESIAN_POINT('',(2.831638295283,22.167900603509));
#342 = ( GEOMETRIC_REPRESENTATION_CONTEXT(2) 
PARAMETRIC_REPRESENTATION_CONTEXT() REPRESENTATION_CONTEXT('2D SPACE',''
  ) );
#343 = PCURVE('',#344,#349);
#344 = PLANE('',#345);
#345 = AXIS2_PLACEMENT_3D('',#346,#347,#348);
#346 = CARTESIAN_POINT('',(-32.00472135977,9.323556761402,
    12.267900603509));
#347 = DIRECTION('',(-0.406736643076,-0.913545457643,0.));
#348 = DIRECTION('',(0.,0.,1.));
#349 = DEFINITIONAL_REPRESENTATION('',(#350),#353);
#350 = B_SPLINE_CURVE_WITH_KNOTS('',1,(#351,#352),.UNSPECIFIED.,.F.,.F.,
  (2,2),(11.367900603509,22.167900603509),.PIECEWISE_BEZIER_KNOTS.);
#351 = CARTESIAN_POINT('',(-0.9,8.11944168609));
#352 = CARTESIAN_POINT('',(9.9,8.11944168609));
#353 = ( GEOMETRIC_REPRESENTATION_CONTEXT(2) 
PARAMETRIC_REPRESENTATION_CONTEXT() REPRESENTATION_CONTEXT('2D SPACE',''
  ) );
#354 = FACE_BOUND('',#355,.T.);
#355 = EDGE_LOOP('',(#356,#387,#413,#442));
#356 = ORIENTED_EDGE('',*,*,#357,.F.);
#357 = EDGE_CURVE('',#358,#360,#362,.T.);
#358 = VERTEX_POINT('',#359);
#359 = CARTESIAN_POINT('',(-35.76157064301,20.847940335235,
    41.267900603509));
#360 = VERTEX_POINT('',#361);
#361 = CARTESIAN_POINT('',(-39.42220043069,12.626031216452,
    41.267900603509));
#362 = SURFACE_CURVE('',#363,(#368,#375),.PCURVE_S1.);
#363 = CIRCLE('',#364,41.394764778616);
#364 = AXIS2_PLACEMENT_3D('',#365,#366,#367);
#365 = CARTESIAN_POINT('',(0.,0.,41.267900603509));
#366 = DIRECTION('',(0.,0.,1.));
#367 = DIRECTION('',(1.,0.,-0.));
#368 = PCURVE('',#33,#369);
#369 = DEFINITIONAL_REPRESENTATION('',(#370),#374);
#370 = LINE('',#371,#372);
#371 = CARTESIAN_POINT('',(0.,41.267900603509));
#372 = VECTOR('',#373,1.);
#373 = DIRECTION('',(1.,0.));
#374 = ( GEOMETRIC_REPRESENTATION_CONTEXT(2) 
PARAMETRIC_REPRESENTATION_CONTEXT() REPRESENTATION_CONTEXT('2D SPACE',''
  ) );
#375 = PCURVE('',#376,#381);
#376 = PLANE('',#377);
#377 = AXIS2_PLACEMENT_3D('',#378,#379,#380);
#378 = CARTESIAN_POINT('',(-28.34409157209,17.545465880185,
    41.267900603509));
#379 = DIRECTION('',(0.,0.,1.));
#380 = DIRECTION('',(-0.913545457643,0.406736643076,0.));
#381 = DEFINITIONAL_REPRESENTATION('',(#382),#386);
#382 = CIRCLE('',#383,41.394764778616);
#383 = AXIS2_PLACEMENT_2D('',#384,#385);
#384 = CARTESIAN_POINT('',(-33.03,4.5));
#385 = DIRECTION('',(-0.913545457643,-0.406736643076));
#386 = ( GEOMETRIC_REPRESENTATION_CONTEXT(2) 
PARAMETRIC_REPRESENTATION_CONTEXT() REPRESENTATION_CONTEXT('2D SPACE',''
  ) );
#387 = ORIENTED_EDGE('',*,*,#388,.T.);
#388 = EDGE_CURVE('',#358,#389,#391,.T.);
#389 = VERTEX_POINT('',#390);
#390 = CARTESIAN_POINT('',(-35.76157064301,20.847940335235,
    50.267900603509));
#391 = SURFACE_CURVE('',#392,(#396,#402),.PCURVE_S1.);
#392 = LINE('',#393,#394);
#393 = CARTESIAN_POINT('',(-35.76157064301,20.847940335235,0.));
#394 = VECTOR('',#395,1.);
#395 = DIRECTION('',(0.,0.,1.));
#396 = PCURVE('',#33,#397);
#397 = DEFINITIONAL_REPRESENTATION('',(#398),#401);
#398 = B_SPLINE_CURVE_WITH_KNOTS('',1,(#399,#400),.UNSPECIFIED.,.F.,.F.,
  (2,2),(40.367900603509,51.167900603509),.PIECEWISE_BEZIER_KNOTS.);
#399 = CARTESIAN_POINT('',(2.61378897094,40.367900603509));
#400 = CARTESIAN_POINT('',(2.61378897094,51.167900603509));
#401 = ( GEOMETRIC_REPRESENTATION_CONTEXT(2) 
PARAMETRIC_REPRESENTATION_CONTEXT() REPRESENTATION_CONTEXT('2D SPACE',''
  ) );
#402 = PCURVE('',#403,#408);
#403 = PLANE('',#404);
#404 = AXIS2_PLACEMENT_3D('',#405,#406,#407);
#405 = CARTESIAN_POINT('',(-28.34409157209,17.545465880185,
    41.267900603509));
#406 = DIRECTION('',(-0.406736643076,-0.913545457643,0.));
#407 = DIRECTION('',(0.,0.,1.));
#408 = DEFINITIONAL_REPRESENTATION('',(#409),#412);
#409 = B_SPLINE_CURVE_WITH_KNOTS('',1,(#410,#411),.UNSPECIFIED.,.F.,.F.,
  (2,2),(40.367900603509,51.167900603509),.PIECEWISE_BEZIER_KNOTS.);
#410 = CARTESIAN_POINT('',(-0.9,8.11944168609));
#411 = CARTESIAN_POINT('',(9.9,8.11944168609));
#412 = ( GEOMETRIC_REPRESENTATION_CONTEXT(2) 
PARAMETRIC_REPRESENTATION_CONTEXT() REPRESENTATION_CONTEXT('2D SPACE',''
  ) );
#413 = ORIENTED_EDGE('',*,*,#414,.T.);
#414 = EDGE_CURVE('',#389,#415,#417,.T.);
#415 = VERTEX_POINT('',#416);
#416 = CARTESIAN_POINT('',(-39.42220043069,12.626031216452,
    50.267900603509));
#417 = SURFACE_CURVE('',#418,(#423,#430),.PCURVE_S1.);
#418 = CIRCLE('',#419,41.394764778616);
#419 = AXIS2_PLACEMENT_3D('',#420,#421,#422);
#420 = CARTESIAN_POINT('',(0.,0.,50.267900603509));
#421 = DIRECTION('',(0.,0.,1.));
#422 = DIRECTION('',(1.,0.,-0.));
#423 = PCURVE('',#33,#424);
#424 = DEFINITIONAL_REPRESENTATION('',(#425),#429);
#425 = LINE('',#426,#427);
#426 = CARTESIAN_POINT('',(0.,50.267900603509));
#427 = VECTOR('',#428,1.);
#428 = DIRECTION('',(1.,0.));
#429 = ( GEOMETRIC_REPRESENTATION_CONTEXT(2) 
PARAMETRIC_REPRESENTATION_CONTEXT() REPRESENTATION_CONTEXT('2D SPACE',''
  ) );
#430 = PCURVE('',#431,#436);
#431 = PLANE('',#432);
#432 = AXIS2_PLACEMENT_3D('',#433,#434,#435);
#433 = CARTESIAN_POINT('',(-28.34409157209,17.545465880185,
    50.267900603509));
#434 = DIRECTION('',(0.,0.,1.));
#435 = DIRECTION('',(-0.913545457643,0.406736643076,0.));
#436 = DEFINITIONAL_REPRESENTATION('',(#437),#441);
#437 = CIRCLE('',#438,41.394764778616);
#438 = AXIS2_PLACEMENT_2D('',#439,#440);
#439 = CARTESIAN_POINT('',(-33.03,4.5));
#440 = DIRECTION('',(-0.913545457643,-0.406736643076));
#441 = ( GEOMETRIC_REPRESENTATION_CONTEXT(2) 
PARAMETRIC_REPRESENTATION_CONTEXT() REPRESENTATION_CONTEXT('2D SPACE',''
  ) );
#442 = ORIENTED_EDGE('',*,*,#443,.F.);
#443 = EDGE_CURVE('',#360,#415,#444,.T.);
#444 = SURFACE_CURVE('',#445,(#449,#455),.PCURVE_S1.);
#445 = LINE('',#446,#447);
#446 = CARTESIAN_POINT('',(-39.42220043069,12.626031216452,0.));
#447 = VECTOR('',#448,1.);
#448 = DIRECTION('',(0.,0.,1.));
#449 = PCURVE('',#33,#450);
#450 = DEFINITIONAL_REPRESENTATION('',(#451),#454);
#451 = B_SPLINE_CURVE_WITH_KNOTS('',1,(#452,#453),.UNSPECIFIED.,.F.,.F.,
  (2,2),(40.367900603509,51.167900603509),.PIECEWISE_BEZIER_KNOTS.);
#452 = CARTESIAN_POINT('',(2.831638295283,40.367900603509));
#453 = CARTESIAN_POINT('',(2.831638295283,51.167900603509));
#454 = ( GEOMETRIC_REPRESENTATION_CONTEXT(2) 
PARAMETRIC_REPRESENTATION_CONTEXT() REPRESENTATION_CONTEXT('2D SPACE',''
  ) );
#455 = PCURVE('',#456,#461);
#456 = PLANE('',#457);
#457 = AXIS2_PLACEMENT_3D('',#458,#459,#460);
#458 = CARTESIAN_POINT('',(-32.00472135977,9.323556761402,
    41.267900603509));
#459 = DIRECTION('',(-0.406736643076,-0.913545457643,0.));
#460 = DIRECTION('',(0.,0.,1.));
#461 = DEFINITIONAL_REPRESENTATION('',(#462),#465);
#462 = B_SPLINE_CURVE_WITH_KNOTS('',1,(#463,#464),.UNSPECIFIED.,.F.,.F.,
  (2,2),(40.367900603509,51.167900603509),.PIECEWISE_BEZIER_KNOTS.);
#463 = CARTESIAN_POINT('',(-0.9,8.11944168609));
#464 = CARTESIAN_POINT('',(9.9,8.11944168609));
#465 = ( GEOMETRIC_REPRESENTATION_CONTEXT(2) 
PARAMETRIC_REPRESENTATION_CONTEXT() REPRESENTATION_CONTEXT('2D SPACE',''
  ) );
#466 = ADVANCED_FACE('',(#467),#403,.F.);
#467 = FACE_BOUND('',#468,.F.);
#468 = EDGE_LOOP('',(#469,#497,#518,#519));
#469 = ORIENTED_EDGE('',*,*,#470,.F.);
#470 = EDGE_CURVE('',#471,#473,#475,.T.);
#471 = VERTEX_POINT('',#472);
#472 = CARTESIAN_POINT('',(-41.93892874636,23.598277362269,
    41.267900603509));
#473 = VERTEX_POINT('',#474);
#474 = CARTESIAN_POINT('',(-41.93892874636,23.598277362269,
    50.267900603509));
#475 = SURFACE_CURVE('',#476,(#480,#486),.PCURVE_S1.);
#476 = LINE('',#477,#478);
#477 = CARTESIAN_POINT('',(-41.93892874636,23.598277362268,
    41.267900603509));
#478 = VECTOR('',#479,1.);
#479 = DIRECTION('',(0.,0.,1.));
#480 = PCURVE('',#403,#481);
#481 = DEFINITIONAL_REPRESENTATION('',(#482),#485);
#482 = B_SPLINE_CURVE_WITH_KNOTS('',1,(#483,#484),.UNSPECIFIED.,.F.,.F.,
  (2,2),(-2.399999999625E-06,9.0000024),.PIECEWISE_BEZIER_KNOTS.);
#483 = CARTESIAN_POINT('',(-2.399999999625E-06,14.881401971336));
#484 = CARTESIAN_POINT('',(9.0000024,14.881401971336));
#485 = ( GEOMETRIC_REPRESENTATION_CONTEXT(2) 
PARAMETRIC_REPRESENTATION_CONTEXT() REPRESENTATION_CONTEXT('2D SPACE',''
  ) );
#486 = PCURVE('',#487,#492);
#487 = CYLINDRICAL_SURFACE('',#488,6.);
#488 = AXIS2_PLACEMENT_3D('',#489,#490,#491);
#489 = CARTESIAN_POINT('',(-47.39476477861,21.10150881289,
    41.267900603509));
#490 = DIRECTION('',(0.,0.,1.));
#491 = DIRECTION('',(1.,0.,-0.));
#492 = DEFINITIONAL_REPRESENTATION('',(#493),#496);
#493 = B_SPLINE_CURVE_WITH_KNOTS('',1,(#494,#495),.UNSPECIFIED.,.F.,.F.,
  (2,2),(-2.399999999625E-06,9.0000024),.PIECEWISE_BEZIER_KNOTS.);
#494 = CARTESIAN_POINT('',(0.429183058503,-2.399999999625E-06));
#495 = CARTESIAN_POINT('',(0.429183058503,9.0000024));
#496 = ( GEOMETRIC_REPRESENTATION_CONTEXT(2) 
PARAMETRIC_REPRESENTATION_CONTEXT() REPRESENTATION_CONTEXT('2D SPACE',''
  ) );
#497 = ORIENTED_EDGE('',*,*,#498,.F.);
#498 = EDGE_CURVE('',#358,#471,#499,.T.);
#499 = SURFACE_CURVE('',#500,(#504,#511),.PCURVE_S1.);
#500 = LINE('',#501,#502);
#501 = CARTESIAN_POINT('',(-28.34409157209,17.545465880185,
    41.267900603509));
#502 = VECTOR('',#503,1.);
#503 = DIRECTION('',(-0.913545457643,0.406736643076,0.));
#504 = PCURVE('',#403,#505);
#505 = DEFINITIONAL_REPRESENTATION('',(#506),#510);
#506 = LINE('',#507,#508);
#507 = CARTESIAN_POINT('',(0.,0.));
#508 = VECTOR('',#509,1.);
#509 = DIRECTION('',(0.,1.));
#510 = ( GEOMETRIC_REPRESENTATION_CONTEXT(2) 
PARAMETRIC_REPRESENTATION_CONTEXT() REPRESENTATION_CONTEXT('2D SPACE',''
  ) );
#511 = PCURVE('',#376,#512);
#512 = DEFINITIONAL_REPRESENTATION('',(#513),#517);
#513 = LINE('',#514,#515);
#514 = CARTESIAN_POINT('',(0.,0.));
#515 = VECTOR('',#516,1.);
#516 = DIRECTION('',(1.,0.));
#517 = ( GEOMETRIC_REPRESENTATION_CONTEXT(2) 
PARAMETRIC_REPRESENTATION_CONTEXT() REPRESENTATION_CONTEXT('2D SPACE',''
  ) );
#518 = ORIENTED_EDGE('',*,*,#388,.T.);
#519 = ORIENTED_EDGE('',*,*,#520,.T.);
#520 = EDGE_CURVE('',#389,#473,#521,.T.);
#521 = SURFACE_CURVE('',#522,(#526,#533),.PCURVE_S1.);
#522 = LINE('',#523,#524);
#523 = CARTESIAN_POINT('',(-28.34409157209,17.545465880185,
    50.267900603509));
#524 = VECTOR('',#525,1.);
#525 = DIRECTION('',(-0.913545457643,0.406736643076,0.));
#526 = PCURVE('',#403,#527);
#527 = DEFINITIONAL_REPRESENTATION('',(#528),#532);
#528 = LINE('',#529,#530);
#529 = CARTESIAN_POINT('',(9.,0.));
#530 = VECTOR('',#531,1.);
#531 = DIRECTION('',(0.,1.));
#532 = ( GEOMETRIC_REPRESENTATION_CONTEXT(2) 
PARAMETRIC_REPRESENTATION_CONTEXT() REPRESENTATION_CONTEXT('2D SPACE',''
  ) );
#533 = PCURVE('',#431,#534);
#534 = DEFINITIONAL_REPRESENTATION('',(#535),#539);
#535 = LINE('',#536,#537);
#536 = CARTESIAN_POINT('',(0.,0.));
#537 = VECTOR('',#538,1.);
#538 = DIRECTION('',(1.,0.));
#539 = ( GEOMETRIC_REPRESENTATION_CONTEXT(2) 
PARAMETRIC_REPRESENTATION_CONTEXT() REPRESENTATION_CONTEXT('2D SPACE',''
  ) );
#540 = ADVANCED_FACE('',(#541),#487,.T.);
#541 = FACE_BOUND('',#542,.T.);
#542 = EDGE_LOOP('',(#543,#567,#568,#592));
#543 = ORIENTED_EDGE('',*,*,#544,.F.);
#544 = EDGE_CURVE('',#473,#545,#547,.T.);
#545 = VERTEX_POINT('',#546);
#546 = CARTESIAN_POINT('',(-45.59955853404,15.376368243485,
    50.267900603509));
#547 = SURFACE_CURVE('',#548,(#553,#560),.PCURVE_S1.);
#548 = CIRCLE('',#549,6.);
#549 = AXIS2_PLACEMENT_3D('',#550,#551,#552);
#550 = CARTESIAN_POINT('',(-47.39476477861,21.10150881289,
    50.267900603509));
#551 = DIRECTION('',(0.,0.,1.));
#552 = DIRECTION('',(1.,0.,-0.));
#553 = PCURVE('',#487,#554);
#554 = DEFINITIONAL_REPRESENTATION('',(#555),#559);
#555 = LINE('',#556,#557);
#556 = CARTESIAN_POINT('',(0.,9.));
#557 = VECTOR('',#558,1.);
#558 = DIRECTION('',(1.,0.));
#559 = ( GEOMETRIC_REPRESENTATION_CONTEXT(2) 
PARAMETRIC_REPRESENTATION_CONTEXT() REPRESENTATION_CONTEXT('2D SPACE',''
  ) );
#560 = PCURVE('',#431,#561);
#561 = DEFINITIONAL_REPRESENTATION('',(#562),#566);
#562 = CIRCLE('',#563,6.);
#563 = AXIS2_PLACEMENT_2D('',#564,#565);
#564 = CARTESIAN_POINT('',(18.850028937933,4.5));
#565 = DIRECTION('',(-0.913545457643,-0.406736643076));
#566 = ( GEOMETRIC_REPRESENTATION_CONTEXT(2) 
PARAMETRIC_REPRESENTATION_CONTEXT() REPRESENTATION_CONTEXT('2D SPACE',''
  ) );
#567 = ORIENTED_EDGE('',*,*,#470,.F.);
#568 = ORIENTED_EDGE('',*,*,#569,.T.);
#569 = EDGE_CURVE('',#471,#570,#572,.T.);
#570 = VERTEX_POINT('',#571);
#571 = CARTESIAN_POINT('',(-45.59955853404,15.376368243485,
    41.267900603509));
#572 = SURFACE_CURVE('',#573,(#578,#585),.PCURVE_S1.);
#573 = CIRCLE('',#574,6.);
#574 = AXIS2_PLACEMENT_3D('',#575,#576,#577);
#575 = CARTESIAN_POINT('',(-47.39476477861,21.10150881289,
    41.267900603509));
#576 = DIRECTION('',(0.,0.,1.));
#577 = DIRECTION('',(1.,0.,-0.));
#578 = PCURVE('',#487,#579);
#579 = DEFINITIONAL_REPRESENTATION('',(#580),#584);
#580 = LINE('',#581,#582);
#581 = CARTESIAN_POINT('',(0.,0.));
#582 = VECTOR('',#583,1.);
#583 = DIRECTION('',(1.,0.));
#584 = ( GEOMETRIC_REPRESENTATION_CONTEXT(2) 
PARAMETRIC_REPRESENTATION_CONTEXT() REPRESENTATION_CONTEXT('2D SPACE',''
  ) );
#585 = PCURVE('',#376,#586);
#586 = DEFINITIONAL_REPRESENTATION('',(#587),#591);
#587 = CIRCLE('',#588,6.);
#588 = AXIS2_PLACEMENT_2D('',#589,#590);
#589 = CARTESIAN_POINT('',(18.850028937933,4.5));
#590 = DIRECTION('',(-0.913545457643,-0.406736643076));
#591 = ( GEOMETRIC_REPRESENTATION_CONTEXT(2) 
PARAMETRIC_REPRESENTATION_CONTEXT() REPRESENTATION_CONTEXT('2D SPACE',''
  ) );
#592 = ORIENTED_EDGE('',*,*,#593,.T.);
#593 = EDGE_CURVE('',#570,#545,#594,.T.);
#594 = SURFACE_CURVE('',#595,(#599,#605),.PCURVE_S1.);
#595 = LINE('',#596,#597);
#596 = CARTESIAN_POINT('',(-45.59955853404,15.376368243485,
    41.267900603509));
#597 = VECTOR('',#598,1.);
#598 = DIRECTION('',(0.,0.,1.));
#599 = PCURVE('',#487,#600);
#600 = DEFINITIONAL_REPRESENTATION('',(#601),#604);
#601 = B_SPLINE_CURVE_WITH_KNOTS('',1,(#602,#603),.UNSPECIFIED.,.F.,.F.,
  (2,2),(-2.399999999625E-06,9.0000024),.PIECEWISE_BEZIER_KNOTS.);
#602 = CARTESIAN_POINT('',(5.016244207719,-2.399999999625E-06));
#603 = CARTESIAN_POINT('',(5.016244207719,9.0000024));
#604 = ( GEOMETRIC_REPRESENTATION_CONTEXT(2) 
PARAMETRIC_REPRESENTATION_CONTEXT() REPRESENTATION_CONTEXT('2D SPACE',''
  ) );
#605 = PCURVE('',#456,#606);
#606 = DEFINITIONAL_REPRESENTATION('',(#607),#610);
#607 = B_SPLINE_CURVE_WITH_KNOTS('',1,(#608,#609),.UNSPECIFIED.,.F.,.F.,
  (2,2),(-2.399999999625E-06,9.0000024),.PIECEWISE_BEZIER_KNOTS.);
#608 = CARTESIAN_POINT('',(-2.399999999625E-06,14.881401971336));
#609 = CARTESIAN_POINT('',(9.0000024,14.881401971336));
#610 = ( GEOMETRIC_REPRESENTATION_CONTEXT(2) 
PARAMETRIC_REPRESENTATION_CONTEXT() REPRESENTATION_CONTEXT('2D SPACE',''
  ) );
#611 = ADVANCED_FACE('',(#612,#638),#431,.T.);
#612 = FACE_BOUND('',#613,.T.);
#613 = EDGE_LOOP('',(#614,#635,#636,#637));
#614 = ORIENTED_EDGE('',*,*,#615,.F.);
#615 = EDGE_CURVE('',#415,#545,#616,.T.);
#616 = SURFACE_CURVE('',#617,(#621,#628),.PCURVE_S1.);
#617 = LINE('',#618,#619);
#618 = CARTESIAN_POINT('',(-32.00472135977,9.323556761402,
    50.267900603509));
#619 = VECTOR('',#620,1.);
#620 = DIRECTION('',(-0.913545457643,0.406736643076,0.));
#621 = PCURVE('',#431,#622);
#622 = DEFINITIONAL_REPRESENTATION('',(#623),#627);
#623 = LINE('',#624,#625);
#624 = CARTESIAN_POINT('',(0.,9.));
#625 = VECTOR('',#626,1.);
#626 = DIRECTION('',(1.,0.));
#627 = ( GEOMETRIC_REPRESENTATION_CONTEXT(2) 
PARAMETRIC_REPRESENTATION_CONTEXT() REPRESENTATION_CONTEXT('2D SPACE',''
  ) );
#628 = PCURVE('',#456,#629);
#629 = DEFINITIONAL_REPRESENTATION('',(#630),#634);
#630 = LINE('',#631,#632);
#631 = CARTESIAN_POINT('',(9.,0.));
#632 = VECTOR('',#633,1.);
#633 = DIRECTION('',(0.,1.));
#634 = ( GEOMETRIC_REPRESENTATION_CONTEXT(2) 
PARAMETRIC_REPRESENTATION_CONTEXT() REPRESENTATION_CONTEXT('2D SPACE',''
  ) );
#635 = ORIENTED_EDGE('',*,*,#414,.F.);
#636 = ORIENTED_EDGE('',*,*,#520,.T.);
#637 = ORIENTED_EDGE('',*,*,#544,.T.);
#638 = FACE_BOUND('',#639,.T.);
#639 = EDGE_LOOP('',(#640));
#640 = ORIENTED_EDGE('',*,*,#641,.T.);
#641 = EDGE_CURVE('',#642,#642,#644,.T.);
#642 = VERTEX_POINT('',#643);
#643 = CARTESIAN_POINT('',(-44.83476477861,21.10150881289,
    50.267900603509));
#644 = SURFACE_CURVE('',#645,(#650,#661),.PCURVE_S1.);
#645 = CIRCLE('',#646,2.56);
#646 = AXIS2_PLACEMENT_3D('',#647,#648,#649);
#647 = CARTESIAN_POINT('',(-47.39476477861,21.10150881289,
    50.267900603509));
#648 = DIRECTION('',(0.,0.,-1.));
#649 = DIRECTION('',(1.,-1.387778780781E-15,0.));
#650 = PCURVE('',#431,#651);
#651 = DEFINITIONAL_REPRESENTATION('',(#652),#660);
#652 = ( BOUNDED_CURVE() B_SPLINE_CURVE(2,(#653,#654,#655,#656,#657,#658
,#659),.UNSPECIFIED.,.T.,.F.) B_SPLINE_CURVE_WITH_KNOTS((1,2,2,2,2,1),(
    -2.094395102393,0.,2.094395102393,4.188790204786,6.28318530718,
8.377580409573),.UNSPECIFIED.) CURVE() GEOMETRIC_REPRESENTATION_ITEM() 
RATIONAL_B_SPLINE_CURVE((1.,0.5,1.,0.5,1.,0.5,1.)) REPRESENTATION_ITEM(
  '') );
#653 = CARTESIAN_POINT('',(16.511352566368,3.458754193726));
#654 = CARTESIAN_POINT('',(14.707861926734,7.509460491737));
#655 = CARTESIAN_POINT('',(19.117621803899,7.045976052143));
#656 = CARTESIAN_POINT('',(23.527381681063,6.582491612548));
#657 = CARTESIAN_POINT('',(20.921112443533,2.995269754131));
#658 = CARTESIAN_POINT('',(18.314843206003,-0.591952104286));
#659 = CARTESIAN_POINT('',(16.511352566368,3.458754193726));
#660 = ( GEOMETRIC_REPRESENTATION_CONTEXT(2) 
PARAMETRIC_REPRESENTATION_CONTEXT() REPRESENTATION_CONTEXT('2D SPACE',''
  ) );
#661 = PCURVE('',#662,#667);
#662 = CYLINDRICAL_SURFACE('',#663,2.56);
#663 = AXIS2_PLACEMENT_3D('',#664,#665,#666);
#664 = CARTESIAN_POINT('',(-47.39476477861,21.10150881289,
    27.767900603509));
#665 = DIRECTION('',(0.,0.,1.));
#666 = DIRECTION('',(1.,0.,-0.));
#667 = DEFINITIONAL_REPRESENTATION('',(#668),#672);
#668 = LINE('',#669,#670);
#669 = CARTESIAN_POINT('',(6.28318530718,22.5));
#670 = VECTOR('',#671,1.);
#671 = DIRECTION('',(-1.,-0.));
#672 = ( GEOMETRIC_REPRESENTATION_CONTEXT(2) 
PARAMETRIC_REPRESENTATION_CONTEXT() REPRESENTATION_CONTEXT('2D SPACE',''
  ) );
#673 = ADVANCED_FACE('',(#674),#662,.F.);
#674 = FACE_BOUND('',#675,.F.);
#675 = EDGE_LOOP('',(#676,#699,#721,#722));
#676 = ORIENTED_EDGE('',*,*,#677,.F.);
#677 = EDGE_CURVE('',#678,#642,#680,.T.);
#678 = VERTEX_POINT('',#679);
#679 = CARTESIAN_POINT('',(-44.83476477861,21.10150881289,
    41.267900603509));
#680 = SEAM_CURVE('',#681,(#685,#692),.PCURVE_S1.);
#681 = LINE('',#682,#683);
#682 = CARTESIAN_POINT('',(-44.83476477861,21.10150881289,
    40.267900603509));
#683 = VECTOR('',#684,1.);
#684 = DIRECTION('',(0.,0.,1.));
#685 = PCURVE('',#662,#686);
#686 = DEFINITIONAL_REPRESENTATION('',(#687),#691);
#687 = LINE('',#688,#689);
#688 = CARTESIAN_POINT('',(0.,12.5));
#689 = VECTOR('',#690,1.);
#690 = DIRECTION('',(0.,1.));
#691 = ( GEOMETRIC_REPRESENTATION_CONTEXT(2) 
PARAMETRIC_REPRESENTATION_CONTEXT() REPRESENTATION_CONTEXT('2D SPACE',''
  ) );
#692 = PCURVE('',#662,#693);
#693 = DEFINITIONAL_REPRESENTATION('',(#694),#698);
#694 = LINE('',#695,#696);
#695 = CARTESIAN_POINT('',(6.28318530718,12.5));
#696 = VECTOR('',#697,1.);
#697 = DIRECTION('',(0.,1.));
#698 = ( GEOMETRIC_REPRESENTATION_CONTEXT(2) 
PARAMETRIC_REPRESENTATION_CONTEXT() REPRESENTATION_CONTEXT('2D SPACE',''
  ) );
#699 = ORIENTED_EDGE('',*,*,#700,.T.);
#700 = EDGE_CURVE('',#678,#678,#701,.T.);
#701 = SURFACE_CURVE('',#702,(#707,#714),.PCURVE_S1.);
#702 = CIRCLE('',#703,2.56);
#703 = AXIS2_PLACEMENT_3D('',#704,#705,#706);
#704 = CARTESIAN_POINT('',(-47.39476477861,21.10150881289,
    41.267900603509));
#705 = DIRECTION('',(0.,0.,1.));
#706 = DIRECTION('',(1.,0.,-0.));
#707 = PCURVE('',#662,#708);
#708 = DEFINITIONAL_REPRESENTATION('',(#709),#713);
#709 = LINE('',#710,#711);
#710 = CARTESIAN_POINT('',(0.,13.5));
#711 = VECTOR('',#712,1.);
#712 = DIRECTION('',(1.,0.));
#713 = ( GEOMETRIC_REPRESENTATION_CONTEXT(2) 
PARAMETRIC_REPRESENTATION_CONTEXT() REPRESENTATION_CONTEXT('2D SPACE',''
  ) );
#714 = PCURVE('',#376,#715);
#715 = DEFINITIONAL_REPRESENTATION('',(#716),#720);
#716 = CIRCLE('',#717,2.56);
#717 = AXIS2_PLACEMENT_2D('',#718,#719);
#718 = CARTESIAN_POINT('',(18.850028937933,4.5));
#719 = DIRECTION('',(-0.913545457643,-0.406736643076));
#720 = ( GEOMETRIC_REPRESENTATION_CONTEXT(2) 
PARAMETRIC_REPRESENTATION_CONTEXT() REPRESENTATION_CONTEXT('2D SPACE',''
  ) );
#721 = ORIENTED_EDGE('',*,*,#677,.T.);
#722 = ORIENTED_EDGE('',*,*,#641,.T.);
#723 = ADVANCED_FACE('',(#724),#456,.T.);
#724 = FACE_BOUND('',#725,.T.);
#725 = EDGE_LOOP('',(#726,#727,#748,#749));
#726 = ORIENTED_EDGE('',*,*,#593,.F.);
#727 = ORIENTED_EDGE('',*,*,#728,.F.);
#728 = EDGE_CURVE('',#360,#570,#729,.T.);
#729 = SURFACE_CURVE('',#730,(#734,#741),.PCURVE_S1.);
#730 = LINE('',#731,#732);
#731 = CARTESIAN_POINT('',(-32.00472135977,9.323556761402,
    41.267900603509));
#732 = VECTOR('',#733,1.);
#733 = DIRECTION('',(-0.913545457643,0.406736643076,0.));
#734 = PCURVE('',#456,#735);
#735 = DEFINITIONAL_REPRESENTATION('',(#736),#740);
#736 = LINE('',#737,#738);
#737 = CARTESIAN_POINT('',(0.,0.));
#738 = VECTOR('',#739,1.);
#739 = DIRECTION('',(0.,1.));
#740 = ( GEOMETRIC_REPRESENTATION_CONTEXT(2) 
PARAMETRIC_REPRESENTATION_CONTEXT() REPRESENTATION_CONTEXT('2D SPACE',''
  ) );
#741 = PCURVE('',#376,#742);
#742 = DEFINITIONAL_REPRESENTATION('',(#743),#747);
#743 = LINE('',#744,#745);
#744 = CARTESIAN_POINT('',(0.,9.));
#745 = VECTOR('',#746,1.);
#746 = DIRECTION('',(1.,0.));
#747 = ( GEOMETRIC_REPRESENTATION_CONTEXT(2) 
PARAMETRIC_REPRESENTATION_CONTEXT() REPRESENTATION_CONTEXT('2D SPACE',''
  ) );
#748 = ORIENTED_EDGE('',*,*,#443,.T.);
#749 = ORIENTED_EDGE('',*,*,#615,.T.);
#750 = ADVANCED_FACE('',(#751,#757),#376,.F.);
#751 = FACE_BOUND('',#752,.F.);
#752 = EDGE_LOOP('',(#753,#754,#755,#756));
#753 = ORIENTED_EDGE('',*,*,#728,.F.);
#754 = ORIENTED_EDGE('',*,*,#357,.F.);
#755 = ORIENTED_EDGE('',*,*,#498,.T.);
#756 = ORIENTED_EDGE('',*,*,#569,.T.);
#757 = FACE_BOUND('',#758,.F.);
#758 = EDGE_LOOP('',(#759));
#759 = ORIENTED_EDGE('',*,*,#700,.F.);
#760 = ADVANCED_FACE('',(#761,#837),#319,.T.);
#761 = FACE_BOUND('',#762,.T.);
#762 = EDGE_LOOP('',(#763,#786,#787,#810));
#763 = ORIENTED_EDGE('',*,*,#764,.F.);
#764 = EDGE_CURVE('',#303,#765,#767,.T.);
#765 = VERTEX_POINT('',#766);
#766 = CARTESIAN_POINT('',(-45.59955853404,15.376368243485,
    21.267900603509));
#767 = SURFACE_CURVE('',#768,(#772,#779),.PCURVE_S1.);
#768 = LINE('',#769,#770);
#769 = CARTESIAN_POINT('',(-32.00472135977,9.323556761402,
    21.267900603509));
#770 = VECTOR('',#771,1.);
#771 = DIRECTION('',(-0.913545457643,0.406736643076,0.));
#772 = PCURVE('',#319,#773);
#773 = DEFINITIONAL_REPRESENTATION('',(#774),#778);
#774 = LINE('',#775,#776);
#775 = CARTESIAN_POINT('',(0.,9.));
#776 = VECTOR('',#777,1.);
#777 = DIRECTION('',(1.,0.));
#778 = ( GEOMETRIC_REPRESENTATION_CONTEXT(2) 
PARAMETRIC_REPRESENTATION_CONTEXT() REPRESENTATION_CONTEXT('2D SPACE',''
  ) );
#779 = PCURVE('',#344,#780);
#780 = DEFINITIONAL_REPRESENTATION('',(#781),#785);
#781 = LINE('',#782,#783);
#782 = CARTESIAN_POINT('',(9.,0.));
#783 = VECTOR('',#784,1.);
#784 = DIRECTION('',(0.,1.));
#785 = ( GEOMETRIC_REPRESENTATION_CONTEXT(2) 
PARAMETRIC_REPRESENTATION_CONTEXT() REPRESENTATION_CONTEXT('2D SPACE',''
  ) );
#786 = ORIENTED_EDGE('',*,*,#302,.F.);
#787 = ORIENTED_EDGE('',*,*,#788,.T.);
#788 = EDGE_CURVE('',#277,#789,#791,.T.);
#789 = VERTEX_POINT('',#790);
#790 = CARTESIAN_POINT('',(-41.93892874636,23.598277362269,
    21.267900603509));
#791 = SURFACE_CURVE('',#792,(#796,#803),.PCURVE_S1.);
#792 = LINE('',#793,#794);
#793 = CARTESIAN_POINT('',(-28.34409157209,17.545465880185,
    21.267900603509));
#794 = VECTOR('',#795,1.);
#795 = DIRECTION('',(-0.913545457643,0.406736643076,0.));
#796 = PCURVE('',#319,#797);
#797 = DEFINITIONAL_REPRESENTATION('',(#798),#802);
#798 = LINE('',#799,#800);
#799 = CARTESIAN_POINT('',(0.,0.));
#800 = VECTOR('',#801,1.);
#801 = DIRECTION('',(1.,0.));
#802 = ( GEOMETRIC_REPRESENTATION_CONTEXT(2) 
PARAMETRIC_REPRESENTATION_CONTEXT() REPRESENTATION_CONTEXT('2D SPACE',''
  ) );
#803 = PCURVE('',#291,#804);
#804 = DEFINITIONAL_REPRESENTATION('',(#805),#809);
#805 = LINE('',#806,#807);
#806 = CARTESIAN_POINT('',(9.,0.));
#807 = VECTOR('',#808,1.);
#808 = DIRECTION('',(0.,1.));
#809 = ( GEOMETRIC_REPRESENTATION_CONTEXT(2) 
PARAMETRIC_REPRESENTATION_CONTEXT() REPRESENTATION_CONTEXT('2D SPACE',''
  ) );
#810 = ORIENTED_EDGE('',*,*,#811,.T.);
#811 = EDGE_CURVE('',#789,#765,#812,.T.);
#812 = SURFACE_CURVE('',#813,(#818,#825),.PCURVE_S1.);
#813 = CIRCLE('',#814,6.);
#814 = AXIS2_PLACEMENT_3D('',#815,#816,#817);
#815 = CARTESIAN_POINT('',(-47.39476477861,21.10150881289,
    21.267900603509));
#816 = DIRECTION('',(0.,0.,1.));
#817 = DIRECTION('',(1.,0.,-0.));
#818 = PCURVE('',#319,#819);
#819 = DEFINITIONAL_REPRESENTATION('',(#820),#824);
#820 = CIRCLE('',#821,6.);
#821 = AXIS2_PLACEMENT_2D('',#822,#823);
#822 = CARTESIAN_POINT('',(18.850028937933,4.5));
#823 = DIRECTION('',(-0.913545457643,-0.406736643076));
#824 = ( GEOMETRIC_REPRESENTATION_CONTEXT(2) 
PARAMETRIC_REPRESENTATION_CONTEXT() REPRESENTATION_CONTEXT('2D SPACE',''
  ) );
#825 = PCURVE('',#826,#831);
#826 = CYLINDRICAL_SURFACE('',#827,6.);
#827 = AXIS2_PLACEMENT_3D('',#828,#829,#830);
#828 = CARTESIAN_POINT('',(-47.39476477861,21.10150881289,
    12.267900603509));
#829 = DIRECTION('',(0.,0.,1.));
#830 = DIRECTION('',(1.,0.,-0.));
#831 = DEFINITIONAL_REPRESENTATION('',(#832),#836);
#832 = LINE('',#833,#834);
#833 = CARTESIAN_POINT('',(0.,9.));
#834 = VECTOR('',#835,1.);
#835 = DIRECTION('',(1.,0.));
#836 = ( GEOMETRIC_REPRESENTATION_CONTEXT(2) 
PARAMETRIC_REPRESENTATION_CONTEXT() REPRESENTATION_CONTEXT('2D SPACE',''
  ) );
#837 = FACE_BOUND('',#838,.T.);
#838 = EDGE_LOOP('',(#839));
#839 = ORIENTED_EDGE('',*,*,#840,.T.);
#840 = EDGE_CURVE('',#841,#841,#843,.T.);
#841 = VERTEX_POINT('',#842);
#842 = CARTESIAN_POINT('',(-44.83476477861,21.10150881289,
    21.267900603509));
#843 = SURFACE_CURVE('',#844,(#849,#860),.PCURVE_S1.);
#844 = CIRCLE('',#845,2.56);
#845 = AXIS2_PLACEMENT_3D('',#846,#847,#848);
#846 = CARTESIAN_POINT('',(-47.39476477861,21.10150881289,
    21.267900603509));
#847 = DIRECTION('',(0.,0.,-1.));
#848 = DIRECTION('',(1.,-1.387778780781E-15,0.));
#849 = PCURVE('',#319,#850);
#850 = DEFINITIONAL_REPRESENTATION('',(#851),#859);
#851 = ( BOUNDED_CURVE() B_SPLINE_CURVE(2,(#852,#853,#854,#855,#856,#857
,#858),.UNSPECIFIED.,.T.,.F.) B_SPLINE_CURVE_WITH_KNOTS((1,2,2,2,2,1),(
    -2.094395102393,0.,2.094395102393,4.188790204786,6.28318530718,
8.377580409573),.UNSPECIFIED.) CURVE() GEOMETRIC_REPRESENTATION_ITEM() 
RATIONAL_B_SPLINE_CURVE((1.,0.5,1.,0.5,1.,0.5,1.)) REPRESENTATION_ITEM(
  '') );
#852 = CARTESIAN_POINT('',(16.511352566368,3.458754193726));
#853 = CARTESIAN_POINT('',(14.707861926734,7.509460491737));
#854 = CARTESIAN_POINT('',(19.117621803899,7.045976052143));
#855 = CARTESIAN_POINT('',(23.527381681063,6.582491612548));
#856 = CARTESIAN_POINT('',(20.921112443533,2.995269754131));
#857 = CARTESIAN_POINT('',(18.314843206003,-0.591952104286));
#858 = CARTESIAN_POINT('',(16.511352566368,3.458754193726));
#859 = ( GEOMETRIC_REPRESENTATION_CONTEXT(2) 
PARAMETRIC_REPRESENTATION_CONTEXT() REPRESENTATION_CONTEXT('2D SPACE',''
  ) );
#860 = PCURVE('',#861,#866);
#861 = CYLINDRICAL_SURFACE('',#862,2.56);
#862 = AXIS2_PLACEMENT_3D('',#863,#864,#865);
#863 = CARTESIAN_POINT('',(-47.39476477861,21.10150881289,
    -1.232099396491));
#864 = DIRECTION('',(0.,0.,1.));
#865 = DIRECTION('',(1.,0.,-0.));
#866 = DEFINITIONAL_REPRESENTATION('',(#867),#871);
#867 = LINE('',#868,#869);
#868 = CARTESIAN_POINT('',(6.28318530718,22.5));
#869 = VECTOR('',#870,1.);
#870 = DIRECTION('',(-1.,-0.));
#871 = ( GEOMETRIC_REPRESENTATION_CONTEXT(2) 
PARAMETRIC_REPRESENTATION_CONTEXT() REPRESENTATION_CONTEXT('2D SPACE',''
  ) );
#872 = ADVANCED_FACE('',(#873),#861,.F.);
#873 = FACE_BOUND('',#874,.F.);
#874 = EDGE_LOOP('',(#875,#898,#920,#921));
#875 = ORIENTED_EDGE('',*,*,#876,.F.);
#876 = EDGE_CURVE('',#877,#841,#879,.T.);
#877 = VERTEX_POINT('',#878);
#878 = CARTESIAN_POINT('',(-44.83476477861,21.10150881289,
    12.267900603509));
#879 = SEAM_CURVE('',#880,(#884,#891),.PCURVE_S1.);
#880 = LINE('',#881,#882);
#881 = CARTESIAN_POINT('',(-44.83476477861,21.10150881289,
    11.267900603509));
#882 = VECTOR('',#883,1.);
#883 = DIRECTION('',(0.,0.,1.));
#884 = PCURVE('',#861,#885);
#885 = DEFINITIONAL_REPRESENTATION('',(#886),#890);
#886 = LINE('',#887,#888);
#887 = CARTESIAN_POINT('',(0.,12.5));
#888 = VECTOR('',#889,1.);
#889 = DIRECTION('',(0.,1.));
#890 = ( GEOMETRIC_REPRESENTATION_CONTEXT(2) 
PARAMETRIC_REPRESENTATION_CONTEXT() REPRESENTATION_CONTEXT('2D SPACE',''
  ) );
#891 = PCURVE('',#861,#892);
#892 = DEFINITIONAL_REPRESENTATION('',(#893),#897);
#893 = LINE('',#894,#895);
#894 = CARTESIAN_POINT('',(6.28318530718,12.5));
#895 = VECTOR('',#896,1.);
#896 = DIRECTION('',(0.,1.));
#897 = ( GEOMETRIC_REPRESENTATION_CONTEXT(2) 
PARAMETRIC_REPRESENTATION_CONTEXT() REPRESENTATION_CONTEXT('2D SPACE',''
  ) );
#898 = ORIENTED_EDGE('',*,*,#899,.T.);
#899 = EDGE_CURVE('',#877,#877,#900,.T.);
#900 = SURFACE_CURVE('',#901,(#906,#913),.PCURVE_S1.);
#901 = CIRCLE('',#902,2.56);
#902 = AXIS2_PLACEMENT_3D('',#903,#904,#905);
#903 = CARTESIAN_POINT('',(-47.39476477861,21.10150881289,
    12.267900603509));
#904 = DIRECTION('',(0.,0.,1.));
#905 = DIRECTION('',(1.,0.,-0.));
#906 = PCURVE('',#861,#907);
#907 = DEFINITIONAL_REPRESENTATION('',(#908),#912);
#908 = LINE('',#909,#910);
#909 = CARTESIAN_POINT('',(0.,13.5));
#910 = VECTOR('',#911,1.);
#911 = DIRECTION('',(1.,0.));
#912 = ( GEOMETRIC_REPRESENTATION_CONTEXT(2) 
PARAMETRIC_REPRESENTATION_CONTEXT() REPRESENTATION_CONTEXT('2D SPACE',''
  ) );
#913 = PCURVE('',#264,#914);
#914 = DEFINITIONAL_REPRESENTATION('',(#915),#919);
#915 = CIRCLE('',#916,2.56);
#916 = AXIS2_PLACEMENT_2D('',#917,#918);
#917 = CARTESIAN_POINT('',(18.850028937933,4.5));
#918 = DIRECTION('',(-0.913545457643,-0.406736643076));
#919 = ( GEOMETRIC_REPRESENTATION_CONTEXT(2) 
PARAMETRIC_REPRESENTATION_CONTEXT() REPRESENTATION_CONTEXT('2D SPACE',''
  ) );
#920 = ORIENTED_EDGE('',*,*,#876,.T.);
#921 = ORIENTED_EDGE('',*,*,#840,.T.);
#922 = ADVANCED_FACE('',(#923),#826,.T.);
#923 = FACE_BOUND('',#924,.T.);
#924 = EDGE_LOOP('',(#925,#926,#947,#971));
#925 = ORIENTED_EDGE('',*,*,#811,.F.);
#926 = ORIENTED_EDGE('',*,*,#927,.F.);
#927 = EDGE_CURVE('',#928,#789,#930,.T.);
#928 = VERTEX_POINT('',#929);
#929 = CARTESIAN_POINT('',(-41.93892874636,23.598277362269,
    12.267900603509));
#930 = SURFACE_CURVE('',#931,(#935,#941),.PCURVE_S1.);
#931 = LINE('',#932,#933);
#932 = CARTESIAN_POINT('',(-41.93892874636,23.598277362268,
    12.267900603509));
#933 = VECTOR('',#934,1.);
#934 = DIRECTION('',(0.,0.,1.));
#935 = PCURVE('',#826,#936);
#936 = DEFINITIONAL_REPRESENTATION('',(#937),#940);
#937 = B_SPLINE_CURVE_WITH_KNOTS('',1,(#938,#939),.UNSPECIFIED.,.F.,.F.,
  (2,2),(-2.399999999625E-06,9.0000024),.PIECEWISE_BEZIER_KNOTS.);
#938 = CARTESIAN_POINT('',(0.429183058503,-2.399999999625E-06));
#939 = CARTESIAN_POINT('',(0.429183058503,9.0000024));
#940 = ( GEOMETRIC_REPRESENTATION_CONTEXT(2) 
PARAMETRIC_REPRESENTATION_CONTEXT() REPRESENTATION_CONTEXT('2D SPACE',''
  ) );
#941 = PCURVE('',#291,#942);
#942 = DEFINITIONAL_REPRESENTATION('',(#943),#946);
#943 = B_SPLINE_CURVE_WITH_KNOTS('',1,(#944,#945),.UNSPECIFIED.,.F.,.F.,
  (2,2),(-2.399999999625E-06,9.0000024),.PIECEWISE_BEZIER_KNOTS.);
#944 = CARTESIAN_POINT('',(-2.399999999625E-06,14.881401971336));
#945 = CARTESIAN_POINT('',(9.0000024,14.881401971336));
#946 = ( GEOMETRIC_REPRESENTATION_CONTEXT(2) 
PARAMETRIC_REPRESENTATION_CONTEXT() REPRESENTATION_CONTEXT('2D SPACE',''
  ) );
#947 = ORIENTED_EDGE('',*,*,#948,.T.);
#948 = EDGE_CURVE('',#928,#949,#951,.T.);
#949 = VERTEX_POINT('',#950);
#950 = CARTESIAN_POINT('',(-45.59955853404,15.376368243485,
    12.267900603509));
#951 = SURFACE_CURVE('',#952,(#957,#964),.PCURVE_S1.);
#952 = CIRCLE('',#953,6.);
#953 = AXIS2_PLACEMENT_3D('',#954,#955,#956);
#954 = CARTESIAN_POINT('',(-47.39476477861,21.10150881289,
    12.267900603509));
#955 = DIRECTION('',(0.,0.,1.));
#956 = DIRECTION('',(1.,0.,-0.));
#957 = PCURVE('',#826,#958);
#958 = DEFINITIONAL_REPRESENTATION('',(#959),#963);
#959 = LINE('',#960,#961);
#960 = CARTESIAN_POINT('',(0.,0.));
#961 = VECTOR('',#962,1.);
#962 = DIRECTION('',(1.,0.));
#963 = ( GEOMETRIC_REPRESENTATION_CONTEXT(2) 
PARAMETRIC_REPRESENTATION_CONTEXT() REPRESENTATION_CONTEXT('2D SPACE',''
  ) );
#964 = PCURVE('',#264,#965);
#965 = DEFINITIONAL_REPRESENTATION('',(#966),#970);
#966 = CIRCLE('',#967,6.);
#967 = AXIS2_PLACEMENT_2D('',#968,#969);
#968 = CARTESIAN_POINT('',(18.850028937933,4.5));
#969 = DIRECTION('',(-0.913545457643,-0.406736643076));
#970 = ( GEOMETRIC_REPRESENTATION_CONTEXT(2) 
PARAMETRIC_REPRESENTATION_CONTEXT() REPRESENTATION_CONTEXT('2D SPACE',''
  ) );
#971 = ORIENTED_EDGE('',*,*,#972,.T.);
#972 = EDGE_CURVE('',#949,#765,#973,.T.);
#973 = SURFACE_CURVE('',#974,(#978,#984),.PCURVE_S1.);
#974 = LINE('',#975,#976);
#975 = CARTESIAN_POINT('',(-45.59955853404,15.376368243485,
    12.267900603509));
#976 = VECTOR('',#977,1.);
#977 = DIRECTION('',(0.,0.,1.));
#978 = PCURVE('',#826,#979);
#979 = DEFINITIONAL_REPRESENTATION('',(#980),#983);
#980 = B_SPLINE_CURVE_WITH_KNOTS('',1,(#981,#982),.UNSPECIFIED.,.F.,.F.,
  (2,2),(-2.399999999625E-06,9.0000024),.PIECEWISE_BEZIER_KNOTS.);
#981 = CARTESIAN_POINT('',(5.016244207719,-2.399999999625E-06));
#982 = CARTESIAN_POINT('',(5.016244207719,9.0000024));
#983 = ( GEOMETRIC_REPRESENTATION_CONTEXT(2) 
PARAMETRIC_REPRESENTATION_CONTEXT() REPRESENTATION_CONTEXT('2D SPACE',''
  ) );
#984 = PCURVE('',#344,#985);
#985 = DEFINITIONAL_REPRESENTATION('',(#986),#989);
#986 = B_SPLINE_CURVE_WITH_KNOTS('',1,(#987,#988),.UNSPECIFIED.,.F.,.F.,
  (2,2),(-2.399999999625E-06,9.0000024),.PIECEWISE_BEZIER_KNOTS.);
#987 = CARTESIAN_POINT('',(-2.399999999625E-06,14.881401971336));
#988 = CARTESIAN_POINT('',(9.0000024,14.881401971336));
#989 = ( GEOMETRIC_REPRESENTATION_CONTEXT(2) 
PARAMETRIC_REPRESENTATION_CONTEXT() REPRESENTATION_CONTEXT('2D SPACE',''
  ) );
#990 = ADVANCED_FACE('',(#991),#344,.T.);
#991 = FACE_BOUND('',#992,.T.);
#992 = EDGE_LOOP('',(#993,#994,#1015,#1016));
#993 = ORIENTED_EDGE('',*,*,#972,.F.);
#994 = ORIENTED_EDGE('',*,*,#995,.F.);
#995 = EDGE_CURVE('',#248,#949,#996,.T.);
#996 = SURFACE_CURVE('',#997,(#1001,#1008),.PCURVE_S1.);
#997 = LINE('',#998,#999);
#998 = CARTESIAN_POINT('',(-32.00472135977,9.323556761402,
    12.267900603509));
#999 = VECTOR('',#1000,1.);
#1000 = DIRECTION('',(-0.913545457643,0.406736643076,0.));
#1001 = PCURVE('',#344,#1002);
#1002 = DEFINITIONAL_REPRESENTATION('',(#1003),#1007);
#1003 = LINE('',#1004,#1005);
#1004 = CARTESIAN_POINT('',(0.,0.));
#1005 = VECTOR('',#1006,1.);
#1006 = DIRECTION('',(0.,1.));
#1007 = ( GEOMETRIC_REPRESENTATION_CONTEXT(2) 
PARAMETRIC_REPRESENTATION_CONTEXT() REPRESENTATION_CONTEXT('2D SPACE',''
  ) );
#1008 = PCURVE('',#264,#1009);
#1009 = DEFINITIONAL_REPRESENTATION('',(#1010),#1014);
#1010 = LINE('',#1011,#1012);
#1011 = CARTESIAN_POINT('',(0.,9.));
#1012 = VECTOR('',#1013,1.);
#1013 = DIRECTION('',(1.,0.));
#1014 = ( GEOMETRIC_REPRESENTATION_CONTEXT(2) 
PARAMETRIC_REPRESENTATION_CONTEXT() REPRESENTATION_CONTEXT('2D SPACE',''
  ) );
#1015 = ORIENTED_EDGE('',*,*,#331,.T.);
#1016 = ORIENTED_EDGE('',*,*,#764,.T.);
#1017 = ADVANCED_FACE('',(#1018),#291,.F.);
#1018 = FACE_BOUND('',#1019,.F.);
#1019 = EDGE_LOOP('',(#1020,#1021,#1042,#1043));
#1020 = ORIENTED_EDGE('',*,*,#927,.F.);
#1021 = ORIENTED_EDGE('',*,*,#1022,.F.);
#1022 = EDGE_CURVE('',#246,#928,#1023,.T.);
#1023 = SURFACE_CURVE('',#1024,(#1028,#1035),.PCURVE_S1.);
#1024 = LINE('',#1025,#1026);
#1025 = CARTESIAN_POINT('',(-28.34409157209,17.545465880185,
    12.267900603509));
#1026 = VECTOR('',#1027,1.);
#1027 = DIRECTION('',(-0.913545457643,0.406736643076,0.));
#1028 = PCURVE('',#291,#1029);
#1029 = DEFINITIONAL_REPRESENTATION('',(#1030),#1034);
#1030 = LINE('',#1031,#1032);
#1031 = CARTESIAN_POINT('',(0.,0.));
#1032 = VECTOR('',#1033,1.);
#1033 = DIRECTION('',(0.,1.));
#1034 = ( GEOMETRIC_REPRESENTATION_CONTEXT(2) 
PARAMETRIC_REPRESENTATION_CONTEXT() REPRESENTATION_CONTEXT('2D SPACE',''
  ) );
#1035 = PCURVE('',#264,#1036);
#1036 = DEFINITIONAL_REPRESENTATION('',(#1037),#1041);
#1037 = LINE('',#1038,#1039);
#1038 = CARTESIAN_POINT('',(0.,0.));
#1039 = VECTOR('',#1040,1.);
#1040 = DIRECTION('',(1.,0.));
#1041 = ( GEOMETRIC_REPRESENTATION_CONTEXT(2) 
PARAMETRIC_REPRESENTATION_CONTEXT() REPRESENTATION_CONTEXT('2D SPACE',''
  ) );
#1042 = ORIENTED_EDGE('',*,*,#276,.T.);
#1043 = ORIENTED_EDGE('',*,*,#788,.T.);
#1044 = ADVANCED_FACE('',(#1045,#1051),#264,.F.);
#1045 = FACE_BOUND('',#1046,.F.);
#1046 = EDGE_LOOP('',(#1047,#1048,#1049,#1050));
#1047 = ORIENTED_EDGE('',*,*,#995,.F.);
#1048 = ORIENTED_EDGE('',*,*,#245,.F.);
#1049 = ORIENTED_EDGE('',*,*,#1022,.T.);
#1050 = ORIENTED_EDGE('',*,*,#948,.T.);
#1051 = FACE_BOUND('',#1052,.F.);
#1052 = EDGE_LOOP('',(#1053));
#1053 = ORIENTED_EDGE('',*,*,#899,.F.);
#1054 = ADVANCED_FACE('',(#1055,#1197),#156,.F.);
#1055 = FACE_BOUND('',#1056,.F.);
#1056 = EDGE_LOOP('',(#1057,#1058,#1087,#1115,#1148,#1176));
#1057 = ORIENTED_EDGE('',*,*,#139,.F.);
#1058 = ORIENTED_EDGE('',*,*,#1059,.F.);
#1059 = EDGE_CURVE('',#1060,#140,#1062,.T.);
#1060 = VERTEX_POINT('',#1061);
#1061 = CARTESIAN_POINT('',(41.324697313385,-2.407476486699,
    18.510024337965));
#1062 = SURFACE_CURVE('',#1063,(#1068,#1075),.PCURVE_S1.);
#1063 = CIRCLE('',#1064,41.394764778616);
#1064 = AXIS2_PLACEMENT_3D('',#1065,#1066,#1067);
#1065 = CARTESIAN_POINT('',(0.,0.,18.510024337965));
#1066 = DIRECTION('',(-3.574525976783E-31,-1.475700260596E-15,1.));
#1067 = DIRECTION('',(0.998307335104,-5.815896042831E-02,
    -8.582519306006E-17));
#1068 = PCURVE('',#156,#1069);
#1069 = DEFINITIONAL_REPRESENTATION('',(#1070),#1074);
#1070 = CIRCLE('',#1071,41.394764778616);
#1071 = AXIS2_PLACEMENT_2D('',#1072,#1073);
#1072 = CARTESIAN_POINT('',(-33.03,6.));
#1073 = DIRECTION('',(0.989439586903,-0.144945865307));
#1074 = ( GEOMETRIC_REPRESENTATION_CONTEXT(2) 
PARAMETRIC_REPRESENTATION_CONTEXT() REPRESENTATION_CONTEXT('2D SPACE',''
  ) );
#1075 = PCURVE('',#1076,#1081);
#1076 = CYLINDRICAL_SURFACE('',#1077,41.394764778616);
#1077 = AXIS2_PLACEMENT_3D('',#1078,#1079,#1080);
#1078 = CARTESIAN_POINT('',(0.,0.,-19.76360445866));
#1079 = DIRECTION('',(0.,0.,1.));
#1080 = DIRECTION('',(1.,0.,-0.));
#1081 = DEFINITIONAL_REPRESENTATION('',(#1082),#1086);
#1082 = LINE('',#1083,#1084);
#1083 = CARTESIAN_POINT('',(6.224993509974,38.273628796632));
#1084 = VECTOR('',#1085,1.);
#1085 = DIRECTION('',(1.,0.));
#1086 = ( GEOMETRIC_REPRESENTATION_CONTEXT(2) 
PARAMETRIC_REPRESENTATION_CONTEXT() REPRESENTATION_CONTEXT('2D SPACE',''
  ) );
#1087 = ORIENTED_EDGE('',*,*,#1088,.T.);
#1088 = EDGE_CURVE('',#1060,#1089,#1091,.T.);
#1089 = VERTEX_POINT('',#1090);
#1090 = CARTESIAN_POINT('',(42.456617466071,-2.308446305322,
    18.510024337965));
#1091 = SURFACE_CURVE('',#1092,(#1096,#1103),.PCURVE_S1.);
#1092 = LINE('',#1093,#1094);
#1093 = CARTESIAN_POINT('',(33.427245334456,-3.098414005595,
    18.510024337965));
#1094 = VECTOR('',#1095,1.);
#1095 = DIRECTION('',(0.996194698092,8.715574274766E-02,0.));
#1096 = PCURVE('',#156,#1097);
#1097 = DEFINITIONAL_REPRESENTATION('',(#1098),#1102);
#1098 = LINE('',#1099,#1100);
#1099 = CARTESIAN_POINT('',(0.,0.));
#1100 = VECTOR('',#1101,1.);
#1101 = DIRECTION('',(1.,0.));
#1102 = ( GEOMETRIC_REPRESENTATION_CONTEXT(2) 
PARAMETRIC_REPRESENTATION_CONTEXT() REPRESENTATION_CONTEXT('2D SPACE',''
  ) );
#1103 = PCURVE('',#1104,#1109);
#1104 = PLANE('',#1105);
#1105 = AXIS2_PLACEMENT_3D('',#1106,#1107,#1108);
#1106 = CARTESIAN_POINT('',(33.427245334456,-3.098414005595,
    18.510024337965));
#1107 = DIRECTION('',(-8.715574274766E-02,0.996194698092,0.));
#1108 = DIRECTION('',(0.,0.,1.));
#1109 = DEFINITIONAL_REPRESENTATION('',(#1110),#1114);
#1110 = LINE('',#1111,#1112);
#1111 = CARTESIAN_POINT('',(0.,0.));
#1112 = VECTOR('',#1113,1.);
#1113 = DIRECTION('',(0.,1.));
#1114 = ( GEOMETRIC_REPRESENTATION_CONTEXT(2) 
PARAMETRIC_REPRESENTATION_CONTEXT() REPRESENTATION_CONTEXT('2D SPACE',''
  ) );
#1115 = ORIENTED_EDGE('',*,*,#1116,.F.);
#1116 = EDGE_CURVE('',#1117,#1089,#1119,.T.);
#1117 = VERTEX_POINT('',#1118);
#1118 = CARTESIAN_POINT('',(47.654012228046,5.990316160211,
    18.510024337965));
#1119 = SURFACE_CURVE('',#1120,(#1125,#1136),.PCURVE_S1.);
#1120 = CIRCLE('',#1121,6.);
#1121 = AXIS2_PLACEMENT_3D('',#1122,#1123,#1124);
#1122 = CARTESIAN_POINT('',(47.994764778616,0.,18.510024337965));
#1123 = DIRECTION('',(0.,0.,-1.));
#1124 = DIRECTION('',(-5.679209176154E-02,0.998386026702,0.));
#1125 = PCURVE('',#156,#1126);
#1126 = DEFINITIONAL_REPRESENTATION('',(#1127),#1135);
#1127 = ( BOUNDED_CURVE() B_SPLINE_CURVE(2,(#1128,#1129,#1130,#1131,
#1132,#1133,#1134),.UNSPECIFIED.,.T.,.F.) B_SPLINE_CURVE_WITH_KNOTS((1,2
    ,2,2,2,1),(-2.094395102393,0.,2.094395102393,4.188790204786,
6.28318530718,8.377580409573),.UNSPECIFIED.) CURVE() 
GEOMETRIC_REPRESENTATION_ITEM() RATIONAL_B_SPLINE_CURVE((1.,0.5,1.,0.5,
1.,0.5,1.)) REPRESENTATION_ITEM('') );
#1128 = CARTESIAN_POINT('',(14.964764778616,7.814200368054));
#1129 = CARTESIAN_POINT('',(25.352254073028,7.497868013598));
#1130 = CARTESIAN_POINT('',(19.884557570824,-1.339795419674));
#1131 = CARTESIAN_POINT('',(14.416861068621,-10.17745885294));
#1132 = CARTESIAN_POINT('',(9.497068276412,-1.023463065218));
#1133 = CARTESIAN_POINT('',(4.577275484204,8.130532722509));
#1134 = CARTESIAN_POINT('',(14.964764778616,7.814200368054));
#1135 = ( GEOMETRIC_REPRESENTATION_CONTEXT(2) 
PARAMETRIC_REPRESENTATION_CONTEXT() REPRESENTATION_CONTEXT('2D SPACE',''
  ) );
#1136 = PCURVE('',#1137,#1142);
#1137 = CYLINDRICAL_SURFACE('',#1138,6.);
#1138 = AXIS2_PLACEMENT_3D('',#1139,#1140,#1141);
#1139 = CARTESIAN_POINT('',(47.994764778616,0.,18.510024337965));
#1140 = DIRECTION('',(0.,0.,1.));
#1141 = DIRECTION('',(1.,0.,-0.));
#1142 = DEFINITIONAL_REPRESENTATION('',(#1143),#1147);
#1143 = LINE('',#1144,#1145);
#1144 = CARTESIAN_POINT('',(7.910804299115,0.));
#1145 = VECTOR('',#1146,1.);
#1146 = DIRECTION('',(-1.,-0.));
#1147 = ( GEOMETRIC_REPRESENTATION_CONTEXT(2) 
PARAMETRIC_REPRESENTATION_CONTEXT() REPRESENTATION_CONTEXT('2D SPACE',''
  ) );
#1148 = ORIENTED_EDGE('',*,*,#1149,.T.);
#1149 = EDGE_CURVE('',#1117,#1150,#1152,.T.);
#1150 = VERTEX_POINT('',#1151);
#1151 = CARTESIAN_POINT('',(47.289195752131,10.16018756083,
    18.510024337965));
#1152 = SURFACE_CURVE('',#1153,(#1157,#1164),.PCURVE_S1.);
#1153 = LINE('',#1154,#1155);
#1154 = CARTESIAN_POINT('',(48.335064665103,-1.794148816271,
    18.510024337965));
#1155 = VECTOR('',#1156,1.);
#1156 = DIRECTION('',(-8.715574274766E-02,0.996194698092,0.));
#1157 = PCURVE('',#156,#1158);
#1158 = DEFINITIONAL_REPRESENTATION('',(#1159),#1163);
#1159 = LINE('',#1160,#1161);
#1160 = CARTESIAN_POINT('',(14.964764778616,0.));
#1161 = VECTOR('',#1162,1.);
#1162 = DIRECTION('',(0.,1.));
#1163 = ( GEOMETRIC_REPRESENTATION_CONTEXT(2) 
PARAMETRIC_REPRESENTATION_CONTEXT() REPRESENTATION_CONTEXT('2D SPACE',''
  ) );
#1164 = PCURVE('',#1165,#1170);
#1165 = PLANE('',#1166);
#1166 = AXIS2_PLACEMENT_3D('',#1167,#1168,#1169);
#1167 = CARTESIAN_POINT('',(48.335064665103,-1.794148816271,
    18.510024337965));
#1168 = DIRECTION('',(0.996194698092,8.715574274766E-02,0.));
#1169 = DIRECTION('',(0.,0.,1.));
#1170 = DEFINITIONAL_REPRESENTATION('',(#1171),#1175);
#1171 = LINE('',#1172,#1173);
#1172 = CARTESIAN_POINT('',(0.,0.));
#1173 = VECTOR('',#1174,1.);
#1174 = DIRECTION('',(0.,-1.));
#1175 = ( GEOMETRIC_REPRESENTATION_CONTEXT(2) 
PARAMETRIC_REPRESENTATION_CONTEXT() REPRESENTATION_CONTEXT('2D SPACE',''
  ) );
#1176 = ORIENTED_EDGE('',*,*,#1177,.T.);
#1177 = EDGE_CURVE('',#1150,#114,#1178,.T.);
#1178 = SURFACE_CURVE('',#1179,(#1183,#1190),.PCURVE_S1.);
#1179 = LINE('',#1180,#1181);
#1180 = CARTESIAN_POINT('',(47.289195752131,10.16018756083,
    18.510024337965));
#1181 = VECTOR('',#1182,1.);
#1182 = DIRECTION('',(-0.996194698092,-8.715574274766E-02,0.));
#1183 = PCURVE('',#156,#1184);
#1184 = DEFINITIONAL_REPRESENTATION('',(#1185),#1189);
#1185 = LINE('',#1186,#1187);
#1186 = CARTESIAN_POINT('',(14.964764778616,12.));
#1187 = VECTOR('',#1188,1.);
#1188 = DIRECTION('',(-1.,1.52655665886E-16));
#1189 = ( GEOMETRIC_REPRESENTATION_CONTEXT(2) 
PARAMETRIC_REPRESENTATION_CONTEXT() REPRESENTATION_CONTEXT('2D SPACE',''
  ) );
#1190 = PCURVE('',#128,#1191);
#1191 = DEFINITIONAL_REPRESENTATION('',(#1192),#1196);
#1192 = LINE('',#1193,#1194);
#1193 = CARTESIAN_POINT('',(0.,14.964764778616));
#1194 = VECTOR('',#1195,1.);
#1195 = DIRECTION('',(0.,-1.));
#1196 = ( GEOMETRIC_REPRESENTATION_CONTEXT(2) 
PARAMETRIC_REPRESENTATION_CONTEXT() REPRESENTATION_CONTEXT('2D SPACE',''
  ) );
#1197 = FACE_BOUND('',#1198,.F.);
#1198 = EDGE_LOOP('',(#1199));
#1199 = ORIENTED_EDGE('',*,*,#1200,.F.);
#1200 = EDGE_CURVE('',#1201,#1201,#1203,.T.);
#1201 = VERTEX_POINT('',#1202);
#1202 = CARTESIAN_POINT('',(47.996558073981,2.074999225082,
    18.510024337965));
#1203 = SURFACE_CURVE('',#1204,(#1209,#1216),.PCURVE_S1.);
#1204 = CIRCLE('',#1205,2.075);
#1205 = AXIS2_PLACEMENT_3D('',#1206,#1207,#1208);
#1206 = CARTESIAN_POINT('',(47.994764778616,-5.551115123126E-17,
    18.510024337965));
#1207 = DIRECTION('',(0.,0.,1.));
#1208 = DIRECTION('',(8.642387304651E-04,0.999999626546,-0.));
#1209 = PCURVE('',#156,#1210);
#1210 = DEFINITIONAL_REPRESENTATION('',(#1211),#1215);
#1211 = CIRCLE('',#1212,2.075);
#1212 = AXIS2_PLACEMENT_2D('',#1213,#1214);
#1213 = CARTESIAN_POINT('',(14.782130208617,1.816980627721));
#1214 = DIRECTION('',(8.801666024014E-02,0.99611900269));
#1215 = ( GEOMETRIC_REPRESENTATION_CONTEXT(2) 
PARAMETRIC_REPRESENTATION_CONTEXT() REPRESENTATION_CONTEXT('2D SPACE',''
  ) );
#1216 = PCURVE('',#1217,#1222);
#1217 = CYLINDRICAL_SURFACE('',#1218,2.075);
#1218 = AXIS2_PLACEMENT_3D('',#1219,#1220,#1221);
#1219 = CARTESIAN_POINT('',(47.994764778616,0.,-19.76360445866));
#1220 = DIRECTION('',(0.,0.,1.));
#1221 = DIRECTION('',(1.,0.,-0.));
#1222 = DEFINITIONAL_REPRESENTATION('',(#1223),#1227);
#1223 = LINE('',#1224,#1225);
#1224 = CARTESIAN_POINT('',(1.569932087957,38.273628796632));
#1225 = VECTOR('',#1226,1.);
#1226 = DIRECTION('',(1.,0.));
#1227 = ( GEOMETRIC_REPRESENTATION_CONTEXT(2) 
PARAMETRIC_REPRESENTATION_CONTEXT() REPRESENTATION_CONTEXT('2D SPACE',''
  ) );
#1228 = ADVANCED_FACE('',(#1229),#1217,.F.);
#1229 = FACE_BOUND('',#1230,.F.);
#1230 = EDGE_LOOP('',(#1231,#1253,#1254,#1255));
#1231 = ORIENTED_EDGE('',*,*,#1232,.F.);
#1232 = EDGE_CURVE('',#1201,#1233,#1235,.T.);
#1233 = VERTEX_POINT('',#1234);
#1234 = CARTESIAN_POINT('',(47.996558073981,2.074999225082,
    44.025776869053));
#1235 = SEAM_CURVE('',#1236,(#1240,#1247),.PCURVE_S1.);
#1236 = LINE('',#1237,#1238);
#1237 = CARTESIAN_POINT('',(47.996558073981,2.074999225082,
    -19.76360445866));
#1238 = VECTOR('',#1239,1.);
#1239 = DIRECTION('',(0.,0.,1.));
#1240 = PCURVE('',#1217,#1241);
#1241 = DEFINITIONAL_REPRESENTATION('',(#1242),#1246);
#1242 = LINE('',#1243,#1244);
#1243 = CARTESIAN_POINT('',(1.569932087957,0.));
#1244 = VECTOR('',#1245,1.);
#1245 = DIRECTION('',(0.,1.));
#1246 = ( GEOMETRIC_REPRESENTATION_CONTEXT(2) 
PARAMETRIC_REPRESENTATION_CONTEXT() REPRESENTATION_CONTEXT('2D SPACE',''
  ) );
#1247 = PCURVE('',#1217,#1248);
#1248 = DEFINITIONAL_REPRESENTATION('',(#1249),#1252);
#1249 = B_SPLINE_CURVE_WITH_KNOTS('',1,(#1250,#1251),.UNSPECIFIED.,.F.,
  .F.,(2,2),(38.273628796632,63.78938132772),.PIECEWISE_BEZIER_KNOTS.);
#1250 = CARTESIAN_POINT('',(7.853117395136,38.273628796632));
#1251 = CARTESIAN_POINT('',(7.853117395136,63.78938132772));
#1252 = ( GEOMETRIC_REPRESENTATION_CONTEXT(2) 
PARAMETRIC_REPRESENTATION_CONTEXT() REPRESENTATION_CONTEXT('2D SPACE',''
  ) );
#1253 = ORIENTED_EDGE('',*,*,#1200,.T.);
#1254 = ORIENTED_EDGE('',*,*,#1232,.T.);
#1255 = ORIENTED_EDGE('',*,*,#1256,.T.);
#1256 = EDGE_CURVE('',#1233,#1233,#1257,.T.);
#1257 = SURFACE_CURVE('',#1258,(#1263,#1270),.PCURVE_S1.);
#1258 = CIRCLE('',#1259,2.075);
#1259 = AXIS2_PLACEMENT_3D('',#1260,#1261,#1262);
#1260 = CARTESIAN_POINT('',(47.994764778616,0.,44.025776869053));
#1261 = DIRECTION('',(0.,0.,-1.));
#1262 = DIRECTION('',(8.642387304651E-04,0.999999626546,0.));
#1263 = PCURVE('',#1217,#1264);
#1264 = DEFINITIONAL_REPRESENTATION('',(#1265),#1269);
#1265 = LINE('',#1266,#1267);
#1266 = CARTESIAN_POINT('',(7.853117395136,63.78938132772));
#1267 = VECTOR('',#1268,1.);
#1268 = DIRECTION('',(-1.,-0.));
#1269 = ( GEOMETRIC_REPRESENTATION_CONTEXT(2) 
PARAMETRIC_REPRESENTATION_CONTEXT() REPRESENTATION_CONTEXT('2D SPACE',''
  ) );
#1270 = PCURVE('',#101,#1271);
#1271 = DEFINITIONAL_REPRESENTATION('',(#1272),#1280);
#1272 = ( BOUNDED_CURVE() B_SPLINE_CURVE(2,(#1273,#1274,#1275,#1276,
#1277,#1278,#1279),.UNSPECIFIED.,.T.,.F.) B_SPLINE_CURVE_WITH_KNOTS((1,2
    ,2,2,2,1),(-2.094395102393,0.,2.094395102393,4.188790204786,
6.28318530718,8.377580409573),.UNSPECIFIED.) CURVE() 
GEOMETRIC_REPRESENTATION_ITEM() RATIONAL_B_SPLINE_CURVE((1.,0.5,1.,0.5,
1.,0.5,1.)) REPRESENTATION_ITEM('') );
#1273 = CARTESIAN_POINT('',(14.964764778616,3.883927558302));
#1274 = CARTESIAN_POINT('',(18.544821878932,3.567595203847));
#1275 = CARTESIAN_POINT('',(16.480841473776,0.625340985202));
#1276 = CARTESIAN_POINT('',(14.416861068621,-2.316913233443));
#1277 = CARTESIAN_POINT('',(12.90078437346,0.941673339657));
#1278 = CARTESIAN_POINT('',(11.384707678299,4.200259912758));
#1279 = CARTESIAN_POINT('',(14.964764778616,3.883927558302));
#1280 = ( GEOMETRIC_REPRESENTATION_CONTEXT(2) 
PARAMETRIC_REPRESENTATION_CONTEXT() REPRESENTATION_CONTEXT('2D SPACE',''
  ) );
#1281 = ADVANCED_FACE('',(#1282),#1165,.T.);
#1282 = FACE_BOUND('',#1283,.T.);
#1283 = EDGE_LOOP('',(#1284,#1309,#1328,#1329));
#1284 = ORIENTED_EDGE('',*,*,#1285,.F.);
#1285 = EDGE_CURVE('',#1286,#1288,#1290,.T.);
#1286 = VERTEX_POINT('',#1287);
#1287 = CARTESIAN_POINT('',(47.654012228046,5.990316160211,
    44.025776869053));
#1288 = VERTEX_POINT('',#1289);
#1289 = CARTESIAN_POINT('',(47.289195752131,10.16018756083,
    44.025776869053));
#1290 = SURFACE_CURVE('',#1291,(#1295,#1302),.PCURVE_S1.);
#1291 = LINE('',#1292,#1293);
#1292 = CARTESIAN_POINT('',(48.335064665103,-1.794148816271,
    44.025776869053));
#1293 = VECTOR('',#1294,1.);
#1294 = DIRECTION('',(-8.715574274766E-02,0.996194698092,0.));
#1295 = PCURVE('',#1165,#1296);
#1296 = DEFINITIONAL_REPRESENTATION('',(#1297),#1301);
#1297 = LINE('',#1298,#1299);
#1298 = CARTESIAN_POINT('',(25.515752531088,0.));
#1299 = VECTOR('',#1300,1.);
#1300 = DIRECTION('',(0.,-1.));
#1301 = ( GEOMETRIC_REPRESENTATION_CONTEXT(2) 
PARAMETRIC_REPRESENTATION_CONTEXT() REPRESENTATION_CONTEXT('2D SPACE',''
  ) );
#1302 = PCURVE('',#101,#1303);
#1303 = DEFINITIONAL_REPRESENTATION('',(#1304),#1308);
#1304 = LINE('',#1305,#1306);
#1305 = CARTESIAN_POINT('',(14.964764778616,0.));
#1306 = VECTOR('',#1307,1.);
#1307 = DIRECTION('',(0.,1.));
#1308 = ( GEOMETRIC_REPRESENTATION_CONTEXT(2) 
PARAMETRIC_REPRESENTATION_CONTEXT() REPRESENTATION_CONTEXT('2D SPACE',''
  ) );
#1309 = ORIENTED_EDGE('',*,*,#1310,.F.);
#1310 = EDGE_CURVE('',#1117,#1286,#1311,.T.);
#1311 = SURFACE_CURVE('',#1312,(#1316,#1322),.PCURVE_S1.);
#1312 = LINE('',#1313,#1314);
#1313 = CARTESIAN_POINT('',(47.654012228047,5.990316160211,
    18.510024337965));
#1314 = VECTOR('',#1315,1.);
#1315 = DIRECTION('',(0.,0.,1.));
#1316 = PCURVE('',#1165,#1317);
#1317 = DEFINITIONAL_REPRESENTATION('',(#1318),#1321);
#1318 = B_SPLINE_CURVE_WITH_KNOTS('',1,(#1319,#1320),.UNSPECIFIED.,.F.,
  .F.,(2,2),(-2.399999999625E-06,25.515754931088),
  .PIECEWISE_BEZIER_KNOTS.);
#1319 = CARTESIAN_POINT('',(-2.399999999625E-06,-7.814200368054));
#1320 = CARTESIAN_POINT('',(25.515754931088,-7.814200368054));
#1321 = ( GEOMETRIC_REPRESENTATION_CONTEXT(2) 
PARAMETRIC_REPRESENTATION_CONTEXT() REPRESENTATION_CONTEXT('2D SPACE',''
  ) );
#1322 = PCURVE('',#1137,#1323);
#1323 = DEFINITIONAL_REPRESENTATION('',(#1324),#1327);
#1324 = B_SPLINE_CURVE_WITH_KNOTS('',1,(#1325,#1326),.UNSPECIFIED.,.F.,
  .F.,(2,2),(0.,25.515752531088),.PIECEWISE_BEZIER_KNOTS.);
#1325 = CARTESIAN_POINT('',(7.910804299115,0.));
#1326 = CARTESIAN_POINT('',(7.910804299115,25.515752531088));
#1327 = ( GEOMETRIC_REPRESENTATION_CONTEXT(2) 
PARAMETRIC_REPRESENTATION_CONTEXT() REPRESENTATION_CONTEXT('2D SPACE',''
  ) );
#1328 = ORIENTED_EDGE('',*,*,#1149,.T.);
#1329 = ORIENTED_EDGE('',*,*,#1330,.T.);
#1330 = EDGE_CURVE('',#1150,#1288,#1331,.T.);
#1331 = SURFACE_CURVE('',#1332,(#1336,#1343),.PCURVE_S1.);
#1332 = LINE('',#1333,#1334);
#1333 = CARTESIAN_POINT('',(47.289195752131,10.16018756083,
    18.510024337965));
#1334 = VECTOR('',#1335,1.);
#1335 = DIRECTION('',(0.,0.,1.));
#1336 = PCURVE('',#1165,#1337);
#1337 = DEFINITIONAL_REPRESENTATION('',(#1338),#1342);
#1338 = LINE('',#1339,#1340);
#1339 = CARTESIAN_POINT('',(0.,-12.));
#1340 = VECTOR('',#1341,1.);
#1341 = DIRECTION('',(1.,0.));
#1342 = ( GEOMETRIC_REPRESENTATION_CONTEXT(2) 
PARAMETRIC_REPRESENTATION_CONTEXT() REPRESENTATION_CONTEXT('2D SPACE',''
  ) );
#1343 = PCURVE('',#128,#1344);
#1344 = DEFINITIONAL_REPRESENTATION('',(#1345),#1349);
#1345 = LINE('',#1346,#1347);
#1346 = CARTESIAN_POINT('',(0.,14.964764778616));
#1347 = VECTOR('',#1348,1.);
#1348 = DIRECTION('',(1.,0.));
#1349 = ( GEOMETRIC_REPRESENTATION_CONTEXT(2) 
PARAMETRIC_REPRESENTATION_CONTEXT() REPRESENTATION_CONTEXT('2D SPACE',''
  ) );
#1350 = ADVANCED_FACE('',(#1351),#1137,.T.);
#1351 = FACE_BOUND('',#1352,.T.);
#1352 = EDGE_LOOP('',(#1353,#1377,#1396,#1397));
#1353 = ORIENTED_EDGE('',*,*,#1354,.F.);
#1354 = EDGE_CURVE('',#1355,#1286,#1357,.T.);
#1355 = VERTEX_POINT('',#1356);
#1356 = CARTESIAN_POINT('',(42.456617466071,-2.308446305322,
    44.025776869053));
#1357 = SURFACE_CURVE('',#1358,(#1363,#1370),.PCURVE_S1.);
#1358 = CIRCLE('',#1359,6.);
#1359 = AXIS2_PLACEMENT_3D('',#1360,#1361,#1362);
#1360 = CARTESIAN_POINT('',(47.994764778616,0.,44.025776869053));
#1361 = DIRECTION('',(0.,0.,1.));
#1362 = DIRECTION('',(-0.923024552091,-0.384741050887,0.));
#1363 = PCURVE('',#1137,#1364);
#1364 = DEFINITIONAL_REPRESENTATION('',(#1365),#1369);
#1365 = LINE('',#1366,#1367);
#1366 = CARTESIAN_POINT('',(3.536519915612,25.515752531088));
#1367 = VECTOR('',#1368,1.);
#1368 = DIRECTION('',(1.,0.));
#1369 = ( GEOMETRIC_REPRESENTATION_CONTEXT(2) 
PARAMETRIC_REPRESENTATION_CONTEXT() REPRESENTATION_CONTEXT('2D SPACE',''
  ) );
#1370 = PCURVE('',#101,#1371);
#1371 = DEFINITIONAL_REPRESENTATION('',(#1372),#1376);
#1372 = CIRCLE('',#1373,6.);
#1373 = AXIS2_PLACEMENT_2D('',#1374,#1375);
#1374 = CARTESIAN_POINT('',(14.782130208617,1.816980627721));
#1375 = DIRECTION('',(-0.953044557057,-0.30283010462));
#1376 = ( GEOMETRIC_REPRESENTATION_CONTEXT(2) 
PARAMETRIC_REPRESENTATION_CONTEXT() REPRESENTATION_CONTEXT('2D SPACE',''
  ) );
#1377 = ORIENTED_EDGE('',*,*,#1378,.F.);
#1378 = EDGE_CURVE('',#1089,#1355,#1379,.T.);
#1379 = SURFACE_CURVE('',#1380,(#1384,#1390),.PCURVE_S1.);
#1380 = LINE('',#1381,#1382);
#1381 = CARTESIAN_POINT('',(42.456617466071,-2.308446305322,
    18.510024337965));
#1382 = VECTOR('',#1383,1.);
#1383 = DIRECTION('',(0.,0.,1.));
#1384 = PCURVE('',#1137,#1385);
#1385 = DEFINITIONAL_REPRESENTATION('',(#1386),#1389);
#1386 = B_SPLINE_CURVE_WITH_KNOTS('',1,(#1387,#1388),.UNSPECIFIED.,.F.,
  .F.,(2,2),(0.,25.515752531088),.PIECEWISE_BEZIER_KNOTS.);
#1387 = CARTESIAN_POINT('',(3.536519915612,0.));
#1388 = CARTESIAN_POINT('',(3.536519915612,25.515752531088));
#1389 = ( GEOMETRIC_REPRESENTATION_CONTEXT(2) 
PARAMETRIC_REPRESENTATION_CONTEXT() REPRESENTATION_CONTEXT('2D SPACE',''
  ) );
#1390 = PCURVE('',#1104,#1391);
#1391 = DEFINITIONAL_REPRESENTATION('',(#1392),#1395);
#1392 = B_SPLINE_CURVE_WITH_KNOTS('',1,(#1393,#1394),.UNSPECIFIED.,.F.,
  .F.,(2,2),(-2.399999999625E-06,25.515754931088),
  .PIECEWISE_BEZIER_KNOTS.);
#1393 = CARTESIAN_POINT('',(-2.399999999625E-06,9.063862866276));
#1394 = CARTESIAN_POINT('',(25.515754931088,9.063862866276));
#1395 = ( GEOMETRIC_REPRESENTATION_CONTEXT(2) 
PARAMETRIC_REPRESENTATION_CONTEXT() REPRESENTATION_CONTEXT('2D SPACE',''
  ) );
#1396 = ORIENTED_EDGE('',*,*,#1116,.F.);
#1397 = ORIENTED_EDGE('',*,*,#1310,.T.);
#1398 = ADVANCED_FACE('',(#1399),#1104,.F.);
#1399 = FACE_BOUND('',#1400,.F.);
#1400 = EDGE_LOOP('',(#1401,#1402,#1423,#1444));
#1401 = ORIENTED_EDGE('',*,*,#1088,.F.);
#1402 = ORIENTED_EDGE('',*,*,#1403,.T.);
#1403 = EDGE_CURVE('',#1060,#1404,#1406,.T.);
#1404 = VERTEX_POINT('',#1405);
#1405 = CARTESIAN_POINT('',(41.324697313385,-2.407476486699,
    44.025776869053));
#1406 = SURFACE_CURVE('',#1407,(#1411,#1417),.PCURVE_S1.);
#1407 = LINE('',#1408,#1409);
#1408 = CARTESIAN_POINT('',(41.324697313385,-2.407476486699,
    -19.76360445866));
#1409 = VECTOR('',#1410,1.);
#1410 = DIRECTION('',(0.,0.,1.));
#1411 = PCURVE('',#1104,#1412);
#1412 = DEFINITIONAL_REPRESENTATION('',(#1413),#1416);
#1413 = B_SPLINE_CURVE_WITH_KNOTS('',1,(#1414,#1415),.UNSPECIFIED.,.F.,
  .F.,(2,2),(35.722053543523,66.340956580829),.PIECEWISE_BEZIER_KNOTS.);
#1414 = CARTESIAN_POINT('',(-2.551575253109,7.927618962495));
#1415 = CARTESIAN_POINT('',(28.067327784197,7.927618962495));
#1416 = ( GEOMETRIC_REPRESENTATION_CONTEXT(2) 
PARAMETRIC_REPRESENTATION_CONTEXT() REPRESENTATION_CONTEXT('2D SPACE',''
  ) );
#1417 = PCURVE('',#1076,#1418);
#1418 = DEFINITIONAL_REPRESENTATION('',(#1419),#1422);
#1419 = B_SPLINE_CURVE_WITH_KNOTS('',1,(#1420,#1421),.UNSPECIFIED.,.F.,
  .F.,(2,2),(38.273628796632,63.78938132772),.PIECEWISE_BEZIER_KNOTS.);
#1420 = CARTESIAN_POINT('',(6.224993509974,38.273628796632));
#1421 = CARTESIAN_POINT('',(6.224993509974,63.78938132772));
#1422 = ( GEOMETRIC_REPRESENTATION_CONTEXT(2) 
PARAMETRIC_REPRESENTATION_CONTEXT() REPRESENTATION_CONTEXT('2D SPACE',''
  ) );
#1423 = ORIENTED_EDGE('',*,*,#1424,.T.);
#1424 = EDGE_CURVE('',#1404,#1355,#1425,.T.);
#1425 = SURFACE_CURVE('',#1426,(#1430,#1437),.PCURVE_S1.);
#1426 = LINE('',#1427,#1428);
#1427 = CARTESIAN_POINT('',(33.427245334456,-3.098414005595,
    44.025776869053));
#1428 = VECTOR('',#1429,1.);
#1429 = DIRECTION('',(0.996194698092,8.715574274766E-02,0.));
#1430 = PCURVE('',#1104,#1431);
#1431 = DEFINITIONAL_REPRESENTATION('',(#1432),#1436);
#1432 = LINE('',#1433,#1434);
#1433 = CARTESIAN_POINT('',(25.515752531088,0.));
#1434 = VECTOR('',#1435,1.);
#1435 = DIRECTION('',(0.,1.));
#1436 = ( GEOMETRIC_REPRESENTATION_CONTEXT(2) 
PARAMETRIC_REPRESENTATION_CONTEXT() REPRESENTATION_CONTEXT('2D SPACE',''
  ) );
#1437 = PCURVE('',#101,#1438);
#1438 = DEFINITIONAL_REPRESENTATION('',(#1439),#1443);
#1439 = LINE('',#1440,#1441);
#1440 = CARTESIAN_POINT('',(0.,0.));
#1441 = VECTOR('',#1442,1.);
#1442 = DIRECTION('',(1.,0.));
#1443 = ( GEOMETRIC_REPRESENTATION_CONTEXT(2) 
PARAMETRIC_REPRESENTATION_CONTEXT() REPRESENTATION_CONTEXT('2D SPACE',''
  ) );
#1444 = ORIENTED_EDGE('',*,*,#1378,.F.);
#1445 = ADVANCED_FACE('',(#1446),#1076,.F.);
#1446 = FACE_BOUND('',#1447,.F.);
#1447 = EDGE_LOOP('',(#1448,#1449,#1450,#1471));
#1448 = ORIENTED_EDGE('',*,*,#1403,.F.);
#1449 = ORIENTED_EDGE('',*,*,#1059,.T.);
#1450 = ORIENTED_EDGE('',*,*,#1451,.T.);
#1451 = EDGE_CURVE('',#140,#58,#1452,.T.);
#1452 = SURFACE_CURVE('',#1453,(#1457,#1464),.PCURVE_S1.);
#1453 = LINE('',#1454,#1455);
#1454 = CARTESIAN_POINT('',(41.237245201212,3.607791470145,
    -19.76360445866));
#1455 = VECTOR('',#1456,1.);
#1456 = DIRECTION('',(0.,0.,1.));
#1457 = PCURVE('',#1076,#1458);
#1458 = DEFINITIONAL_REPRESENTATION('',(#1459),#1463);
#1459 = LINE('',#1460,#1461);
#1460 = CARTESIAN_POINT('',(6.370451769779,0.));
#1461 = VECTOR('',#1462,1.);
#1462 = DIRECTION('',(0.,1.));
#1463 = ( GEOMETRIC_REPRESENTATION_CONTEXT(2) 
PARAMETRIC_REPRESENTATION_CONTEXT() REPRESENTATION_CONTEXT('2D SPACE',''
  ) );
#1464 = PCURVE('',#72,#1465);
#1465 = DEFINITIONAL_REPRESENTATION('',(#1466),#1470);
#1466 = LINE('',#1467,#1468);
#1467 = CARTESIAN_POINT('',(74.040097351861,124.18429433584));
#1468 = VECTOR('',#1469,1.);
#1469 = DIRECTION('',(1.,0.));
#1470 = ( GEOMETRIC_REPRESENTATION_CONTEXT(2) 
PARAMETRIC_REPRESENTATION_CONTEXT() REPRESENTATION_CONTEXT('2D SPACE',''
  ) );
#1471 = ORIENTED_EDGE('',*,*,#1472,.T.);
#1472 = EDGE_CURVE('',#58,#1404,#1473,.T.);
#1473 = SURFACE_CURVE('',#1474,(#1479,#1486),.PCURVE_S1.);
#1474 = CIRCLE('',#1475,41.394764778616);
#1475 = AXIS2_PLACEMENT_3D('',#1476,#1477,#1478);
#1476 = CARTESIAN_POINT('',(0.,0.,44.025776869053));
#1477 = DIRECTION('',(0.,7.442685279947E-16,-1.));
#1478 = DIRECTION('',(0.973041606006,0.230629644629,1.716503861201E-16)
  );
#1479 = PCURVE('',#1076,#1480);
#1480 = DEFINITIONAL_REPRESENTATION('',(#1481),#1485);
#1481 = LINE('',#1482,#1483);
#1482 = CARTESIAN_POINT('',(6.515910029585,63.78938132772));
#1483 = VECTOR('',#1484,1.);
#1484 = DIRECTION('',(-1.,-0.));
#1485 = ( GEOMETRIC_REPRESENTATION_CONTEXT(2) 
PARAMETRIC_REPRESENTATION_CONTEXT() REPRESENTATION_CONTEXT('2D SPACE',''
  ) );
#1486 = PCURVE('',#101,#1487);
#1487 = DEFINITIONAL_REPRESENTATION('',(#1488),#1496);
#1488 = ( BOUNDED_CURVE() B_SPLINE_CURVE(2,(#1489,#1490,#1491,#1492,
#1493,#1494,#1495),.UNSPECIFIED.,.T.,.F.) B_SPLINE_CURVE_WITH_KNOTS((1,2
    ,2,2,2,1),(-2.094395102393,0.,2.094395102393,4.188790204786,
6.28318530718,8.377580409573),.UNSPECIFIED.) CURVE() 
GEOMETRIC_REPRESENTATION_ITEM() RATIONAL_B_SPLINE_CURVE((1.,0.5,1.,0.5,
1.,0.5,1.)) REPRESENTATION_ITEM('') );
#1489 = CARTESIAN_POINT('',(7.927618962495,12.));
#1490 = CARTESIAN_POINT('',(18.319923807908,-58.94067700008));
#1491 = CARTESIAN_POINT('',(-48.31265705854,-32.47033850004));
#1492 = CARTESIAN_POINT('',(-114.9452379249,-6.));
#1493 = CARTESIAN_POINT('',(-58.70496190395,38.470338500044));
#1494 = CARTESIAN_POINT('',(-2.464685882918,82.940677000088));
#1495 = CARTESIAN_POINT('',(7.927618962495,12.));
#1496 = ( GEOMETRIC_REPRESENTATION_CONTEXT(2) 
PARAMETRIC_REPRESENTATION_CONTEXT() REPRESENTATION_CONTEXT('2D SPACE',''
  ) );
#1497 = ADVANCED_FACE('',(#1498),#128,.T.);
#1498 = FACE_BOUND('',#1499,.T.);
#1499 = EDGE_LOOP('',(#1500,#1501,#1522,#1523));
#1500 = ORIENTED_EDGE('',*,*,#113,.T.);
#1501 = ORIENTED_EDGE('',*,*,#1502,.F.);
#1502 = EDGE_CURVE('',#1288,#85,#1503,.T.);
#1503 = SURFACE_CURVE('',#1504,(#1508,#1515),.PCURVE_S1.);
#1504 = LINE('',#1505,#1506);
#1505 = CARTESIAN_POINT('',(47.289195752131,10.16018756083,
    44.025776869053));
#1506 = VECTOR('',#1507,1.);
#1507 = DIRECTION('',(-0.996194698092,-8.715574274766E-02,0.));
#1508 = PCURVE('',#128,#1509);
#1509 = DEFINITIONAL_REPRESENTATION('',(#1510),#1514);
#1510 = LINE('',#1511,#1512);
#1511 = CARTESIAN_POINT('',(25.515752531088,14.964764778616));
#1512 = VECTOR('',#1513,1.);
#1513 = DIRECTION('',(0.,-1.));
#1514 = ( GEOMETRIC_REPRESENTATION_CONTEXT(2) 
PARAMETRIC_REPRESENTATION_CONTEXT() REPRESENTATION_CONTEXT('2D SPACE',''
  ) );
#1515 = PCURVE('',#101,#1516);
#1516 = DEFINITIONAL_REPRESENTATION('',(#1517),#1521);
#1517 = LINE('',#1518,#1519);
#1518 = CARTESIAN_POINT('',(14.964764778616,12.));
#1519 = VECTOR('',#1520,1.);
#1520 = DIRECTION('',(-1.,1.52655665886E-16));
#1521 = ( GEOMETRIC_REPRESENTATION_CONTEXT(2) 
PARAMETRIC_REPRESENTATION_CONTEXT() REPRESENTATION_CONTEXT('2D SPACE',''
  ) );
#1522 = ORIENTED_EDGE('',*,*,#1330,.F.);
#1523 = ORIENTED_EDGE('',*,*,#1177,.T.);
#1524 = ADVANCED_FACE('',(#1525),#207,.F.);
#1525 = FACE_BOUND('',#1526,.F.);
#1526 = EDGE_LOOP('',(#1527,#1549,#1550,#1571));
#1527 = ORIENTED_EDGE('',*,*,#1528,.F.);
#1528 = EDGE_CURVE('',#169,#1529,#1531,.T.);
#1529 = VERTEX_POINT('',#1530);
#1530 = CARTESIAN_POINT('',(36.560345419967,3.198615758839,0.));
#1531 = SURFACE_CURVE('',#1532,(#1536,#1542),.PCURVE_S1.);
#1532 = LINE('',#1533,#1534);
#1533 = CARTESIAN_POINT('',(-41.23724520121,-3.607791470145,0.));
#1534 = VECTOR('',#1535,1.);
#1535 = DIRECTION('',(-0.996194698092,-8.715574274766E-02,0.));
#1536 = PCURVE('',#207,#1537);
#1537 = DEFINITIONAL_REPRESENTATION('',(#1538),#1541);
#1538 = B_SPLINE_CURVE_WITH_KNOTS('',1,(#1539,#1540),.UNSPECIFIED.,.F.,
  .F.,(2,2),(-82.94765083383,0.158121276599),.PIECEWISE_BEZIER_KNOTS.);
#1539 = CARTESIAN_POINT('',(41.394764778616,3.621572647451));
#1540 = CARTESIAN_POINT('',(-41.39476477861,-3.621572647451));
#1541 = ( GEOMETRIC_REPRESENTATION_CONTEXT(2) 
PARAMETRIC_REPRESENTATION_CONTEXT() REPRESENTATION_CONTEXT('2D SPACE',''
  ) );
#1542 = PCURVE('',#72,#1543);
#1543 = DEFINITIONAL_REPRESENTATION('',(#1544),#1548);
#1544 = LINE('',#1545,#1546);
#1545 = CARTESIAN_POINT('',(93.803701810528,41.394764778616));
#1546 = VECTOR('',#1547,1.);
#1547 = DIRECTION('',(0.,-1.));
#1548 = ( GEOMETRIC_REPRESENTATION_CONTEXT(2) 
PARAMETRIC_REPRESENTATION_CONTEXT() REPRESENTATION_CONTEXT('2D SPACE',''
  ) );
#1549 = ORIENTED_EDGE('',*,*,#190,.T.);
#1550 = ORIENTED_EDGE('',*,*,#1551,.T.);
#1551 = EDGE_CURVE('',#191,#1552,#1554,.T.);
#1552 = VERTEX_POINT('',#1553);
#1553 = CARTESIAN_POINT('',(-36.56034541996,3.198615758839,0.));
#1554 = SURFACE_CURVE('',#1555,(#1559,#1565),.PCURVE_S1.);
#1555 = LINE('',#1556,#1557);
#1556 = CARTESIAN_POINT('',(41.237245201212,-3.607791470145,0.));
#1557 = VECTOR('',#1558,1.);
#1558 = DIRECTION('',(0.996194698092,-8.715574274766E-02,0.));
#1559 = PCURVE('',#207,#1560);
#1560 = DEFINITIONAL_REPRESENTATION('',(#1561),#1564);
#1561 = B_SPLINE_CURVE_WITH_KNOTS('',1,(#1562,#1563),.UNSPECIFIED.,.F.,
  .F.,(2,2),(-82.94765083383,2.138998688368E-14),
  .PIECEWISE_BEZIER_KNOTS.);
#1562 = CARTESIAN_POINT('',(-41.39476477861,3.621572647451));
#1563 = CARTESIAN_POINT('',(41.237245201212,-3.607791470145));
#1564 = ( GEOMETRIC_REPRESENTATION_CONTEXT(2) 
PARAMETRIC_REPRESENTATION_CONTEXT() REPRESENTATION_CONTEXT('2D SPACE',''
  ) );
#1565 = PCURVE('',#232,#1566);
#1566 = DEFINITIONAL_REPRESENTATION('',(#1567),#1570);
#1567 = B_SPLINE_CURVE_WITH_KNOTS('',1,(#1568,#1569),.UNSPECIFIED.,.F.,
  .F.,(2,2),(-82.94765083383,2.138998688368E-14),
  .PIECEWISE_BEZIER_KNOTS.);
#1568 = CARTESIAN_POINT('',(93.803701810528,124.34241561244));
#1569 = CARTESIAN_POINT('',(93.803701810528,41.394764778616));
#1570 = ( GEOMETRIC_REPRESENTATION_CONTEXT(2) 
PARAMETRIC_REPRESENTATION_CONTEXT() REPRESENTATION_CONTEXT('2D SPACE',''
  ) );
#1571 = ORIENTED_EDGE('',*,*,#1572,.F.);
#1572 = EDGE_CURVE('',#1529,#1552,#1573,.T.);
#1573 = SURFACE_CURVE('',#1574,(#1579,#1586),.PCURVE_S1.);
#1574 = CIRCLE('',#1575,36.7);
#1575 = AXIS2_PLACEMENT_3D('',#1576,#1577,#1578);
#1576 = CARTESIAN_POINT('',(0.,0.,0.));
#1577 = DIRECTION('',(0.,0.,1.));
#1578 = DIRECTION('',(1.,0.,-0.));
#1579 = PCURVE('',#207,#1580);
#1580 = DEFINITIONAL_REPRESENTATION('',(#1581),#1585);
#1581 = CIRCLE('',#1582,36.7);
#1582 = AXIS2_PLACEMENT_2D('',#1583,#1584);
#1583 = CARTESIAN_POINT('',(0.,0.));
#1584 = DIRECTION('',(1.,0.));
#1585 = ( GEOMETRIC_REPRESENTATION_CONTEXT(2) 
PARAMETRIC_REPRESENTATION_CONTEXT() REPRESENTATION_CONTEXT('2D SPACE',''
  ) );
#1586 = PCURVE('',#1587,#1592);
#1587 = CYLINDRICAL_SURFACE('',#1588,36.7);
#1588 = AXIS2_PLACEMENT_3D('',#1589,#1590,#1591);
#1589 = CARTESIAN_POINT('',(0.,0.,-93.80370181052));
#1590 = DIRECTION('',(0.,0.,1.));
#1591 = DIRECTION('',(1.,0.,-0.));
#1592 = DEFINITIONAL_REPRESENTATION('',(#1593),#1597);
#1593 = LINE('',#1594,#1595);
#1594 = CARTESIAN_POINT('',(0.,93.803701810528));
#1595 = VECTOR('',#1596,1.);
#1596 = DIRECTION('',(1.,0.));
#1597 = ( GEOMETRIC_REPRESENTATION_CONTEXT(2) 
PARAMETRIC_REPRESENTATION_CONTEXT() REPRESENTATION_CONTEXT('2D SPACE',''
  ) );
#1598 = ADVANCED_FACE('',(#1599,#1773,#1885),#1587,.F.);
#1599 = FACE_BOUND('',#1600,.F.);
#1600 = EDGE_LOOP('',(#1601,#1627,#1649,#1678,#1704,#1733,#1753,#1754));
#1601 = ORIENTED_EDGE('',*,*,#1602,.F.);
#1602 = EDGE_CURVE('',#1603,#1605,#1607,.T.);
#1603 = VERTEX_POINT('',#1604);
#1604 = CARTESIAN_POINT('',(36.560345419967,3.198615758839,
    62.535801207019));
#1605 = VERTEX_POINT('',#1606);
#1606 = CARTESIAN_POINT('',(-36.56034541996,3.198615758839,
    62.535801207019));
#1607 = SURFACE_CURVE('',#1608,(#1613,#1620),.PCURVE_S1.);
#1608 = CIRCLE('',#1609,36.7);
#1609 = AXIS2_PLACEMENT_3D('',#1610,#1611,#1612);
#1610 = CARTESIAN_POINT('',(0.,0.,62.535801207019));
#1611 = DIRECTION('',(0.,0.,1.));
#1612 = DIRECTION('',(1.,0.,-0.));
#1613 = PCURVE('',#1587,#1614);
#1614 = DEFINITIONAL_REPRESENTATION('',(#1615),#1619);
#1615 = LINE('',#1616,#1617);
#1616 = CARTESIAN_POINT('',(0.,156.33950301754));
#1617 = VECTOR('',#1618,1.);
#1618 = DIRECTION('',(1.,0.));
#1619 = ( GEOMETRIC_REPRESENTATION_CONTEXT(2) 
PARAMETRIC_REPRESENTATION_CONTEXT() REPRESENTATION_CONTEXT('2D SPACE',''
  ) );
#1620 = PCURVE('',#45,#1621);
#1621 = DEFINITIONAL_REPRESENTATION('',(#1622),#1626);
#1622 = CIRCLE('',#1623,36.7);
#1623 = AXIS2_PLACEMENT_2D('',#1624,#1625);
#1624 = CARTESIAN_POINT('',(0.,0.));
#1625 = DIRECTION('',(1.,0.));
#1626 = ( GEOMETRIC_REPRESENTATION_CONTEXT(2) 
PARAMETRIC_REPRESENTATION_CONTEXT() REPRESENTATION_CONTEXT('2D SPACE',''
  ) );
#1627 = ORIENTED_EDGE('',*,*,#1628,.F.);
#1628 = EDGE_CURVE('',#1629,#1603,#1631,.T.);
#1629 = VERTEX_POINT('',#1630);
#1630 = CARTESIAN_POINT('',(36.560345419967,3.198615758839,
    44.025776869053));
#1631 = SURFACE_CURVE('',#1632,(#1636,#1642),.PCURVE_S1.);
#1632 = LINE('',#1633,#1634);
#1633 = CARTESIAN_POINT('',(36.560345419967,3.198615758839,
    -93.80370181052));
#1634 = VECTOR('',#1635,1.);
#1635 = DIRECTION('',(0.,0.,1.));
#1636 = PCURVE('',#1587,#1637);
#1637 = DEFINITIONAL_REPRESENTATION('',(#1638),#1641);
#1638 = B_SPLINE_CURVE_WITH_KNOTS('',1,(#1639,#1640),.UNSPECIFIED.,.F.,
  .F.,(2,2),(93.803701210528,156.33950361754),.PIECEWISE_BEZIER_KNOTS.);
#1639 = CARTESIAN_POINT('',(8.726646259972E-02,93.803701210528));
#1640 = CARTESIAN_POINT('',(8.726646259972E-02,156.33950361754));
#1641 = ( GEOMETRIC_REPRESENTATION_CONTEXT(2) 
PARAMETRIC_REPRESENTATION_CONTEXT() REPRESENTATION_CONTEXT('2D SPACE',''
  ) );
#1642 = PCURVE('',#72,#1643);
#1643 = DEFINITIONAL_REPRESENTATION('',(#1644),#1648);
#1644 = LINE('',#1645,#1646);
#1645 = CARTESIAN_POINT('',(0.,119.48952955723));
#1646 = VECTOR('',#1647,1.);
#1647 = DIRECTION('',(1.,0.));
#1648 = ( GEOMETRIC_REPRESENTATION_CONTEXT(2) 
PARAMETRIC_REPRESENTATION_CONTEXT() REPRESENTATION_CONTEXT('2D SPACE',''
  ) );
#1649 = ORIENTED_EDGE('',*,*,#1650,.T.);
#1650 = EDGE_CURVE('',#1629,#1651,#1653,.T.);
#1651 = VERTEX_POINT('',#1652);
#1652 = CARTESIAN_POINT('',(35.54550490084,9.132747743389,
    44.025776869053));
#1653 = SURFACE_CURVE('',#1654,(#1659,#1666),.PCURVE_S1.);
#1654 = CIRCLE('',#1655,36.7);
#1655 = AXIS2_PLACEMENT_3D('',#1656,#1657,#1658);
#1656 = CARTESIAN_POINT('',(0.,0.,44.025776869053));
#1657 = DIRECTION('',(0.,0.,1.));
#1658 = DIRECTION('',(1.,0.,-0.));
#1659 = PCURVE('',#1587,#1660);
#1660 = DEFINITIONAL_REPRESENTATION('',(#1661),#1665);
#1661 = LINE('',#1662,#1663);
#1662 = CARTESIAN_POINT('',(0.,137.82947867958));
#1663 = VECTOR('',#1664,1.);
#1664 = DIRECTION('',(1.,0.));
#1665 = ( GEOMETRIC_REPRESENTATION_CONTEXT(2) 
PARAMETRIC_REPRESENTATION_CONTEXT() REPRESENTATION_CONTEXT('2D SPACE',''
  ) );
#1666 = PCURVE('',#1667,#1672);
#1667 = PLANE('',#1668);
#1668 = AXIS2_PLACEMENT_3D('',#1669,#1670,#1671);
#1669 = CARTESIAN_POINT('',(33.427245334456,-3.098414005595,
    44.025776869053));
#1670 = DIRECTION('',(0.,0.,1.));
#1671 = DIRECTION('',(0.996194698092,8.715574274766E-02,0.));
#1672 = DEFINITIONAL_REPRESENTATION('',(#1673),#1677);
#1673 = CIRCLE('',#1674,36.7);
#1674 = AXIS2_PLACEMENT_2D('',#1675,#1676);
#1675 = CARTESIAN_POINT('',(-33.03,6.));
#1676 = DIRECTION('',(0.996194698092,-8.715574274766E-02));
#1677 = ( GEOMETRIC_REPRESENTATION_CONTEXT(2) 
PARAMETRIC_REPRESENTATION_CONTEXT() REPRESENTATION_CONTEXT('2D SPACE',''
  ) );
#1678 = ORIENTED_EDGE('',*,*,#1679,.F.);
#1679 = EDGE_CURVE('',#1680,#1651,#1682,.T.);
#1680 = VERTEX_POINT('',#1681);
#1681 = CARTESIAN_POINT('',(35.54550490084,9.132747743389,
    18.510024337965));
#1682 = SURFACE_CURVE('',#1683,(#1687,#1693),.PCURVE_S1.);
#1683 = LINE('',#1684,#1685);
#1684 = CARTESIAN_POINT('',(35.54550490084,9.132747743389,
    -93.80370181052));
#1685 = VECTOR('',#1686,1.);
#1686 = DIRECTION('',(0.,0.,1.));
#1687 = PCURVE('',#1587,#1688);
#1688 = DEFINITIONAL_REPRESENTATION('',(#1689),#1692);
#1689 = B_SPLINE_CURVE_WITH_KNOTS('',1,(#1690,#1691),.UNSPECIFIED.,.F.,
  .F.,(2,2),(109.76215089538,140.38105393269),.PIECEWISE_BEZIER_KNOTS.);
#1690 = CARTESIAN_POINT('',(0.251491392562,109.76215089538));
#1691 = CARTESIAN_POINT('',(0.251491392562,140.38105393269));
#1692 = ( GEOMETRIC_REPRESENTATION_CONTEXT(2) 
PARAMETRIC_REPRESENTATION_CONTEXT() REPRESENTATION_CONTEXT('2D SPACE',''
  ) );
#1693 = PCURVE('',#1694,#1699);
#1694 = PLANE('',#1695);
#1695 = AXIS2_PLACEMENT_3D('',#1696,#1697,#1698);
#1696 = CARTESIAN_POINT('',(32.381376421484,8.855922371506,
    18.510024337965));
#1697 = DIRECTION('',(-8.715574274766E-02,0.996194698092,0.));
#1698 = DIRECTION('',(0.,0.,1.));
#1699 = DEFINITIONAL_REPRESENTATION('',(#1700),#1703);
#1700 = B_SPLINE_CURVE_WITH_KNOTS('',1,(#1701,#1702),.UNSPECIFIED.,.F.,
  .F.,(2,2),(109.76215089538,140.38105393269),.PIECEWISE_BEZIER_KNOTS.);
#1701 = CARTESIAN_POINT('',(-2.551575253109,3.176214936113));
#1702 = CARTESIAN_POINT('',(28.067327784197,3.176214936113));
#1703 = ( GEOMETRIC_REPRESENTATION_CONTEXT(2) 
PARAMETRIC_REPRESENTATION_CONTEXT() REPRESENTATION_CONTEXT('2D SPACE',''
  ) );
#1704 = ORIENTED_EDGE('',*,*,#1705,.F.);
#1705 = EDGE_CURVE('',#1706,#1680,#1708,.T.);
#1706 = VERTEX_POINT('',#1707);
#1707 = CARTESIAN_POINT('',(36.560345419967,3.198615758839,
    18.510024337965));
#1708 = SURFACE_CURVE('',#1709,(#1714,#1721),.PCURVE_S1.);
#1709 = CIRCLE('',#1710,36.7);
#1710 = AXIS2_PLACEMENT_3D('',#1711,#1712,#1713);
#1711 = CARTESIAN_POINT('',(0.,0.,18.510024337965));
#1712 = DIRECTION('',(0.,0.,1.));
#1713 = DIRECTION('',(1.,0.,-0.));
#1714 = PCURVE('',#1587,#1715);
#1715 = DEFINITIONAL_REPRESENTATION('',(#1716),#1720);
#1716 = LINE('',#1717,#1718);
#1717 = CARTESIAN_POINT('',(0.,112.31372614849));
#1718 = VECTOR('',#1719,1.);
#1719 = DIRECTION('',(1.,0.));
#1720 = ( GEOMETRIC_REPRESENTATION_CONTEXT(2) 
PARAMETRIC_REPRESENTATION_CONTEXT() REPRESENTATION_CONTEXT('2D SPACE',''
  ) );
#1721 = PCURVE('',#1722,#1727);
#1722 = PLANE('',#1723);
#1723 = AXIS2_PLACEMENT_3D('',#1724,#1725,#1726);
#1724 = CARTESIAN_POINT('',(33.427245334456,-3.098414005595,
    18.510024337965));
#1725 = DIRECTION('',(0.,0.,1.));
#1726 = DIRECTION('',(0.996194698092,8.715574274766E-02,0.));
#1727 = DEFINITIONAL_REPRESENTATION('',(#1728),#1732);
#1728 = CIRCLE('',#1729,36.7);
#1729 = AXIS2_PLACEMENT_2D('',#1730,#1731);
#1730 = CARTESIAN_POINT('',(-33.03,6.));
#1731 = DIRECTION('',(0.996194698092,-8.715574274766E-02));
#1732 = ( GEOMETRIC_REPRESENTATION_CONTEXT(2) 
PARAMETRIC_REPRESENTATION_CONTEXT() REPRESENTATION_CONTEXT('2D SPACE',''
  ) );
#1733 = ORIENTED_EDGE('',*,*,#1734,.F.);
#1734 = EDGE_CURVE('',#1529,#1706,#1735,.T.);
#1735 = SURFACE_CURVE('',#1736,(#1740,#1746),.PCURVE_S1.);
#1736 = LINE('',#1737,#1738);
#1737 = CARTESIAN_POINT('',(36.560345419967,3.198615758839,
    -93.80370181052));
#1738 = VECTOR('',#1739,1.);
#1739 = DIRECTION('',(0.,0.,1.));
#1740 = PCURVE('',#1587,#1741);
#1741 = DEFINITIONAL_REPRESENTATION('',(#1742),#1745);
#1742 = B_SPLINE_CURVE_WITH_KNOTS('',1,(#1743,#1744),.UNSPECIFIED.,.F.,
  .F.,(2,2),(93.803701210528,156.33950361754),.PIECEWISE_BEZIER_KNOTS.);
#1743 = CARTESIAN_POINT('',(8.726646259972E-02,93.803701210528));
#1744 = CARTESIAN_POINT('',(8.726646259972E-02,156.33950361754));
#1745 = ( GEOMETRIC_REPRESENTATION_CONTEXT(2) 
PARAMETRIC_REPRESENTATION_CONTEXT() REPRESENTATION_CONTEXT('2D SPACE',''
  ) );
#1746 = PCURVE('',#72,#1747);
#1747 = DEFINITIONAL_REPRESENTATION('',(#1748),#1752);
#1748 = LINE('',#1749,#1750);
#1749 = CARTESIAN_POINT('',(0.,119.48952955723));
#1750 = VECTOR('',#1751,1.);
#1751 = DIRECTION('',(1.,0.));
#1752 = ( GEOMETRIC_REPRESENTATION_CONTEXT(2) 
PARAMETRIC_REPRESENTATION_CONTEXT() REPRESENTATION_CONTEXT('2D SPACE',''
  ) );
#1753 = ORIENTED_EDGE('',*,*,#1572,.T.);
#1754 = ORIENTED_EDGE('',*,*,#1755,.T.);
#1755 = EDGE_CURVE('',#1552,#1605,#1756,.T.);
#1756 = SURFACE_CURVE('',#1757,(#1761,#1767),.PCURVE_S1.);
#1757 = LINE('',#1758,#1759);
#1758 = CARTESIAN_POINT('',(-36.56034541996,3.198615758839,
    -93.80370181052));
#1759 = VECTOR('',#1760,1.);
#1760 = DIRECTION('',(0.,0.,1.));
#1761 = PCURVE('',#1587,#1762);
#1762 = DEFINITIONAL_REPRESENTATION('',(#1763),#1766);
#1763 = B_SPLINE_CURVE_WITH_KNOTS('',1,(#1764,#1765),.UNSPECIFIED.,.F.,
  .F.,(2,2),(93.803701210528,156.33950361754),.PIECEWISE_BEZIER_KNOTS.);
#1764 = CARTESIAN_POINT('',(3.05432619099,93.803701210528));
#1765 = CARTESIAN_POINT('',(3.05432619099,156.33950361754));
#1766 = ( GEOMETRIC_REPRESENTATION_CONTEXT(2) 
PARAMETRIC_REPRESENTATION_CONTEXT() REPRESENTATION_CONTEXT('2D SPACE',''
  ) );
#1767 = PCURVE('',#232,#1768);
#1768 = DEFINITIONAL_REPRESENTATION('',(#1769),#1772);
#1769 = B_SPLINE_CURVE_WITH_KNOTS('',1,(#1770,#1771),.UNSPECIFIED.,.F.,
  .F.,(2,2),(93.803701210528,156.33950361754),.PIECEWISE_BEZIER_KNOTS.);
#1770 = CARTESIAN_POINT('',(93.803701210528,119.48952955723));
#1771 = CARTESIAN_POINT('',(156.33950361754,119.48952955723));
#1772 = ( GEOMETRIC_REPRESENTATION_CONTEXT(2) 
PARAMETRIC_REPRESENTATION_CONTEXT() REPRESENTATION_CONTEXT('2D SPACE',''
  ) );
#1773 = FACE_BOUND('',#1774,.F.);
#1774 = EDGE_LOOP('',(#1775,#1806,#1832,#1861));
#1775 = ORIENTED_EDGE('',*,*,#1776,.F.);
#1776 = EDGE_CURVE('',#1777,#1779,#1781,.T.);
#1777 = VERTEX_POINT('',#1778);
#1778 = CARTESIAN_POINT('',(-31.44381490409,18.925551624113,
    12.267900603509));
#1779 = VERTEX_POINT('',#1780);
#1780 = CARTESIAN_POINT('',(-35.10444469177,10.703642505329,
    12.267900603509));
#1781 = SURFACE_CURVE('',#1782,(#1787,#1794),.PCURVE_S1.);
#1782 = CIRCLE('',#1783,36.7);
#1783 = AXIS2_PLACEMENT_3D('',#1784,#1785,#1786);
#1784 = CARTESIAN_POINT('',(0.,0.,12.267900603509));
#1785 = DIRECTION('',(0.,0.,1.));
#1786 = DIRECTION('',(1.,0.,-0.));
#1787 = PCURVE('',#1587,#1788);
#1788 = DEFINITIONAL_REPRESENTATION('',(#1789),#1793);
#1789 = LINE('',#1790,#1791);
#1790 = CARTESIAN_POINT('',(0.,106.07160241403));
#1791 = VECTOR('',#1792,1.);
#1792 = DIRECTION('',(1.,0.));
#1793 = ( GEOMETRIC_REPRESENTATION_CONTEXT(2) 
PARAMETRIC_REPRESENTATION_CONTEXT() REPRESENTATION_CONTEXT('2D SPACE',''
  ) );
#1794 = PCURVE('',#1795,#1800);
#1795 = PLANE('',#1796);
#1796 = AXIS2_PLACEMENT_3D('',#1797,#1798,#1799);
#1797 = CARTESIAN_POINT('',(-28.34409157209,17.545465880185,
    12.267900603509));
#1798 = DIRECTION('',(0.,0.,1.));
#1799 = DIRECTION('',(-0.913545457643,0.406736643076,0.));
#1800 = DEFINITIONAL_REPRESENTATION('',(#1801),#1805);
#1801 = CIRCLE('',#1802,36.7);
#1802 = AXIS2_PLACEMENT_2D('',#1803,#1804);
#1803 = CARTESIAN_POINT('',(-33.03,4.5));
#1804 = DIRECTION('',(-0.913545457643,-0.406736643076));
#1805 = ( GEOMETRIC_REPRESENTATION_CONTEXT(2) 
PARAMETRIC_REPRESENTATION_CONTEXT() REPRESENTATION_CONTEXT('2D SPACE',''
  ) );
#1806 = ORIENTED_EDGE('',*,*,#1807,.T.);
#1807 = EDGE_CURVE('',#1777,#1808,#1810,.T.);
#1808 = VERTEX_POINT('',#1809);
#1809 = CARTESIAN_POINT('',(-31.44381490409,18.925551624113,
    21.267900603509));
#1810 = SURFACE_CURVE('',#1811,(#1815,#1821),.PCURVE_S1.);
#1811 = LINE('',#1812,#1813);
#1812 = CARTESIAN_POINT('',(-31.44381490409,18.925551624113,
    -93.80370181052));
#1813 = VECTOR('',#1814,1.);
#1814 = DIRECTION('',(0.,0.,1.));
#1815 = PCURVE('',#1587,#1816);
#1816 = DEFINITIONAL_REPRESENTATION('',(#1817),#1820);
#1817 = B_SPLINE_CURVE_WITH_KNOTS('',1,(#1818,#1819),.UNSPECIFIED.,.F.,
  .F.,(2,2),(105.17160241403,115.97160241403),.PIECEWISE_BEZIER_KNOTS.);
#1818 = CARTESIAN_POINT('',(2.599788484477,105.17160241403));
#1819 = CARTESIAN_POINT('',(2.599788484477,115.97160241403));
#1820 = ( GEOMETRIC_REPRESENTATION_CONTEXT(2) 
PARAMETRIC_REPRESENTATION_CONTEXT() REPRESENTATION_CONTEXT('2D SPACE',''
  ) );
#1821 = PCURVE('',#1822,#1827);
#1822 = PLANE('',#1823);
#1823 = AXIS2_PLACEMENT_3D('',#1824,#1825,#1826);
#1824 = CARTESIAN_POINT('',(-28.34409157209,17.545465880185,
    12.267900603509));
#1825 = DIRECTION('',(-0.406736643076,-0.913545457643,0.));
#1826 = DIRECTION('',(0.,0.,1.));
#1827 = DEFINITIONAL_REPRESENTATION('',(#1828),#1831);
#1828 = B_SPLINE_CURVE_WITH_KNOTS('',1,(#1829,#1830),.UNSPECIFIED.,.F.,
  .F.,(2,2),(105.17160241403,115.97160241403),.PIECEWISE_BEZIER_KNOTS.);
#1829 = CARTESIAN_POINT('',(-0.9,3.393069612541));
#1830 = CARTESIAN_POINT('',(9.9,3.393069612541));
#1831 = ( GEOMETRIC_REPRESENTATION_CONTEXT(2) 
PARAMETRIC_REPRESENTATION_CONTEXT() REPRESENTATION_CONTEXT('2D SPACE',''
  ) );
#1832 = ORIENTED_EDGE('',*,*,#1833,.T.);
#1833 = EDGE_CURVE('',#1808,#1834,#1836,.T.);
#1834 = VERTEX_POINT('',#1835);
#1835 = CARTESIAN_POINT('',(-35.10444469177,10.703642505329,
    21.267900603509));
#1836 = SURFACE_CURVE('',#1837,(#1842,#1849),.PCURVE_S1.);
#1837 = CIRCLE('',#1838,36.7);
#1838 = AXIS2_PLACEMENT_3D('',#1839,#1840,#1841);
#1839 = CARTESIAN_POINT('',(0.,0.,21.267900603509));
#1840 = DIRECTION('',(0.,0.,1.));
#1841 = DIRECTION('',(1.,0.,-0.));
#1842 = PCURVE('',#1587,#1843);
#1843 = DEFINITIONAL_REPRESENTATION('',(#1844),#1848);
#1844 = LINE('',#1845,#1846);
#1845 = CARTESIAN_POINT('',(0.,115.07160241403));
#1846 = VECTOR('',#1847,1.);
#1847 = DIRECTION('',(1.,0.));
#1848 = ( GEOMETRIC_REPRESENTATION_CONTEXT(2) 
PARAMETRIC_REPRESENTATION_CONTEXT() REPRESENTATION_CONTEXT('2D SPACE',''
  ) );
#1849 = PCURVE('',#1850,#1855);
#1850 = PLANE('',#1851);
#1851 = AXIS2_PLACEMENT_3D('',#1852,#1853,#1854);
#1852 = CARTESIAN_POINT('',(-28.34409157209,17.545465880185,
    21.267900603509));
#1853 = DIRECTION('',(0.,0.,1.));
#1854 = DIRECTION('',(-0.913545457643,0.406736643076,0.));
#1855 = DEFINITIONAL_REPRESENTATION('',(#1856),#1860);
#1856 = CIRCLE('',#1857,36.7);
#1857 = AXIS2_PLACEMENT_2D('',#1858,#1859);
#1858 = CARTESIAN_POINT('',(-33.03,4.5));
#1859 = DIRECTION('',(-0.913545457643,-0.406736643076));
#1860 = ( GEOMETRIC_REPRESENTATION_CONTEXT(2) 
PARAMETRIC_REPRESENTATION_CONTEXT() REPRESENTATION_CONTEXT('2D SPACE',''
  ) );
#1861 = ORIENTED_EDGE('',*,*,#1862,.F.);
#1862 = EDGE_CURVE('',#1779,#1834,#1863,.T.);
#1863 = SURFACE_CURVE('',#1864,(#1868,#1874),.PCURVE_S1.);
#1864 = LINE('',#1865,#1866);
#1865 = CARTESIAN_POINT('',(-35.10444469177,10.703642505329,
    -93.80370181052));
#1866 = VECTOR('',#1867,1.);
#1867 = DIRECTION('',(0.,0.,1.));
#1868 = PCURVE('',#1587,#1869);
#1869 = DEFINITIONAL_REPRESENTATION('',(#1870),#1873);
#1870 = B_SPLINE_CURVE_WITH_KNOTS('',1,(#1871,#1872),.UNSPECIFIED.,.F.,
  .F.,(2,2),(105.17160241403,115.97160241403),.PIECEWISE_BEZIER_KNOTS.);
#1871 = CARTESIAN_POINT('',(2.845638781746,105.17160241403));
#1872 = CARTESIAN_POINT('',(2.845638781746,115.97160241403));
#1873 = ( GEOMETRIC_REPRESENTATION_CONTEXT(2) 
PARAMETRIC_REPRESENTATION_CONTEXT() REPRESENTATION_CONTEXT('2D SPACE',''
  ) );
#1874 = PCURVE('',#1875,#1880);
#1875 = PLANE('',#1876);
#1876 = AXIS2_PLACEMENT_3D('',#1877,#1878,#1879);
#1877 = CARTESIAN_POINT('',(-32.00472135977,9.323556761402,
    12.267900603509));
#1878 = DIRECTION('',(-0.406736643076,-0.913545457643,0.));
#1879 = DIRECTION('',(0.,0.,1.));
#1880 = DEFINITIONAL_REPRESENTATION('',(#1881),#1884);
#1881 = B_SPLINE_CURVE_WITH_KNOTS('',1,(#1882,#1883),.UNSPECIFIED.,.F.,
  .F.,(2,2),(105.17160241403,115.97160241403),.PIECEWISE_BEZIER_KNOTS.);
#1882 = CARTESIAN_POINT('',(-0.9,3.393069612541));
#1883 = CARTESIAN_POINT('',(9.9,3.393069612541));
#1884 = ( GEOMETRIC_REPRESENTATION_CONTEXT(2) 
PARAMETRIC_REPRESENTATION_CONTEXT() REPRESENTATION_CONTEXT('2D SPACE',''
  ) );
#1885 = FACE_BOUND('',#1886,.F.);
#1886 = EDGE_LOOP('',(#1887,#1918,#1944,#1973));
#1887 = ORIENTED_EDGE('',*,*,#1888,.F.);
#1888 = EDGE_CURVE('',#1889,#1891,#1893,.T.);
#1889 = VERTEX_POINT('',#1890);
#1890 = CARTESIAN_POINT('',(-31.44381490409,18.925551624113,
    41.267900603509));
#1891 = VERTEX_POINT('',#1892);
#1892 = CARTESIAN_POINT('',(-35.10444469177,10.703642505329,
    41.267900603509));
#1893 = SURFACE_CURVE('',#1894,(#1899,#1906),.PCURVE_S1.);
#1894 = CIRCLE('',#1895,36.7);
#1895 = AXIS2_PLACEMENT_3D('',#1896,#1897,#1898);
#1896 = CARTESIAN_POINT('',(0.,0.,41.267900603509));
#1897 = DIRECTION('',(0.,0.,1.));
#1898 = DIRECTION('',(1.,0.,-0.));
#1899 = PCURVE('',#1587,#1900);
#1900 = DEFINITIONAL_REPRESENTATION('',(#1901),#1905);
#1901 = LINE('',#1902,#1903);
#1902 = CARTESIAN_POINT('',(0.,135.07160241403));
#1903 = VECTOR('',#1904,1.);
#1904 = DIRECTION('',(1.,0.));
#1905 = ( GEOMETRIC_REPRESENTATION_CONTEXT(2) 
PARAMETRIC_REPRESENTATION_CONTEXT() REPRESENTATION_CONTEXT('2D SPACE',''
  ) );
#1906 = PCURVE('',#1907,#1912);
#1907 = PLANE('',#1908);
#1908 = AXIS2_PLACEMENT_3D('',#1909,#1910,#1911);
#1909 = CARTESIAN_POINT('',(-28.34409157209,17.545465880185,
    41.267900603509));
#1910 = DIRECTION('',(0.,0.,1.));
#1911 = DIRECTION('',(-0.913545457643,0.406736643076,0.));
#1912 = DEFINITIONAL_REPRESENTATION('',(#1913),#1917);
#1913 = CIRCLE('',#1914,36.7);
#1914 = AXIS2_PLACEMENT_2D('',#1915,#1916);
#1915 = CARTESIAN_POINT('',(-33.03,4.5));
#1916 = DIRECTION('',(-0.913545457643,-0.406736643076));
#1917 = ( GEOMETRIC_REPRESENTATION_CONTEXT(2) 
PARAMETRIC_REPRESENTATION_CONTEXT() REPRESENTATION_CONTEXT('2D SPACE',''
  ) );
#1918 = ORIENTED_EDGE('',*,*,#1919,.T.);
#1919 = EDGE_CURVE('',#1889,#1920,#1922,.T.);
#1920 = VERTEX_POINT('',#1921);
#1921 = CARTESIAN_POINT('',(-31.44381490409,18.925551624113,
    50.267900603509));
#1922 = SURFACE_CURVE('',#1923,(#1927,#1933),.PCURVE_S1.);
#1923 = LINE('',#1924,#1925);
#1924 = CARTESIAN_POINT('',(-31.44381490409,18.925551624113,
    -93.80370181052));
#1925 = VECTOR('',#1926,1.);
#1926 = DIRECTION('',(0.,0.,1.));
#1927 = PCURVE('',#1587,#1928);
#1928 = DEFINITIONAL_REPRESENTATION('',(#1929),#1932);
#1929 = B_SPLINE_CURVE_WITH_KNOTS('',1,(#1930,#1931),.UNSPECIFIED.,.F.,
  .F.,(2,2),(134.17160241403,144.97160241403),.PIECEWISE_BEZIER_KNOTS.);
#1930 = CARTESIAN_POINT('',(2.599788484477,134.17160241403));
#1931 = CARTESIAN_POINT('',(2.599788484477,144.97160241403));
#1932 = ( GEOMETRIC_REPRESENTATION_CONTEXT(2) 
PARAMETRIC_REPRESENTATION_CONTEXT() REPRESENTATION_CONTEXT('2D SPACE',''
  ) );
#1933 = PCURVE('',#1934,#1939);
#1934 = PLANE('',#1935);
#1935 = AXIS2_PLACEMENT_3D('',#1936,#1937,#1938);
#1936 = CARTESIAN_POINT('',(-28.34409157209,17.545465880185,
    41.267900603509));
#1937 = DIRECTION('',(-0.406736643076,-0.913545457643,0.));
#1938 = DIRECTION('',(0.,0.,1.));
#1939 = DEFINITIONAL_REPRESENTATION('',(#1940),#1943);
#1940 = B_SPLINE_CURVE_WITH_KNOTS('',1,(#1941,#1942),.UNSPECIFIED.,.F.,
  .F.,(2,2),(134.17160241403,144.97160241403),.PIECEWISE_BEZIER_KNOTS.);
#1941 = CARTESIAN_POINT('',(-0.9,3.393069612541));
#1942 = CARTESIAN_POINT('',(9.9,3.393069612541));
#1943 = ( GEOMETRIC_REPRESENTATION_CONTEXT(2) 
PARAMETRIC_REPRESENTATION_CONTEXT() REPRESENTATION_CONTEXT('2D SPACE',''
  ) );
#1944 = ORIENTED_EDGE('',*,*,#1945,.T.);
#1945 = EDGE_CURVE('',#1920,#1946,#1948,.T.);
#1946 = VERTEX_POINT('',#1947);
#1947 = CARTESIAN_POINT('',(-35.10444469177,10.703642505329,
    50.267900603509));
#1948 = SURFACE_CURVE('',#1949,(#1954,#1961),.PCURVE_S1.);
#1949 = CIRCLE('',#1950,36.7);
#1950 = AXIS2_PLACEMENT_3D('',#1951,#1952,#1953);
#1951 = CARTESIAN_POINT('',(0.,0.,50.267900603509));
#1952 = DIRECTION('',(0.,0.,1.));
#1953 = DIRECTION('',(1.,0.,-0.));
#1954 = PCURVE('',#1587,#1955);
#1955 = DEFINITIONAL_REPRESENTATION('',(#1956),#1960);
#1956 = LINE('',#1957,#1958);
#1957 = CARTESIAN_POINT('',(0.,144.07160241403));
#1958 = VECTOR('',#1959,1.);
#1959 = DIRECTION('',(1.,0.));
#1960 = ( GEOMETRIC_REPRESENTATION_CONTEXT(2) 
PARAMETRIC_REPRESENTATION_CONTEXT() REPRESENTATION_CONTEXT('2D SPACE',''
  ) );
#1961 = PCURVE('',#1962,#1967);
#1962 = PLANE('',#1963);
#1963 = AXIS2_PLACEMENT_3D('',#1964,#1965,#1966);
#1964 = CARTESIAN_POINT('',(-28.34409157209,17.545465880185,
    50.267900603509));
#1965 = DIRECTION('',(0.,0.,1.));
#1966 = DIRECTION('',(-0.913545457643,0.406736643076,0.));
#1967 = DEFINITIONAL_REPRESENTATION('',(#1968),#1972);
#1968 = CIRCLE('',#1969,36.7);
#1969 = AXIS2_PLACEMENT_2D('',#1970,#1971);
#1970 = CARTESIAN_POINT('',(-33.03,4.5));
#1971 = DIRECTION('',(-0.913545457643,-0.406736643076));
#1972 = ( GEOMETRIC_REPRESENTATION_CONTEXT(2) 
PARAMETRIC_REPRESENTATION_CONTEXT() REPRESENTATION_CONTEXT('2D SPACE',''
  ) );
#1973 = ORIENTED_EDGE('',*,*,#1974,.F.);
#1974 = EDGE_CURVE('',#1891,#1946,#1975,.T.);
#1975 = SURFACE_CURVE('',#1976,(#1980,#1986),.PCURVE_S1.);
#1976 = LINE('',#1977,#1978);
#1977 = CARTESIAN_POINT('',(-35.10444469177,10.703642505329,
    -93.80370181052));
#1978 = VECTOR('',#1979,1.);
#1979 = DIRECTION('',(0.,0.,1.));
#1980 = PCURVE('',#1587,#1981);
#1981 = DEFINITIONAL_REPRESENTATION('',(#1982),#1985);
#1982 = B_SPLINE_CURVE_WITH_KNOTS('',1,(#1983,#1984),.UNSPECIFIED.,.F.,
  .F.,(2,2),(134.17160241403,144.97160241403),.PIECEWISE_BEZIER_KNOTS.);
#1983 = CARTESIAN_POINT('',(2.845638781746,134.17160241403));
#1984 = CARTESIAN_POINT('',(2.845638781746,144.97160241403));
#1985 = ( GEOMETRIC_REPRESENTATION_CONTEXT(2) 
PARAMETRIC_REPRESENTATION_CONTEXT() REPRESENTATION_CONTEXT('2D SPACE',''
  ) );
#1986 = PCURVE('',#1987,#1992);
#1987 = PLANE('',#1988);
#1988 = AXIS2_PLACEMENT_3D('',#1989,#1990,#1991);
#1989 = CARTESIAN_POINT('',(-32.00472135977,9.323556761402,
    41.267900603509));
#1990 = DIRECTION('',(-0.406736643076,-0.913545457643,0.));
#1991 = DIRECTION('',(0.,0.,1.));
#1992 = DEFINITIONAL_REPRESENTATION('',(#1993),#1996);
#1993 = B_SPLINE_CURVE_WITH_KNOTS('',1,(#1994,#1995),.UNSPECIFIED.,.F.,
  .F.,(2,2),(134.17160241403,144.97160241403),.PIECEWISE_BEZIER_KNOTS.);
#1994 = CARTESIAN_POINT('',(-0.9,3.393069612541));
#1995 = CARTESIAN_POINT('',(9.9,3.393069612541));
#1996 = ( GEOMETRIC_REPRESENTATION_CONTEXT(2) 
PARAMETRIC_REPRESENTATION_CONTEXT() REPRESENTATION_CONTEXT('2D SPACE',''
  ) );
#1997 = ADVANCED_FACE('',(#1998),#1934,.F.);
#1998 = FACE_BOUND('',#1999,.F.);
#1999 = EDGE_LOOP('',(#2000,#2001,#2024,#2052));
#2000 = ORIENTED_EDGE('',*,*,#1919,.F.);
#2001 = ORIENTED_EDGE('',*,*,#2002,.F.);
#2002 = EDGE_CURVE('',#2003,#1889,#2005,.T.);
#2003 = VERTEX_POINT('',#2004);
#2004 = CARTESIAN_POINT('',(-28.34409157209,17.545465880185,
    41.267900603509));
#2005 = SURFACE_CURVE('',#2006,(#2010,#2017),.PCURVE_S1.);
#2006 = LINE('',#2007,#2008);
#2007 = CARTESIAN_POINT('',(-28.34409157209,17.545465880185,
    41.267900603509));
#2008 = VECTOR('',#2009,1.);
#2009 = DIRECTION('',(-0.913545457643,0.406736643076,0.));
#2010 = PCURVE('',#1934,#2011);
#2011 = DEFINITIONAL_REPRESENTATION('',(#2012),#2016);
#2012 = LINE('',#2013,#2014);
#2013 = CARTESIAN_POINT('',(0.,0.));
#2014 = VECTOR('',#2015,1.);
#2015 = DIRECTION('',(0.,1.));
#2016 = ( GEOMETRIC_REPRESENTATION_CONTEXT(2) 
PARAMETRIC_REPRESENTATION_CONTEXT() REPRESENTATION_CONTEXT('2D SPACE',''
  ) );
#2017 = PCURVE('',#1907,#2018);
#2018 = DEFINITIONAL_REPRESENTATION('',(#2019),#2023);
#2019 = LINE('',#2020,#2021);
#2020 = CARTESIAN_POINT('',(0.,0.));
#2021 = VECTOR('',#2022,1.);
#2022 = DIRECTION('',(1.,0.));
#2023 = ( GEOMETRIC_REPRESENTATION_CONTEXT(2) 
PARAMETRIC_REPRESENTATION_CONTEXT() REPRESENTATION_CONTEXT('2D SPACE',''
  ) );
#2024 = ORIENTED_EDGE('',*,*,#2025,.T.);
#2025 = EDGE_CURVE('',#2003,#2026,#2028,.T.);
#2026 = VERTEX_POINT('',#2027);
#2027 = CARTESIAN_POINT('',(-28.34409157209,17.545465880185,
    50.267900603509));
#2028 = SURFACE_CURVE('',#2029,(#2033,#2040),.PCURVE_S1.);
#2029 = LINE('',#2030,#2031);
#2030 = CARTESIAN_POINT('',(-28.34409157209,17.545465880185,
    41.267900603509));
#2031 = VECTOR('',#2032,1.);
#2032 = DIRECTION('',(0.,0.,1.));
#2033 = PCURVE('',#1934,#2034);
#2034 = DEFINITIONAL_REPRESENTATION('',(#2035),#2039);
#2035 = LINE('',#2036,#2037);
#2036 = CARTESIAN_POINT('',(0.,0.));
#2037 = VECTOR('',#2038,1.);
#2038 = DIRECTION('',(1.,0.));
#2039 = ( GEOMETRIC_REPRESENTATION_CONTEXT(2) 
PARAMETRIC_REPRESENTATION_CONTEXT() REPRESENTATION_CONTEXT('2D SPACE',''
  ) );
#2040 = PCURVE('',#2041,#2046);
#2041 = PLANE('',#2042);
#2042 = AXIS2_PLACEMENT_3D('',#2043,#2044,#2045);
#2043 = CARTESIAN_POINT('',(-28.34409157209,17.545465880185,
    41.267900603509));
#2044 = DIRECTION('',(-0.913545457643,0.406736643076,0.));
#2045 = DIRECTION('',(0.,0.,1.));
#2046 = DEFINITIONAL_REPRESENTATION('',(#2047),#2051);
#2047 = LINE('',#2048,#2049);
#2048 = CARTESIAN_POINT('',(0.,0.));
#2049 = VECTOR('',#2050,1.);
#2050 = DIRECTION('',(1.,0.));
#2051 = ( GEOMETRIC_REPRESENTATION_CONTEXT(2) 
PARAMETRIC_REPRESENTATION_CONTEXT() REPRESENTATION_CONTEXT('2D SPACE',''
  ) );
#2052 = ORIENTED_EDGE('',*,*,#2053,.T.);
#2053 = EDGE_CURVE('',#2026,#1920,#2054,.T.);
#2054 = SURFACE_CURVE('',#2055,(#2059,#2066),.PCURVE_S1.);
#2055 = LINE('',#2056,#2057);
#2056 = CARTESIAN_POINT('',(-28.34409157209,17.545465880185,
    50.267900603509));
#2057 = VECTOR('',#2058,1.);
#2058 = DIRECTION('',(-0.913545457643,0.406736643076,0.));
#2059 = PCURVE('',#1934,#2060);
#2060 = DEFINITIONAL_REPRESENTATION('',(#2061),#2065);
#2061 = LINE('',#2062,#2063);
#2062 = CARTESIAN_POINT('',(9.,0.));
#2063 = VECTOR('',#2064,1.);
#2064 = DIRECTION('',(0.,1.));
#2065 = ( GEOMETRIC_REPRESENTATION_CONTEXT(2) 
PARAMETRIC_REPRESENTATION_CONTEXT() REPRESENTATION_CONTEXT('2D SPACE',''
  ) );
#2066 = PCURVE('',#1962,#2067);
#2067 = DEFINITIONAL_REPRESENTATION('',(#2068),#2072);
#2068 = LINE('',#2069,#2070);
#2069 = CARTESIAN_POINT('',(0.,0.));
#2070 = VECTOR('',#2071,1.);
#2071 = DIRECTION('',(1.,0.));
#2072 = ( GEOMETRIC_REPRESENTATION_CONTEXT(2) 
PARAMETRIC_REPRESENTATION_CONTEXT() REPRESENTATION_CONTEXT('2D SPACE',''
  ) );
#2073 = ADVANCED_FACE('',(#2074),#2041,.F.);
#2074 = FACE_BOUND('',#2075,.F.);
#2075 = EDGE_LOOP('',(#2076,#2077,#2100,#2123));
#2076 = ORIENTED_EDGE('',*,*,#2025,.F.);
#2077 = ORIENTED_EDGE('',*,*,#2078,.T.);
#2078 = EDGE_CURVE('',#2003,#2079,#2081,.T.);
#2079 = VERTEX_POINT('',#2080);
#2080 = CARTESIAN_POINT('',(-32.00472135977,9.323556761402,
    41.267900603509));
#2081 = SURFACE_CURVE('',#2082,(#2086,#2093),.PCURVE_S1.);
#2082 = LINE('',#2083,#2084);
#2083 = CARTESIAN_POINT('',(-28.34409157209,17.545465880185,
    41.267900603509));
#2084 = VECTOR('',#2085,1.);
#2085 = DIRECTION('',(-0.406736643076,-0.913545457643,0.));
#2086 = PCURVE('',#2041,#2087);
#2087 = DEFINITIONAL_REPRESENTATION('',(#2088),#2092);
#2088 = LINE('',#2089,#2090);
#2089 = CARTESIAN_POINT('',(0.,0.));
#2090 = VECTOR('',#2091,1.);
#2091 = DIRECTION('',(0.,-1.));
#2092 = ( GEOMETRIC_REPRESENTATION_CONTEXT(2) 
PARAMETRIC_REPRESENTATION_CONTEXT() REPRESENTATION_CONTEXT('2D SPACE',''
  ) );
#2093 = PCURVE('',#1907,#2094);
#2094 = DEFINITIONAL_REPRESENTATION('',(#2095),#2099);
#2095 = LINE('',#2096,#2097);
#2096 = CARTESIAN_POINT('',(0.,0.));
#2097 = VECTOR('',#2098,1.);
#2098 = DIRECTION('',(0.,1.));
#2099 = ( GEOMETRIC_REPRESENTATION_CONTEXT(2) 
PARAMETRIC_REPRESENTATION_CONTEXT() REPRESENTATION_CONTEXT('2D SPACE',''
  ) );
#2100 = ORIENTED_EDGE('',*,*,#2101,.T.);
#2101 = EDGE_CURVE('',#2079,#2102,#2104,.T.);
#2102 = VERTEX_POINT('',#2103);
#2103 = CARTESIAN_POINT('',(-32.00472135977,9.323556761402,
    50.267900603509));
#2104 = SURFACE_CURVE('',#2105,(#2109,#2116),.PCURVE_S1.);
#2105 = LINE('',#2106,#2107);
#2106 = CARTESIAN_POINT('',(-32.00472135977,9.323556761402,
    41.267900603509));
#2107 = VECTOR('',#2108,1.);
#2108 = DIRECTION('',(0.,0.,1.));
#2109 = PCURVE('',#2041,#2110);
#2110 = DEFINITIONAL_REPRESENTATION('',(#2111),#2115);
#2111 = LINE('',#2112,#2113);
#2112 = CARTESIAN_POINT('',(0.,-9.));
#2113 = VECTOR('',#2114,1.);
#2114 = DIRECTION('',(1.,0.));
#2115 = ( GEOMETRIC_REPRESENTATION_CONTEXT(2) 
PARAMETRIC_REPRESENTATION_CONTEXT() REPRESENTATION_CONTEXT('2D SPACE',''
  ) );
#2116 = PCURVE('',#1987,#2117);
#2117 = DEFINITIONAL_REPRESENTATION('',(#2118),#2122);
#2118 = LINE('',#2119,#2120);
#2119 = CARTESIAN_POINT('',(0.,0.));
#2120 = VECTOR('',#2121,1.);
#2121 = DIRECTION('',(1.,0.));
#2122 = ( GEOMETRIC_REPRESENTATION_CONTEXT(2) 
PARAMETRIC_REPRESENTATION_CONTEXT() REPRESENTATION_CONTEXT('2D SPACE',''
  ) );
#2123 = ORIENTED_EDGE('',*,*,#2124,.F.);
#2124 = EDGE_CURVE('',#2026,#2102,#2125,.T.);
#2125 = SURFACE_CURVE('',#2126,(#2130,#2137),.PCURVE_S1.);
#2126 = LINE('',#2127,#2128);
#2127 = CARTESIAN_POINT('',(-28.34409157209,17.545465880185,
    50.267900603509));
#2128 = VECTOR('',#2129,1.);
#2129 = DIRECTION('',(-0.406736643076,-0.913545457643,0.));
#2130 = PCURVE('',#2041,#2131);
#2131 = DEFINITIONAL_REPRESENTATION('',(#2132),#2136);
#2132 = LINE('',#2133,#2134);
#2133 = CARTESIAN_POINT('',(9.,0.));
#2134 = VECTOR('',#2135,1.);
#2135 = DIRECTION('',(0.,-1.));
#2136 = ( GEOMETRIC_REPRESENTATION_CONTEXT(2) 
PARAMETRIC_REPRESENTATION_CONTEXT() REPRESENTATION_CONTEXT('2D SPACE',''
  ) );
#2137 = PCURVE('',#1962,#2138);
#2138 = DEFINITIONAL_REPRESENTATION('',(#2139),#2143);
#2139 = LINE('',#2140,#2141);
#2140 = CARTESIAN_POINT('',(0.,0.));
#2141 = VECTOR('',#2142,1.);
#2142 = DIRECTION('',(0.,1.));
#2143 = ( GEOMETRIC_REPRESENTATION_CONTEXT(2) 
PARAMETRIC_REPRESENTATION_CONTEXT() REPRESENTATION_CONTEXT('2D SPACE',''
  ) );
#2144 = ADVANCED_FACE('',(#2145),#1962,.T.);
#2145 = FACE_BOUND('',#2146,.T.);
#2146 = EDGE_LOOP('',(#2147,#2168,#2169,#2170));
#2147 = ORIENTED_EDGE('',*,*,#2148,.F.);
#2148 = EDGE_CURVE('',#2102,#1946,#2149,.T.);
#2149 = SURFACE_CURVE('',#2150,(#2154,#2161),.PCURVE_S1.);
#2150 = LINE('',#2151,#2152);
#2151 = CARTESIAN_POINT('',(-32.00472135977,9.323556761402,
    50.267900603509));
#2152 = VECTOR('',#2153,1.);
#2153 = DIRECTION('',(-0.913545457643,0.406736643076,0.));
#2154 = PCURVE('',#1962,#2155);
#2155 = DEFINITIONAL_REPRESENTATION('',(#2156),#2160);
#2156 = LINE('',#2157,#2158);
#2157 = CARTESIAN_POINT('',(0.,9.));
#2158 = VECTOR('',#2159,1.);
#2159 = DIRECTION('',(1.,0.));
#2160 = ( GEOMETRIC_REPRESENTATION_CONTEXT(2) 
PARAMETRIC_REPRESENTATION_CONTEXT() REPRESENTATION_CONTEXT('2D SPACE',''
  ) );
#2161 = PCURVE('',#1987,#2162);
#2162 = DEFINITIONAL_REPRESENTATION('',(#2163),#2167);
#2163 = LINE('',#2164,#2165);
#2164 = CARTESIAN_POINT('',(9.,0.));
#2165 = VECTOR('',#2166,1.);
#2166 = DIRECTION('',(0.,1.));
#2167 = ( GEOMETRIC_REPRESENTATION_CONTEXT(2) 
PARAMETRIC_REPRESENTATION_CONTEXT() REPRESENTATION_CONTEXT('2D SPACE',''
  ) );
#2168 = ORIENTED_EDGE('',*,*,#2124,.F.);
#2169 = ORIENTED_EDGE('',*,*,#2053,.T.);
#2170 = ORIENTED_EDGE('',*,*,#1945,.T.);
#2171 = ADVANCED_FACE('',(#2172),#1987,.T.);
#2172 = FACE_BOUND('',#2173,.T.);
#2173 = EDGE_LOOP('',(#2174,#2175,#2196,#2197));
#2174 = ORIENTED_EDGE('',*,*,#1974,.F.);
#2175 = ORIENTED_EDGE('',*,*,#2176,.F.);
#2176 = EDGE_CURVE('',#2079,#1891,#2177,.T.);
#2177 = SURFACE_CURVE('',#2178,(#2182,#2189),.PCURVE_S1.);
#2178 = LINE('',#2179,#2180);
#2179 = CARTESIAN_POINT('',(-32.00472135977,9.323556761402,
    41.267900603509));
#2180 = VECTOR('',#2181,1.);
#2181 = DIRECTION('',(-0.913545457643,0.406736643076,0.));
#2182 = PCURVE('',#1987,#2183);
#2183 = DEFINITIONAL_REPRESENTATION('',(#2184),#2188);
#2184 = LINE('',#2185,#2186);
#2185 = CARTESIAN_POINT('',(0.,0.));
#2186 = VECTOR('',#2187,1.);
#2187 = DIRECTION('',(0.,1.));
#2188 = ( GEOMETRIC_REPRESENTATION_CONTEXT(2) 
PARAMETRIC_REPRESENTATION_CONTEXT() REPRESENTATION_CONTEXT('2D SPACE',''
  ) );
#2189 = PCURVE('',#1907,#2190);
#2190 = DEFINITIONAL_REPRESENTATION('',(#2191),#2195);
#2191 = LINE('',#2192,#2193);
#2192 = CARTESIAN_POINT('',(0.,9.));
#2193 = VECTOR('',#2194,1.);
#2194 = DIRECTION('',(1.,0.));
#2195 = ( GEOMETRIC_REPRESENTATION_CONTEXT(2) 
PARAMETRIC_REPRESENTATION_CONTEXT() REPRESENTATION_CONTEXT('2D SPACE',''
  ) );
#2196 = ORIENTED_EDGE('',*,*,#2101,.T.);
#2197 = ORIENTED_EDGE('',*,*,#2148,.T.);
#2198 = ADVANCED_FACE('',(#2199),#1907,.F.);
#2199 = FACE_BOUND('',#2200,.F.);
#2200 = EDGE_LOOP('',(#2201,#2202,#2203,#2204));
#2201 = ORIENTED_EDGE('',*,*,#2176,.F.);
#2202 = ORIENTED_EDGE('',*,*,#2078,.F.);
#2203 = ORIENTED_EDGE('',*,*,#2002,.T.);
#2204 = ORIENTED_EDGE('',*,*,#1888,.T.);
#2205 = ADVANCED_FACE('',(#2206),#1850,.T.);
#2206 = FACE_BOUND('',#2207,.T.);
#2207 = EDGE_LOOP('',(#2208,#2231,#2259,#2280));
#2208 = ORIENTED_EDGE('',*,*,#2209,.F.);
#2209 = EDGE_CURVE('',#2210,#1834,#2212,.T.);
#2210 = VERTEX_POINT('',#2211);
#2211 = CARTESIAN_POINT('',(-32.00472135977,9.323556761402,
    21.267900603509));
#2212 = SURFACE_CURVE('',#2213,(#2217,#2224),.PCURVE_S1.);
#2213 = LINE('',#2214,#2215);
#2214 = CARTESIAN_POINT('',(-32.00472135977,9.323556761402,
    21.267900603509));
#2215 = VECTOR('',#2216,1.);
#2216 = DIRECTION('',(-0.913545457643,0.406736643076,0.));
#2217 = PCURVE('',#1850,#2218);
#2218 = DEFINITIONAL_REPRESENTATION('',(#2219),#2223);
#2219 = LINE('',#2220,#2221);
#2220 = CARTESIAN_POINT('',(0.,9.));
#2221 = VECTOR('',#2222,1.);
#2222 = DIRECTION('',(1.,0.));
#2223 = ( GEOMETRIC_REPRESENTATION_CONTEXT(2) 
PARAMETRIC_REPRESENTATION_CONTEXT() REPRESENTATION_CONTEXT('2D SPACE',''
  ) );
#2224 = PCURVE('',#1875,#2225);
#2225 = DEFINITIONAL_REPRESENTATION('',(#2226),#2230);
#2226 = LINE('',#2227,#2228);
#2227 = CARTESIAN_POINT('',(9.,0.));
#2228 = VECTOR('',#2229,1.);
#2229 = DIRECTION('',(0.,1.));
#2230 = ( GEOMETRIC_REPRESENTATION_CONTEXT(2) 
PARAMETRIC_REPRESENTATION_CONTEXT() REPRESENTATION_CONTEXT('2D SPACE',''
  ) );
#2231 = ORIENTED_EDGE('',*,*,#2232,.F.);
#2232 = EDGE_CURVE('',#2233,#2210,#2235,.T.);
#2233 = VERTEX_POINT('',#2234);
#2234 = CARTESIAN_POINT('',(-28.34409157209,17.545465880185,
    21.267900603509));
#2235 = SURFACE_CURVE('',#2236,(#2240,#2247),.PCURVE_S1.);
#2236 = LINE('',#2237,#2238);
#2237 = CARTESIAN_POINT('',(-28.34409157209,17.545465880185,
    21.267900603509));
#2238 = VECTOR('',#2239,1.);
#2239 = DIRECTION('',(-0.406736643076,-0.913545457643,0.));
#2240 = PCURVE('',#1850,#2241);
#2241 = DEFINITIONAL_REPRESENTATION('',(#2242),#2246);
#2242 = LINE('',#2243,#2244);
#2243 = CARTESIAN_POINT('',(0.,0.));
#2244 = VECTOR('',#2245,1.);
#2245 = DIRECTION('',(0.,1.));
#2246 = ( GEOMETRIC_REPRESENTATION_CONTEXT(2) 
PARAMETRIC_REPRESENTATION_CONTEXT() REPRESENTATION_CONTEXT('2D SPACE',''
  ) );
#2247 = PCURVE('',#2248,#2253);
#2248 = PLANE('',#2249);
#2249 = AXIS2_PLACEMENT_3D('',#2250,#2251,#2252);
#2250 = CARTESIAN_POINT('',(-28.34409157209,17.545465880185,
    12.267900603509));
#2251 = DIRECTION('',(-0.913545457643,0.406736643076,0.));
#2252 = DIRECTION('',(0.,0.,1.));
#2253 = DEFINITIONAL_REPRESENTATION('',(#2254),#2258);
#2254 = LINE('',#2255,#2256);
#2255 = CARTESIAN_POINT('',(9.,0.));
#2256 = VECTOR('',#2257,1.);
#2257 = DIRECTION('',(0.,-1.));
#2258 = ( GEOMETRIC_REPRESENTATION_CONTEXT(2) 
PARAMETRIC_REPRESENTATION_CONTEXT() REPRESENTATION_CONTEXT('2D SPACE',''
  ) );
#2259 = ORIENTED_EDGE('',*,*,#2260,.T.);
#2260 = EDGE_CURVE('',#2233,#1808,#2261,.T.);
#2261 = SURFACE_CURVE('',#2262,(#2266,#2273),.PCURVE_S1.);
#2262 = LINE('',#2263,#2264);
#2263 = CARTESIAN_POINT('',(-28.34409157209,17.545465880185,
    21.267900603509));
#2264 = VECTOR('',#2265,1.);
#2265 = DIRECTION('',(-0.913545457643,0.406736643076,0.));
#2266 = PCURVE('',#1850,#2267);
#2267 = DEFINITIONAL_REPRESENTATION('',(#2268),#2272);
#2268 = LINE('',#2269,#2270);
#2269 = CARTESIAN_POINT('',(0.,0.));
#2270 = VECTOR('',#2271,1.);
#2271 = DIRECTION('',(1.,0.));
#2272 = ( GEOMETRIC_REPRESENTATION_CONTEXT(2) 
PARAMETRIC_REPRESENTATION_CONTEXT() REPRESENTATION_CONTEXT('2D SPACE',''
  ) );
#2273 = PCURVE('',#1822,#2274);
#2274 = DEFINITIONAL_REPRESENTATION('',(#2275),#2279);
#2275 = LINE('',#2276,#2277);
#2276 = CARTESIAN_POINT('',(9.,0.));
#2277 = VECTOR('',#2278,1.);
#2278 = DIRECTION('',(0.,1.));
#2279 = ( GEOMETRIC_REPRESENTATION_CONTEXT(2) 
PARAMETRIC_REPRESENTATION_CONTEXT() REPRESENTATION_CONTEXT('2D SPACE',''
  ) );
#2280 = ORIENTED_EDGE('',*,*,#1833,.T.);
#2281 = ADVANCED_FACE('',(#2282),#2248,.F.);
#2282 = FACE_BOUND('',#2283,.F.);
#2283 = EDGE_LOOP('',(#2284,#2307,#2330,#2351));
#2284 = ORIENTED_EDGE('',*,*,#2285,.F.);
#2285 = EDGE_CURVE('',#2286,#2233,#2288,.T.);
#2286 = VERTEX_POINT('',#2287);
#2287 = CARTESIAN_POINT('',(-28.34409157209,17.545465880185,
    12.267900603509));
#2288 = SURFACE_CURVE('',#2289,(#2293,#2300),.PCURVE_S1.);
#2289 = LINE('',#2290,#2291);
#2290 = CARTESIAN_POINT('',(-28.34409157209,17.545465880185,
    12.267900603509));
#2291 = VECTOR('',#2292,1.);
#2292 = DIRECTION('',(0.,0.,1.));
#2293 = PCURVE('',#2248,#2294);
#2294 = DEFINITIONAL_REPRESENTATION('',(#2295),#2299);
#2295 = LINE('',#2296,#2297);
#2296 = CARTESIAN_POINT('',(0.,0.));
#2297 = VECTOR('',#2298,1.);
#2298 = DIRECTION('',(1.,0.));
#2299 = ( GEOMETRIC_REPRESENTATION_CONTEXT(2) 
PARAMETRIC_REPRESENTATION_CONTEXT() REPRESENTATION_CONTEXT('2D SPACE',''
  ) );
#2300 = PCURVE('',#1822,#2301);
#2301 = DEFINITIONAL_REPRESENTATION('',(#2302),#2306);
#2302 = LINE('',#2303,#2304);
#2303 = CARTESIAN_POINT('',(0.,0.));
#2304 = VECTOR('',#2305,1.);
#2305 = DIRECTION('',(1.,0.));
#2306 = ( GEOMETRIC_REPRESENTATION_CONTEXT(2) 
PARAMETRIC_REPRESENTATION_CONTEXT() REPRESENTATION_CONTEXT('2D SPACE',''
  ) );
#2307 = ORIENTED_EDGE('',*,*,#2308,.T.);
#2308 = EDGE_CURVE('',#2286,#2309,#2311,.T.);
#2309 = VERTEX_POINT('',#2310);
#2310 = CARTESIAN_POINT('',(-32.00472135977,9.323556761402,
    12.267900603509));
#2311 = SURFACE_CURVE('',#2312,(#2316,#2323),.PCURVE_S1.);
#2312 = LINE('',#2313,#2314);
#2313 = CARTESIAN_POINT('',(-28.34409157209,17.545465880185,
    12.267900603509));
#2314 = VECTOR('',#2315,1.);
#2315 = DIRECTION('',(-0.406736643076,-0.913545457643,0.));
#2316 = PCURVE('',#2248,#2317);
#2317 = DEFINITIONAL_REPRESENTATION('',(#2318),#2322);
#2318 = LINE('',#2319,#2320);
#2319 = CARTESIAN_POINT('',(0.,0.));
#2320 = VECTOR('',#2321,1.);
#2321 = DIRECTION('',(0.,-1.));
#2322 = ( GEOMETRIC_REPRESENTATION_CONTEXT(2) 
PARAMETRIC_REPRESENTATION_CONTEXT() REPRESENTATION_CONTEXT('2D SPACE',''
  ) );
#2323 = PCURVE('',#1795,#2324);
#2324 = DEFINITIONAL_REPRESENTATION('',(#2325),#2329);
#2325 = LINE('',#2326,#2327);
#2326 = CARTESIAN_POINT('',(0.,0.));
#2327 = VECTOR('',#2328,1.);
#2328 = DIRECTION('',(0.,1.));
#2329 = ( GEOMETRIC_REPRESENTATION_CONTEXT(2) 
PARAMETRIC_REPRESENTATION_CONTEXT() REPRESENTATION_CONTEXT('2D SPACE',''
  ) );
#2330 = ORIENTED_EDGE('',*,*,#2331,.T.);
#2331 = EDGE_CURVE('',#2309,#2210,#2332,.T.);
#2332 = SURFACE_CURVE('',#2333,(#2337,#2344),.PCURVE_S1.);
#2333 = LINE('',#2334,#2335);
#2334 = CARTESIAN_POINT('',(-32.00472135977,9.323556761402,
    12.267900603509));
#2335 = VECTOR('',#2336,1.);
#2336 = DIRECTION('',(0.,0.,1.));
#2337 = PCURVE('',#2248,#2338);
#2338 = DEFINITIONAL_REPRESENTATION('',(#2339),#2343);
#2339 = LINE('',#2340,#2341);
#2340 = CARTESIAN_POINT('',(0.,-9.));
#2341 = VECTOR('',#2342,1.);
#2342 = DIRECTION('',(1.,0.));
#2343 = ( GEOMETRIC_REPRESENTATION_CONTEXT(2) 
PARAMETRIC_REPRESENTATION_CONTEXT() REPRESENTATION_CONTEXT('2D SPACE',''
  ) );
#2344 = PCURVE('',#1875,#2345);
#2345 = DEFINITIONAL_REPRESENTATION('',(#2346),#2350);
#2346 = LINE('',#2347,#2348);
#2347 = CARTESIAN_POINT('',(0.,0.));
#2348 = VECTOR('',#2349,1.);
#2349 = DIRECTION('',(1.,0.));
#2350 = ( GEOMETRIC_REPRESENTATION_CONTEXT(2) 
PARAMETRIC_REPRESENTATION_CONTEXT() REPRESENTATION_CONTEXT('2D SPACE',''
  ) );
#2351 = ORIENTED_EDGE('',*,*,#2232,.F.);
#2352 = ADVANCED_FACE('',(#2353),#1875,.T.);
#2353 = FACE_BOUND('',#2354,.T.);
#2354 = EDGE_LOOP('',(#2355,#2356,#2377,#2378));
#2355 = ORIENTED_EDGE('',*,*,#1862,.F.);
#2356 = ORIENTED_EDGE('',*,*,#2357,.F.);
#2357 = EDGE_CURVE('',#2309,#1779,#2358,.T.);
#2358 = SURFACE_CURVE('',#2359,(#2363,#2370),.PCURVE_S1.);
#2359 = LINE('',#2360,#2361);
#2360 = CARTESIAN_POINT('',(-32.00472135977,9.323556761402,
    12.267900603509));
#2361 = VECTOR('',#2362,1.);
#2362 = DIRECTION('',(-0.913545457643,0.406736643076,0.));
#2363 = PCURVE('',#1875,#2364);
#2364 = DEFINITIONAL_REPRESENTATION('',(#2365),#2369);
#2365 = LINE('',#2366,#2367);
#2366 = CARTESIAN_POINT('',(0.,0.));
#2367 = VECTOR('',#2368,1.);
#2368 = DIRECTION('',(0.,1.));
#2369 = ( GEOMETRIC_REPRESENTATION_CONTEXT(2) 
PARAMETRIC_REPRESENTATION_CONTEXT() REPRESENTATION_CONTEXT('2D SPACE',''
  ) );
#2370 = PCURVE('',#1795,#2371);
#2371 = DEFINITIONAL_REPRESENTATION('',(#2372),#2376);
#2372 = LINE('',#2373,#2374);
#2373 = CARTESIAN_POINT('',(0.,9.));
#2374 = VECTOR('',#2375,1.);
#2375 = DIRECTION('',(1.,0.));
#2376 = ( GEOMETRIC_REPRESENTATION_CONTEXT(2) 
PARAMETRIC_REPRESENTATION_CONTEXT() REPRESENTATION_CONTEXT('2D SPACE',''
  ) );
#2377 = ORIENTED_EDGE('',*,*,#2331,.T.);
#2378 = ORIENTED_EDGE('',*,*,#2209,.T.);
#2379 = ADVANCED_FACE('',(#2380),#1822,.F.);
#2380 = FACE_BOUND('',#2381,.F.);
#2381 = EDGE_LOOP('',(#2382,#2383,#2404,#2405));
#2382 = ORIENTED_EDGE('',*,*,#1807,.F.);
#2383 = ORIENTED_EDGE('',*,*,#2384,.F.);
#2384 = EDGE_CURVE('',#2286,#1777,#2385,.T.);
#2385 = SURFACE_CURVE('',#2386,(#2390,#2397),.PCURVE_S1.);
#2386 = LINE('',#2387,#2388);
#2387 = CARTESIAN_POINT('',(-28.34409157209,17.545465880185,
    12.267900603509));
#2388 = VECTOR('',#2389,1.);
#2389 = DIRECTION('',(-0.913545457643,0.406736643076,0.));
#2390 = PCURVE('',#1822,#2391);
#2391 = DEFINITIONAL_REPRESENTATION('',(#2392),#2396);
#2392 = LINE('',#2393,#2394);
#2393 = CARTESIAN_POINT('',(0.,0.));
#2394 = VECTOR('',#2395,1.);
#2395 = DIRECTION('',(0.,1.));
#2396 = ( GEOMETRIC_REPRESENTATION_CONTEXT(2) 
PARAMETRIC_REPRESENTATION_CONTEXT() REPRESENTATION_CONTEXT('2D SPACE',''
  ) );
#2397 = PCURVE('',#1795,#2398);
#2398 = DEFINITIONAL_REPRESENTATION('',(#2399),#2403);
#2399 = LINE('',#2400,#2401);
#2400 = CARTESIAN_POINT('',(0.,0.));
#2401 = VECTOR('',#2402,1.);
#2402 = DIRECTION('',(1.,0.));
#2403 = ( GEOMETRIC_REPRESENTATION_CONTEXT(2) 
PARAMETRIC_REPRESENTATION_CONTEXT() REPRESENTATION_CONTEXT('2D SPACE',''
  ) );
#2404 = ORIENTED_EDGE('',*,*,#2285,.T.);
#2405 = ORIENTED_EDGE('',*,*,#2260,.T.);
#2406 = ADVANCED_FACE('',(#2407),#1795,.F.);
#2407 = FACE_BOUND('',#2408,.F.);
#2408 = EDGE_LOOP('',(#2409,#2410,#2411,#2412));
#2409 = ORIENTED_EDGE('',*,*,#2357,.F.);
#2410 = ORIENTED_EDGE('',*,*,#2308,.F.);
#2411 = ORIENTED_EDGE('',*,*,#2384,.T.);
#2412 = ORIENTED_EDGE('',*,*,#1776,.T.);
#2413 = ADVANCED_FACE('',(#2414),#1722,.F.);
#2414 = FACE_BOUND('',#2415,.F.);
#2415 = EDGE_LOOP('',(#2416,#2446,#2467,#2468));
#2416 = ORIENTED_EDGE('',*,*,#2417,.F.);
#2417 = EDGE_CURVE('',#2418,#2420,#2422,.T.);
#2418 = VERTEX_POINT('',#2419);
#2419 = CARTESIAN_POINT('',(32.90431087797,2.878754182955,
    18.510024337965));
#2420 = VERTEX_POINT('',#2421);
#2421 = CARTESIAN_POINT('',(32.381376421484,8.855922371506,
    18.510024337965));
#2422 = SURFACE_CURVE('',#2423,(#2427,#2434),.PCURVE_S1.);
#2423 = LINE('',#2424,#2425);
#2424 = CARTESIAN_POINT('',(33.427245334456,-3.098414005595,
    18.510024337965));
#2425 = VECTOR('',#2426,1.);
#2426 = DIRECTION('',(-8.715574274766E-02,0.996194698092,0.));
#2427 = PCURVE('',#1722,#2428);
#2428 = DEFINITIONAL_REPRESENTATION('',(#2429),#2433);
#2429 = LINE('',#2430,#2431);
#2430 = CARTESIAN_POINT('',(0.,0.));
#2431 = VECTOR('',#2432,1.);
#2432 = DIRECTION('',(0.,1.));
#2433 = ( GEOMETRIC_REPRESENTATION_CONTEXT(2) 
PARAMETRIC_REPRESENTATION_CONTEXT() REPRESENTATION_CONTEXT('2D SPACE',''
  ) );
#2434 = PCURVE('',#2435,#2440);
#2435 = PLANE('',#2436);
#2436 = AXIS2_PLACEMENT_3D('',#2437,#2438,#2439);
#2437 = CARTESIAN_POINT('',(33.427245334456,-3.098414005595,
    18.510024337965));
#2438 = DIRECTION('',(0.996194698092,8.715574274766E-02,0.));
#2439 = DIRECTION('',(0.,0.,1.));
#2440 = DEFINITIONAL_REPRESENTATION('',(#2441),#2445);
#2441 = LINE('',#2442,#2443);
#2442 = CARTESIAN_POINT('',(0.,0.));
#2443 = VECTOR('',#2444,1.);
#2444 = DIRECTION('',(0.,-1.));
#2445 = ( GEOMETRIC_REPRESENTATION_CONTEXT(2) 
PARAMETRIC_REPRESENTATION_CONTEXT() REPRESENTATION_CONTEXT('2D SPACE',''
  ) );
#2446 = ORIENTED_EDGE('',*,*,#2447,.F.);
#2447 = EDGE_CURVE('',#1706,#2418,#2448,.T.);
#2448 = SURFACE_CURVE('',#2449,(#2453,#2460),.PCURVE_S1.);
#2449 = LINE('',#2450,#2451);
#2450 = CARTESIAN_POINT('',(-43.31431114673,-3.789511193774,
    18.510024337965));
#2451 = VECTOR('',#2452,1.);
#2452 = DIRECTION('',(-0.996194698092,-8.715574274766E-02,0.));
#2453 = PCURVE('',#1722,#2454);
#2454 = DEFINITIONAL_REPRESENTATION('',(#2455),#2459);
#2455 = LINE('',#2456,#2457);
#2456 = CARTESIAN_POINT('',(-76.50976477861,6.));
#2457 = VECTOR('',#2458,1.);
#2458 = DIRECTION('',(-1.,0.));
#2459 = ( GEOMETRIC_REPRESENTATION_CONTEXT(2) 
PARAMETRIC_REPRESENTATION_CONTEXT() REPRESENTATION_CONTEXT('2D SPACE',''
  ) );
#2460 = PCURVE('',#72,#2461);
#2461 = DEFINITIONAL_REPRESENTATION('',(#2462),#2466);
#2462 = LINE('',#2463,#2464);
#2463 = CARTESIAN_POINT('',(112.31372614849,39.309764778616));
#2464 = VECTOR('',#2465,1.);
#2465 = DIRECTION('',(0.,-1.));
#2466 = ( GEOMETRIC_REPRESENTATION_CONTEXT(2) 
PARAMETRIC_REPRESENTATION_CONTEXT() REPRESENTATION_CONTEXT('2D SPACE',''
  ) );
#2467 = ORIENTED_EDGE('',*,*,#1705,.T.);
#2468 = ORIENTED_EDGE('',*,*,#2469,.T.);
#2469 = EDGE_CURVE('',#1680,#2420,#2470,.T.);
#2470 = SURFACE_CURVE('',#2471,(#2475,#2482),.PCURVE_S1.);
#2471 = LINE('',#2472,#2473);
#2472 = CARTESIAN_POINT('',(47.289195752131,10.16018756083,
    18.510024337965));
#2473 = VECTOR('',#2474,1.);
#2474 = DIRECTION('',(-0.996194698092,-8.715574274766E-02,0.));
#2475 = PCURVE('',#1722,#2476);
#2476 = DEFINITIONAL_REPRESENTATION('',(#2477),#2481);
#2477 = LINE('',#2478,#2479);
#2478 = CARTESIAN_POINT('',(14.964764778616,12.));
#2479 = VECTOR('',#2480,1.);
#2480 = DIRECTION('',(-1.,1.52655665886E-16));
#2481 = ( GEOMETRIC_REPRESENTATION_CONTEXT(2) 
PARAMETRIC_REPRESENTATION_CONTEXT() REPRESENTATION_CONTEXT('2D SPACE',''
  ) );
#2482 = PCURVE('',#1694,#2483);
#2483 = DEFINITIONAL_REPRESENTATION('',(#2484),#2488);
#2484 = LINE('',#2485,#2486);
#2485 = CARTESIAN_POINT('',(0.,14.964764778616));
#2486 = VECTOR('',#2487,1.);
#2487 = DIRECTION('',(0.,-1.));
#2488 = ( GEOMETRIC_REPRESENTATION_CONTEXT(2) 
PARAMETRIC_REPRESENTATION_CONTEXT() REPRESENTATION_CONTEXT('2D SPACE',''
  ) );
#2489 = ADVANCED_FACE('',(#2490),#2435,.F.);
#2490 = FACE_BOUND('',#2491,.F.);
#2491 = EDGE_LOOP('',(#2492,#2517,#2537,#2538));
#2492 = ORIENTED_EDGE('',*,*,#2493,.F.);
#2493 = EDGE_CURVE('',#2494,#2496,#2498,.T.);
#2494 = VERTEX_POINT('',#2495);
#2495 = CARTESIAN_POINT('',(32.90431087797,2.878754182955,
    44.025776869053));
#2496 = VERTEX_POINT('',#2497);
#2497 = CARTESIAN_POINT('',(32.381376421484,8.855922371506,
    44.025776869053));
#2498 = SURFACE_CURVE('',#2499,(#2503,#2510),.PCURVE_S1.);
#2499 = LINE('',#2500,#2501);
#2500 = CARTESIAN_POINT('',(33.427245334456,-3.098414005595,
    44.025776869053));
#2501 = VECTOR('',#2502,1.);
#2502 = DIRECTION('',(-8.715574274766E-02,0.996194698092,0.));
#2503 = PCURVE('',#2435,#2504);
#2504 = DEFINITIONAL_REPRESENTATION('',(#2505),#2509);
#2505 = LINE('',#2506,#2507);
#2506 = CARTESIAN_POINT('',(25.515752531088,0.));
#2507 = VECTOR('',#2508,1.);
#2508 = DIRECTION('',(0.,-1.));
#2509 = ( GEOMETRIC_REPRESENTATION_CONTEXT(2) 
PARAMETRIC_REPRESENTATION_CONTEXT() REPRESENTATION_CONTEXT('2D SPACE',''
  ) );
#2510 = PCURVE('',#1667,#2511);
#2511 = DEFINITIONAL_REPRESENTATION('',(#2512),#2516);
#2512 = LINE('',#2513,#2514);
#2513 = CARTESIAN_POINT('',(0.,0.));
#2514 = VECTOR('',#2515,1.);
#2515 = DIRECTION('',(0.,1.));
#2516 = ( GEOMETRIC_REPRESENTATION_CONTEXT(2) 
PARAMETRIC_REPRESENTATION_CONTEXT() REPRESENTATION_CONTEXT('2D SPACE',''
  ) );
#2517 = ORIENTED_EDGE('',*,*,#2518,.F.);
#2518 = EDGE_CURVE('',#2418,#2494,#2519,.T.);
#2519 = SURFACE_CURVE('',#2520,(#2524,#2530),.PCURVE_S1.);
#2520 = LINE('',#2521,#2522);
#2521 = CARTESIAN_POINT('',(32.90431087797,2.878754182955,-16.2607403621
    ));
#2522 = VECTOR('',#2523,1.);
#2523 = DIRECTION('',(0.,-0.,1.));
#2524 = PCURVE('',#2435,#2525);
#2525 = DEFINITIONAL_REPRESENTATION('',(#2526),#2529);
#2526 = B_SPLINE_CURVE_WITH_KNOTS('',1,(#2527,#2528),.UNSPECIFIED.,.F.,
  .F.,(2,2),(34.770764700071,60.286517231159),.PIECEWISE_BEZIER_KNOTS.);
#2527 = CARTESIAN_POINT('',(0.,-6.));
#2528 = CARTESIAN_POINT('',(25.515752531088,-6.));
#2529 = ( GEOMETRIC_REPRESENTATION_CONTEXT(2) 
PARAMETRIC_REPRESENTATION_CONTEXT() REPRESENTATION_CONTEXT('2D SPACE',''
  ) );
#2530 = PCURVE('',#72,#2531);
#2531 = DEFINITIONAL_REPRESENTATION('',(#2532),#2536);
#2532 = LINE('',#2533,#2534);
#2533 = CARTESIAN_POINT('',(77.542961448422,115.81952955723));
#2534 = VECTOR('',#2535,1.);
#2535 = DIRECTION('',(1.,0.));
#2536 = ( GEOMETRIC_REPRESENTATION_CONTEXT(2) 
PARAMETRIC_REPRESENTATION_CONTEXT() REPRESENTATION_CONTEXT('2D SPACE',''
  ) );
#2537 = ORIENTED_EDGE('',*,*,#2417,.T.);
#2538 = ORIENTED_EDGE('',*,*,#2539,.T.);
#2539 = EDGE_CURVE('',#2420,#2496,#2540,.T.);
#2540 = SURFACE_CURVE('',#2541,(#2545,#2552),.PCURVE_S1.);
#2541 = LINE('',#2542,#2543);
#2542 = CARTESIAN_POINT('',(32.381376421484,8.855922371506,
    18.510024337965));
#2543 = VECTOR('',#2544,1.);
#2544 = DIRECTION('',(0.,0.,1.));
#2545 = PCURVE('',#2435,#2546);
#2546 = DEFINITIONAL_REPRESENTATION('',(#2547),#2551);
#2547 = LINE('',#2548,#2549);
#2548 = CARTESIAN_POINT('',(0.,-12.));
#2549 = VECTOR('',#2550,1.);
#2550 = DIRECTION('',(1.,0.));
#2551 = ( GEOMETRIC_REPRESENTATION_CONTEXT(2) 
PARAMETRIC_REPRESENTATION_CONTEXT() REPRESENTATION_CONTEXT('2D SPACE',''
  ) );
#2552 = PCURVE('',#1694,#2553);
#2553 = DEFINITIONAL_REPRESENTATION('',(#2554),#2558);
#2554 = LINE('',#2555,#2556);
#2555 = CARTESIAN_POINT('',(0.,0.));
#2556 = VECTOR('',#2557,1.);
#2557 = DIRECTION('',(1.,0.));
#2558 = ( GEOMETRIC_REPRESENTATION_CONTEXT(2) 
PARAMETRIC_REPRESENTATION_CONTEXT() REPRESENTATION_CONTEXT('2D SPACE',''
  ) );
#2559 = ADVANCED_FACE('',(#2560),#1694,.T.);
#2560 = FACE_BOUND('',#2561,.T.);
#2561 = EDGE_LOOP('',(#2562,#2563,#2584,#2585));
#2562 = ORIENTED_EDGE('',*,*,#2539,.T.);
#2563 = ORIENTED_EDGE('',*,*,#2564,.F.);
#2564 = EDGE_CURVE('',#1651,#2496,#2565,.T.);
#2565 = SURFACE_CURVE('',#2566,(#2570,#2577),.PCURVE_S1.);
#2566 = LINE('',#2567,#2568);
#2567 = CARTESIAN_POINT('',(47.289195752131,10.16018756083,
    44.025776869053));
#2568 = VECTOR('',#2569,1.);
#2569 = DIRECTION('',(-0.996194698092,-8.715574274766E-02,0.));
#2570 = PCURVE('',#1694,#2571);
#2571 = DEFINITIONAL_REPRESENTATION('',(#2572),#2576);
#2572 = LINE('',#2573,#2574);
#2573 = CARTESIAN_POINT('',(25.515752531088,14.964764778616));
#2574 = VECTOR('',#2575,1.);
#2575 = DIRECTION('',(0.,-1.));
#2576 = ( GEOMETRIC_REPRESENTATION_CONTEXT(2) 
PARAMETRIC_REPRESENTATION_CONTEXT() REPRESENTATION_CONTEXT('2D SPACE',''
  ) );
#2577 = PCURVE('',#1667,#2578);
#2578 = DEFINITIONAL_REPRESENTATION('',(#2579),#2583);
#2579 = LINE('',#2580,#2581);
#2580 = CARTESIAN_POINT('',(14.964764778616,12.));
#2581 = VECTOR('',#2582,1.);
#2582 = DIRECTION('',(-1.,1.52655665886E-16));
#2583 = ( GEOMETRIC_REPRESENTATION_CONTEXT(2) 
PARAMETRIC_REPRESENTATION_CONTEXT() REPRESENTATION_CONTEXT('2D SPACE',''
  ) );
#2584 = ORIENTED_EDGE('',*,*,#1679,.F.);
#2585 = ORIENTED_EDGE('',*,*,#2469,.T.);
#2586 = ADVANCED_FACE('',(#2587),#1667,.T.);
#2587 = FACE_BOUND('',#2588,.T.);
#2588 = EDGE_LOOP('',(#2589,#2590,#2611,#2612));
#2589 = ORIENTED_EDGE('',*,*,#2493,.F.);
#2590 = ORIENTED_EDGE('',*,*,#2591,.F.);
#2591 = EDGE_CURVE('',#1629,#2494,#2592,.T.);
#2592 = SURFACE_CURVE('',#2593,(#2597,#2604),.PCURVE_S1.);
#2593 = LINE('',#2594,#2595);
#2594 = CARTESIAN_POINT('',(-43.31431114673,-3.789511193774,
    44.025776869053));
#2595 = VECTOR('',#2596,1.);
#2596 = DIRECTION('',(-0.996194698092,-8.715574274766E-02,0.));
#2597 = PCURVE('',#1667,#2598);
#2598 = DEFINITIONAL_REPRESENTATION('',(#2599),#2603);
#2599 = LINE('',#2600,#2601);
#2600 = CARTESIAN_POINT('',(-76.50976477861,6.));
#2601 = VECTOR('',#2602,1.);
#2602 = DIRECTION('',(-1.,0.));
#2603 = ( GEOMETRIC_REPRESENTATION_CONTEXT(2) 
PARAMETRIC_REPRESENTATION_CONTEXT() REPRESENTATION_CONTEXT('2D SPACE',''
  ) );
#2604 = PCURVE('',#72,#2605);
#2605 = DEFINITIONAL_REPRESENTATION('',(#2606),#2610);
#2606 = LINE('',#2607,#2608);
#2607 = CARTESIAN_POINT('',(137.82947867958,39.309764778616));
#2608 = VECTOR('',#2609,1.);
#2609 = DIRECTION('',(0.,-1.));
#2610 = ( GEOMETRIC_REPRESENTATION_CONTEXT(2) 
PARAMETRIC_REPRESENTATION_CONTEXT() REPRESENTATION_CONTEXT('2D SPACE',''
  ) );
#2611 = ORIENTED_EDGE('',*,*,#1650,.T.);
#2612 = ORIENTED_EDGE('',*,*,#2564,.T.);
#2613 = ADVANCED_FACE('',(#2614,#2622),#101,.T.);
#2614 = FACE_BOUND('',#2615,.T.);
#2615 = EDGE_LOOP('',(#2616,#2617,#2618,#2619,#2620,#2621));
#2616 = ORIENTED_EDGE('',*,*,#84,.F.);
#2617 = ORIENTED_EDGE('',*,*,#1472,.T.);
#2618 = ORIENTED_EDGE('',*,*,#1424,.T.);
#2619 = ORIENTED_EDGE('',*,*,#1354,.T.);
#2620 = ORIENTED_EDGE('',*,*,#1285,.T.);
#2621 = ORIENTED_EDGE('',*,*,#1502,.T.);
#2622 = FACE_BOUND('',#2623,.T.);
#2623 = EDGE_LOOP('',(#2624));
#2624 = ORIENTED_EDGE('',*,*,#1256,.T.);
#2625 = ADVANCED_FACE('',(#2626),#232,.T.);
#2626 = FACE_BOUND('',#2627,.T.);
#2627 = EDGE_LOOP('',(#2628,#2629,#2630,#2631));
#2628 = ORIENTED_EDGE('',*,*,#219,.F.);
#2629 = ORIENTED_EDGE('',*,*,#1551,.T.);
#2630 = ORIENTED_EDGE('',*,*,#1755,.T.);
#2631 = ORIENTED_EDGE('',*,*,#2632,.F.);
#2632 = EDGE_CURVE('',#24,#1605,#2633,.T.);
#2633 = SURFACE_CURVE('',#2634,(#2638,#2644),.PCURVE_S1.);
#2634 = LINE('',#2635,#2636);
#2635 = CARTESIAN_POINT('',(41.237245201212,-3.607791470145,
    62.535801207019));
#2636 = VECTOR('',#2637,1.);
#2637 = DIRECTION('',(0.996194698092,-8.715574274766E-02,0.));
#2638 = PCURVE('',#232,#2639);
#2639 = DEFINITIONAL_REPRESENTATION('',(#2640),#2643);
#2640 = B_SPLINE_CURVE_WITH_KNOTS('',1,(#2641,#2642),.UNSPECIFIED.,.F.,
  .F.,(2,2),(-82.94765083383,2.138998688368E-14),
  .PIECEWISE_BEZIER_KNOTS.);
#2641 = CARTESIAN_POINT('',(156.33950301754,124.34241561244));
#2642 = CARTESIAN_POINT('',(156.33950301754,41.394764778616));
#2643 = ( GEOMETRIC_REPRESENTATION_CONTEXT(2) 
PARAMETRIC_REPRESENTATION_CONTEXT() REPRESENTATION_CONTEXT('2D SPACE',''
  ) );
#2644 = PCURVE('',#45,#2645);
#2645 = DEFINITIONAL_REPRESENTATION('',(#2646),#2649);
#2646 = B_SPLINE_CURVE_WITH_KNOTS('',1,(#2647,#2648),.UNSPECIFIED.,.F.,
  .F.,(2,2),(-82.94765083383,2.138998688368E-14),
  .PIECEWISE_BEZIER_KNOTS.);
#2647 = CARTESIAN_POINT('',(-41.39476477861,3.621572647451));
#2648 = CARTESIAN_POINT('',(41.237245201212,-3.607791470145));
#2649 = ( GEOMETRIC_REPRESENTATION_CONTEXT(2) 
PARAMETRIC_REPRESENTATION_CONTEXT() REPRESENTATION_CONTEXT('2D SPACE',''
  ) );
#2650 = ADVANCED_FACE('',(#2651),#72,.F.);
#2651 = FACE_BOUND('',#2652,.F.);
#2652 = EDGE_LOOP('',(#2653,#2654,#2655,#2656,#2657,#2658,#2659,#2660,
    #2680,#2681));
#2653 = ORIENTED_EDGE('',*,*,#168,.F.);
#2654 = ORIENTED_EDGE('',*,*,#1528,.T.);
#2655 = ORIENTED_EDGE('',*,*,#1734,.T.);
#2656 = ORIENTED_EDGE('',*,*,#2447,.T.);
#2657 = ORIENTED_EDGE('',*,*,#2518,.T.);
#2658 = ORIENTED_EDGE('',*,*,#2591,.F.);
#2659 = ORIENTED_EDGE('',*,*,#1628,.T.);
#2660 = ORIENTED_EDGE('',*,*,#2661,.F.);
#2661 = EDGE_CURVE('',#22,#1603,#2662,.T.);
#2662 = SURFACE_CURVE('',#2663,(#2667,#2674),.PCURVE_S1.);
#2663 = LINE('',#2664,#2665);
#2664 = CARTESIAN_POINT('',(-41.23724520121,-3.607791470145,
    62.535801207019));
#2665 = VECTOR('',#2666,1.);
#2666 = DIRECTION('',(-0.996194698092,-8.715574274766E-02,0.));
#2667 = PCURVE('',#72,#2668);
#2668 = DEFINITIONAL_REPRESENTATION('',(#2669),#2673);
#2669 = LINE('',#2670,#2671);
#2670 = CARTESIAN_POINT('',(156.33950301754,41.394764778616));
#2671 = VECTOR('',#2672,1.);
#2672 = DIRECTION('',(0.,-1.));
#2673 = ( GEOMETRIC_REPRESENTATION_CONTEXT(2) 
PARAMETRIC_REPRESENTATION_CONTEXT() REPRESENTATION_CONTEXT('2D SPACE',''
  ) );
#2674 = PCURVE('',#45,#2675);
#2675 = DEFINITIONAL_REPRESENTATION('',(#2676),#2679);
#2676 = B_SPLINE_CURVE_WITH_KNOTS('',1,(#2677,#2678),.UNSPECIFIED.,.F.,
  .F.,(2,2),(-82.94765083383,0.158121276599),.PIECEWISE_BEZIER_KNOTS.);
#2677 = CARTESIAN_POINT('',(41.394764778616,3.621572647451));
#2678 = CARTESIAN_POINT('',(-41.39476477861,-3.621572647451));
#2679 = ( GEOMETRIC_REPRESENTATION_CONTEXT(2) 
PARAMETRIC_REPRESENTATION_CONTEXT() REPRESENTATION_CONTEXT('2D SPACE',''
  ) );
#2680 = ORIENTED_EDGE('',*,*,#57,.F.);
#2681 = ORIENTED_EDGE('',*,*,#1451,.F.);
#2682 = ADVANCED_FACE('',(#2683),#45,.T.);
#2683 = FACE_BOUND('',#2684,.T.);
#2684 = EDGE_LOOP('',(#2685,#2686,#2687,#2688));
#2685 = ORIENTED_EDGE('',*,*,#2661,.F.);
#2686 = ORIENTED_EDGE('',*,*,#21,.T.);
#2687 = ORIENTED_EDGE('',*,*,#2632,.T.);
#2688 = ORIENTED_EDGE('',*,*,#1602,.F.);
#2689 = ( GEOMETRIC_REPRESENTATION_CONTEXT(3) 
GLOBAL_UNCERTAINTY_ASSIGNED_CONTEXT((#2693)) 
GLOBAL_UNIT_ASSIGNED_CONTEXT((#2690,#2691,#2692)) REPRESENTATION_CONTEXT
('Context #1','3D Context with UNIT and UNCERTAINTY') );
#2690 = ( LENGTH_UNIT() NAMED_UNIT(*) SI_UNIT(.MILLI.,.METRE.) );
#2691 = ( NAMED_UNIT(*) PLANE_ANGLE_UNIT() SI_UNIT($,.RADIAN.) );
#2692 = ( NAMED_UNIT(*) SI_UNIT($,.STERADIAN.) SOLID_ANGLE_UNIT() );
#2693 = UNCERTAINTY_MEASURE_WITH_UNIT(LENGTH_MEASURE(1.E-07),#2690,
  'distance_accuracy_value','confusion accuracy');
#2694 = PRODUCT_RELATED_PRODUCT_CATEGORY('part',$,(#7));
ENDSEC;
END-ISO-10303-21;
