ISO-10303-21;
HEADER;
FILE_DESCRIPTION(('Open CASCADE Model'),'2;1');
FILE_NAME('Open CASCADE Shape Model','2026-08-05T16:42:13',('Author'),(
    'Open CASCADE'),'Open CASCADE STEP processor 7.9','build123d',
  'Unknown');
FILE_SCHEMA(('AUTOMOTIVE_DESIGN { 1 0 10303 214 1 1 1 1 }'));
ENDSEC;
DATA;
#1 = APPLICATION_PROTOCOL_DEFINITION('international standard',
  'automotive_design',2000,#2);
#2 = APPLICATION_CONTEXT(
  'core data for automotive mechanical design processes');
#3 = SHAPE_DEFINITION_REPRESENTATION(#4,#10);
#4 = PRODUCT_DEFINITION_SHAPE('','',#5);
#5 = PRODUCT_DEFINITION('design','',#6,#9);
#6 = PRODUCT_DEFINITION_FORMATION('','',#7);
#7 = PRODUCT('COMPOUND','COMPOUND','',(#8));
#8 = PRODUCT_CONTEXT('',#2,'mechanical');
#9 = PRODUCT_DEFINITION_CONTEXT('part definition',#2,'design');
#10 = ADVANCED_BREP_SHAPE_REPRESENTATION('',(#11,#15),#5645);
#11 = AXIS2_PLACEMENT_3D('',#12,#13,#14);
#12 = CARTESIAN_POINT('',(0.,0.,0.));
#13 = DIRECTION('',(0.,0.,1.));
#14 = DIRECTION('',(1.,0.,-0.));
#15 = MANIFOLD_SOLID_BREP('',#16);
#16 = CLOSED_SHELL('',(#17,#878,#1010,#1081,#1254,#1309,#1344,#1394,
    #1449,#1484,#1534,#1589,#1624,#1674,#1729,#1764,#1814,#1863,#1896,
    #1929,#1938,#1985,#2209,#2236,#2262,#2271,#2343,#2954,#3176,#3202,
    #3232,#3240,#3316,#3392,#3466,#3546,#3617,#3693,#3769,#3843,#3923,
    #3994,#4070,#4140,#4216,#4292,#4366,#4446,#4517,#4544,#4611,#4660,
    #4727,#4776,#4803,#4830,#4864,#4898,#4924,#4980,#5060,#5134,#5214,
    #5285,#5352,#5401,#5465,#5514,#5541,#5568,#5602,#5638));
#17 = ADVANCED_FACE('',(#18,#470,#766),#32,.T.);
#18 = FACE_BOUND('',#19,.T.);
#19 = EDGE_LOOP('',(#20,#53,#82,#108,#137,#164,#193,#219,#252,#278,#307,
    #333,#362,#388,#417,#443));
#20 = ORIENTED_EDGE('',*,*,#21,.F.);
#21 = EDGE_CURVE('',#22,#24,#26,.T.);
#22 = VERTEX_POINT('',#23);
#23 = CARTESIAN_POINT('',(-41.83496202006,-3.660084915793,0.));
#24 = VERTEX_POINT('',#25);
#25 = CARTESIAN_POINT('',(-41.83496202006,-3.660084915793,22.));
#26 = SURFACE_CURVE('',#27,(#31,#42),.PCURVE_S1.);
#27 = LINE('',#28,#29);
#28 = CARTESIAN_POINT('',(-41.83496202006,-3.660084915793,0.));
#29 = VECTOR('',#30,1.);
#30 = DIRECTION('',(0.,0.,1.));
#31 = PCURVE('',#32,#37);
#32 = CYLINDRICAL_SURFACE('',#33,41.994764778616);
#33 = AXIS2_PLACEMENT_3D('',#34,#35,#36);
#34 = CARTESIAN_POINT('',(0.,0.,0.));
#35 = DIRECTION('',(0.,0.,1.));
#36 = DIRECTION('',(1.,0.,-0.));
#37 = DEFINITIONAL_REPRESENTATION('',(#38),#41);
#38 = B_SPLINE_CURVE_WITH_KNOTS('',1,(#39,#40),.UNSPECIFIED.,.F.,.F.,(2,
    2),(0.,70.),.PIECEWISE_BEZIER_KNOTS.);
#39 = CARTESIAN_POINT('',(3.22885911619,0.));
#40 = CARTESIAN_POINT('',(3.22885911619,70.));
#41 = ( GEOMETRIC_REPRESENTATION_CONTEXT(2) 
PARAMETRIC_REPRESENTATION_CONTEXT() REPRESENTATION_CONTEXT('2D SPACE',''
  ) );
#42 = PCURVE('',#43,#48);
#43 = PLANE('',#44);
#44 = AXIS2_PLACEMENT_3D('',#45,#46,#47);
#45 = CARTESIAN_POINT('',(83.669924040134,7.320169831587,-105.));
#46 = DIRECTION('',(8.715574274766E-02,-0.996194698092,0.));
#47 = DIRECTION('',(0.,0.,1.));
#48 = DEFINITIONAL_REPRESENTATION('',(#49),#52);
#49 = B_SPLINE_CURVE_WITH_KNOTS('',1,(#50,#51),.UNSPECIFIED.,.F.,.F.,(2,
    2),(-6.E-07,70.0000006),.PIECEWISE_BEZIER_KNOTS.);
#50 = CARTESIAN_POINT('',(104.9999994,125.98429433584));
#51 = CARTESIAN_POINT('',(175.0000006,125.98429433584));
#52 = ( GEOMETRIC_REPRESENTATION_CONTEXT(2) 
PARAMETRIC_REPRESENTATION_CONTEXT() REPRESENTATION_CONTEXT('2D SPACE',''
  ) );
#53 = ORIENTED_EDGE('',*,*,#54,.T.);
#54 = EDGE_CURVE('',#22,#55,#57,.T.);
#55 = VERTEX_POINT('',#56);
#56 = CARTESIAN_POINT('',(40.882832142699,-9.59970337058,0.));
#57 = SURFACE_CURVE('',#58,(#63,#70),.PCURVE_S1.);
#58 = CIRCLE('',#59,41.994764778616);
#59 = AXIS2_PLACEMENT_3D('',#60,#61,#62);
#60 = CARTESIAN_POINT('',(0.,0.,0.));
#61 = DIRECTION('',(0.,0.,1.));
#62 = DIRECTION('',(-0.996194698092,-8.715574274766E-02,0.));
#63 = PCURVE('',#32,#64);
#64 = DEFINITIONAL_REPRESENTATION('',(#65),#69);
#65 = LINE('',#66,#67);
#66 = CARTESIAN_POINT('',(3.22885911619,0.));
#67 = VECTOR('',#68,1.);
#68 = DIRECTION('',(1.,0.));
#69 = ( GEOMETRIC_REPRESENTATION_CONTEXT(2) 
PARAMETRIC_REPRESENTATION_CONTEXT() REPRESENTATION_CONTEXT('2D SPACE',''
  ) );
#70 = PCURVE('',#71,#76);
#71 = PLANE('',#72);
#72 = AXIS2_PLACEMENT_3D('',#73,#74,#75);
#73 = CARTESIAN_POINT('',(0.,0.,0.));
#74 = DIRECTION('',(0.,0.,1.));
#75 = DIRECTION('',(1.,0.,-0.));
#76 = DEFINITIONAL_REPRESENTATION('',(#77),#81);
#77 = CIRCLE('',#78,41.994764778616);
#78 = AXIS2_PLACEMENT_2D('',#79,#80);
#79 = CARTESIAN_POINT('',(0.,0.));
#80 = DIRECTION('',(-0.996194698092,-8.715574274766E-02));
#81 = ( GEOMETRIC_REPRESENTATION_CONTEXT(2) 
PARAMETRIC_REPRESENTATION_CONTEXT() REPRESENTATION_CONTEXT('2D SPACE',''
  ) );
#82 = ORIENTED_EDGE('',*,*,#83,.T.);
#83 = EDGE_CURVE('',#55,#84,#86,.T.);
#84 = VERTEX_POINT('',#85);
#85 = CARTESIAN_POINT('',(40.8828321427,-9.59970337058,19.6));
#86 = SURFACE_CURVE('',#87,(#91,#97),.PCURVE_S1.);
#87 = LINE('',#88,#89);
#88 = CARTESIAN_POINT('',(40.8828321427,-9.59970337058,0.));
#89 = VECTOR('',#90,1.);
#90 = DIRECTION('',(0.,0.,1.));
#91 = PCURVE('',#32,#92);
#92 = DEFINITIONAL_REPRESENTATION('',(#93),#96);
#93 = B_SPLINE_CURVE_WITH_KNOTS('',1,(#94,#95),.UNSPECIFIED.,.F.,.F.,(2,
    2),(-2.4E-06,21.56),.PIECEWISE_BEZIER_KNOTS.);
#94 = CARTESIAN_POINT('',(6.052553282001,-2.4E-06));
#95 = CARTESIAN_POINT('',(6.052553282001,21.56));
#96 = ( GEOMETRIC_REPRESENTATION_CONTEXT(2) 
PARAMETRIC_REPRESENTATION_CONTEXT() REPRESENTATION_CONTEXT('2D SPACE',''
  ) );
#97 = PCURVE('',#98,#103);
#98 = PLANE('',#99);
#99 = AXIS2_PLACEMENT_3D('',#100,#101,#102);
#100 = CARTESIAN_POINT('',(32.919321558454,-8.902986472589,0.));
#101 = DIRECTION('',(8.715574274766E-02,0.996194698092,0.));
#102 = DIRECTION('',(0.,0.,1.));
#103 = DEFINITIONAL_REPRESENTATION('',(#104),#107);
#104 = B_SPLINE_CURVE_WITH_KNOTS('',1,(#105,#106),.UNSPECIFIED.,.F.,.F.,
  (2,2),(-2.4E-06,21.56),.PIECEWISE_BEZIER_KNOTS.);
#105 = CARTESIAN_POINT('',(-2.4E-06,7.993929900952));
#106 = CARTESIAN_POINT('',(21.56,7.993929900952));
#107 = ( GEOMETRIC_REPRESENTATION_CONTEXT(2) 
PARAMETRIC_REPRESENTATION_CONTEXT() REPRESENTATION_CONTEXT('2D SPACE',''
  ) );
#108 = ORIENTED_EDGE('',*,*,#109,.T.);
#109 = EDGE_CURVE('',#84,#110,#112,.T.);
#110 = VERTEX_POINT('',#111);
#111 = CARTESIAN_POINT('',(41.834962020067,-3.660084915793,19.6));
#112 = SURFACE_CURVE('',#113,(#118,#125),.PCURVE_S1.);
#113 = CIRCLE('',#114,41.994764778616);
#114 = AXIS2_PLACEMENT_3D('',#115,#116,#117);
#115 = CARTESIAN_POINT('',(0.,0.,19.6));
#116 = DIRECTION('',(0.,0.,1.));
#117 = DIRECTION('',(1.,0.,-0.));
#118 = PCURVE('',#32,#119);
#119 = DEFINITIONAL_REPRESENTATION('',(#120),#124);
#120 = LINE('',#121,#122);
#121 = CARTESIAN_POINT('',(0.,19.6));
#122 = VECTOR('',#123,1.);
#123 = DIRECTION('',(1.,0.));
#124 = ( GEOMETRIC_REPRESENTATION_CONTEXT(2) 
PARAMETRIC_REPRESENTATION_CONTEXT() REPRESENTATION_CONTEXT('2D SPACE',''
  ) );
#125 = PCURVE('',#126,#131);
#126 = PLANE('',#127);
#127 = AXIS2_PLACEMENT_3D('',#128,#129,#130);
#128 = CARTESIAN_POINT('',(32.919321558454,-8.902986472589,19.6));
#129 = DIRECTION('',(0.,0.,1.));
#130 = DIRECTION('',(0.996194698092,-8.715574274766E-02,0.));
#131 = DEFINITIONAL_REPRESENTATION('',(#132),#136);
#132 = CIRCLE('',#133,41.994764778616);
#133 = AXIS2_PLACEMENT_2D('',#134,#135);
#134 = CARTESIAN_POINT('',(-33.57,6.));
#135 = DIRECTION('',(0.996194698092,8.715574274766E-02));
#136 = ( GEOMETRIC_REPRESENTATION_CONTEXT(2) 
PARAMETRIC_REPRESENTATION_CONTEXT() REPRESENTATION_CONTEXT('2D SPACE',''
  ) );
#137 = ORIENTED_EDGE('',*,*,#138,.T.);
#138 = EDGE_CURVE('',#110,#139,#141,.T.);
#139 = VERTEX_POINT('',#140);
#140 = CARTESIAN_POINT('',(41.834962020067,-3.660084915793,50.4));
#141 = SURFACE_CURVE('',#142,(#146,#152),.PCURVE_S1.);
#142 = LINE('',#143,#144);
#143 = CARTESIAN_POINT('',(41.834962020067,-3.660084915793,0.));
#144 = VECTOR('',#145,1.);
#145 = DIRECTION('',(0.,0.,1.));
#146 = PCURVE('',#32,#147);
#147 = DEFINITIONAL_REPRESENTATION('',(#148),#151);
#148 = B_SPLINE_CURVE_WITH_KNOTS('',1,(#149,#150),.UNSPECIFIED.,.F.,.F.,
  (2,2),(-6.E-07,70.0000006),.PIECEWISE_BEZIER_KNOTS.);
#149 = CARTESIAN_POINT('',(6.19591884458,-6.E-07));
#150 = CARTESIAN_POINT('',(6.19591884458,70.0000006));
#151 = ( GEOMETRIC_REPRESENTATION_CONTEXT(2) 
PARAMETRIC_REPRESENTATION_CONTEXT() REPRESENTATION_CONTEXT('2D SPACE',''
  ) );
#152 = PCURVE('',#153,#158);
#153 = PLANE('',#154);
#154 = AXIS2_PLACEMENT_3D('',#155,#156,#157);
#155 = CARTESIAN_POINT('',(-83.66992404013,7.320169831587,-105.));
#156 = DIRECTION('',(8.715574274766E-02,0.996194698092,0.));
#157 = DIRECTION('',(0.,0.,1.));
#158 = DEFINITIONAL_REPRESENTATION('',(#159),#163);
#159 = LINE('',#160,#161);
#160 = CARTESIAN_POINT('',(105.,125.98429433584));
#161 = VECTOR('',#162,1.);
#162 = DIRECTION('',(1.,0.));
#163 = ( GEOMETRIC_REPRESENTATION_CONTEXT(2) 
PARAMETRIC_REPRESENTATION_CONTEXT() REPRESENTATION_CONTEXT('2D SPACE',''
  ) );
#164 = ORIENTED_EDGE('',*,*,#165,.F.);
#165 = EDGE_CURVE('',#166,#139,#168,.T.);
#166 = VERTEX_POINT('',#167);
#167 = CARTESIAN_POINT('',(40.8828321427,-9.59970337058,50.4));
#168 = SURFACE_CURVE('',#169,(#174,#181),.PCURVE_S1.);
#169 = CIRCLE('',#170,41.994764778616);
#170 = AXIS2_PLACEMENT_3D('',#171,#172,#173);
#171 = CARTESIAN_POINT('',(0.,0.,50.4));
#172 = DIRECTION('',(0.,0.,1.));
#173 = DIRECTION('',(1.,0.,-0.));
#174 = PCURVE('',#32,#175);
#175 = DEFINITIONAL_REPRESENTATION('',(#176),#180);
#176 = LINE('',#177,#178);
#177 = CARTESIAN_POINT('',(0.,50.4));
#178 = VECTOR('',#179,1.);
#179 = DIRECTION('',(1.,0.));
#180 = ( GEOMETRIC_REPRESENTATION_CONTEXT(2) 
PARAMETRIC_REPRESENTATION_CONTEXT() REPRESENTATION_CONTEXT('2D SPACE',''
  ) );
#181 = PCURVE('',#182,#187);
#182 = PLANE('',#183);
#183 = AXIS2_PLACEMENT_3D('',#184,#185,#186);
#184 = CARTESIAN_POINT('',(32.919321558454,-8.902986472589,50.4));
#185 = DIRECTION('',(0.,0.,1.));
#186 = DIRECTION('',(0.996194698092,-8.715574274766E-02,0.));
#187 = DEFINITIONAL_REPRESENTATION('',(#188),#192);
#188 = CIRCLE('',#189,41.994764778616);
#189 = AXIS2_PLACEMENT_2D('',#190,#191);
#190 = CARTESIAN_POINT('',(-33.57,6.));
#191 = DIRECTION('',(0.996194698092,8.715574274766E-02));
#192 = ( GEOMETRIC_REPRESENTATION_CONTEXT(2) 
PARAMETRIC_REPRESENTATION_CONTEXT() REPRESENTATION_CONTEXT('2D SPACE',''
  ) );
#193 = ORIENTED_EDGE('',*,*,#194,.T.);
#194 = EDGE_CURVE('',#166,#195,#197,.T.);
#195 = VERTEX_POINT('',#196);
#196 = CARTESIAN_POINT('',(40.882832142699,-9.59970337058,70.));
#197 = SURFACE_CURVE('',#198,(#202,#208),.PCURVE_S1.);
#198 = LINE('',#199,#200);
#199 = CARTESIAN_POINT('',(40.8828321427,-9.59970337058,0.));
#200 = VECTOR('',#201,1.);
#201 = DIRECTION('',(0.,0.,1.));
#202 = PCURVE('',#32,#203);
#203 = DEFINITIONAL_REPRESENTATION('',(#204),#207);
#204 = B_SPLINE_CURVE_WITH_KNOTS('',1,(#205,#206),.UNSPECIFIED.,.F.,.F.,
  (2,2),(48.44,70.0000024),.PIECEWISE_BEZIER_KNOTS.);
#205 = CARTESIAN_POINT('',(6.052553282001,48.44));
#206 = CARTESIAN_POINT('',(6.052553282001,70.0000024));
#207 = ( GEOMETRIC_REPRESENTATION_CONTEXT(2) 
PARAMETRIC_REPRESENTATION_CONTEXT() REPRESENTATION_CONTEXT('2D SPACE',''
  ) );
#208 = PCURVE('',#209,#214);
#209 = PLANE('',#210);
#210 = AXIS2_PLACEMENT_3D('',#211,#212,#213);
#211 = CARTESIAN_POINT('',(32.919321558454,-8.902986472589,50.4));
#212 = DIRECTION('',(8.715574274766E-02,0.996194698092,0.));
#213 = DIRECTION('',(0.,0.,1.));
#214 = DEFINITIONAL_REPRESENTATION('',(#215),#218);
#215 = B_SPLINE_CURVE_WITH_KNOTS('',1,(#216,#217),.UNSPECIFIED.,.F.,.F.,
  (2,2),(48.44,70.0000024),.PIECEWISE_BEZIER_KNOTS.);
#216 = CARTESIAN_POINT('',(-1.96,7.993929900952));
#217 = CARTESIAN_POINT('',(19.6000024,7.993929900952));
#218 = ( GEOMETRIC_REPRESENTATION_CONTEXT(2) 
PARAMETRIC_REPRESENTATION_CONTEXT() REPRESENTATION_CONTEXT('2D SPACE',''
  ) );
#219 = ORIENTED_EDGE('',*,*,#220,.T.);
#220 = EDGE_CURVE('',#195,#221,#223,.T.);
#221 = VERTEX_POINT('',#222);
#222 = CARTESIAN_POINT('',(-41.83496202006,-3.660084915793,70.));
#223 = SURFACE_CURVE('',#224,(#229,#236),.PCURVE_S1.);
#224 = CIRCLE('',#225,41.994764778616);
#225 = AXIS2_PLACEMENT_3D('',#226,#227,#228);
#226 = CARTESIAN_POINT('',(0.,0.,70.));
#227 = DIRECTION('',(0.,0.,-1.));
#228 = DIRECTION('',(0.996194698092,8.715574274766E-02,0.));
#229 = PCURVE('',#32,#230);
#230 = DEFINITIONAL_REPRESENTATION('',(#231),#235);
#231 = LINE('',#232,#233);
#232 = CARTESIAN_POINT('',(6.370451769779,70.));
#233 = VECTOR('',#234,1.);
#234 = DIRECTION('',(-1.,-0.));
#235 = ( GEOMETRIC_REPRESENTATION_CONTEXT(2) 
PARAMETRIC_REPRESENTATION_CONTEXT() REPRESENTATION_CONTEXT('2D SPACE',''
  ) );
#236 = PCURVE('',#237,#242);
#237 = PLANE('',#238);
#238 = AXIS2_PLACEMENT_3D('',#239,#240,#241);
#239 = CARTESIAN_POINT('',(0.,0.,70.));
#240 = DIRECTION('',(0.,0.,1.));
#241 = DIRECTION('',(1.,0.,-0.));
#242 = DEFINITIONAL_REPRESENTATION('',(#243),#251);
#243 = ( BOUNDED_CURVE() B_SPLINE_CURVE(2,(#244,#245,#246,#247,#248,#249
,#250),.UNSPECIFIED.,.T.,.F.) B_SPLINE_CURVE_WITH_KNOTS((1,2,2,2,2,1),(
    -2.094395102393,0.,2.094395102393,4.188790204786,6.28318530718,
8.377580409573),.UNSPECIFIED.) CURVE() GEOMETRIC_REPRESENTATION_ITEM() 
RATIONAL_B_SPLINE_CURVE((1.,0.5,1.,0.5,1.,0.5,1.)) REPRESENTATION_ITEM(
  '') );
#244 = CARTESIAN_POINT('',(41.834962020067,3.660084915793));
#245 = CARTESIAN_POINT('',(48.174415054238,-68.80019483567));
#246 = CARTESIAN_POINT('',(-17.74775449294,-38.06018233363));
#247 = CARTESIAN_POINT('',(-83.66992404013,-7.320169831587));
#248 = CARTESIAN_POINT('',(-24.08720752711,34.400097417838));
#249 = CARTESIAN_POINT('',(35.495508985896,76.120364667264));
#250 = CARTESIAN_POINT('',(41.834962020067,3.660084915793));
#251 = ( GEOMETRIC_REPRESENTATION_CONTEXT(2) 
PARAMETRIC_REPRESENTATION_CONTEXT() REPRESENTATION_CONTEXT('2D SPACE',''
  ) );
#252 = ORIENTED_EDGE('',*,*,#253,.F.);
#253 = EDGE_CURVE('',#254,#221,#256,.T.);
#254 = VERTEX_POINT('',#255);
#255 = CARTESIAN_POINT('',(-41.83496202006,-3.660084915793,48.));
#256 = SURFACE_CURVE('',#257,(#261,#267),.PCURVE_S1.);
#257 = LINE('',#258,#259);
#258 = CARTESIAN_POINT('',(-41.83496202006,-3.660084915793,0.));
#259 = VECTOR('',#260,1.);
#260 = DIRECTION('',(0.,0.,1.));
#261 = PCURVE('',#32,#262);
#262 = DEFINITIONAL_REPRESENTATION('',(#263),#266);
#263 = B_SPLINE_CURVE_WITH_KNOTS('',1,(#264,#265),.UNSPECIFIED.,.F.,.F.,
  (2,2),(0.,70.),.PIECEWISE_BEZIER_KNOTS.);
#264 = CARTESIAN_POINT('',(3.22885911619,0.));
#265 = CARTESIAN_POINT('',(3.22885911619,70.));
#266 = ( GEOMETRIC_REPRESENTATION_CONTEXT(2) 
PARAMETRIC_REPRESENTATION_CONTEXT() REPRESENTATION_CONTEXT('2D SPACE',''
  ) );
#267 = PCURVE('',#268,#273);
#268 = PLANE('',#269);
#269 = AXIS2_PLACEMENT_3D('',#270,#271,#272);
#270 = CARTESIAN_POINT('',(83.669924040134,7.320169831587,-105.));
#271 = DIRECTION('',(8.715574274766E-02,-0.996194698092,0.));
#272 = DIRECTION('',(0.,0.,1.));
#273 = DEFINITIONAL_REPRESENTATION('',(#274),#277);
#274 = B_SPLINE_CURVE_WITH_KNOTS('',1,(#275,#276),.UNSPECIFIED.,.F.,.F.,
  (2,2),(-6.E-07,70.0000006),.PIECEWISE_BEZIER_KNOTS.);
#275 = CARTESIAN_POINT('',(104.9999994,125.98429433584));
#276 = CARTESIAN_POINT('',(175.0000006,125.98429433584));
#277 = ( GEOMETRIC_REPRESENTATION_CONTEXT(2) 
PARAMETRIC_REPRESENTATION_CONTEXT() REPRESENTATION_CONTEXT('2D SPACE',''
  ) );
#278 = ORIENTED_EDGE('',*,*,#279,.T.);
#279 = EDGE_CURVE('',#254,#280,#282,.T.);
#280 = VERTEX_POINT('',#281);
#281 = CARTESIAN_POINT('',(-41.46660979828,-6.639317784833,48.));
#282 = SURFACE_CURVE('',#283,(#288,#295),.PCURVE_S1.);
#283 = CIRCLE('',#284,41.994764778616);
#284 = AXIS2_PLACEMENT_3D('',#285,#286,#287);
#285 = CARTESIAN_POINT('',(0.,0.,48.));
#286 = DIRECTION('',(0.,0.,1.));
#287 = DIRECTION('',(1.,0.,-0.));
#288 = PCURVE('',#32,#289);
#289 = DEFINITIONAL_REPRESENTATION('',(#290),#294);
#290 = LINE('',#291,#292);
#291 = CARTESIAN_POINT('',(0.,48.));
#292 = VECTOR('',#293,1.);
#293 = DIRECTION('',(1.,0.));
#294 = ( GEOMETRIC_REPRESENTATION_CONTEXT(2) 
PARAMETRIC_REPRESENTATION_CONTEXT() REPRESENTATION_CONTEXT('2D SPACE',''
  ) );
#295 = PCURVE('',#296,#301);
#296 = PLANE('',#297);
#297 = AXIS2_PLACEMENT_3D('',#298,#299,#300);
#298 = CARTESIAN_POINT('',(-33.70372324318,6.276581023636E-02,48.));
#299 = DIRECTION('',(0.,0.,1.));
#300 = DIRECTION('',(-0.996194698092,-8.715574274766E-02,0.));
#301 = DEFINITIONAL_REPRESENTATION('',(#302),#306);
#302 = CIRCLE('',#303,41.994764778616);
#303 = AXIS2_PLACEMENT_2D('',#304,#305);
#304 = CARTESIAN_POINT('',(-33.57,3.));
#305 = DIRECTION('',(-0.996194698092,8.715574274766E-02));
#306 = ( GEOMETRIC_REPRESENTATION_CONTEXT(2) 
PARAMETRIC_REPRESENTATION_CONTEXT() REPRESENTATION_CONTEXT('2D SPACE',''
  ) );
#307 = ORIENTED_EDGE('',*,*,#308,.F.);
#308 = EDGE_CURVE('',#309,#280,#311,.T.);
#309 = VERTEX_POINT('',#310);
#310 = CARTESIAN_POINT('',(-41.46660979828,-6.639317784833,42.));
#311 = SURFACE_CURVE('',#312,(#316,#322),.PCURVE_S1.);
#312 = LINE('',#313,#314);
#313 = CARTESIAN_POINT('',(-41.46660979828,-6.639317784833,0.));
#314 = VECTOR('',#315,1.);
#315 = DIRECTION('',(0.,0.,1.));
#316 = PCURVE('',#32,#317);
#317 = DEFINITIONAL_REPRESENTATION('',(#318),#321);
#318 = B_SPLINE_CURVE_WITH_KNOTS('',1,(#319,#320),.UNSPECIFIED.,.F.,.F.,
  (2,2),(41.4,48.6),.PIECEWISE_BEZIER_KNOTS.);
#319 = CARTESIAN_POINT('',(3.300357493429,41.4));
#320 = CARTESIAN_POINT('',(3.300357493429,48.6));
#321 = ( GEOMETRIC_REPRESENTATION_CONTEXT(2) 
PARAMETRIC_REPRESENTATION_CONTEXT() REPRESENTATION_CONTEXT('2D SPACE',''
  ) );
#322 = PCURVE('',#323,#328);
#323 = PLANE('',#324);
#324 = AXIS2_PLACEMENT_3D('',#325,#326,#327);
#325 = CARTESIAN_POINT('',(-33.18078878669,-5.914402378314,42.));
#326 = DIRECTION('',(8.715574274766E-02,-0.996194698092,0.));
#327 = DIRECTION('',(0.,0.,1.));
#328 = DEFINITIONAL_REPRESENTATION('',(#329),#332);
#329 = B_SPLINE_CURVE_WITH_KNOTS('',1,(#330,#331),.UNSPECIFIED.,.F.,.F.,
  (2,2),(41.4,48.6),.PIECEWISE_BEZIER_KNOTS.);
#330 = CARTESIAN_POINT('',(-0.6,8.317471501766));
#331 = CARTESIAN_POINT('',(6.6,8.317471501766));
#332 = ( GEOMETRIC_REPRESENTATION_CONTEXT(2) 
PARAMETRIC_REPRESENTATION_CONTEXT() REPRESENTATION_CONTEXT('2D SPACE',''
  ) );
#333 = ORIENTED_EDGE('',*,*,#334,.F.);
#334 = EDGE_CURVE('',#335,#309,#337,.T.);
#335 = VERTEX_POINT('',#336);
#336 = CARTESIAN_POINT('',(-41.83496202006,-3.660084915793,42.));
#337 = SURFACE_CURVE('',#338,(#343,#350),.PCURVE_S1.);
#338 = CIRCLE('',#339,41.994764778616);
#339 = AXIS2_PLACEMENT_3D('',#340,#341,#342);
#340 = CARTESIAN_POINT('',(0.,0.,42.));
#341 = DIRECTION('',(0.,0.,1.));
#342 = DIRECTION('',(1.,0.,-0.));
#343 = PCURVE('',#32,#344);
#344 = DEFINITIONAL_REPRESENTATION('',(#345),#349);
#345 = LINE('',#346,#347);
#346 = CARTESIAN_POINT('',(0.,42.));
#347 = VECTOR('',#348,1.);
#348 = DIRECTION('',(1.,0.));
#349 = ( GEOMETRIC_REPRESENTATION_CONTEXT(2) 
PARAMETRIC_REPRESENTATION_CONTEXT() REPRESENTATION_CONTEXT('2D SPACE',''
  ) );
#350 = PCURVE('',#351,#356);
#351 = PLANE('',#352);
#352 = AXIS2_PLACEMENT_3D('',#353,#354,#355);
#353 = CARTESIAN_POINT('',(-33.70372324318,6.276581023636E-02,42.));
#354 = DIRECTION('',(0.,0.,1.));
#355 = DIRECTION('',(-0.996194698092,-8.715574274766E-02,0.));
#356 = DEFINITIONAL_REPRESENTATION('',(#357),#361);
#357 = CIRCLE('',#358,41.994764778616);
#358 = AXIS2_PLACEMENT_2D('',#359,#360);
#359 = CARTESIAN_POINT('',(-33.57,3.));
#360 = DIRECTION('',(-0.996194698092,8.715574274766E-02));
#361 = ( GEOMETRIC_REPRESENTATION_CONTEXT(2) 
PARAMETRIC_REPRESENTATION_CONTEXT() REPRESENTATION_CONTEXT('2D SPACE',''
  ) );
#362 = ORIENTED_EDGE('',*,*,#363,.F.);
#363 = EDGE_CURVE('',#364,#335,#366,.T.);
#364 = VERTEX_POINT('',#365);
#365 = CARTESIAN_POINT('',(-41.83496202006,-3.660084915793,28.));
#366 = SURFACE_CURVE('',#367,(#371,#377),.PCURVE_S1.);
#367 = LINE('',#368,#369);
#368 = CARTESIAN_POINT('',(-41.83496202006,-3.660084915793,0.));
#369 = VECTOR('',#370,1.);
#370 = DIRECTION('',(0.,0.,1.));
#371 = PCURVE('',#32,#372);
#372 = DEFINITIONAL_REPRESENTATION('',(#373),#376);
#373 = B_SPLINE_CURVE_WITH_KNOTS('',1,(#374,#375),.UNSPECIFIED.,.F.,.F.,
  (2,2),(0.,70.),.PIECEWISE_BEZIER_KNOTS.);
#374 = CARTESIAN_POINT('',(3.22885911619,0.));
#375 = CARTESIAN_POINT('',(3.22885911619,70.));
#376 = ( GEOMETRIC_REPRESENTATION_CONTEXT(2) 
PARAMETRIC_REPRESENTATION_CONTEXT() REPRESENTATION_CONTEXT('2D SPACE',''
  ) );
#377 = PCURVE('',#378,#383);
#378 = PLANE('',#379);
#379 = AXIS2_PLACEMENT_3D('',#380,#381,#382);
#380 = CARTESIAN_POINT('',(83.669924040134,7.320169831587,-105.));
#381 = DIRECTION('',(8.715574274766E-02,-0.996194698092,0.));
#382 = DIRECTION('',(0.,0.,1.));
#383 = DEFINITIONAL_REPRESENTATION('',(#384),#387);
#384 = B_SPLINE_CURVE_WITH_KNOTS('',1,(#385,#386),.UNSPECIFIED.,.F.,.F.,
  (2,2),(-6.E-07,70.0000006),.PIECEWISE_BEZIER_KNOTS.);
#385 = CARTESIAN_POINT('',(104.9999994,125.98429433584));
#386 = CARTESIAN_POINT('',(175.0000006,125.98429433584));
#387 = ( GEOMETRIC_REPRESENTATION_CONTEXT(2) 
PARAMETRIC_REPRESENTATION_CONTEXT() REPRESENTATION_CONTEXT('2D SPACE',''
  ) );
#388 = ORIENTED_EDGE('',*,*,#389,.T.);
#389 = EDGE_CURVE('',#364,#390,#392,.T.);
#390 = VERTEX_POINT('',#391);
#391 = CARTESIAN_POINT('',(-41.46660979828,-6.639317784833,28.));
#392 = SURFACE_CURVE('',#393,(#398,#405),.PCURVE_S1.);
#393 = CIRCLE('',#394,41.994764778616);
#394 = AXIS2_PLACEMENT_3D('',#395,#396,#397);
#395 = CARTESIAN_POINT('',(0.,0.,28.));
#396 = DIRECTION('',(0.,0.,1.));
#397 = DIRECTION('',(1.,0.,-0.));
#398 = PCURVE('',#32,#399);
#399 = DEFINITIONAL_REPRESENTATION('',(#400),#404);
#400 = LINE('',#401,#402);
#401 = CARTESIAN_POINT('',(0.,28.));
#402 = VECTOR('',#403,1.);
#403 = DIRECTION('',(1.,0.));
#404 = ( GEOMETRIC_REPRESENTATION_CONTEXT(2) 
PARAMETRIC_REPRESENTATION_CONTEXT() REPRESENTATION_CONTEXT('2D SPACE',''
  ) );
#405 = PCURVE('',#406,#411);
#406 = PLANE('',#407);
#407 = AXIS2_PLACEMENT_3D('',#408,#409,#410);
#408 = CARTESIAN_POINT('',(-33.70372324318,6.276581023636E-02,28.));
#409 = DIRECTION('',(0.,0.,1.));
#410 = DIRECTION('',(-0.996194698092,-8.715574274766E-02,0.));
#411 = DEFINITIONAL_REPRESENTATION('',(#412),#416);
#412 = CIRCLE('',#413,41.994764778616);
#413 = AXIS2_PLACEMENT_2D('',#414,#415);
#414 = CARTESIAN_POINT('',(-33.57,3.));
#415 = DIRECTION('',(-0.996194698092,8.715574274766E-02));
#416 = ( GEOMETRIC_REPRESENTATION_CONTEXT(2) 
PARAMETRIC_REPRESENTATION_CONTEXT() REPRESENTATION_CONTEXT('2D SPACE',''
  ) );
#417 = ORIENTED_EDGE('',*,*,#418,.F.);
#418 = EDGE_CURVE('',#419,#390,#421,.T.);
#419 = VERTEX_POINT('',#420);
#420 = CARTESIAN_POINT('',(-41.46660979828,-6.639317784833,22.));
#421 = SURFACE_CURVE('',#422,(#426,#432),.PCURVE_S1.);
#422 = LINE('',#423,#424);
#423 = CARTESIAN_POINT('',(-41.46660979828,-6.639317784833,0.));
#424 = VECTOR('',#425,1.);
#425 = DIRECTION('',(0.,0.,1.));
#426 = PCURVE('',#32,#427);
#427 = DEFINITIONAL_REPRESENTATION('',(#428),#431);
#428 = B_SPLINE_CURVE_WITH_KNOTS('',1,(#429,#430),.UNSPECIFIED.,.F.,.F.,
  (2,2),(21.4,28.6),.PIECEWISE_BEZIER_KNOTS.);
#429 = CARTESIAN_POINT('',(3.300357493429,21.4));
#430 = CARTESIAN_POINT('',(3.300357493429,28.6));
#431 = ( GEOMETRIC_REPRESENTATION_CONTEXT(2) 
PARAMETRIC_REPRESENTATION_CONTEXT() REPRESENTATION_CONTEXT('2D SPACE',''
  ) );
#432 = PCURVE('',#433,#438);
#433 = PLANE('',#434);
#434 = AXIS2_PLACEMENT_3D('',#435,#436,#437);
#435 = CARTESIAN_POINT('',(-33.18078878669,-5.914402378314,22.));
#436 = DIRECTION('',(8.715574274766E-02,-0.996194698092,0.));
#437 = DIRECTION('',(0.,0.,1.));
#438 = DEFINITIONAL_REPRESENTATION('',(#439),#442);
#439 = B_SPLINE_CURVE_WITH_KNOTS('',1,(#440,#441),.UNSPECIFIED.,.F.,.F.,
  (2,2),(21.4,28.6),.PIECEWISE_BEZIER_KNOTS.);
#440 = CARTESIAN_POINT('',(-0.6,8.317471501766));
#441 = CARTESIAN_POINT('',(6.6,8.317471501766));
#442 = ( GEOMETRIC_REPRESENTATION_CONTEXT(2) 
PARAMETRIC_REPRESENTATION_CONTEXT() REPRESENTATION_CONTEXT('2D SPACE',''
  ) );
#443 = ORIENTED_EDGE('',*,*,#444,.F.);
#444 = EDGE_CURVE('',#24,#419,#445,.T.);
#445 = SURFACE_CURVE('',#446,(#451,#458),.PCURVE_S1.);
#446 = CIRCLE('',#447,41.994764778616);
#447 = AXIS2_PLACEMENT_3D('',#448,#449,#450);
#448 = CARTESIAN_POINT('',(0.,0.,22.));
#449 = DIRECTION('',(0.,0.,1.));
#450 = DIRECTION('',(1.,0.,-0.));
#451 = PCURVE('',#32,#452);
#452 = DEFINITIONAL_REPRESENTATION('',(#453),#457);
#453 = LINE('',#454,#455);
#454 = CARTESIAN_POINT('',(0.,22.));
#455 = VECTOR('',#456,1.);
#456 = DIRECTION('',(1.,0.));
#457 = ( GEOMETRIC_REPRESENTATION_CONTEXT(2) 
PARAMETRIC_REPRESENTATION_CONTEXT() REPRESENTATION_CONTEXT('2D SPACE',''
  ) );
#458 = PCURVE('',#459,#464);
#459 = PLANE('',#460);
#460 = AXIS2_PLACEMENT_3D('',#461,#462,#463);
#461 = CARTESIAN_POINT('',(-33.70372324318,6.276581023636E-02,22.));
#462 = DIRECTION('',(0.,0.,1.));
#463 = DIRECTION('',(-0.996194698092,-8.715574274766E-02,0.));
#464 = DEFINITIONAL_REPRESENTATION('',(#465),#469);
#465 = CIRCLE('',#466,41.994764778616);
#466 = AXIS2_PLACEMENT_2D('',#467,#468);
#467 = CARTESIAN_POINT('',(-33.57,3.));
#468 = DIRECTION('',(-0.996194698092,8.715574274766E-02));
#469 = ( GEOMETRIC_REPRESENTATION_CONTEXT(2) 
PARAMETRIC_REPRESENTATION_CONTEXT() REPRESENTATION_CONTEXT('2D SPACE',''
  ) );
#470 = FACE_BOUND('',#471,.T.);
#471 = EDGE_LOOP('',(#472,#500,#529,#689,#718,#739));
#472 = ORIENTED_EDGE('',*,*,#473,.F.);
#473 = EDGE_CURVE('',#474,#476,#478,.T.);
#474 = VERTEX_POINT('',#475);
#475 = CARTESIAN_POINT('',(-28.70577798603,-30.65189356349,31.5));
#476 = VERTEX_POINT('',#477);
#477 = CARTESIAN_POINT('',(-28.70577798603,-30.65189356349,38.5));
#478 = SURFACE_CURVE('',#479,(#483,#489),.PCURVE_S1.);
#479 = LINE('',#480,#481);
#480 = CARTESIAN_POINT('',(-28.70577798603,-30.65189356349,0.));
#481 = VECTOR('',#482,1.);
#482 = DIRECTION('',(0.,0.,1.));
#483 = PCURVE('',#32,#484);
#484 = DEFINITIONAL_REPRESENTATION('',(#485),#488);
#485 = B_SPLINE_CURVE_WITH_KNOTS('',1,(#486,#487),.UNSPECIFIED.,.F.,.F.,
  (2,2),(31.4999976,38.5000024),.PIECEWISE_BEZIER_KNOTS.);
#486 = CARTESIAN_POINT('',(3.959765328824,31.4999976));
#487 = CARTESIAN_POINT('',(3.959765328824,38.5000024));
#488 = ( GEOMETRIC_REPRESENTATION_CONTEXT(2) 
PARAMETRIC_REPRESENTATION_CONTEXT() REPRESENTATION_CONTEXT('2D SPACE',''
  ) );
#489 = PCURVE('',#490,#495);
#490 = CYLINDRICAL_SURFACE('',#491,6.5);
#491 = AXIS2_PLACEMENT_3D('',#492,#493,#494);
#492 = CARTESIAN_POINT('',(-32.30431548712,-25.23889736423,31.5));
#493 = DIRECTION('',(0.,0.,1.));
#494 = DIRECTION('',(1.,0.,-0.));
#495 = DEFINITIONAL_REPRESENTATION('',(#496),#499);
#496 = B_SPLINE_CURVE_WITH_KNOTS('',1,(#497,#498),.UNSPECIFIED.,.F.,.F.,
  (2,2),(31.4999976,38.5000024),.PIECEWISE_BEZIER_KNOTS.);
#497 = CARTESIAN_POINT('',(5.29909529635,-2.400000003178E-06));
#498 = CARTESIAN_POINT('',(5.29909529635,7.0000024));
#499 = ( GEOMETRIC_REPRESENTATION_CONTEXT(2) 
PARAMETRIC_REPRESENTATION_CONTEXT() REPRESENTATION_CONTEXT('2D SPACE',''
  ) );
#500 = ORIENTED_EDGE('',*,*,#501,.F.);
#501 = EDGE_CURVE('',#502,#474,#504,.T.);
#502 = VERTEX_POINT('',#503);
#503 = CARTESIAN_POINT('',(-31.44131139687,-27.83889736423,31.5));
#504 = SURFACE_CURVE('',#505,(#510,#517),.PCURVE_S1.);
#505 = CIRCLE('',#506,41.994764778616);
#506 = AXIS2_PLACEMENT_3D('',#507,#508,#509);
#507 = CARTESIAN_POINT('',(0.,0.,31.5));
#508 = DIRECTION('',(0.,0.,1.));
#509 = DIRECTION('',(1.,0.,-0.));
#510 = PCURVE('',#32,#511);
#511 = DEFINITIONAL_REPRESENTATION('',(#512),#516);
#512 = LINE('',#513,#514);
#513 = CARTESIAN_POINT('',(0.,31.5));
#514 = VECTOR('',#515,1.);
#515 = DIRECTION('',(1.,0.));
#516 = ( GEOMETRIC_REPRESENTATION_CONTEXT(2) 
PARAMETRIC_REPRESENTATION_CONTEXT() REPRESENTATION_CONTEXT('2D SPACE',''
  ) );
#517 = PCURVE('',#518,#523);
#518 = PLANE('',#519);
#519 = AXIS2_PLACEMENT_3D('',#520,#521,#522);
#520 = CARTESIAN_POINT('',(-32.30431548712,-25.23889736423,31.5));
#521 = DIRECTION('',(0.,0.,1.));
#522 = DIRECTION('',(1.,0.,-0.));
#523 = DEFINITIONAL_REPRESENTATION('',(#524),#528);
#524 = CIRCLE('',#525,41.994764778616);
#525 = AXIS2_PLACEMENT_2D('',#526,#527);
#526 = CARTESIAN_POINT('',(32.304315487127,25.238897364231));
#527 = DIRECTION('',(1.,0.));
#528 = ( GEOMETRIC_REPRESENTATION_CONTEXT(2) 
PARAMETRIC_REPRESENTATION_CONTEXT() REPRESENTATION_CONTEXT('2D SPACE',''
  ) );
#529 = ORIENTED_EDGE('',*,*,#530,.F.);
#530 = EDGE_CURVE('',#531,#502,#533,.T.);
#531 = VERTEX_POINT('',#532);
#532 = CARTESIAN_POINT('',(-35.37005223268,-22.63889736423,31.5));
#533 = SURFACE_CURVE('',#534,(#582,#633),.PCURVE_S1.);
#534 = B_SPLINE_CURVE_WITH_KNOTS('',6,(#535,#536,#537,#538,#539,#540,
    #541,#542,#543,#544,#545,#546,#547,#548,#549,#550,#551,#552,#553,
    #554,#555,#556,#557,#558,#559,#560,#561,#562,#563,#564,#565,#566,
    #567,#568,#569,#570,#571,#572,#573,#574,#575,#576,#577,#578,#579,
    #580,#581),.UNSPECIFIED.,.F.,.F.,(7,5,5,5,5,5,5,5,5,7),(0.,
    0.153168392884,0.293277630763,0.374002534541,0.466073817716,
    0.524394621526,0.643080832918,0.738773684765,0.837473644783,1.),
  .UNSPECIFIED.);
#535 = CARTESIAN_POINT('',(-35.37005223268,-22.63889736423,31.5));
#536 = CARTESIAN_POINT('',(-35.37005223268,-22.63889736423,
    31.711781216671));
#537 = CARTESIAN_POINT('',(-35.3568025815,-22.65959802967,
    31.923677919261));
#538 = CARTESIAN_POINT('',(-35.33027661749,-22.70104119864,
    32.133256339195));
#539 = CARTESIAN_POINT('',(-35.29054159789,-22.76292105954,
    32.338091975035));
#540 = CARTESIAN_POINT('',(-35.23774938749,-22.84459892593,
    32.535827201963));
#541 = CARTESIAN_POINT('',(-35.11215064364,-23.03712669142,
    32.896554393786));
#542 = CARTESIAN_POINT('',(-35.04142451674,-23.14491023676,
    33.061098402925));
#543 = CARTESIAN_POINT('',(-34.96029480131,-23.26760075347,
    33.215759397479));
#544 = CARTESIAN_POINT('',(-34.8692846304,-23.40389668706,
    33.358682668158));
#545 = CARTESIAN_POINT('',(-34.7691174487,-23.55218893729,
    33.488311336986));
#546 = CARTESIAN_POINT('',(-34.59825614389,-23.80195743136,
    33.669778770079));
#547 = CARTESIAN_POINT('',(-34.53309000683,-23.89659930522,
    33.731274028108));
#548 = CARTESIAN_POINT('',(-34.46540938744,-23.99420753782,
    33.787693352024));
#549 = CARTESIAN_POINT('',(-34.39542995039,-24.09438678314,
    33.838848825613));
#550 = CARTESIAN_POINT('',(-34.32339031918,-24.1967234841,
    33.884601465068));
#551 = CARTESIAN_POINT('',(-34.16533838176,-24.4194820222,
    33.970780244046));
#552 = CARTESIAN_POINT('',(-34.07879878295,-24.54040516806,
    34.009546487467));
#553 = CARTESIAN_POINT('',(-33.99028180171,-24.66298383942,
    34.041056830258));
#554 = CARTESIAN_POINT('',(-33.9001565085,-24.78664203297,
    34.065272274057));
#555 = CARTESIAN_POINT('',(-33.8088144895,-24.91080533745,
    34.082218313553));
#556 = CARTESIAN_POINT('',(-33.65830352473,-25.11351147337,
    34.098171632433));
#557 = CARTESIAN_POINT('',(-33.5996065456,-25.19210427483,
    34.101478549484));
#558 = CARTESIAN_POINT('',(-33.54066857184,-25.27055894234,
    34.101929111839));
#559 = CARTESIAN_POINT('',(-33.48158023516,-25.34875487064,
    34.099552210347));
#560 = CARTESIAN_POINT('',(-33.42243371807,-25.42657402662,
    34.09438233373));
#561 = CARTESIAN_POINT('',(-33.24302852037,-25.66126571266,
    34.070336282927));
#562 = CARTESIAN_POINT('',(-33.12291047946,-25.81655404882,
    34.042816031094));
#563 = CARTESIAN_POINT('',(-33.00364526931,-25.96894170105,
    34.004231474564));
#564 = CARTESIAN_POINT('',(-32.88592869909,-26.11764575307,
    33.954941534176));
#565 = CARTESIAN_POINT('',(-32.77047308065,-26.26191857642,
    33.89533198706));
#566 = CARTESIAN_POINT('',(-32.56732483122,-26.51321231369,
    33.769767623842));
#567 = CARTESIAN_POINT('',(-32.47856428103,-26.62206321387,
    33.707265395488));
#568 = CARTESIAN_POINT('',(-32.39208958408,-26.72723389613,
    33.638509795537));
#569 = CARTESIAN_POINT('',(-32.30827880835,-26.82836825041,
    33.56370791793));
#570 = CARTESIAN_POINT('',(-32.22752021969,-26.92511187593,
    33.483073939342));
#571 = CARTESIAN_POINT('',(-32.07047254568,-27.11199774187,
    33.307874915676));
#572 = CARTESIAN_POINT('',(-31.99438247551,-27.20186220545,
    33.212927872389));
#573 = CARTESIAN_POINT('',(-31.92243107925,-27.28624710756,
    33.112282400275));
#574 = CARTESIAN_POINT('',(-31.85510216695,-27.36471849115,
    33.006261314759));
#575 = CARTESIAN_POINT('',(-31.79286950214,-27.43685855211,
    32.895216110457));
#576 = CARTESIAN_POINT('',(-31.64286584449,-27.60995505496,
    32.589024654877));
#577 = CARTESIAN_POINT('',(-31.56439139622,-27.69962462598,
    32.385494106054));
#578 = CARTESIAN_POINT('',(-31.50347460933,-27.76869071452,
    32.171599085471));
#579 = CARTESIAN_POINT('',(-31.46208467277,-27.8154358177,
    31.950467233917));
#580 = CARTESIAN_POINT('',(-31.44131139687,-27.83889736423,
    31.725463682955));
#581 = CARTESIAN_POINT('',(-31.44131139687,-27.83889736423,31.5));
#582 = PCURVE('',#32,#583);
#583 = DEFINITIONAL_REPRESENTATION('',(#584),#632);
#584 = B_SPLINE_CURVE_WITH_KNOTS('',6,(#585,#586,#587,#588,#589,#590,
    #591,#592,#593,#594,#595,#596,#597,#598,#599,#600,#601,#602,#603,
    #604,#605,#606,#607,#608,#609,#610,#611,#612,#613,#614,#615,#616,
    #617,#618,#619,#620,#621,#622,#623,#624,#625,#626,#627,#628,#629,
    #630,#631),.UNSPECIFIED.,.F.,.F.,(7,5,5,5,5,5,5,5,5,7),(0.,
    0.153168392884,0.293277630763,0.374002534541,0.466073817716,
    0.524394621526,0.643080832918,0.738773684765,0.837473644783,1.),
  .UNSPECIFIED.);
#585 = CARTESIAN_POINT('',(3.710947240176,31.5));
#586 = CARTESIAN_POINT('',(3.710947240176,31.711781216671));
#587 = CARTESIAN_POINT('',(3.711532499987,31.923677919261));
#588 = CARTESIAN_POINT('',(3.712704201583,32.133256339195));
#589 = CARTESIAN_POINT('',(3.714455346233,32.338091975035));
#590 = CARTESIAN_POINT('',(3.716771179428,32.535827201963));
#591 = CARTESIAN_POINT('',(3.722245048538,32.896554393786));
#592 = CARTESIAN_POINT('',(3.725314863228,33.061098402925));
#593 = CARTESIAN_POINT('',(3.728817365628,33.215759397479));
#594 = CARTESIAN_POINT('',(3.732719889617,33.358682668158));
#595 = CARTESIAN_POINT('',(3.736981123173,33.488311336986));
#596 = CARTESIAN_POINT('',(3.74418722101,33.669778770079));
#597 = CARTESIAN_POINT('',(3.746923439879,33.731274028108));
#598 = CARTESIAN_POINT('',(3.749751798263,33.787693352024));
#599 = CARTESIAN_POINT('',(3.752661672984,33.838848825613));
#600 = CARTESIAN_POINT('',(3.755641784377,33.884601465068));
#601 = CARTESIAN_POINT('',(3.762145768096,33.970780244046));
#602 = CARTESIAN_POINT('',(3.765686641947,34.009546487467));
#603 = CARTESIAN_POINT('',(3.769286988967,34.041056830258));
#604 = CARTESIAN_POINT('',(3.772930629269,34.065272274057));
#605 = CARTESIAN_POINT('',(3.776601108714,34.082218313553));
#606 = CARTESIAN_POINT('',(3.782613153597,34.098171632433));
#607 = CARTESIAN_POINT('',(3.784948974194,34.101478549484));
#608 = CARTESIAN_POINT('',(3.787285598225,34.101929111839));
#609 = CARTESIAN_POINT('',(3.789619456092,34.099552210347));
#610 = CARTESIAN_POINT('',(3.791947004627,34.09438233373));
#611 = CARTESIAN_POINT('',(3.798981426461,34.070336282927));
#612 = CARTESIAN_POINT('',(3.803656295305,34.042816031094));
#613 = CARTESIAN_POINT('',(3.808264145254,34.004231474564));
#614 = CARTESIAN_POINT('',(3.812780271933,33.954941534176));
#615 = CARTESIAN_POINT('',(3.817180354988,33.89533198706));
#616 = CARTESIAN_POINT('',(3.824875060793,33.769767623842));
#617 = CARTESIAN_POINT('',(3.828219558915,33.707265395488));
#618 = CARTESIAN_POINT('',(3.831461759335,33.638509795537));
#619 = CARTESIAN_POINT('',(3.834589460552,33.56370791793));
#620 = CARTESIAN_POINT('',(3.837590317328,33.483073939342));
#621 = CARTESIAN_POINT('',(3.84340321434,33.307874915676));
#622 = CARTESIAN_POINT('',(3.84620714173,33.212927872389));
#623 = CARTESIAN_POINT('',(3.848847819019,33.112282400275));
#624 = CARTESIAN_POINT('',(3.851309944882,33.006261314759));
#625 = CARTESIAN_POINT('',(3.8535786454,32.895216110457));
#626 = CARTESIAN_POINT('',(3.859032875592,32.589024654877));
#627 = CARTESIAN_POINT('',(3.861870314424,32.385494106054));
#628 = CARTESIAN_POINT('',(3.864063249777,32.171599085471));
#629 = CARTESIAN_POINT('',(3.865550004695,31.950467233917));
#630 = CARTESIAN_POINT('',(3.866296203163,31.725463682955));
#631 = CARTESIAN_POINT('',(3.866296203163,31.5));
#632 = ( GEOMETRIC_REPRESENTATION_CONTEXT(2) 
PARAMETRIC_REPRESENTATION_CONTEXT() REPRESENTATION_CONTEXT('2D SPACE',''
  ) );
#633 = PCURVE('',#634,#639);
#634 = CYLINDRICAL_SURFACE('',#635,2.6);
#635 = AXIS2_PLACEMENT_3D('',#636,#637,#638);
#636 = CARTESIAN_POINT('',(-42.80431548712,-25.23889736423,31.5));
#637 = DIRECTION('',(1.,0.,2.22044604925E-16));
#638 = DIRECTION('',(2.22044604925E-16,0.,-1.));
#639 = DEFINITIONAL_REPRESENTATION('',(#640),#688);
#640 = B_SPLINE_CURVE_WITH_KNOTS('',6,(#641,#642,#643,#644,#645,#646,
    #647,#648,#649,#650,#651,#652,#653,#654,#655,#656,#657,#658,#659,
    #660,#661,#662,#663,#664,#665,#666,#667,#668,#669,#670,#671,#672,
    #673,#674,#675,#676,#677,#678,#679,#680,#681,#682,#683,#684,#685,
    #686,#687),.UNSPECIFIED.,.F.,.F.,(7,5,5,5,5,5,5,5,5,7),(0.,
    0.153168392884,0.293277630763,0.374002534541,0.466073817716,
    0.524394621526,0.643080832918,0.738773684765,0.837473644783,1.),
  .UNSPECIFIED.);
#641 = CARTESIAN_POINT('',(1.570796326795,7.434263254439));
#642 = CARTESIAN_POINT('',(1.652250640899,7.434263254439));
#643 = CARTESIAN_POINT('',(1.73374939053,7.44751290562));
#644 = CARTESIAN_POINT('',(1.815329176677,7.474038869637));
#645 = CARTESIAN_POINT('',(1.897035924659,7.513773889229));
#646 = CARTESIAN_POINT('',(1.978921534447,7.566566099633));
#647 = CARTESIAN_POINT('',(2.13618692626,7.69216484348));
#648 = CARTESIAN_POINT('',(2.211537727244,7.762890970387));
#649 = CARTESIAN_POINT('',(2.286999322499,7.844020685808));
#650 = CARTESIAN_POINT('',(2.362489083583,7.935030856727));
#651 = CARTESIAN_POINT('',(2.437937314757,8.035198038422));
#652 = CARTESIAN_POINT('',(2.556679944488,8.206059343228));
#653 = CARTESIAN_POINT('',(2.600031055059,8.271225480289));
#654 = CARTESIAN_POINT('',(2.643304868971,8.338906099681));
#655 = CARTESIAN_POINT('',(2.686481183275,8.408885536729));
#656 = CARTESIAN_POINT('',(2.729539361388,8.480925167943));
#657 = CARTESIAN_POINT('',(2.821403800558,8.638977105364));
#658 = CARTESIAN_POINT('',(2.870159555429,8.725516704175));
#659 = CARTESIAN_POINT('',(2.918713286056,8.814033685414));
#660 = CARTESIAN_POINT('',(2.967055829598,8.90415897862));
#661 = CARTESIAN_POINT('',(3.015175100828,8.995500997619));
#662 = CARTESIAN_POINT('',(3.093380079105,9.146011962392));
#663 = CARTESIAN_POINT('',(3.12361467419,9.204708941525));
#664 = CARTESIAN_POINT('',(3.153760343751,9.26364691528));
#665 = CARTESIAN_POINT('',(3.18382036924,9.32273525196));
#666 = CARTESIAN_POINT('',(3.213797592313,9.381881769055));
#667 = CARTESIAN_POINT('',(3.304536179102,9.561286966749));
#668 = CARTESIAN_POINT('',(3.365030295625,9.681405007661));
#669 = CARTESIAN_POINT('',(3.425253545092,9.800670217814));
#670 = CARTESIAN_POINT('',(3.4852750222,9.918386788028));
#671 = CARTESIAN_POINT('',(3.545160629295,10.033842406472));
#672 = CARTESIAN_POINT('',(3.653206033749,10.236990655906));
#673 = CARTESIAN_POINT('',(3.701401848581,10.325751206094));
#674 = CARTESIAN_POINT('',(3.749608471783,10.412225903039));
#675 = CARTESIAN_POINT('',(3.797868264905,10.496036678777));
#676 = CARTESIAN_POINT('',(3.846224854437,10.57679526743));
#677 = CARTESIAN_POINT('',(3.944750242975,10.733842941442));
#678 = CARTESIAN_POINT('',(3.994941552818,10.809933011614));
#679 = CARTESIAN_POINT('',(4.045319779448,10.881884407874));
#680 = CARTESIAN_POINT('',(4.095910674591,10.94921332017));
#681 = CARTESIAN_POINT('',(4.146745149716,11.011445984987));
#682 = CARTESIAN_POINT('',(4.282026801324,11.161449642636));
#683 = CARTESIAN_POINT('',(4.367144710739,11.239924090904));
#684 = CARTESIAN_POINT('',(4.452907201012,11.300840877791));
#685 = CARTESIAN_POINT('',(4.539132529573,11.34223081435));
#686 = CARTESIAN_POINT('',(4.625672179248,11.363004090255));
#687 = CARTESIAN_POINT('',(4.712388980385,11.363004090255));
#688 = ( GEOMETRIC_REPRESENTATION_CONTEXT(2) 
PARAMETRIC_REPRESENTATION_CONTEXT() REPRESENTATION_CONTEXT('2D SPACE',''
  ) );
#689 = ORIENTED_EDGE('',*,*,#690,.F.);
#690 = EDGE_CURVE('',#691,#531,#693,.T.);
#691 = VERTEX_POINT('',#692);
#692 = CARTESIAN_POINT('',(-36.68595755196,-20.43772950467,31.5));
#693 = SURFACE_CURVE('',#694,(#699,#706),.PCURVE_S1.);
#694 = CIRCLE('',#695,41.994764778616);
#695 = AXIS2_PLACEMENT_3D('',#696,#697,#698);
#696 = CARTESIAN_POINT('',(0.,0.,31.5));
#697 = DIRECTION('',(0.,0.,1.));
#698 = DIRECTION('',(1.,0.,-0.));
#699 = PCURVE('',#32,#700);
#700 = DEFINITIONAL_REPRESENTATION('',(#701),#705);
#701 = LINE('',#702,#703);
#702 = CARTESIAN_POINT('',(0.,31.5));
#703 = VECTOR('',#704,1.);
#704 = DIRECTION('',(1.,0.));
#705 = ( GEOMETRIC_REPRESENTATION_CONTEXT(2) 
PARAMETRIC_REPRESENTATION_CONTEXT() REPRESENTATION_CONTEXT('2D SPACE',''
  ) );
#706 = PCURVE('',#707,#712);
#707 = PLANE('',#708);
#708 = AXIS2_PLACEMENT_3D('',#709,#710,#711);
#709 = CARTESIAN_POINT('',(-32.30431548712,-25.23889736423,31.5));
#710 = DIRECTION('',(0.,0.,1.));
#711 = DIRECTION('',(1.,0.,-0.));
#712 = DEFINITIONAL_REPRESENTATION('',(#713),#717);
#713 = CIRCLE('',#714,41.994764778616);
#714 = AXIS2_PLACEMENT_2D('',#715,#716);
#715 = CARTESIAN_POINT('',(32.304315487127,25.238897364231));
#716 = DIRECTION('',(1.,0.));
#717 = ( GEOMETRIC_REPRESENTATION_CONTEXT(2) 
PARAMETRIC_REPRESENTATION_CONTEXT() REPRESENTATION_CONTEXT('2D SPACE',''
  ) );
#718 = ORIENTED_EDGE('',*,*,#719,.T.);
#719 = EDGE_CURVE('',#691,#720,#722,.T.);
#720 = VERTEX_POINT('',#721);
#721 = CARTESIAN_POINT('',(-36.68595755196,-20.43772950467,38.5));
#722 = SURFACE_CURVE('',#723,(#727,#733),.PCURVE_S1.);
#723 = LINE('',#724,#725);
#724 = CARTESIAN_POINT('',(-36.68595755196,-20.43772950467,0.));
#725 = VECTOR('',#726,1.);
#726 = DIRECTION('',(0.,0.,1.));
#727 = PCURVE('',#32,#728);
#728 = DEFINITIONAL_REPRESENTATION('',(#729),#732);
#729 = B_SPLINE_CURVE_WITH_KNOTS('',1,(#730,#731),.UNSPECIFIED.,.F.,.F.,
  (2,2),(31.4999976,38.5000024),.PIECEWISE_BEZIER_KNOTS.);
#730 = CARTESIAN_POINT('',(3.649870209872,31.4999976));
#731 = CARTESIAN_POINT('',(3.649870209872,38.5000024));
#732 = ( GEOMETRIC_REPRESENTATION_CONTEXT(2) 
PARAMETRIC_REPRESENTATION_CONTEXT() REPRESENTATION_CONTEXT('2D SPACE',''
  ) );
#733 = PCURVE('',#490,#734);
#734 = DEFINITIONAL_REPRESENTATION('',(#735),#738);
#735 = B_SPLINE_CURVE_WITH_KNOTS('',1,(#736,#737),.UNSPECIFIED.,.F.,.F.,
  (2,2),(31.4999976,38.5000024),.PIECEWISE_BEZIER_KNOTS.);
#736 = CARTESIAN_POINT('',(2.310540242346,-2.400000003178E-06));
#737 = CARTESIAN_POINT('',(2.310540242346,7.0000024));
#738 = ( GEOMETRIC_REPRESENTATION_CONTEXT(2) 
PARAMETRIC_REPRESENTATION_CONTEXT() REPRESENTATION_CONTEXT('2D SPACE',''
  ) );
#739 = ORIENTED_EDGE('',*,*,#740,.T.);
#740 = EDGE_CURVE('',#720,#476,#741,.T.);
#741 = SURFACE_CURVE('',#742,(#747,#754),.PCURVE_S1.);
#742 = CIRCLE('',#743,41.994764778616);
#743 = AXIS2_PLACEMENT_3D('',#744,#745,#746);
#744 = CARTESIAN_POINT('',(0.,0.,38.5));
#745 = DIRECTION('',(0.,0.,1.));
#746 = DIRECTION('',(1.,0.,-0.));
#747 = PCURVE('',#32,#748);
#748 = DEFINITIONAL_REPRESENTATION('',(#749),#753);
#749 = LINE('',#750,#751);
#750 = CARTESIAN_POINT('',(0.,38.5));
#751 = VECTOR('',#752,1.);
#752 = DIRECTION('',(1.,0.));
#753 = ( GEOMETRIC_REPRESENTATION_CONTEXT(2) 
PARAMETRIC_REPRESENTATION_CONTEXT() REPRESENTATION_CONTEXT('2D SPACE',''
  ) );
#754 = PCURVE('',#755,#760);
#755 = PLANE('',#756);
#756 = AXIS2_PLACEMENT_3D('',#757,#758,#759);
#757 = CARTESIAN_POINT('',(-32.30431548712,-25.23889736423,38.5));
#758 = DIRECTION('',(0.,0.,1.));
#759 = DIRECTION('',(1.,0.,-0.));
#760 = DEFINITIONAL_REPRESENTATION('',(#761),#765);
#761 = CIRCLE('',#762,41.994764778616);
#762 = AXIS2_PLACEMENT_2D('',#763,#764);
#763 = CARTESIAN_POINT('',(32.304315487127,25.238897364231));
#764 = DIRECTION('',(1.,0.));
#765 = ( GEOMETRIC_REPRESENTATION_CONTEXT(2) 
PARAMETRIC_REPRESENTATION_CONTEXT() REPRESENTATION_CONTEXT('2D SPACE',''
  ) );
#766 = FACE_BOUND('',#767,.T.);
#767 = EDGE_LOOP('',(#768,#799,#825,#854));
#768 = ORIENTED_EDGE('',*,*,#769,.F.);
#769 = EDGE_CURVE('',#770,#772,#774,.T.);
#770 = VERTEX_POINT('',#771);
#771 = CARTESIAN_POINT('',(-6.461018865366,-41.49476477861,4.));
#772 = VERTEX_POINT('',#773);
#773 = CARTESIAN_POINT('',(6.461018865366,-41.49476477861,4.));
#774 = SURFACE_CURVE('',#775,(#780,#787),.PCURVE_S1.);
#775 = CIRCLE('',#776,41.994764778616);
#776 = AXIS2_PLACEMENT_3D('',#777,#778,#779);
#777 = CARTESIAN_POINT('',(0.,0.,4.));
#778 = DIRECTION('',(0.,0.,1.));
#779 = DIRECTION('',(1.,0.,-0.));
#780 = PCURVE('',#32,#781);
#781 = DEFINITIONAL_REPRESENTATION('',(#782),#786);
#782 = LINE('',#783,#784);
#783 = CARTESIAN_POINT('',(0.,4.));
#784 = VECTOR('',#785,1.);
#785 = DIRECTION('',(1.,0.));
#786 = ( GEOMETRIC_REPRESENTATION_CONTEXT(2) 
PARAMETRIC_REPRESENTATION_CONTEXT() REPRESENTATION_CONTEXT('2D SPACE',''
  ) );
#787 = PCURVE('',#788,#793);
#788 = PLANE('',#789);
#789 = AXIS2_PLACEMENT_3D('',#790,#791,#792);
#790 = CARTESIAN_POINT('',(-23.,-41.49476477861,4.));
#791 = DIRECTION('',(0.,0.,1.));
#792 = DIRECTION('',(-2.22044604925E-16,-1.,0.));
#793 = DEFINITIONAL_REPRESENTATION('',(#794),#798);
#794 = CIRCLE('',#795,41.994764778616);
#795 = AXIS2_PLACEMENT_2D('',#796,#797);
#796 = CARTESIAN_POINT('',(-41.49476477861,23.));
#797 = DIRECTION('',(-2.22044604925E-16,1.));
#798 = ( GEOMETRIC_REPRESENTATION_CONTEXT(2) 
PARAMETRIC_REPRESENTATION_CONTEXT() REPRESENTATION_CONTEXT('2D SPACE',''
  ) );
#799 = ORIENTED_EDGE('',*,*,#800,.T.);
#800 = EDGE_CURVE('',#770,#801,#803,.T.);
#801 = VERTEX_POINT('',#802);
#802 = CARTESIAN_POINT('',(-6.461018865366,-41.49476477861,66.));
#803 = SURFACE_CURVE('',#804,(#808,#814),.PCURVE_S1.);
#804 = LINE('',#805,#806);
#805 = CARTESIAN_POINT('',(-6.461018865366,-41.49476477861,0.));
#806 = VECTOR('',#807,1.);
#807 = DIRECTION('',(0.,0.,1.));
#808 = PCURVE('',#32,#809);
#809 = DEFINITIONAL_REPRESENTATION('',(#810),#813);
#810 = B_SPLINE_CURVE_WITH_KNOTS('',1,(#811,#812),.UNSPECIFIED.,.F.,.F.,
  (2,2),(-2.4E-06,70.0000024),.PIECEWISE_BEZIER_KNOTS.);
#811 = CARTESIAN_POINT('',(4.557922493746,-2.4E-06));
#812 = CARTESIAN_POINT('',(4.557922493746,70.0000024));
#813 = ( GEOMETRIC_REPRESENTATION_CONTEXT(2) 
PARAMETRIC_REPRESENTATION_CONTEXT() REPRESENTATION_CONTEXT('2D SPACE',''
  ) );
#814 = PCURVE('',#815,#820);
#815 = PLANE('',#816);
#816 = AXIS2_PLACEMENT_3D('',#817,#818,#819);
#817 = CARTESIAN_POINT('',(-23.,-41.49476477861,4.));
#818 = DIRECTION('',(-2.22044604925E-16,-1.,0.));
#819 = DIRECTION('',(0.,0.,1.));
#820 = DEFINITIONAL_REPRESENTATION('',(#821),#824);
#821 = B_SPLINE_CURVE_WITH_KNOTS('',1,(#822,#823),.UNSPECIFIED.,.F.,.F.,
  (2,2),(-2.4E-06,70.0000024),.PIECEWISE_BEZIER_KNOTS.);
#822 = CARTESIAN_POINT('',(-4.0000024,-16.53898113463));
#823 = CARTESIAN_POINT('',(66.0000024,-16.53898113463));
#824 = ( GEOMETRIC_REPRESENTATION_CONTEXT(2) 
PARAMETRIC_REPRESENTATION_CONTEXT() REPRESENTATION_CONTEXT('2D SPACE',''
  ) );
#825 = ORIENTED_EDGE('',*,*,#826,.T.);
#826 = EDGE_CURVE('',#801,#827,#829,.T.);
#827 = VERTEX_POINT('',#828);
#828 = CARTESIAN_POINT('',(6.461018865366,-41.49476477861,66.));
#829 = SURFACE_CURVE('',#830,(#835,#842),.PCURVE_S1.);
#830 = CIRCLE('',#831,41.994764778616);
#831 = AXIS2_PLACEMENT_3D('',#832,#833,#834);
#832 = CARTESIAN_POINT('',(0.,0.,66.));
#833 = DIRECTION('',(0.,0.,1.));
#834 = DIRECTION('',(1.,0.,-0.));
#835 = PCURVE('',#32,#836);
#836 = DEFINITIONAL_REPRESENTATION('',(#837),#841);
#837 = LINE('',#838,#839);
#838 = CARTESIAN_POINT('',(0.,66.));
#839 = VECTOR('',#840,1.);
#840 = DIRECTION('',(1.,0.));
#841 = ( GEOMETRIC_REPRESENTATION_CONTEXT(2) 
PARAMETRIC_REPRESENTATION_CONTEXT() REPRESENTATION_CONTEXT('2D SPACE',''
  ) );
#842 = PCURVE('',#843,#848);
#843 = PLANE('',#844);
#844 = AXIS2_PLACEMENT_3D('',#845,#846,#847);
#845 = CARTESIAN_POINT('',(-23.,-41.49476477861,66.));
#846 = DIRECTION('',(0.,0.,1.));
#847 = DIRECTION('',(-2.22044604925E-16,-1.,0.));
#848 = DEFINITIONAL_REPRESENTATION('',(#849),#853);
#849 = CIRCLE('',#850,41.994764778616);
#850 = AXIS2_PLACEMENT_2D('',#851,#852);
#851 = CARTESIAN_POINT('',(-41.49476477861,23.));
#852 = DIRECTION('',(-2.22044604925E-16,1.));
#853 = ( GEOMETRIC_REPRESENTATION_CONTEXT(2) 
PARAMETRIC_REPRESENTATION_CONTEXT() REPRESENTATION_CONTEXT('2D SPACE',''
  ) );
#854 = ORIENTED_EDGE('',*,*,#855,.F.);
#855 = EDGE_CURVE('',#772,#827,#856,.T.);
#856 = SURFACE_CURVE('',#857,(#861,#867),.PCURVE_S1.);
#857 = LINE('',#858,#859);
#858 = CARTESIAN_POINT('',(6.461018865366,-41.49476477861,0.));
#859 = VECTOR('',#860,1.);
#860 = DIRECTION('',(0.,0.,1.));
#861 = PCURVE('',#32,#862);
#862 = DEFINITIONAL_REPRESENTATION('',(#863),#866);
#863 = B_SPLINE_CURVE_WITH_KNOTS('',1,(#864,#865),.UNSPECIFIED.,.F.,.F.,
  (2,2),(-2.4E-06,70.0000024),.PIECEWISE_BEZIER_KNOTS.);
#864 = CARTESIAN_POINT('',(4.866855467023,-2.4E-06));
#865 = CARTESIAN_POINT('',(4.866855467023,70.0000024));
#866 = ( GEOMETRIC_REPRESENTATION_CONTEXT(2) 
PARAMETRIC_REPRESENTATION_CONTEXT() REPRESENTATION_CONTEXT('2D SPACE',''
  ) );
#867 = PCURVE('',#868,#873);
#868 = PLANE('',#869);
#869 = AXIS2_PLACEMENT_3D('',#870,#871,#872);
#870 = CARTESIAN_POINT('',(-23.,-41.49476477861,4.));
#871 = DIRECTION('',(-2.22044604925E-16,-1.,0.));
#872 = DIRECTION('',(0.,0.,1.));
#873 = DEFINITIONAL_REPRESENTATION('',(#874),#877);
#874 = B_SPLINE_CURVE_WITH_KNOTS('',1,(#875,#876),.UNSPECIFIED.,.F.,.F.,
  (2,2),(-2.4E-06,70.0000024),.PIECEWISE_BEZIER_KNOTS.);
#875 = CARTESIAN_POINT('',(-4.0000024,-29.46101886536));
#876 = CARTESIAN_POINT('',(66.0000024,-29.46101886536));
#877 = ( GEOMETRIC_REPRESENTATION_CONTEXT(2) 
PARAMETRIC_REPRESENTATION_CONTEXT() REPRESENTATION_CONTEXT('2D SPACE',''
  ) );
#878 = ADVANCED_FACE('',(#879),#843,.T.);
#879 = FACE_BOUND('',#880,.T.);
#880 = EDGE_LOOP('',(#881,#904,#932,#960,#988,#1009));
#881 = ORIENTED_EDGE('',*,*,#882,.F.);
#882 = EDGE_CURVE('',#883,#801,#885,.T.);
#883 = VERTEX_POINT('',#884);
#884 = CARTESIAN_POINT('',(-23.,-41.49476477861,66.));
#885 = SURFACE_CURVE('',#886,(#890,#897),.PCURVE_S1.);
#886 = LINE('',#887,#888);
#887 = CARTESIAN_POINT('',(-23.,-41.49476477861,66.));
#888 = VECTOR('',#889,1.);
#889 = DIRECTION('',(1.,-2.22044604925E-16,0.));
#890 = PCURVE('',#843,#891);
#891 = DEFINITIONAL_REPRESENTATION('',(#892),#896);
#892 = LINE('',#893,#894);
#893 = CARTESIAN_POINT('',(0.,0.));
#894 = VECTOR('',#895,1.);
#895 = DIRECTION('',(0.,1.));
#896 = ( GEOMETRIC_REPRESENTATION_CONTEXT(2) 
PARAMETRIC_REPRESENTATION_CONTEXT() REPRESENTATION_CONTEXT('2D SPACE',''
  ) );
#897 = PCURVE('',#815,#898);
#898 = DEFINITIONAL_REPRESENTATION('',(#899),#903);
#899 = LINE('',#900,#901);
#900 = CARTESIAN_POINT('',(62.,0.));
#901 = VECTOR('',#902,1.);
#902 = DIRECTION('',(0.,-1.));
#903 = ( GEOMETRIC_REPRESENTATION_CONTEXT(2) 
PARAMETRIC_REPRESENTATION_CONTEXT() REPRESENTATION_CONTEXT('2D SPACE',''
  ) );
#904 = ORIENTED_EDGE('',*,*,#905,.T.);
#905 = EDGE_CURVE('',#883,#906,#908,.T.);
#906 = VERTEX_POINT('',#907);
#907 = CARTESIAN_POINT('',(-23.,-46.49476477861,66.));
#908 = SURFACE_CURVE('',#909,(#913,#920),.PCURVE_S1.);
#909 = LINE('',#910,#911);
#910 = CARTESIAN_POINT('',(-23.,-41.49476477861,66.));
#911 = VECTOR('',#912,1.);
#912 = DIRECTION('',(-2.22044604925E-16,-1.,0.));
#913 = PCURVE('',#843,#914);
#914 = DEFINITIONAL_REPRESENTATION('',(#915),#919);
#915 = LINE('',#916,#917);
#916 = CARTESIAN_POINT('',(0.,0.));
#917 = VECTOR('',#918,1.);
#918 = DIRECTION('',(1.,0.));
#919 = ( GEOMETRIC_REPRESENTATION_CONTEXT(2) 
PARAMETRIC_REPRESENTATION_CONTEXT() REPRESENTATION_CONTEXT('2D SPACE',''
  ) );
#920 = PCURVE('',#921,#926);
#921 = PLANE('',#922);
#922 = AXIS2_PLACEMENT_3D('',#923,#924,#925);
#923 = CARTESIAN_POINT('',(-23.,-41.49476477861,4.));
#924 = DIRECTION('',(1.,-2.22044604925E-16,0.));
#925 = DIRECTION('',(0.,0.,1.));
#926 = DEFINITIONAL_REPRESENTATION('',(#927),#931);
#927 = LINE('',#928,#929);
#928 = CARTESIAN_POINT('',(62.,0.));
#929 = VECTOR('',#930,1.);
#930 = DIRECTION('',(0.,1.));
#931 = ( GEOMETRIC_REPRESENTATION_CONTEXT(2) 
PARAMETRIC_REPRESENTATION_CONTEXT() REPRESENTATION_CONTEXT('2D SPACE',''
  ) );
#932 = ORIENTED_EDGE('',*,*,#933,.T.);
#933 = EDGE_CURVE('',#906,#934,#936,.T.);
#934 = VERTEX_POINT('',#935);
#935 = CARTESIAN_POINT('',(23.,-46.49476477861,66.));
#936 = SURFACE_CURVE('',#937,(#941,#948),.PCURVE_S1.);
#937 = LINE('',#938,#939);
#938 = CARTESIAN_POINT('',(-23.,-46.49476477861,66.));
#939 = VECTOR('',#940,1.);
#940 = DIRECTION('',(1.,-2.22044604925E-16,0.));
#941 = PCURVE('',#843,#942);
#942 = DEFINITIONAL_REPRESENTATION('',(#943),#947);
#943 = LINE('',#944,#945);
#944 = CARTESIAN_POINT('',(5.,0.));
#945 = VECTOR('',#946,1.);
#946 = DIRECTION('',(0.,1.));
#947 = ( GEOMETRIC_REPRESENTATION_CONTEXT(2) 
PARAMETRIC_REPRESENTATION_CONTEXT() REPRESENTATION_CONTEXT('2D SPACE',''
  ) );
#948 = PCURVE('',#949,#954);
#949 = PLANE('',#950);
#950 = AXIS2_PLACEMENT_3D('',#951,#952,#953);
#951 = CARTESIAN_POINT('',(-23.,-46.49476477861,4.));
#952 = DIRECTION('',(-2.22044604925E-16,-1.,0.));
#953 = DIRECTION('',(0.,0.,1.));
#954 = DEFINITIONAL_REPRESENTATION('',(#955),#959);
#955 = LINE('',#956,#957);
#956 = CARTESIAN_POINT('',(62.,0.));
#957 = VECTOR('',#958,1.);
#958 = DIRECTION('',(0.,-1.));
#959 = ( GEOMETRIC_REPRESENTATION_CONTEXT(2) 
PARAMETRIC_REPRESENTATION_CONTEXT() REPRESENTATION_CONTEXT('2D SPACE',''
  ) );
#960 = ORIENTED_EDGE('',*,*,#961,.F.);
#961 = EDGE_CURVE('',#962,#934,#964,.T.);
#962 = VERTEX_POINT('',#963);
#963 = CARTESIAN_POINT('',(23.,-41.49476477861,66.));
#964 = SURFACE_CURVE('',#965,(#969,#976),.PCURVE_S1.);
#965 = LINE('',#966,#967);
#966 = CARTESIAN_POINT('',(23.,-41.49476477861,66.));
#967 = VECTOR('',#968,1.);
#968 = DIRECTION('',(-2.22044604925E-16,-1.,0.));
#969 = PCURVE('',#843,#970);
#970 = DEFINITIONAL_REPRESENTATION('',(#971),#975);
#971 = LINE('',#972,#973);
#972 = CARTESIAN_POINT('',(0.,46.));
#973 = VECTOR('',#974,1.);
#974 = DIRECTION('',(1.,0.));
#975 = ( GEOMETRIC_REPRESENTATION_CONTEXT(2) 
PARAMETRIC_REPRESENTATION_CONTEXT() REPRESENTATION_CONTEXT('2D SPACE',''
  ) );
#976 = PCURVE('',#977,#982);
#977 = PLANE('',#978);
#978 = AXIS2_PLACEMENT_3D('',#979,#980,#981);
#979 = CARTESIAN_POINT('',(23.,-41.49476477861,4.));
#980 = DIRECTION('',(1.,-2.22044604925E-16,0.));
#981 = DIRECTION('',(0.,0.,1.));
#982 = DEFINITIONAL_REPRESENTATION('',(#983),#987);
#983 = LINE('',#984,#985);
#984 = CARTESIAN_POINT('',(62.,0.));
#985 = VECTOR('',#986,1.);
#986 = DIRECTION('',(0.,1.));
#987 = ( GEOMETRIC_REPRESENTATION_CONTEXT(2) 
PARAMETRIC_REPRESENTATION_CONTEXT() REPRESENTATION_CONTEXT('2D SPACE',''
  ) );
#988 = ORIENTED_EDGE('',*,*,#989,.F.);
#989 = EDGE_CURVE('',#827,#962,#990,.T.);
#990 = SURFACE_CURVE('',#991,(#995,#1002),.PCURVE_S1.);
#991 = LINE('',#992,#993);
#992 = CARTESIAN_POINT('',(-23.,-41.49476477861,66.));
#993 = VECTOR('',#994,1.);
#994 = DIRECTION('',(1.,-2.22044604925E-16,0.));
#995 = PCURVE('',#843,#996);
#996 = DEFINITIONAL_REPRESENTATION('',(#997),#1001);
#997 = LINE('',#998,#999);
#998 = CARTESIAN_POINT('',(0.,0.));
#999 = VECTOR('',#1000,1.);
#1000 = DIRECTION('',(0.,1.));
#1001 = ( GEOMETRIC_REPRESENTATION_CONTEXT(2) 
PARAMETRIC_REPRESENTATION_CONTEXT() REPRESENTATION_CONTEXT('2D SPACE',''
  ) );
#1002 = PCURVE('',#868,#1003);
#1003 = DEFINITIONAL_REPRESENTATION('',(#1004),#1008);
#1004 = LINE('',#1005,#1006);
#1005 = CARTESIAN_POINT('',(62.,0.));
#1006 = VECTOR('',#1007,1.);
#1007 = DIRECTION('',(0.,-1.));
#1008 = ( GEOMETRIC_REPRESENTATION_CONTEXT(2) 
PARAMETRIC_REPRESENTATION_CONTEXT() REPRESENTATION_CONTEXT('2D SPACE',''
  ) );
#1009 = ORIENTED_EDGE('',*,*,#826,.F.);
#1010 = ADVANCED_FACE('',(#1011),#921,.F.);
#1011 = FACE_BOUND('',#1012,.F.);
#1012 = EDGE_LOOP('',(#1013,#1038,#1059,#1060));
#1013 = ORIENTED_EDGE('',*,*,#1014,.F.);
#1014 = EDGE_CURVE('',#1015,#1017,#1019,.T.);
#1015 = VERTEX_POINT('',#1016);
#1016 = CARTESIAN_POINT('',(-23.,-41.49476477861,4.));
#1017 = VERTEX_POINT('',#1018);
#1018 = CARTESIAN_POINT('',(-23.,-46.49476477861,4.));
#1019 = SURFACE_CURVE('',#1020,(#1024,#1031),.PCURVE_S1.);
#1020 = LINE('',#1021,#1022);
#1021 = CARTESIAN_POINT('',(-23.,-41.49476477861,4.));
#1022 = VECTOR('',#1023,1.);
#1023 = DIRECTION('',(-2.22044604925E-16,-1.,0.));
#1024 = PCURVE('',#921,#1025);
#1025 = DEFINITIONAL_REPRESENTATION('',(#1026),#1030);
#1026 = LINE('',#1027,#1028);
#1027 = CARTESIAN_POINT('',(0.,0.));
#1028 = VECTOR('',#1029,1.);
#1029 = DIRECTION('',(0.,1.));
#1030 = ( GEOMETRIC_REPRESENTATION_CONTEXT(2) 
PARAMETRIC_REPRESENTATION_CONTEXT() REPRESENTATION_CONTEXT('2D SPACE',''
  ) );
#1031 = PCURVE('',#788,#1032);
#1032 = DEFINITIONAL_REPRESENTATION('',(#1033),#1037);
#1033 = LINE('',#1034,#1035);
#1034 = CARTESIAN_POINT('',(0.,0.));
#1035 = VECTOR('',#1036,1.);
#1036 = DIRECTION('',(1.,0.));
#1037 = ( GEOMETRIC_REPRESENTATION_CONTEXT(2) 
PARAMETRIC_REPRESENTATION_CONTEXT() REPRESENTATION_CONTEXT('2D SPACE',''
  ) );
#1038 = ORIENTED_EDGE('',*,*,#1039,.T.);
#1039 = EDGE_CURVE('',#1015,#883,#1040,.T.);
#1040 = SURFACE_CURVE('',#1041,(#1045,#1052),.PCURVE_S1.);
#1041 = LINE('',#1042,#1043);
#1042 = CARTESIAN_POINT('',(-23.,-41.49476477861,4.));
#1043 = VECTOR('',#1044,1.);
#1044 = DIRECTION('',(0.,0.,1.));
#1045 = PCURVE('',#921,#1046);
#1046 = DEFINITIONAL_REPRESENTATION('',(#1047),#1051);
#1047 = LINE('',#1048,#1049);
#1048 = CARTESIAN_POINT('',(0.,0.));
#1049 = VECTOR('',#1050,1.);
#1050 = DIRECTION('',(1.,0.));
#1051 = ( GEOMETRIC_REPRESENTATION_CONTEXT(2) 
PARAMETRIC_REPRESENTATION_CONTEXT() REPRESENTATION_CONTEXT('2D SPACE',''
  ) );
#1052 = PCURVE('',#815,#1053);
#1053 = DEFINITIONAL_REPRESENTATION('',(#1054),#1058);
#1054 = LINE('',#1055,#1056);
#1055 = CARTESIAN_POINT('',(0.,0.));
#1056 = VECTOR('',#1057,1.);
#1057 = DIRECTION('',(1.,0.));
#1058 = ( GEOMETRIC_REPRESENTATION_CONTEXT(2) 
PARAMETRIC_REPRESENTATION_CONTEXT() REPRESENTATION_CONTEXT('2D SPACE',''
  ) );
#1059 = ORIENTED_EDGE('',*,*,#905,.T.);
#1060 = ORIENTED_EDGE('',*,*,#1061,.F.);
#1061 = EDGE_CURVE('',#1017,#906,#1062,.T.);
#1062 = SURFACE_CURVE('',#1063,(#1067,#1074),.PCURVE_S1.);
#1063 = LINE('',#1064,#1065);
#1064 = CARTESIAN_POINT('',(-23.,-46.49476477861,4.));
#1065 = VECTOR('',#1066,1.);
#1066 = DIRECTION('',(0.,0.,1.));
#1067 = PCURVE('',#921,#1068);
#1068 = DEFINITIONAL_REPRESENTATION('',(#1069),#1073);
#1069 = LINE('',#1070,#1071);
#1070 = CARTESIAN_POINT('',(0.,5.));
#1071 = VECTOR('',#1072,1.);
#1072 = DIRECTION('',(1.,0.));
#1073 = ( GEOMETRIC_REPRESENTATION_CONTEXT(2) 
PARAMETRIC_REPRESENTATION_CONTEXT() REPRESENTATION_CONTEXT('2D SPACE',''
  ) );
#1074 = PCURVE('',#949,#1075);
#1075 = DEFINITIONAL_REPRESENTATION('',(#1076),#1080);
#1076 = LINE('',#1077,#1078);
#1077 = CARTESIAN_POINT('',(0.,0.));
#1078 = VECTOR('',#1079,1.);
#1079 = DIRECTION('',(1.,0.));
#1080 = ( GEOMETRIC_REPRESENTATION_CONTEXT(2) 
PARAMETRIC_REPRESENTATION_CONTEXT() REPRESENTATION_CONTEXT('2D SPACE',''
  ) );
#1081 = ADVANCED_FACE('',(#1082,#1130,#1161,#1192,#1223),#949,.T.);
#1082 = FACE_BOUND('',#1083,.T.);
#1083 = EDGE_LOOP('',(#1084,#1085,#1108,#1129));
#1084 = ORIENTED_EDGE('',*,*,#1061,.F.);
#1085 = ORIENTED_EDGE('',*,*,#1086,.T.);
#1086 = EDGE_CURVE('',#1017,#1087,#1089,.T.);
#1087 = VERTEX_POINT('',#1088);
#1088 = CARTESIAN_POINT('',(23.,-46.49476477861,4.));
#1089 = SURFACE_CURVE('',#1090,(#1094,#1101),.PCURVE_S1.);
#1090 = LINE('',#1091,#1092);
#1091 = CARTESIAN_POINT('',(-23.,-46.49476477861,4.));
#1092 = VECTOR('',#1093,1.);
#1093 = DIRECTION('',(1.,-2.22044604925E-16,0.));
#1094 = PCURVE('',#949,#1095);
#1095 = DEFINITIONAL_REPRESENTATION('',(#1096),#1100);
#1096 = LINE('',#1097,#1098);
#1097 = CARTESIAN_POINT('',(0.,0.));
#1098 = VECTOR('',#1099,1.);
#1099 = DIRECTION('',(0.,-1.));
#1100 = ( GEOMETRIC_REPRESENTATION_CONTEXT(2) 
PARAMETRIC_REPRESENTATION_CONTEXT() REPRESENTATION_CONTEXT('2D SPACE',''
  ) );
#1101 = PCURVE('',#788,#1102);
#1102 = DEFINITIONAL_REPRESENTATION('',(#1103),#1107);
#1103 = LINE('',#1104,#1105);
#1104 = CARTESIAN_POINT('',(5.,0.));
#1105 = VECTOR('',#1106,1.);
#1106 = DIRECTION('',(0.,1.));
#1107 = ( GEOMETRIC_REPRESENTATION_CONTEXT(2) 
PARAMETRIC_REPRESENTATION_CONTEXT() REPRESENTATION_CONTEXT('2D SPACE',''
  ) );
#1108 = ORIENTED_EDGE('',*,*,#1109,.T.);
#1109 = EDGE_CURVE('',#1087,#934,#1110,.T.);
#1110 = SURFACE_CURVE('',#1111,(#1115,#1122),.PCURVE_S1.);
#1111 = LINE('',#1112,#1113);
#1112 = CARTESIAN_POINT('',(23.,-46.49476477861,4.));
#1113 = VECTOR('',#1114,1.);
#1114 = DIRECTION('',(0.,0.,1.));
#1115 = PCURVE('',#949,#1116);
#1116 = DEFINITIONAL_REPRESENTATION('',(#1117),#1121);
#1117 = LINE('',#1118,#1119);
#1118 = CARTESIAN_POINT('',(0.,-46.));
#1119 = VECTOR('',#1120,1.);
#1120 = DIRECTION('',(1.,0.));
#1121 = ( GEOMETRIC_REPRESENTATION_CONTEXT(2) 
PARAMETRIC_REPRESENTATION_CONTEXT() REPRESENTATION_CONTEXT('2D SPACE',''
  ) );
#1122 = PCURVE('',#977,#1123);
#1123 = DEFINITIONAL_REPRESENTATION('',(#1124),#1128);
#1124 = LINE('',#1125,#1126);
#1125 = CARTESIAN_POINT('',(0.,5.));
#1126 = VECTOR('',#1127,1.);
#1127 = DIRECTION('',(1.,0.));
#1128 = ( GEOMETRIC_REPRESENTATION_CONTEXT(2) 
PARAMETRIC_REPRESENTATION_CONTEXT() REPRESENTATION_CONTEXT('2D SPACE',''
  ) );
#1129 = ORIENTED_EDGE('',*,*,#933,.F.);
#1130 = FACE_BOUND('',#1131,.T.);
#1131 = EDGE_LOOP('',(#1132));
#1132 = ORIENTED_EDGE('',*,*,#1133,.F.);
#1133 = EDGE_CURVE('',#1134,#1134,#1136,.T.);
#1134 = VERTEX_POINT('',#1135);
#1135 = CARTESIAN_POINT('',(15.,-46.49476477861,9.5));
#1136 = SURFACE_CURVE('',#1137,(#1142,#1149),.PCURVE_S1.);
#1137 = CIRCLE('',#1138,4.5);
#1138 = AXIS2_PLACEMENT_3D('',#1139,#1140,#1141);
#1139 = CARTESIAN_POINT('',(15.,-46.49476477861,14.));
#1140 = DIRECTION('',(-2.22044604925E-16,-1.,2.22044604925E-16));
#1141 = DIRECTION('',(-4.930380657631E-32,-2.22044604925E-16,-1.));
#1142 = PCURVE('',#949,#1143);
#1143 = DEFINITIONAL_REPRESENTATION('',(#1144),#1148);
#1144 = CIRCLE('',#1145,4.5);
#1145 = AXIS2_PLACEMENT_2D('',#1146,#1147);
#1146 = CARTESIAN_POINT('',(10.,-38.));
#1147 = DIRECTION('',(-1.,0.));
#1148 = ( GEOMETRIC_REPRESENTATION_CONTEXT(2) 
PARAMETRIC_REPRESENTATION_CONTEXT() REPRESENTATION_CONTEXT('2D SPACE',''
  ) );
#1149 = PCURVE('',#1150,#1155);
#1150 = CYLINDRICAL_SURFACE('',#1151,4.5);
#1151 = AXIS2_PLACEMENT_3D('',#1152,#1153,#1154);
#1152 = CARTESIAN_POINT('',(15.,-41.49476477861,14.));
#1153 = DIRECTION('',(-2.22044604925E-16,-1.,2.22044604925E-16));
#1154 = DIRECTION('',(-4.930380657631E-32,-2.22044604925E-16,-1.));
#1155 = DEFINITIONAL_REPRESENTATION('',(#1156),#1160);
#1156 = LINE('',#1157,#1158);
#1157 = CARTESIAN_POINT('',(0.,5.));
#1158 = VECTOR('',#1159,1.);
#1159 = DIRECTION('',(1.,0.));
#1160 = ( GEOMETRIC_REPRESENTATION_CONTEXT(2) 
PARAMETRIC_REPRESENTATION_CONTEXT() REPRESENTATION_CONTEXT('2D SPACE',''
  ) );
#1161 = FACE_BOUND('',#1162,.T.);
#1162 = EDGE_LOOP('',(#1163));
#1163 = ORIENTED_EDGE('',*,*,#1164,.F.);
#1164 = EDGE_CURVE('',#1165,#1165,#1167,.T.);
#1165 = VERTEX_POINT('',#1166);
#1166 = CARTESIAN_POINT('',(15.,-46.49476477861,51.5));
#1167 = SURFACE_CURVE('',#1168,(#1173,#1180),.PCURVE_S1.);
#1168 = CIRCLE('',#1169,4.5);
#1169 = AXIS2_PLACEMENT_3D('',#1170,#1171,#1172);
#1170 = CARTESIAN_POINT('',(15.,-46.49476477861,56.));
#1171 = DIRECTION('',(-2.22044604925E-16,-1.,2.22044604925E-16));
#1172 = DIRECTION('',(-4.930380657631E-32,-2.22044604925E-16,-1.));
#1173 = PCURVE('',#949,#1174);
#1174 = DEFINITIONAL_REPRESENTATION('',(#1175),#1179);
#1175 = CIRCLE('',#1176,4.5);
#1176 = AXIS2_PLACEMENT_2D('',#1177,#1178);
#1177 = CARTESIAN_POINT('',(52.,-38.));
#1178 = DIRECTION('',(-1.,0.));
#1179 = ( GEOMETRIC_REPRESENTATION_CONTEXT(2) 
PARAMETRIC_REPRESENTATION_CONTEXT() REPRESENTATION_CONTEXT('2D SPACE',''
  ) );
#1180 = PCURVE('',#1181,#1186);
#1181 = CYLINDRICAL_SURFACE('',#1182,4.5);
#1182 = AXIS2_PLACEMENT_3D('',#1183,#1184,#1185);
#1183 = CARTESIAN_POINT('',(15.,-41.49476477861,56.));
#1184 = DIRECTION('',(-2.22044604925E-16,-1.,2.22044604925E-16));
#1185 = DIRECTION('',(-4.930380657631E-32,-2.22044604925E-16,-1.));
#1186 = DEFINITIONAL_REPRESENTATION('',(#1187),#1191);
#1187 = LINE('',#1188,#1189);
#1188 = CARTESIAN_POINT('',(0.,5.));
#1189 = VECTOR('',#1190,1.);
#1190 = DIRECTION('',(1.,0.));
#1191 = ( GEOMETRIC_REPRESENTATION_CONTEXT(2) 
PARAMETRIC_REPRESENTATION_CONTEXT() REPRESENTATION_CONTEXT('2D SPACE',''
  ) );
#1192 = FACE_BOUND('',#1193,.T.);
#1193 = EDGE_LOOP('',(#1194));
#1194 = ORIENTED_EDGE('',*,*,#1195,.F.);
#1195 = EDGE_CURVE('',#1196,#1196,#1198,.T.);
#1196 = VERTEX_POINT('',#1197);
#1197 = CARTESIAN_POINT('',(-15.,-46.49476477861,9.5));
#1198 = SURFACE_CURVE('',#1199,(#1204,#1211),.PCURVE_S1.);
#1199 = CIRCLE('',#1200,4.5);
#1200 = AXIS2_PLACEMENT_3D('',#1201,#1202,#1203);
#1201 = CARTESIAN_POINT('',(-15.,-46.49476477861,14.));
#1202 = DIRECTION('',(-2.22044604925E-16,-1.,2.22044604925E-16));
#1203 = DIRECTION('',(-4.930380657631E-32,-2.22044604925E-16,-1.));
#1204 = PCURVE('',#949,#1205);
#1205 = DEFINITIONAL_REPRESENTATION('',(#1206),#1210);
#1206 = CIRCLE('',#1207,4.5);
#1207 = AXIS2_PLACEMENT_2D('',#1208,#1209);
#1208 = CARTESIAN_POINT('',(10.,-8.));
#1209 = DIRECTION('',(-1.,0.));
#1210 = ( GEOMETRIC_REPRESENTATION_CONTEXT(2) 
PARAMETRIC_REPRESENTATION_CONTEXT() REPRESENTATION_CONTEXT('2D SPACE',''
  ) );
#1211 = PCURVE('',#1212,#1217);
#1212 = CYLINDRICAL_SURFACE('',#1213,4.5);
#1213 = AXIS2_PLACEMENT_3D('',#1214,#1215,#1216);
#1214 = CARTESIAN_POINT('',(-15.,-41.49476477861,14.));
#1215 = DIRECTION('',(-2.22044604925E-16,-1.,2.22044604925E-16));
#1216 = DIRECTION('',(-4.930380657631E-32,-2.22044604925E-16,-1.));
#1217 = DEFINITIONAL_REPRESENTATION('',(#1218),#1222);
#1218 = LINE('',#1219,#1220);
#1219 = CARTESIAN_POINT('',(0.,5.));
#1220 = VECTOR('',#1221,1.);
#1221 = DIRECTION('',(1.,0.));
#1222 = ( GEOMETRIC_REPRESENTATION_CONTEXT(2) 
PARAMETRIC_REPRESENTATION_CONTEXT() REPRESENTATION_CONTEXT('2D SPACE',''
  ) );
#1223 = FACE_BOUND('',#1224,.T.);
#1224 = EDGE_LOOP('',(#1225));
#1225 = ORIENTED_EDGE('',*,*,#1226,.F.);
#1226 = EDGE_CURVE('',#1227,#1227,#1229,.T.);
#1227 = VERTEX_POINT('',#1228);
#1228 = CARTESIAN_POINT('',(-15.,-46.49476477861,51.5));
#1229 = SURFACE_CURVE('',#1230,(#1235,#1242),.PCURVE_S1.);
#1230 = CIRCLE('',#1231,4.5);
#1231 = AXIS2_PLACEMENT_3D('',#1232,#1233,#1234);
#1232 = CARTESIAN_POINT('',(-15.,-46.49476477861,56.));
#1233 = DIRECTION('',(-2.22044604925E-16,-1.,2.22044604925E-16));
#1234 = DIRECTION('',(-4.930380657631E-32,-2.22044604925E-16,-1.));
#1235 = PCURVE('',#949,#1236);
#1236 = DEFINITIONAL_REPRESENTATION('',(#1237),#1241);
#1237 = CIRCLE('',#1238,4.5);
#1238 = AXIS2_PLACEMENT_2D('',#1239,#1240);
#1239 = CARTESIAN_POINT('',(52.,-8.));
#1240 = DIRECTION('',(-1.,0.));
#1241 = ( GEOMETRIC_REPRESENTATION_CONTEXT(2) 
PARAMETRIC_REPRESENTATION_CONTEXT() REPRESENTATION_CONTEXT('2D SPACE',''
  ) );
#1242 = PCURVE('',#1243,#1248);
#1243 = CYLINDRICAL_SURFACE('',#1244,4.5);
#1244 = AXIS2_PLACEMENT_3D('',#1245,#1246,#1247);
#1245 = CARTESIAN_POINT('',(-15.,-41.49476477861,56.));
#1246 = DIRECTION('',(-2.22044604925E-16,-1.,2.22044604925E-16));
#1247 = DIRECTION('',(-4.930380657631E-32,-2.22044604925E-16,-1.));
#1248 = DEFINITIONAL_REPRESENTATION('',(#1249),#1253);
#1249 = LINE('',#1250,#1251);
#1250 = CARTESIAN_POINT('',(0.,5.));
#1251 = VECTOR('',#1252,1.);
#1252 = DIRECTION('',(1.,0.));
#1253 = ( GEOMETRIC_REPRESENTATION_CONTEXT(2) 
PARAMETRIC_REPRESENTATION_CONTEXT() REPRESENTATION_CONTEXT('2D SPACE',''
  ) );
#1254 = ADVANCED_FACE('',(#1255),#1243,.T.);
#1255 = FACE_BOUND('',#1256,.T.);
#1256 = EDGE_LOOP('',(#1257,#1280,#1307,#1308));
#1257 = ORIENTED_EDGE('',*,*,#1258,.T.);
#1258 = EDGE_CURVE('',#1227,#1259,#1261,.T.);
#1259 = VERTEX_POINT('',#1260);
#1260 = CARTESIAN_POINT('',(-15.,-48.49476477861,51.5));
#1261 = SEAM_CURVE('',#1262,(#1266,#1273),.PCURVE_S1.);
#1262 = LINE('',#1263,#1264);
#1263 = CARTESIAN_POINT('',(-15.,-41.49476477861,51.5));
#1264 = VECTOR('',#1265,1.);
#1265 = DIRECTION('',(-2.22044604925E-16,-1.,2.22044604925E-16));
#1266 = PCURVE('',#1243,#1267);
#1267 = DEFINITIONAL_REPRESENTATION('',(#1268),#1272);
#1268 = LINE('',#1269,#1270);
#1269 = CARTESIAN_POINT('',(6.28318530718,-0.));
#1270 = VECTOR('',#1271,1.);
#1271 = DIRECTION('',(0.,1.));
#1272 = ( GEOMETRIC_REPRESENTATION_CONTEXT(2) 
PARAMETRIC_REPRESENTATION_CONTEXT() REPRESENTATION_CONTEXT('2D SPACE',''
  ) );
#1273 = PCURVE('',#1243,#1274);
#1274 = DEFINITIONAL_REPRESENTATION('',(#1275),#1279);
#1275 = LINE('',#1276,#1277);
#1276 = CARTESIAN_POINT('',(0.,-0.));
#1277 = VECTOR('',#1278,1.);
#1278 = DIRECTION('',(0.,1.));
#1279 = ( GEOMETRIC_REPRESENTATION_CONTEXT(2) 
PARAMETRIC_REPRESENTATION_CONTEXT() REPRESENTATION_CONTEXT('2D SPACE',''
  ) );
#1280 = ORIENTED_EDGE('',*,*,#1281,.F.);
#1281 = EDGE_CURVE('',#1259,#1259,#1282,.T.);
#1282 = SURFACE_CURVE('',#1283,(#1288,#1295),.PCURVE_S1.);
#1283 = CIRCLE('',#1284,4.5);
#1284 = AXIS2_PLACEMENT_3D('',#1285,#1286,#1287);
#1285 = CARTESIAN_POINT('',(-15.,-48.49476477861,56.));
#1286 = DIRECTION('',(-2.22044604925E-16,-1.,2.22044604925E-16));
#1287 = DIRECTION('',(-4.930380657631E-32,-2.22044604925E-16,-1.));
#1288 = PCURVE('',#1243,#1289);
#1289 = DEFINITIONAL_REPRESENTATION('',(#1290),#1294);
#1290 = LINE('',#1291,#1292);
#1291 = CARTESIAN_POINT('',(0.,7.));
#1292 = VECTOR('',#1293,1.);
#1293 = DIRECTION('',(1.,0.));
#1294 = ( GEOMETRIC_REPRESENTATION_CONTEXT(2) 
PARAMETRIC_REPRESENTATION_CONTEXT() REPRESENTATION_CONTEXT('2D SPACE',''
  ) );
#1295 = PCURVE('',#1296,#1301);
#1296 = PLANE('',#1297);
#1297 = AXIS2_PLACEMENT_3D('',#1298,#1299,#1300);
#1298 = CARTESIAN_POINT('',(-15.,-48.49476477861,56.));
#1299 = DIRECTION('',(-2.22044604925E-16,-1.,2.22044604925E-16));
#1300 = DIRECTION('',(-4.930380657631E-32,-2.22044604925E-16,-1.));
#1301 = DEFINITIONAL_REPRESENTATION('',(#1302),#1306);
#1302 = CIRCLE('',#1303,4.5);
#1303 = AXIS2_PLACEMENT_2D('',#1304,#1305);
#1304 = CARTESIAN_POINT('',(0.,0.));
#1305 = DIRECTION('',(1.,0.));
#1306 = ( GEOMETRIC_REPRESENTATION_CONTEXT(2) 
PARAMETRIC_REPRESENTATION_CONTEXT() REPRESENTATION_CONTEXT('2D SPACE',''
  ) );
#1307 = ORIENTED_EDGE('',*,*,#1258,.F.);
#1308 = ORIENTED_EDGE('',*,*,#1226,.T.);
#1309 = ADVANCED_FACE('',(#1310,#1313),#1296,.T.);
#1310 = FACE_BOUND('',#1311,.T.);
#1311 = EDGE_LOOP('',(#1312));
#1312 = ORIENTED_EDGE('',*,*,#1281,.T.);
#1313 = FACE_BOUND('',#1314,.T.);
#1314 = EDGE_LOOP('',(#1315));
#1315 = ORIENTED_EDGE('',*,*,#1316,.F.);
#1316 = EDGE_CURVE('',#1317,#1317,#1319,.T.);
#1317 = VERTEX_POINT('',#1318);
#1318 = CARTESIAN_POINT('',(-15.,-48.49476477861,52.825));
#1319 = SURFACE_CURVE('',#1320,(#1325,#1332),.PCURVE_S1.);
#1320 = CIRCLE('',#1321,3.175);
#1321 = AXIS2_PLACEMENT_3D('',#1322,#1323,#1324);
#1322 = CARTESIAN_POINT('',(-15.,-48.49476477861,56.));
#1323 = DIRECTION('',(-2.22044604925E-16,-1.,2.22044604925E-16));
#1324 = DIRECTION('',(-4.930380657631E-32,-2.22044604925E-16,-1.));
#1325 = PCURVE('',#1296,#1326);
#1326 = DEFINITIONAL_REPRESENTATION('',(#1327),#1331);
#1327 = CIRCLE('',#1328,3.175);
#1328 = AXIS2_PLACEMENT_2D('',#1329,#1330);
#1329 = CARTESIAN_POINT('',(0.,0.));
#1330 = DIRECTION('',(1.,0.));
#1331 = ( GEOMETRIC_REPRESENTATION_CONTEXT(2) 
PARAMETRIC_REPRESENTATION_CONTEXT() REPRESENTATION_CONTEXT('2D SPACE',''
  ) );
#1332 = PCURVE('',#1333,#1338);
#1333 = CYLINDRICAL_SURFACE('',#1334,3.175);
#1334 = AXIS2_PLACEMENT_3D('',#1335,#1336,#1337);
#1335 = CARTESIAN_POINT('',(-15.,-41.49476477861,56.));
#1336 = DIRECTION('',(-2.22044604925E-16,-1.,2.22044604925E-16));
#1337 = DIRECTION('',(-4.930380657631E-32,-2.22044604925E-16,-1.));
#1338 = DEFINITIONAL_REPRESENTATION('',(#1339),#1343);
#1339 = LINE('',#1340,#1341);
#1340 = CARTESIAN_POINT('',(0.,7.));
#1341 = VECTOR('',#1342,1.);
#1342 = DIRECTION('',(1.,0.));
#1343 = ( GEOMETRIC_REPRESENTATION_CONTEXT(2) 
PARAMETRIC_REPRESENTATION_CONTEXT() REPRESENTATION_CONTEXT('2D SPACE',''
  ) );
#1344 = ADVANCED_FACE('',(#1345),#1333,.F.);
#1345 = FACE_BOUND('',#1346,.F.);
#1346 = EDGE_LOOP('',(#1347,#1348,#1371,#1393));
#1347 = ORIENTED_EDGE('',*,*,#1316,.F.);
#1348 = ORIENTED_EDGE('',*,*,#1349,.F.);
#1349 = EDGE_CURVE('',#1350,#1317,#1352,.T.);
#1350 = VERTEX_POINT('',#1351);
#1351 = CARTESIAN_POINT('',(-15.,-41.49476477861,52.825));
#1352 = SEAM_CURVE('',#1353,(#1357,#1364),.PCURVE_S1.);
#1353 = LINE('',#1354,#1355);
#1354 = CARTESIAN_POINT('',(-15.,-41.49476477861,52.825));
#1355 = VECTOR('',#1356,1.);
#1356 = DIRECTION('',(-2.22044604925E-16,-1.,2.22044604925E-16));
#1357 = PCURVE('',#1333,#1358);
#1358 = DEFINITIONAL_REPRESENTATION('',(#1359),#1363);
#1359 = LINE('',#1360,#1361);
#1360 = CARTESIAN_POINT('',(6.28318530718,-0.));
#1361 = VECTOR('',#1362,1.);
#1362 = DIRECTION('',(0.,1.));
#1363 = ( GEOMETRIC_REPRESENTATION_CONTEXT(2) 
PARAMETRIC_REPRESENTATION_CONTEXT() REPRESENTATION_CONTEXT('2D SPACE',''
  ) );
#1364 = PCURVE('',#1333,#1365);
#1365 = DEFINITIONAL_REPRESENTATION('',(#1366),#1370);
#1366 = LINE('',#1367,#1368);
#1367 = CARTESIAN_POINT('',(0.,-0.));
#1368 = VECTOR('',#1369,1.);
#1369 = DIRECTION('',(0.,1.));
#1370 = ( GEOMETRIC_REPRESENTATION_CONTEXT(2) 
PARAMETRIC_REPRESENTATION_CONTEXT() REPRESENTATION_CONTEXT('2D SPACE',''
  ) );
#1371 = ORIENTED_EDGE('',*,*,#1372,.T.);
#1372 = EDGE_CURVE('',#1350,#1350,#1373,.T.);
#1373 = SURFACE_CURVE('',#1374,(#1379,#1386),.PCURVE_S1.);
#1374 = CIRCLE('',#1375,3.175);
#1375 = AXIS2_PLACEMENT_3D('',#1376,#1377,#1378);
#1376 = CARTESIAN_POINT('',(-15.,-41.49476477861,56.));
#1377 = DIRECTION('',(-2.22044604925E-16,-1.,2.22044604925E-16));
#1378 = DIRECTION('',(-4.930380657631E-32,-2.22044604925E-16,-1.));
#1379 = PCURVE('',#1333,#1380);
#1380 = DEFINITIONAL_REPRESENTATION('',(#1381),#1385);
#1381 = LINE('',#1382,#1383);
#1382 = CARTESIAN_POINT('',(0.,0.));
#1383 = VECTOR('',#1384,1.);
#1384 = DIRECTION('',(1.,0.));
#1385 = ( GEOMETRIC_REPRESENTATION_CONTEXT(2) 
PARAMETRIC_REPRESENTATION_CONTEXT() REPRESENTATION_CONTEXT('2D SPACE',''
  ) );
#1386 = PCURVE('',#815,#1387);
#1387 = DEFINITIONAL_REPRESENTATION('',(#1388),#1392);
#1388 = CIRCLE('',#1389,3.175);
#1389 = AXIS2_PLACEMENT_2D('',#1390,#1391);
#1390 = CARTESIAN_POINT('',(52.,-8.));
#1391 = DIRECTION('',(-1.,0.));
#1392 = ( GEOMETRIC_REPRESENTATION_CONTEXT(2) 
PARAMETRIC_REPRESENTATION_CONTEXT() REPRESENTATION_CONTEXT('2D SPACE',''
  ) );
#1393 = ORIENTED_EDGE('',*,*,#1349,.T.);
#1394 = ADVANCED_FACE('',(#1395),#1212,.T.);
#1395 = FACE_BOUND('',#1396,.T.);
#1396 = EDGE_LOOP('',(#1397,#1420,#1447,#1448));
#1397 = ORIENTED_EDGE('',*,*,#1398,.T.);
#1398 = EDGE_CURVE('',#1196,#1399,#1401,.T.);
#1399 = VERTEX_POINT('',#1400);
#1400 = CARTESIAN_POINT('',(-15.,-48.49476477861,9.5));
#1401 = SEAM_CURVE('',#1402,(#1406,#1413),.PCURVE_S1.);
#1402 = LINE('',#1403,#1404);
#1403 = CARTESIAN_POINT('',(-15.,-41.49476477861,9.5));
#1404 = VECTOR('',#1405,1.);
#1405 = DIRECTION('',(-2.22044604925E-16,-1.,2.22044604925E-16));
#1406 = PCURVE('',#1212,#1407);
#1407 = DEFINITIONAL_REPRESENTATION('',(#1408),#1412);
#1408 = LINE('',#1409,#1410);
#1409 = CARTESIAN_POINT('',(6.28318530718,-0.));
#1410 = VECTOR('',#1411,1.);
#1411 = DIRECTION('',(0.,1.));
#1412 = ( GEOMETRIC_REPRESENTATION_CONTEXT(2) 
PARAMETRIC_REPRESENTATION_CONTEXT() REPRESENTATION_CONTEXT('2D SPACE',''
  ) );
#1413 = PCURVE('',#1212,#1414);
#1414 = DEFINITIONAL_REPRESENTATION('',(#1415),#1419);
#1415 = LINE('',#1416,#1417);
#1416 = CARTESIAN_POINT('',(0.,-0.));
#1417 = VECTOR('',#1418,1.);
#1418 = DIRECTION('',(0.,1.));
#1419 = ( GEOMETRIC_REPRESENTATION_CONTEXT(2) 
PARAMETRIC_REPRESENTATION_CONTEXT() REPRESENTATION_CONTEXT('2D SPACE',''
  ) );
#1420 = ORIENTED_EDGE('',*,*,#1421,.F.);
#1421 = EDGE_CURVE('',#1399,#1399,#1422,.T.);
#1422 = SURFACE_CURVE('',#1423,(#1428,#1435),.PCURVE_S1.);
#1423 = CIRCLE('',#1424,4.5);
#1424 = AXIS2_PLACEMENT_3D('',#1425,#1426,#1427);
#1425 = CARTESIAN_POINT('',(-15.,-48.49476477861,14.));
#1426 = DIRECTION('',(-2.22044604925E-16,-1.,2.22044604925E-16));
#1427 = DIRECTION('',(-4.930380657631E-32,-2.22044604925E-16,-1.));
#1428 = PCURVE('',#1212,#1429);
#1429 = DEFINITIONAL_REPRESENTATION('',(#1430),#1434);
#1430 = LINE('',#1431,#1432);
#1431 = CARTESIAN_POINT('',(0.,7.));
#1432 = VECTOR('',#1433,1.);
#1433 = DIRECTION('',(1.,0.));
#1434 = ( GEOMETRIC_REPRESENTATION_CONTEXT(2) 
PARAMETRIC_REPRESENTATION_CONTEXT() REPRESENTATION_CONTEXT('2D SPACE',''
  ) );
#1435 = PCURVE('',#1436,#1441);
#1436 = PLANE('',#1437);
#1437 = AXIS2_PLACEMENT_3D('',#1438,#1439,#1440);
#1438 = CARTESIAN_POINT('',(-15.,-48.49476477861,14.));
#1439 = DIRECTION('',(-2.22044604925E-16,-1.,2.22044604925E-16));
#1440 = DIRECTION('',(-4.930380657631E-32,-2.22044604925E-16,-1.));
#1441 = DEFINITIONAL_REPRESENTATION('',(#1442),#1446);
#1442 = CIRCLE('',#1443,4.5);
#1443 = AXIS2_PLACEMENT_2D('',#1444,#1445);
#1444 = CARTESIAN_POINT('',(0.,0.));
#1445 = DIRECTION('',(1.,0.));
#1446 = ( GEOMETRIC_REPRESENTATION_CONTEXT(2) 
PARAMETRIC_REPRESENTATION_CONTEXT() REPRESENTATION_CONTEXT('2D SPACE',''
  ) );
#1447 = ORIENTED_EDGE('',*,*,#1398,.F.);
#1448 = ORIENTED_EDGE('',*,*,#1195,.T.);
#1449 = ADVANCED_FACE('',(#1450,#1453),#1436,.T.);
#1450 = FACE_BOUND('',#1451,.T.);
#1451 = EDGE_LOOP('',(#1452));
#1452 = ORIENTED_EDGE('',*,*,#1421,.T.);
#1453 = FACE_BOUND('',#1454,.T.);
#1454 = EDGE_LOOP('',(#1455));
#1455 = ORIENTED_EDGE('',*,*,#1456,.F.);
#1456 = EDGE_CURVE('',#1457,#1457,#1459,.T.);
#1457 = VERTEX_POINT('',#1458);
#1458 = CARTESIAN_POINT('',(-15.,-48.49476477861,10.825));
#1459 = SURFACE_CURVE('',#1460,(#1465,#1472),.PCURVE_S1.);
#1460 = CIRCLE('',#1461,3.175);
#1461 = AXIS2_PLACEMENT_3D('',#1462,#1463,#1464);
#1462 = CARTESIAN_POINT('',(-15.,-48.49476477861,14.));
#1463 = DIRECTION('',(-2.22044604925E-16,-1.,2.22044604925E-16));
#1464 = DIRECTION('',(-4.930380657631E-32,-2.22044604925E-16,-1.));
#1465 = PCURVE('',#1436,#1466);
#1466 = DEFINITIONAL_REPRESENTATION('',(#1467),#1471);
#1467 = CIRCLE('',#1468,3.175);
#1468 = AXIS2_PLACEMENT_2D('',#1469,#1470);
#1469 = CARTESIAN_POINT('',(0.,0.));
#1470 = DIRECTION('',(1.,0.));
#1471 = ( GEOMETRIC_REPRESENTATION_CONTEXT(2) 
PARAMETRIC_REPRESENTATION_CONTEXT() REPRESENTATION_CONTEXT('2D SPACE',''
  ) );
#1472 = PCURVE('',#1473,#1478);
#1473 = CYLINDRICAL_SURFACE('',#1474,3.175);
#1474 = AXIS2_PLACEMENT_3D('',#1475,#1476,#1477);
#1475 = CARTESIAN_POINT('',(-15.,-41.49476477861,14.));
#1476 = DIRECTION('',(-2.22044604925E-16,-1.,2.22044604925E-16));
#1477 = DIRECTION('',(-4.930380657631E-32,-2.22044604925E-16,-1.));
#1478 = DEFINITIONAL_REPRESENTATION('',(#1479),#1483);
#1479 = LINE('',#1480,#1481);
#1480 = CARTESIAN_POINT('',(0.,7.));
#1481 = VECTOR('',#1482,1.);
#1482 = DIRECTION('',(1.,0.));
#1483 = ( GEOMETRIC_REPRESENTATION_CONTEXT(2) 
PARAMETRIC_REPRESENTATION_CONTEXT() REPRESENTATION_CONTEXT('2D SPACE',''
  ) );
#1484 = ADVANCED_FACE('',(#1485),#1473,.F.);
#1485 = FACE_BOUND('',#1486,.F.);
#1486 = EDGE_LOOP('',(#1487,#1488,#1511,#1533));
#1487 = ORIENTED_EDGE('',*,*,#1456,.F.);
#1488 = ORIENTED_EDGE('',*,*,#1489,.F.);
#1489 = EDGE_CURVE('',#1490,#1457,#1492,.T.);
#1490 = VERTEX_POINT('',#1491);
#1491 = CARTESIAN_POINT('',(-15.,-41.49476477861,10.825));
#1492 = SEAM_CURVE('',#1493,(#1497,#1504),.PCURVE_S1.);
#1493 = LINE('',#1494,#1495);
#1494 = CARTESIAN_POINT('',(-15.,-41.49476477861,10.825));
#1495 = VECTOR('',#1496,1.);
#1496 = DIRECTION('',(-2.22044604925E-16,-1.,2.22044604925E-16));
#1497 = PCURVE('',#1473,#1498);
#1498 = DEFINITIONAL_REPRESENTATION('',(#1499),#1503);
#1499 = LINE('',#1500,#1501);
#1500 = CARTESIAN_POINT('',(6.28318530718,-0.));
#1501 = VECTOR('',#1502,1.);
#1502 = DIRECTION('',(0.,1.));
#1503 = ( GEOMETRIC_REPRESENTATION_CONTEXT(2) 
PARAMETRIC_REPRESENTATION_CONTEXT() REPRESENTATION_CONTEXT('2D SPACE',''
  ) );
#1504 = PCURVE('',#1473,#1505);
#1505 = DEFINITIONAL_REPRESENTATION('',(#1506),#1510);
#1506 = LINE('',#1507,#1508);
#1507 = CARTESIAN_POINT('',(0.,-0.));
#1508 = VECTOR('',#1509,1.);
#1509 = DIRECTION('',(0.,1.));
#1510 = ( GEOMETRIC_REPRESENTATION_CONTEXT(2) 
PARAMETRIC_REPRESENTATION_CONTEXT() REPRESENTATION_CONTEXT('2D SPACE',''
  ) );
#1511 = ORIENTED_EDGE('',*,*,#1512,.T.);
#1512 = EDGE_CURVE('',#1490,#1490,#1513,.T.);
#1513 = SURFACE_CURVE('',#1514,(#1519,#1526),.PCURVE_S1.);
#1514 = CIRCLE('',#1515,3.175);
#1515 = AXIS2_PLACEMENT_3D('',#1516,#1517,#1518);
#1516 = CARTESIAN_POINT('',(-15.,-41.49476477861,14.));
#1517 = DIRECTION('',(-2.22044604925E-16,-1.,2.22044604925E-16));
#1518 = DIRECTION('',(-4.930380657631E-32,-2.22044604925E-16,-1.));
#1519 = PCURVE('',#1473,#1520);
#1520 = DEFINITIONAL_REPRESENTATION('',(#1521),#1525);
#1521 = LINE('',#1522,#1523);
#1522 = CARTESIAN_POINT('',(0.,0.));
#1523 = VECTOR('',#1524,1.);
#1524 = DIRECTION('',(1.,0.));
#1525 = ( GEOMETRIC_REPRESENTATION_CONTEXT(2) 
PARAMETRIC_REPRESENTATION_CONTEXT() REPRESENTATION_CONTEXT('2D SPACE',''
  ) );
#1526 = PCURVE('',#815,#1527);
#1527 = DEFINITIONAL_REPRESENTATION('',(#1528),#1532);
#1528 = CIRCLE('',#1529,3.175);
#1529 = AXIS2_PLACEMENT_2D('',#1530,#1531);
#1530 = CARTESIAN_POINT('',(10.,-8.));
#1531 = DIRECTION('',(-1.,0.));
#1532 = ( GEOMETRIC_REPRESENTATION_CONTEXT(2) 
PARAMETRIC_REPRESENTATION_CONTEXT() REPRESENTATION_CONTEXT('2D SPACE',''
  ) );
#1533 = ORIENTED_EDGE('',*,*,#1489,.T.);
#1534 = ADVANCED_FACE('',(#1535),#1181,.T.);
#1535 = FACE_BOUND('',#1536,.T.);
#1536 = EDGE_LOOP('',(#1537,#1560,#1587,#1588));
#1537 = ORIENTED_EDGE('',*,*,#1538,.T.);
#1538 = EDGE_CURVE('',#1165,#1539,#1541,.T.);
#1539 = VERTEX_POINT('',#1540);
#1540 = CARTESIAN_POINT('',(15.,-48.49476477861,51.5));
#1541 = SEAM_CURVE('',#1542,(#1546,#1553),.PCURVE_S1.);
#1542 = LINE('',#1543,#1544);
#1543 = CARTESIAN_POINT('',(15.,-41.49476477861,51.5));
#1544 = VECTOR('',#1545,1.);
#1545 = DIRECTION('',(-2.22044604925E-16,-1.,2.22044604925E-16));
#1546 = PCURVE('',#1181,#1547);
#1547 = DEFINITIONAL_REPRESENTATION('',(#1548),#1552);
#1548 = LINE('',#1549,#1550);
#1549 = CARTESIAN_POINT('',(6.28318530718,-0.));
#1550 = VECTOR('',#1551,1.);
#1551 = DIRECTION('',(0.,1.));
#1552 = ( GEOMETRIC_REPRESENTATION_CONTEXT(2) 
PARAMETRIC_REPRESENTATION_CONTEXT() REPRESENTATION_CONTEXT('2D SPACE',''
  ) );
#1553 = PCURVE('',#1181,#1554);
#1554 = DEFINITIONAL_REPRESENTATION('',(#1555),#1559);
#1555 = LINE('',#1556,#1557);
#1556 = CARTESIAN_POINT('',(0.,-0.));
#1557 = VECTOR('',#1558,1.);
#1558 = DIRECTION('',(0.,1.));
#1559 = ( GEOMETRIC_REPRESENTATION_CONTEXT(2) 
PARAMETRIC_REPRESENTATION_CONTEXT() REPRESENTATION_CONTEXT('2D SPACE',''
  ) );
#1560 = ORIENTED_EDGE('',*,*,#1561,.F.);
#1561 = EDGE_CURVE('',#1539,#1539,#1562,.T.);
#1562 = SURFACE_CURVE('',#1563,(#1568,#1575),.PCURVE_S1.);
#1563 = CIRCLE('',#1564,4.5);
#1564 = AXIS2_PLACEMENT_3D('',#1565,#1566,#1567);
#1565 = CARTESIAN_POINT('',(15.,-48.49476477861,56.));
#1566 = DIRECTION('',(-2.22044604925E-16,-1.,2.22044604925E-16));
#1567 = DIRECTION('',(-4.930380657631E-32,-2.22044604925E-16,-1.));
#1568 = PCURVE('',#1181,#1569);
#1569 = DEFINITIONAL_REPRESENTATION('',(#1570),#1574);
#1570 = LINE('',#1571,#1572);
#1571 = CARTESIAN_POINT('',(0.,7.));
#1572 = VECTOR('',#1573,1.);
#1573 = DIRECTION('',(1.,0.));
#1574 = ( GEOMETRIC_REPRESENTATION_CONTEXT(2) 
PARAMETRIC_REPRESENTATION_CONTEXT() REPRESENTATION_CONTEXT('2D SPACE',''
  ) );
#1575 = PCURVE('',#1576,#1581);
#1576 = PLANE('',#1577);
#1577 = AXIS2_PLACEMENT_3D('',#1578,#1579,#1580);
#1578 = CARTESIAN_POINT('',(15.,-48.49476477861,56.));
#1579 = DIRECTION('',(-2.22044604925E-16,-1.,2.22044604925E-16));
#1580 = DIRECTION('',(-4.930380657631E-32,-2.22044604925E-16,-1.));
#1581 = DEFINITIONAL_REPRESENTATION('',(#1582),#1586);
#1582 = CIRCLE('',#1583,4.5);
#1583 = AXIS2_PLACEMENT_2D('',#1584,#1585);
#1584 = CARTESIAN_POINT('',(0.,0.));
#1585 = DIRECTION('',(1.,0.));
#1586 = ( GEOMETRIC_REPRESENTATION_CONTEXT(2) 
PARAMETRIC_REPRESENTATION_CONTEXT() REPRESENTATION_CONTEXT('2D SPACE',''
  ) );
#1587 = ORIENTED_EDGE('',*,*,#1538,.F.);
#1588 = ORIENTED_EDGE('',*,*,#1164,.T.);
#1589 = ADVANCED_FACE('',(#1590,#1593),#1576,.T.);
#1590 = FACE_BOUND('',#1591,.T.);
#1591 = EDGE_LOOP('',(#1592));
#1592 = ORIENTED_EDGE('',*,*,#1561,.T.);
#1593 = FACE_BOUND('',#1594,.T.);
#1594 = EDGE_LOOP('',(#1595));
#1595 = ORIENTED_EDGE('',*,*,#1596,.F.);
#1596 = EDGE_CURVE('',#1597,#1597,#1599,.T.);
#1597 = VERTEX_POINT('',#1598);
#1598 = CARTESIAN_POINT('',(15.,-48.49476477861,52.825));
#1599 = SURFACE_CURVE('',#1600,(#1605,#1612),.PCURVE_S1.);
#1600 = CIRCLE('',#1601,3.175);
#1601 = AXIS2_PLACEMENT_3D('',#1602,#1603,#1604);
#1602 = CARTESIAN_POINT('',(15.,-48.49476477861,56.));
#1603 = DIRECTION('',(-2.22044604925E-16,-1.,2.22044604925E-16));
#1604 = DIRECTION('',(-4.930380657631E-32,-2.22044604925E-16,-1.));
#1605 = PCURVE('',#1576,#1606);
#1606 = DEFINITIONAL_REPRESENTATION('',(#1607),#1611);
#1607 = CIRCLE('',#1608,3.175);
#1608 = AXIS2_PLACEMENT_2D('',#1609,#1610);
#1609 = CARTESIAN_POINT('',(0.,0.));
#1610 = DIRECTION('',(1.,0.));
#1611 = ( GEOMETRIC_REPRESENTATION_CONTEXT(2) 
PARAMETRIC_REPRESENTATION_CONTEXT() REPRESENTATION_CONTEXT('2D SPACE',''
  ) );
#1612 = PCURVE('',#1613,#1618);
#1613 = CYLINDRICAL_SURFACE('',#1614,3.175);
#1614 = AXIS2_PLACEMENT_3D('',#1615,#1616,#1617);
#1615 = CARTESIAN_POINT('',(15.,-41.49476477861,56.));
#1616 = DIRECTION('',(-2.22044604925E-16,-1.,2.22044604925E-16));
#1617 = DIRECTION('',(-4.930380657631E-32,-2.22044604925E-16,-1.));
#1618 = DEFINITIONAL_REPRESENTATION('',(#1619),#1623);
#1619 = LINE('',#1620,#1621);
#1620 = CARTESIAN_POINT('',(0.,7.));
#1621 = VECTOR('',#1622,1.);
#1622 = DIRECTION('',(1.,0.));
#1623 = ( GEOMETRIC_REPRESENTATION_CONTEXT(2) 
PARAMETRIC_REPRESENTATION_CONTEXT() REPRESENTATION_CONTEXT('2D SPACE',''
  ) );
#1624 = ADVANCED_FACE('',(#1625),#1613,.F.);
#1625 = FACE_BOUND('',#1626,.F.);
#1626 = EDGE_LOOP('',(#1627,#1628,#1651,#1673));
#1627 = ORIENTED_EDGE('',*,*,#1596,.F.);
#1628 = ORIENTED_EDGE('',*,*,#1629,.F.);
#1629 = EDGE_CURVE('',#1630,#1597,#1632,.T.);
#1630 = VERTEX_POINT('',#1631);
#1631 = CARTESIAN_POINT('',(15.,-41.49476477861,52.825));
#1632 = SEAM_CURVE('',#1633,(#1637,#1644),.PCURVE_S1.);
#1633 = LINE('',#1634,#1635);
#1634 = CARTESIAN_POINT('',(15.,-41.49476477861,52.825));
#1635 = VECTOR('',#1636,1.);
#1636 = DIRECTION('',(-2.22044604925E-16,-1.,2.22044604925E-16));
#1637 = PCURVE('',#1613,#1638);
#1638 = DEFINITIONAL_REPRESENTATION('',(#1639),#1643);
#1639 = LINE('',#1640,#1641);
#1640 = CARTESIAN_POINT('',(6.28318530718,-0.));
#1641 = VECTOR('',#1642,1.);
#1642 = DIRECTION('',(0.,1.));
#1643 = ( GEOMETRIC_REPRESENTATION_CONTEXT(2) 
PARAMETRIC_REPRESENTATION_CONTEXT() REPRESENTATION_CONTEXT('2D SPACE',''
  ) );
#1644 = PCURVE('',#1613,#1645);
#1645 = DEFINITIONAL_REPRESENTATION('',(#1646),#1650);
#1646 = LINE('',#1647,#1648);
#1647 = CARTESIAN_POINT('',(0.,-0.));
#1648 = VECTOR('',#1649,1.);
#1649 = DIRECTION('',(0.,1.));
#1650 = ( GEOMETRIC_REPRESENTATION_CONTEXT(2) 
PARAMETRIC_REPRESENTATION_CONTEXT() REPRESENTATION_CONTEXT('2D SPACE',''
  ) );
#1651 = ORIENTED_EDGE('',*,*,#1652,.T.);
#1652 = EDGE_CURVE('',#1630,#1630,#1653,.T.);
#1653 = SURFACE_CURVE('',#1654,(#1659,#1666),.PCURVE_S1.);
#1654 = CIRCLE('',#1655,3.175);
#1655 = AXIS2_PLACEMENT_3D('',#1656,#1657,#1658);
#1656 = CARTESIAN_POINT('',(15.,-41.49476477861,56.));
#1657 = DIRECTION('',(-2.22044604925E-16,-1.,2.22044604925E-16));
#1658 = DIRECTION('',(-4.930380657631E-32,-2.22044604925E-16,-1.));
#1659 = PCURVE('',#1613,#1660);
#1660 = DEFINITIONAL_REPRESENTATION('',(#1661),#1665);
#1661 = LINE('',#1662,#1663);
#1662 = CARTESIAN_POINT('',(0.,0.));
#1663 = VECTOR('',#1664,1.);
#1664 = DIRECTION('',(1.,0.));
#1665 = ( GEOMETRIC_REPRESENTATION_CONTEXT(2) 
PARAMETRIC_REPRESENTATION_CONTEXT() REPRESENTATION_CONTEXT('2D SPACE',''
  ) );
#1666 = PCURVE('',#868,#1667);
#1667 = DEFINITIONAL_REPRESENTATION('',(#1668),#1672);
#1668 = CIRCLE('',#1669,3.175);
#1669 = AXIS2_PLACEMENT_2D('',#1670,#1671);
#1670 = CARTESIAN_POINT('',(52.,-38.));
#1671 = DIRECTION('',(-1.,0.));
#1672 = ( GEOMETRIC_REPRESENTATION_CONTEXT(2) 
PARAMETRIC_REPRESENTATION_CONTEXT() REPRESENTATION_CONTEXT('2D SPACE',''
  ) );
#1673 = ORIENTED_EDGE('',*,*,#1629,.T.);
#1674 = ADVANCED_FACE('',(#1675),#1150,.T.);
#1675 = FACE_BOUND('',#1676,.T.);
#1676 = EDGE_LOOP('',(#1677,#1700,#1727,#1728));
#1677 = ORIENTED_EDGE('',*,*,#1678,.T.);
#1678 = EDGE_CURVE('',#1134,#1679,#1681,.T.);
#1679 = VERTEX_POINT('',#1680);
#1680 = CARTESIAN_POINT('',(15.,-48.49476477861,9.5));
#1681 = SEAM_CURVE('',#1682,(#1686,#1693),.PCURVE_S1.);
#1682 = LINE('',#1683,#1684);
#1683 = CARTESIAN_POINT('',(15.,-41.49476477861,9.5));
#1684 = VECTOR('',#1685,1.);
#1685 = DIRECTION('',(-2.22044604925E-16,-1.,2.22044604925E-16));
#1686 = PCURVE('',#1150,#1687);
#1687 = DEFINITIONAL_REPRESENTATION('',(#1688),#1692);
#1688 = LINE('',#1689,#1690);
#1689 = CARTESIAN_POINT('',(6.28318530718,-0.));
#1690 = VECTOR('',#1691,1.);
#1691 = DIRECTION('',(0.,1.));
#1692 = ( GEOMETRIC_REPRESENTATION_CONTEXT(2) 
PARAMETRIC_REPRESENTATION_CONTEXT() REPRESENTATION_CONTEXT('2D SPACE',''
  ) );
#1693 = PCURVE('',#1150,#1694);
#1694 = DEFINITIONAL_REPRESENTATION('',(#1695),#1699);
#1695 = LINE('',#1696,#1697);
#1696 = CARTESIAN_POINT('',(0.,-0.));
#1697 = VECTOR('',#1698,1.);
#1698 = DIRECTION('',(0.,1.));
#1699 = ( GEOMETRIC_REPRESENTATION_CONTEXT(2) 
PARAMETRIC_REPRESENTATION_CONTEXT() REPRESENTATION_CONTEXT('2D SPACE',''
  ) );
#1700 = ORIENTED_EDGE('',*,*,#1701,.F.);
#1701 = EDGE_CURVE('',#1679,#1679,#1702,.T.);
#1702 = SURFACE_CURVE('',#1703,(#1708,#1715),.PCURVE_S1.);
#1703 = CIRCLE('',#1704,4.5);
#1704 = AXIS2_PLACEMENT_3D('',#1705,#1706,#1707);
#1705 = CARTESIAN_POINT('',(15.,-48.49476477861,14.));
#1706 = DIRECTION('',(-2.22044604925E-16,-1.,2.22044604925E-16));
#1707 = DIRECTION('',(-4.930380657631E-32,-2.22044604925E-16,-1.));
#1708 = PCURVE('',#1150,#1709);
#1709 = DEFINITIONAL_REPRESENTATION('',(#1710),#1714);
#1710 = LINE('',#1711,#1712);
#1711 = CARTESIAN_POINT('',(0.,7.));
#1712 = VECTOR('',#1713,1.);
#1713 = DIRECTION('',(1.,0.));
#1714 = ( GEOMETRIC_REPRESENTATION_CONTEXT(2) 
PARAMETRIC_REPRESENTATION_CONTEXT() REPRESENTATION_CONTEXT('2D SPACE',''
  ) );
#1715 = PCURVE('',#1716,#1721);
#1716 = PLANE('',#1717);
#1717 = AXIS2_PLACEMENT_3D('',#1718,#1719,#1720);
#1718 = CARTESIAN_POINT('',(15.,-48.49476477861,14.));
#1719 = DIRECTION('',(-2.22044604925E-16,-1.,2.22044604925E-16));
#1720 = DIRECTION('',(-4.930380657631E-32,-2.22044604925E-16,-1.));
#1721 = DEFINITIONAL_REPRESENTATION('',(#1722),#1726);
#1722 = CIRCLE('',#1723,4.5);
#1723 = AXIS2_PLACEMENT_2D('',#1724,#1725);
#1724 = CARTESIAN_POINT('',(0.,0.));
#1725 = DIRECTION('',(1.,0.));
#1726 = ( GEOMETRIC_REPRESENTATION_CONTEXT(2) 
PARAMETRIC_REPRESENTATION_CONTEXT() REPRESENTATION_CONTEXT('2D SPACE',''
  ) );
#1727 = ORIENTED_EDGE('',*,*,#1678,.F.);
#1728 = ORIENTED_EDGE('',*,*,#1133,.T.);
#1729 = ADVANCED_FACE('',(#1730,#1733),#1716,.T.);
#1730 = FACE_BOUND('',#1731,.T.);
#1731 = EDGE_LOOP('',(#1732));
#1732 = ORIENTED_EDGE('',*,*,#1701,.T.);
#1733 = FACE_BOUND('',#1734,.T.);
#1734 = EDGE_LOOP('',(#1735));
#1735 = ORIENTED_EDGE('',*,*,#1736,.F.);
#1736 = EDGE_CURVE('',#1737,#1737,#1739,.T.);
#1737 = VERTEX_POINT('',#1738);
#1738 = CARTESIAN_POINT('',(15.,-48.49476477861,10.825));
#1739 = SURFACE_CURVE('',#1740,(#1745,#1752),.PCURVE_S1.);
#1740 = CIRCLE('',#1741,3.175);
#1741 = AXIS2_PLACEMENT_3D('',#1742,#1743,#1744);
#1742 = CARTESIAN_POINT('',(15.,-48.49476477861,14.));
#1743 = DIRECTION('',(-2.22044604925E-16,-1.,2.22044604925E-16));
#1744 = DIRECTION('',(-4.930380657631E-32,-2.22044604925E-16,-1.));
#1745 = PCURVE('',#1716,#1746);
#1746 = DEFINITIONAL_REPRESENTATION('',(#1747),#1751);
#1747 = CIRCLE('',#1748,3.175);
#1748 = AXIS2_PLACEMENT_2D('',#1749,#1750);
#1749 = CARTESIAN_POINT('',(0.,0.));
#1750 = DIRECTION('',(1.,0.));
#1751 = ( GEOMETRIC_REPRESENTATION_CONTEXT(2) 
PARAMETRIC_REPRESENTATION_CONTEXT() REPRESENTATION_CONTEXT('2D SPACE',''
  ) );
#1752 = PCURVE('',#1753,#1758);
#1753 = CYLINDRICAL_SURFACE('',#1754,3.175);
#1754 = AXIS2_PLACEMENT_3D('',#1755,#1756,#1757);
#1755 = CARTESIAN_POINT('',(15.,-41.49476477861,14.));
#1756 = DIRECTION('',(-2.22044604925E-16,-1.,2.22044604925E-16));
#1757 = DIRECTION('',(-4.930380657631E-32,-2.22044604925E-16,-1.));
#1758 = DEFINITIONAL_REPRESENTATION('',(#1759),#1763);
#1759 = LINE('',#1760,#1761);
#1760 = CARTESIAN_POINT('',(0.,7.));
#1761 = VECTOR('',#1762,1.);
#1762 = DIRECTION('',(1.,0.));
#1763 = ( GEOMETRIC_REPRESENTATION_CONTEXT(2) 
PARAMETRIC_REPRESENTATION_CONTEXT() REPRESENTATION_CONTEXT('2D SPACE',''
  ) );
#1764 = ADVANCED_FACE('',(#1765),#1753,.F.);
#1765 = FACE_BOUND('',#1766,.F.);
#1766 = EDGE_LOOP('',(#1767,#1768,#1791,#1813));
#1767 = ORIENTED_EDGE('',*,*,#1736,.F.);
#1768 = ORIENTED_EDGE('',*,*,#1769,.F.);
#1769 = EDGE_CURVE('',#1770,#1737,#1772,.T.);
#1770 = VERTEX_POINT('',#1771);
#1771 = CARTESIAN_POINT('',(15.,-41.49476477861,10.825));
#1772 = SEAM_CURVE('',#1773,(#1777,#1784),.PCURVE_S1.);
#1773 = LINE('',#1774,#1775);
#1774 = CARTESIAN_POINT('',(15.,-41.49476477861,10.825));
#1775 = VECTOR('',#1776,1.);
#1776 = DIRECTION('',(-2.22044604925E-16,-1.,2.22044604925E-16));
#1777 = PCURVE('',#1753,#1778);
#1778 = DEFINITIONAL_REPRESENTATION('',(#1779),#1783);
#1779 = LINE('',#1780,#1781);
#1780 = CARTESIAN_POINT('',(6.28318530718,-0.));
#1781 = VECTOR('',#1782,1.);
#1782 = DIRECTION('',(0.,1.));
#1783 = ( GEOMETRIC_REPRESENTATION_CONTEXT(2) 
PARAMETRIC_REPRESENTATION_CONTEXT() REPRESENTATION_CONTEXT('2D SPACE',''
  ) );
#1784 = PCURVE('',#1753,#1785);
#1785 = DEFINITIONAL_REPRESENTATION('',(#1786),#1790);
#1786 = LINE('',#1787,#1788);
#1787 = CARTESIAN_POINT('',(0.,-0.));
#1788 = VECTOR('',#1789,1.);
#1789 = DIRECTION('',(0.,1.));
#1790 = ( GEOMETRIC_REPRESENTATION_CONTEXT(2) 
PARAMETRIC_REPRESENTATION_CONTEXT() REPRESENTATION_CONTEXT('2D SPACE',''
  ) );
#1791 = ORIENTED_EDGE('',*,*,#1792,.T.);
#1792 = EDGE_CURVE('',#1770,#1770,#1793,.T.);
#1793 = SURFACE_CURVE('',#1794,(#1799,#1806),.PCURVE_S1.);
#1794 = CIRCLE('',#1795,3.175);
#1795 = AXIS2_PLACEMENT_3D('',#1796,#1797,#1798);
#1796 = CARTESIAN_POINT('',(15.,-41.49476477861,14.));
#1797 = DIRECTION('',(-2.22044604925E-16,-1.,2.22044604925E-16));
#1798 = DIRECTION('',(-4.930380657631E-32,-2.22044604925E-16,-1.));
#1799 = PCURVE('',#1753,#1800);
#1800 = DEFINITIONAL_REPRESENTATION('',(#1801),#1805);
#1801 = LINE('',#1802,#1803);
#1802 = CARTESIAN_POINT('',(0.,0.));
#1803 = VECTOR('',#1804,1.);
#1804 = DIRECTION('',(1.,0.));
#1805 = ( GEOMETRIC_REPRESENTATION_CONTEXT(2) 
PARAMETRIC_REPRESENTATION_CONTEXT() REPRESENTATION_CONTEXT('2D SPACE',''
  ) );
#1806 = PCURVE('',#868,#1807);
#1807 = DEFINITIONAL_REPRESENTATION('',(#1808),#1812);
#1808 = CIRCLE('',#1809,3.175);
#1809 = AXIS2_PLACEMENT_2D('',#1810,#1811);
#1810 = CARTESIAN_POINT('',(10.,-38.));
#1811 = DIRECTION('',(-1.,0.));
#1812 = ( GEOMETRIC_REPRESENTATION_CONTEXT(2) 
PARAMETRIC_REPRESENTATION_CONTEXT() REPRESENTATION_CONTEXT('2D SPACE',''
  ) );
#1813 = ORIENTED_EDGE('',*,*,#1769,.T.);
#1814 = ADVANCED_FACE('',(#1815),#977,.T.);
#1815 = FACE_BOUND('',#1816,.T.);
#1816 = EDGE_LOOP('',(#1817,#1840,#1861,#1862));
#1817 = ORIENTED_EDGE('',*,*,#1818,.F.);
#1818 = EDGE_CURVE('',#1819,#1087,#1821,.T.);
#1819 = VERTEX_POINT('',#1820);
#1820 = CARTESIAN_POINT('',(23.,-41.49476477861,4.));
#1821 = SURFACE_CURVE('',#1822,(#1826,#1833),.PCURVE_S1.);
#1822 = LINE('',#1823,#1824);
#1823 = CARTESIAN_POINT('',(23.,-41.49476477861,4.));
#1824 = VECTOR('',#1825,1.);
#1825 = DIRECTION('',(-2.22044604925E-16,-1.,0.));
#1826 = PCURVE('',#977,#1827);
#1827 = DEFINITIONAL_REPRESENTATION('',(#1828),#1832);
#1828 = LINE('',#1829,#1830);
#1829 = CARTESIAN_POINT('',(0.,0.));
#1830 = VECTOR('',#1831,1.);
#1831 = DIRECTION('',(0.,1.));
#1832 = ( GEOMETRIC_REPRESENTATION_CONTEXT(2) 
PARAMETRIC_REPRESENTATION_CONTEXT() REPRESENTATION_CONTEXT('2D SPACE',''
  ) );
#1833 = PCURVE('',#788,#1834);
#1834 = DEFINITIONAL_REPRESENTATION('',(#1835),#1839);
#1835 = LINE('',#1836,#1837);
#1836 = CARTESIAN_POINT('',(0.,46.));
#1837 = VECTOR('',#1838,1.);
#1838 = DIRECTION('',(1.,0.));
#1839 = ( GEOMETRIC_REPRESENTATION_CONTEXT(2) 
PARAMETRIC_REPRESENTATION_CONTEXT() REPRESENTATION_CONTEXT('2D SPACE',''
  ) );
#1840 = ORIENTED_EDGE('',*,*,#1841,.T.);
#1841 = EDGE_CURVE('',#1819,#962,#1842,.T.);
#1842 = SURFACE_CURVE('',#1843,(#1847,#1854),.PCURVE_S1.);
#1843 = LINE('',#1844,#1845);
#1844 = CARTESIAN_POINT('',(23.,-41.49476477861,4.));
#1845 = VECTOR('',#1846,1.);
#1846 = DIRECTION('',(0.,0.,1.));
#1847 = PCURVE('',#977,#1848);
#1848 = DEFINITIONAL_REPRESENTATION('',(#1849),#1853);
#1849 = LINE('',#1850,#1851);
#1850 = CARTESIAN_POINT('',(0.,0.));
#1851 = VECTOR('',#1852,1.);
#1852 = DIRECTION('',(1.,0.));
#1853 = ( GEOMETRIC_REPRESENTATION_CONTEXT(2) 
PARAMETRIC_REPRESENTATION_CONTEXT() REPRESENTATION_CONTEXT('2D SPACE',''
  ) );
#1854 = PCURVE('',#868,#1855);
#1855 = DEFINITIONAL_REPRESENTATION('',(#1856),#1860);
#1856 = LINE('',#1857,#1858);
#1857 = CARTESIAN_POINT('',(0.,-46.));
#1858 = VECTOR('',#1859,1.);
#1859 = DIRECTION('',(1.,0.));
#1860 = ( GEOMETRIC_REPRESENTATION_CONTEXT(2) 
PARAMETRIC_REPRESENTATION_CONTEXT() REPRESENTATION_CONTEXT('2D SPACE',''
  ) );
#1861 = ORIENTED_EDGE('',*,*,#961,.T.);
#1862 = ORIENTED_EDGE('',*,*,#1109,.F.);
#1863 = ADVANCED_FACE('',(#1864,#1890,#1893),#868,.F.);
#1864 = FACE_BOUND('',#1865,.F.);
#1865 = EDGE_LOOP('',(#1866,#1867,#1868,#1889));
#1866 = ORIENTED_EDGE('',*,*,#989,.F.);
#1867 = ORIENTED_EDGE('',*,*,#855,.F.);
#1868 = ORIENTED_EDGE('',*,*,#1869,.T.);
#1869 = EDGE_CURVE('',#772,#1819,#1870,.T.);
#1870 = SURFACE_CURVE('',#1871,(#1875,#1882),.PCURVE_S1.);
#1871 = LINE('',#1872,#1873);
#1872 = CARTESIAN_POINT('',(-23.,-41.49476477861,4.));
#1873 = VECTOR('',#1874,1.);
#1874 = DIRECTION('',(1.,-2.22044604925E-16,0.));
#1875 = PCURVE('',#868,#1876);
#1876 = DEFINITIONAL_REPRESENTATION('',(#1877),#1881);
#1877 = LINE('',#1878,#1879);
#1878 = CARTESIAN_POINT('',(0.,0.));
#1879 = VECTOR('',#1880,1.);
#1880 = DIRECTION('',(0.,-1.));
#1881 = ( GEOMETRIC_REPRESENTATION_CONTEXT(2) 
PARAMETRIC_REPRESENTATION_CONTEXT() REPRESENTATION_CONTEXT('2D SPACE',''
  ) );
#1882 = PCURVE('',#788,#1883);
#1883 = DEFINITIONAL_REPRESENTATION('',(#1884),#1888);
#1884 = LINE('',#1885,#1886);
#1885 = CARTESIAN_POINT('',(0.,0.));
#1886 = VECTOR('',#1887,1.);
#1887 = DIRECTION('',(0.,1.));
#1888 = ( GEOMETRIC_REPRESENTATION_CONTEXT(2) 
PARAMETRIC_REPRESENTATION_CONTEXT() REPRESENTATION_CONTEXT('2D SPACE',''
  ) );
#1889 = ORIENTED_EDGE('',*,*,#1841,.T.);
#1890 = FACE_BOUND('',#1891,.F.);
#1891 = EDGE_LOOP('',(#1892));
#1892 = ORIENTED_EDGE('',*,*,#1792,.F.);
#1893 = FACE_BOUND('',#1894,.F.);
#1894 = EDGE_LOOP('',(#1895));
#1895 = ORIENTED_EDGE('',*,*,#1652,.F.);
#1896 = ADVANCED_FACE('',(#1897,#1923,#1926),#815,.F.);
#1897 = FACE_BOUND('',#1898,.F.);
#1898 = EDGE_LOOP('',(#1899,#1900,#1901,#1922));
#1899 = ORIENTED_EDGE('',*,*,#882,.F.);
#1900 = ORIENTED_EDGE('',*,*,#1039,.F.);
#1901 = ORIENTED_EDGE('',*,*,#1902,.T.);
#1902 = EDGE_CURVE('',#1015,#770,#1903,.T.);
#1903 = SURFACE_CURVE('',#1904,(#1908,#1915),.PCURVE_S1.);
#1904 = LINE('',#1905,#1906);
#1905 = CARTESIAN_POINT('',(-23.,-41.49476477861,4.));
#1906 = VECTOR('',#1907,1.);
#1907 = DIRECTION('',(1.,-2.22044604925E-16,0.));
#1908 = PCURVE('',#815,#1909);
#1909 = DEFINITIONAL_REPRESENTATION('',(#1910),#1914);
#1910 = LINE('',#1911,#1912);
#1911 = CARTESIAN_POINT('',(0.,0.));
#1912 = VECTOR('',#1913,1.);
#1913 = DIRECTION('',(0.,-1.));
#1914 = ( GEOMETRIC_REPRESENTATION_CONTEXT(2) 
PARAMETRIC_REPRESENTATION_CONTEXT() REPRESENTATION_CONTEXT('2D SPACE',''
  ) );
#1915 = PCURVE('',#788,#1916);
#1916 = DEFINITIONAL_REPRESENTATION('',(#1917),#1921);
#1917 = LINE('',#1918,#1919);
#1918 = CARTESIAN_POINT('',(0.,0.));
#1919 = VECTOR('',#1920,1.);
#1920 = DIRECTION('',(0.,1.));
#1921 = ( GEOMETRIC_REPRESENTATION_CONTEXT(2) 
PARAMETRIC_REPRESENTATION_CONTEXT() REPRESENTATION_CONTEXT('2D SPACE',''
  ) );
#1922 = ORIENTED_EDGE('',*,*,#800,.T.);
#1923 = FACE_BOUND('',#1924,.F.);
#1924 = EDGE_LOOP('',(#1925));
#1925 = ORIENTED_EDGE('',*,*,#1512,.F.);
#1926 = FACE_BOUND('',#1927,.F.);
#1927 = EDGE_LOOP('',(#1928));
#1928 = ORIENTED_EDGE('',*,*,#1372,.F.);
#1929 = ADVANCED_FACE('',(#1930),#788,.F.);
#1930 = FACE_BOUND('',#1931,.F.);
#1931 = EDGE_LOOP('',(#1932,#1933,#1934,#1935,#1936,#1937));
#1932 = ORIENTED_EDGE('',*,*,#1902,.F.);
#1933 = ORIENTED_EDGE('',*,*,#1014,.T.);
#1934 = ORIENTED_EDGE('',*,*,#1086,.T.);
#1935 = ORIENTED_EDGE('',*,*,#1818,.F.);
#1936 = ORIENTED_EDGE('',*,*,#1869,.F.);
#1937 = ORIENTED_EDGE('',*,*,#769,.F.);
#1938 = ADVANCED_FACE('',(#1939),#518,.F.);
#1939 = FACE_BOUND('',#1940,.F.);
#1940 = EDGE_LOOP('',(#1941,#1962,#1984));
#1941 = ORIENTED_EDGE('',*,*,#1942,.F.);
#1942 = EDGE_CURVE('',#1943,#502,#1945,.T.);
#1943 = VERTEX_POINT('',#1944);
#1944 = CARTESIAN_POINT('',(-38.26166389057,-27.83889736423,31.5));
#1945 = SURFACE_CURVE('',#1946,(#1950,#1956),.PCURVE_S1.);
#1946 = LINE('',#1947,#1948);
#1947 = CARTESIAN_POINT('',(-42.80431548712,-27.83889736423,31.5));
#1948 = VECTOR('',#1949,1.);
#1949 = DIRECTION('',(1.,0.,2.22044604925E-16));
#1950 = PCURVE('',#518,#1951);
#1951 = DEFINITIONAL_REPRESENTATION('',(#1952),#1955);
#1952 = B_SPLINE_CURVE_WITH_KNOTS('',1,(#1953,#1954),.UNSPECIFIED.,.F.,
  .F.,(2,2),(2.7,18.3),.PIECEWISE_BEZIER_KNOTS.);
#1953 = CARTESIAN_POINT('',(-7.8,-2.6));
#1954 = CARTESIAN_POINT('',(7.8,-2.6));
#1955 = ( GEOMETRIC_REPRESENTATION_CONTEXT(2) 
PARAMETRIC_REPRESENTATION_CONTEXT() REPRESENTATION_CONTEXT('2D SPACE',''
  ) );
#1956 = PCURVE('',#634,#1957);
#1957 = DEFINITIONAL_REPRESENTATION('',(#1958),#1961);
#1958 = B_SPLINE_CURVE_WITH_KNOTS('',1,(#1959,#1960),.UNSPECIFIED.,.F.,
  .F.,(2,2),(2.7,18.3),.PIECEWISE_BEZIER_KNOTS.);
#1959 = CARTESIAN_POINT('',(4.712388980385,2.7));
#1960 = CARTESIAN_POINT('',(4.712388980385,18.3));
#1961 = ( GEOMETRIC_REPRESENTATION_CONTEXT(2) 
PARAMETRIC_REPRESENTATION_CONTEXT() REPRESENTATION_CONTEXT('2D SPACE',''
  ) );
#1962 = ORIENTED_EDGE('',*,*,#1963,.T.);
#1963 = EDGE_CURVE('',#1943,#474,#1964,.T.);
#1964 = SURFACE_CURVE('',#1965,(#1970,#1977),.PCURVE_S1.);
#1965 = CIRCLE('',#1966,6.5);
#1966 = AXIS2_PLACEMENT_3D('',#1967,#1968,#1969);
#1967 = CARTESIAN_POINT('',(-32.30431548712,-25.23889736423,31.5));
#1968 = DIRECTION('',(0.,0.,1.));
#1969 = DIRECTION('',(1.,0.,-0.));
#1970 = PCURVE('',#518,#1971);
#1971 = DEFINITIONAL_REPRESENTATION('',(#1972),#1976);
#1972 = CIRCLE('',#1973,6.5);
#1973 = AXIS2_PLACEMENT_2D('',#1974,#1975);
#1974 = CARTESIAN_POINT('',(0.,0.));
#1975 = DIRECTION('',(1.,0.));
#1976 = ( GEOMETRIC_REPRESENTATION_CONTEXT(2) 
PARAMETRIC_REPRESENTATION_CONTEXT() REPRESENTATION_CONTEXT('2D SPACE',''
  ) );
#1977 = PCURVE('',#490,#1978);
#1978 = DEFINITIONAL_REPRESENTATION('',(#1979),#1983);
#1979 = LINE('',#1980,#1981);
#1980 = CARTESIAN_POINT('',(0.,0.));
#1981 = VECTOR('',#1982,1.);
#1982 = DIRECTION('',(1.,0.));
#1983 = ( GEOMETRIC_REPRESENTATION_CONTEXT(2) 
PARAMETRIC_REPRESENTATION_CONTEXT() REPRESENTATION_CONTEXT('2D SPACE',''
  ) );
#1984 = ORIENTED_EDGE('',*,*,#501,.F.);
#1985 = ADVANCED_FACE('',(#1986),#634,.F.);
#1986 = FACE_BOUND('',#1987,.F.);
#1987 = EDGE_LOOP('',(#1988,#1989,#1990,#2011));
#1988 = ORIENTED_EDGE('',*,*,#1942,.T.);
#1989 = ORIENTED_EDGE('',*,*,#530,.F.);
#1990 = ORIENTED_EDGE('',*,*,#1991,.F.);
#1991 = EDGE_CURVE('',#1992,#531,#1994,.T.);
#1992 = VERTEX_POINT('',#1993);
#1993 = CARTESIAN_POINT('',(-38.26166389057,-22.63889736423,31.5));
#1994 = SURFACE_CURVE('',#1995,(#1999,#2005),.PCURVE_S1.);
#1995 = LINE('',#1996,#1997);
#1996 = CARTESIAN_POINT('',(-42.80431548712,-22.63889736423,31.5));
#1997 = VECTOR('',#1998,1.);
#1998 = DIRECTION('',(1.,0.,2.22044604925E-16));
#1999 = PCURVE('',#634,#2000);
#2000 = DEFINITIONAL_REPRESENTATION('',(#2001),#2004);
#2001 = B_SPLINE_CURVE_WITH_KNOTS('',1,(#2002,#2003),.UNSPECIFIED.,.F.,
  .F.,(2,2),(2.7,18.3),.PIECEWISE_BEZIER_KNOTS.);
#2002 = CARTESIAN_POINT('',(1.570796326795,2.7));
#2003 = CARTESIAN_POINT('',(1.570796326795,18.3));
#2004 = ( GEOMETRIC_REPRESENTATION_CONTEXT(2) 
PARAMETRIC_REPRESENTATION_CONTEXT() REPRESENTATION_CONTEXT('2D SPACE',''
  ) );
#2005 = PCURVE('',#707,#2006);
#2006 = DEFINITIONAL_REPRESENTATION('',(#2007),#2010);
#2007 = B_SPLINE_CURVE_WITH_KNOTS('',1,(#2008,#2009),.UNSPECIFIED.,.F.,
  .F.,(2,2),(2.7,18.3),.PIECEWISE_BEZIER_KNOTS.);
#2008 = CARTESIAN_POINT('',(-7.8,2.6));
#2009 = CARTESIAN_POINT('',(7.8,2.6));
#2010 = ( GEOMETRIC_REPRESENTATION_CONTEXT(2) 
PARAMETRIC_REPRESENTATION_CONTEXT() REPRESENTATION_CONTEXT('2D SPACE',''
  ) );
#2011 = ORIENTED_EDGE('',*,*,#2012,.T.);
#2012 = EDGE_CURVE('',#1992,#1943,#2013,.T.);
#2013 = SURFACE_CURVE('',#2014,(#2077,#2143),.PCURVE_S1.);
#2014 = B_SPLINE_CURVE_WITH_KNOTS('',6,(#2015,#2016,#2017,#2018,#2019,
    #2020,#2021,#2022,#2023,#2024,#2025,#2026,#2027,#2028,#2029,#2030,
    #2031,#2032,#2033,#2034,#2035,#2036,#2037,#2038,#2039,#2040,#2041,
    #2042,#2043,#2044,#2045,#2046,#2047,#2048,#2049,#2050,#2051,#2052,
    #2053,#2054,#2055,#2056,#2057,#2058,#2059,#2060,#2061,#2062,#2063,
    #2064,#2065,#2066,#2067,#2068,#2069,#2070,#2071,#2072,#2073,#2074,
    #2075,#2076),.UNSPECIFIED.,.F.,.F.,(7,5,5,5,5,5,5,5,5,5,5,5,7),(0.,
    6.851243319207E-02,0.258461568148,0.307601283836,0.368478490549,
    0.418443325266,0.500011251002,0.580099836452,0.630314369203,
    0.692244580208,0.741765550148,0.932182996926,1.),.UNSPECIFIED.);
#2015 = CARTESIAN_POINT('',(-38.26166389057,-22.63889736423,31.4999994)
  );
#2016 = CARTESIAN_POINT('',(-38.26166388224,-22.63889734515,
    31.582676152315));
#2017 = CARTESIAN_POINT('',(-38.26304086437,-22.64205229478,
    31.665352959073));
#2018 = CARTESIAN_POINT('',(-38.26579452916,-22.64836181272,
    31.747920544749));
#2019 = CARTESIAN_POINT('',(-38.26991046363,-22.65782697063,
    31.830270070878));
#2020 = CARTESIAN_POINT('',(-38.2753601497,-22.67045031213,
    31.912293136059));
#2021 = CARTESIAN_POINT('',(-38.30078971594,-22.73000089926,
    32.220084391277));
#2022 = CARTESIAN_POINT('',(-38.32936954214,-22.79799291405,
    32.442525577069));
#2023 = CARTESIAN_POINT('',(-38.3669137582,-22.89023984645,
    32.659458476182));
#2024 = CARTESIAN_POINT('',(-38.41187317804,-23.00725872478,
    32.868852241865));
#2025 = CARTESIAN_POINT('',(-38.46200086544,-23.14983506324,
    33.067993015668));
#2026 = CARTESIAN_POINT('',(-38.52775216901,-23.36248358879,
    33.300908977123));
#2027 = CARTESIAN_POINT('',(-38.54141201074,-23.40796920798,
    33.347853725657));
#2028 = CARTESIAN_POINT('',(-38.55516662758,-23.45525632178,
    33.39380917961));
#2029 = CARTESIAN_POINT('',(-38.56896017641,-23.50436464972,
    33.438703796002));
#2030 = CARTESIAN_POINT('',(-38.58273223155,-23.55531229589,
    33.482457524642));
#2031 = CARTESIAN_POINT('',(-38.61337226311,-23.67353181172,
    33.577663423387));
#2032 = CARTESIAN_POINT('',(-38.63019783869,-23.74181093898,
    33.628470254202));
#2033 = CARTESIAN_POINT('',(-38.64676539751,-23.81296561412,
    33.677215401781));
#2034 = CARTESIAN_POINT('',(-38.6629350293,-23.88699811092,
    33.72369669628));
#2035 = CARTESIAN_POINT('',(-38.67855770946,-23.96389978389,
    33.767696102261));
#2036 = CARTESIAN_POINT('',(-38.70572194072,-24.10910546908,
    33.842862074356));
#2037 = CARTESIAN_POINT('',(-38.71749475258,-24.1764886719,
    33.874919811583));
#2038 = CARTESIAN_POINT('',(-38.72869832709,-24.24573434531,
    33.904992965464));
#2039 = CARTESIAN_POINT('',(-38.73923607527,-24.3167675967,
    33.932927967614));
#2040 = CARTESIAN_POINT('',(-38.74901397377,-24.38950429544,
    33.958576404509));
#2041 = CARTESIAN_POINT('',(-38.77251872031,-24.58522276845,
    34.019697854409));
#2042 = CARTESIAN_POINT('',(-38.78485613233,-24.711090511,
    34.051187998488));
#2043 = CARTESIAN_POINT('',(-38.79447959263,-24.84047561878,
    34.075410333571));
#2044 = CARTESIAN_POINT('',(-38.80103008278,-24.97231457696,
    34.091786470466));
#2045 = CARTESIAN_POINT('',(-38.80431548712,-25.10549590315,34.1));
#2046 = CARTESIAN_POINT('',(-38.80431548712,-25.36987941653,34.1));
#2047 = CARTESIAN_POINT('',(-38.80114817205,-25.50065048215,
    34.09208169553));
#2048 = CARTESIAN_POINT('',(-38.79483266434,-25.6301465928,
    34.076293003416));
#2049 = CARTESIAN_POINT('',(-38.78554802279,-25.75731332211,
    34.052929286525));
#2050 = CARTESIAN_POINT('',(-38.77362893894,-25.8811398511,
    34.022530421202));
#2051 = CARTESIAN_POINT('',(-38.75067418867,-26.07565089278,
    33.962923042082));
#2052 = CARTESIAN_POINT('',(-38.74095921038,-26.14899841213,
    33.93747888493));
#2053 = CARTESIAN_POINT('',(-38.73046560595,-26.22063748895,
    33.909706992879));
#2054 = CARTESIAN_POINT('',(-38.7192887919,-26.29047975515,
    33.879758169627));
#2055 = CARTESIAN_POINT('',(-38.70752709954,-26.35844633244,
    33.847788998888));
#2056 = CARTESIAN_POINT('',(-38.68017465057,-26.50589308304,
    33.772243903073));
#2057 = CARTESIAN_POINT('',(-38.66432827589,-26.58437318301,
    33.727693408793));
#2058 = CARTESIAN_POINT('',(-38.64790576528,-26.65988518779,
    33.680559152707));
#2059 = CARTESIAN_POINT('',(-38.63106458426,-26.73241872103,
    33.631071759488));
#2060 = CARTESIAN_POINT('',(-38.61395251923,-26.80197524918,
    33.579445023793));
#2061 = CARTESIAN_POINT('',(-38.58291488911,-26.92181600836,
    33.483041873644));
#2062 = CARTESIAN_POINT('',(-38.56903514576,-26.97317972893,
    33.438957044649));
#2063 = CARTESIAN_POINT('',(-38.55513320743,-27.02267516757,
    33.393712956537));
#2064 = CARTESIAN_POINT('',(-38.54127095853,-27.07032077863,
    33.347391631137));
#2065 = CARTESIAN_POINT('',(-38.52750553252,-27.11613677209,
    33.300066238644));
#2066 = CARTESIAN_POINT('',(-38.46153238183,-27.32936546674,
    33.06621254929));
#2067 = CARTESIAN_POINT('',(-38.41130875197,-27.47209267126,
    32.86647163555));
#2068 = CARTESIAN_POINT('',(-38.36629767275,-27.589139575,
    32.656446426578));
#2069 = CARTESIAN_POINT('',(-38.32875957372,-27.68129487403,
    32.438867965637));
#2070 = CARTESIAN_POINT('',(-38.3002500678,-27.74907647947,
    32.215780545762));
#2071 = CARTESIAN_POINT('',(-38.27508673184,-27.80797768379,
    31.908157075255));
#2072 = CARTESIAN_POINT('',(-38.26974527091,-27.82034762878,
    31.82694818848));
#2073 = CARTESIAN_POINT('',(-38.26571163848,-27.82962284027,
    31.745422601771));
#2074 = CARTESIAN_POINT('',(-38.26301322831,-27.83580574939,
    31.663685479049));
#2075 = CARTESIAN_POINT('',(-38.26166388232,-27.83889738311,
    31.581842407985));
#2076 = CARTESIAN_POINT('',(-38.26166389057,-27.83889736423,31.4999994)
  );
#2077 = PCURVE('',#634,#2078);
#2078 = DEFINITIONAL_REPRESENTATION('',(#2079),#2142);
#2079 = B_SPLINE_CURVE_WITH_KNOTS('',6,(#2080,#2081,#2082,#2083,#2084,
    #2085,#2086,#2087,#2088,#2089,#2090,#2091,#2092,#2093,#2094,#2095,
    #2096,#2097,#2098,#2099,#2100,#2101,#2102,#2103,#2104,#2105,#2106,
    #2107,#2108,#2109,#2110,#2111,#2112,#2113,#2114,#2115,#2116,#2117,
    #2118,#2119,#2120,#2121,#2122,#2123,#2124,#2125,#2126,#2127,#2128,
    #2129,#2130,#2131,#2132,#2133,#2134,#2135,#2136,#2137,#2138,#2139,
    #2140,#2141),.UNSPECIFIED.,.F.,.F.,(7,5,5,5,5,5,5,5,5,5,5,5,7),(0.,
    6.851243319207E-02,0.258461568148,0.307601283836,0.368478490549,
    0.418443325266,0.500011251002,0.580099836452,0.630314369203,
    0.692244580208,0.741765550148,0.932182996926,1.),.UNSPECIFIED.);
#2080 = CARTESIAN_POINT('',(1.570796096026,4.542651596557));
#2081 = CARTESIAN_POINT('',(1.602594846916,4.542651604884));
#2082 = CARTESIAN_POINT('',(1.634393753754,4.541274622751));
#2083 = CARTESIAN_POINT('',(1.666208263879,4.538520957966));
#2084 = CARTESIAN_POINT('',(1.698054642745,4.534405023488));
#2085 = CARTESIAN_POINT('',(1.729949973919,4.528955337425));
#2086 = CARTESIAN_POINT('',(1.850526577536,4.503525771186));
#2087 = CARTESIAN_POINT('',(1.939491091651,4.474945944986));
#2088 = CARTESIAN_POINT('',(2.029397625931,4.437401728923));
#2089 = CARTESIAN_POINT('',(2.120828858223,4.392442309084));
#2090 = CARTESIAN_POINT('',(2.214367129014,4.342314621687));
#2091 = CARTESIAN_POINT('',(2.335669992509,4.27656331811));
#2092 = CARTESIAN_POINT('',(2.360799924936,4.262903476383));
#2093 = CARTESIAN_POINT('',(2.386143684459,4.249148859545));
#2094 = CARTESIAN_POINT('',(2.411716413443,4.235355310709));
#2095 = CARTESIAN_POINT('',(2.437533233886,4.221583255574));
#2096 = CARTESIAN_POINT('',(2.495913766174,4.190943224013));
#2097 = CARTESIAN_POINT('',(2.528623640662,4.174117648436));
#2098 = CARTESIAN_POINT('',(2.561758263428,4.157550089614));
#2099 = CARTESIAN_POINT('',(2.595337737639,4.141380457823));
#2100 = CARTESIAN_POINT('',(2.62938427578,4.125757777667));
#2101 = CARTESIAN_POINT('',(2.692271672063,4.098593546401));
#2102 = CARTESIAN_POINT('',(2.720955591631,4.08682073454));
#2103 = CARTESIAN_POINT('',(2.749965789198,4.075617160036));
#2104 = CARTESIAN_POINT('',(2.779295357054,4.065079411852));
#2105 = CARTESIAN_POINT('',(2.808939777968,4.055301513355));
#2106 = CARTESIAN_POINT('',(2.887801457785,4.031796766812));
#2107 = CARTESIAN_POINT('',(2.937621595438,4.019459354795));
#2108 = CARTESIAN_POINT('',(2.98811036544,4.009835894493));
#2109 = CARTESIAN_POINT('',(3.039060818764,4.003285404342));
#2110 = CARTESIAN_POINT('',(3.090284399328,4.));
#2111 = CARTESIAN_POINT('',(3.191970366013,4.));
#2112 = CARTESIAN_POINT('',(3.242266923645,4.003167315073));
#2113 = CARTESIAN_POINT('',(3.292303288935,4.009482822779));
#2114 = CARTESIAN_POINT('',(3.341900182879,4.018767464334));
#2115 = CARTESIAN_POINT('',(3.390861318161,4.030686548178));
#2116 = CARTESIAN_POINT('',(3.469107236991,4.053641298457));
#2117 = CARTESIAN_POINT('',(3.498947091144,4.063356276746));
#2118 = CARTESIAN_POINT('',(3.528470337819,4.073849881177));
#2119 = CARTESIAN_POINT('',(3.557671747473,4.085026695218));
#2120 = CARTESIAN_POINT('',(3.58654361012,4.096788387578));
#2121 = CARTESIAN_POINT('',(3.650264067675,4.124140836556));
#2122 = CARTESIAN_POINT('',(3.684941265012,4.139987211232));
#2123 = CARTESIAN_POINT('',(3.71913399354,4.156409721838));
#2124 = CARTESIAN_POINT('',(3.752865430644,4.173250902866));
#2125 = CARTESIAN_POINT('',(3.786156464081,4.190362967889));
#2126 = CARTESIAN_POINT('',(3.845311479222,4.221400598008));
#2127 = CARTESIAN_POINT('',(3.871332364852,4.235280341368));
#2128 = CARTESIAN_POINT('',(3.897105237414,4.249182279692));
#2129 = CARTESIAN_POINT('',(3.922645541786,4.26304452859));
#2130 = CARTESIAN_POINT('',(3.947968789294,4.276809954603));
#2131 = CARTESIAN_POINT('',(4.069688483921,4.342783105297));
#2132 = CARTESIAN_POINT('',(4.163443578839,4.393006735156));
#2133 = CARTESIAN_POINT('',(4.25508642643,4.438017814378));
#2134 = CARTESIAN_POINT('',(4.345202431606,4.475555913398));
#2135 = CARTESIAN_POINT('',(4.434377460969,4.504065419327));
#2136 = CARTESIAN_POINT('',(4.554843488662,4.529228755282));
#2137 = CARTESIAN_POINT('',(4.586415237671,4.534570216215));
#2138 = CARTESIAN_POINT('',(4.617939524314,4.538603848645));
#2139 = CARTESIAN_POINT('',(4.649432898809,4.54130225881));
#2140 = CARTESIAN_POINT('',(4.68091113116,4.5426516048));
#2141 = CARTESIAN_POINT('',(4.712389211154,4.542651596557));
#2142 = ( GEOMETRIC_REPRESENTATION_CONTEXT(2) 
PARAMETRIC_REPRESENTATION_CONTEXT() REPRESENTATION_CONTEXT('2D SPACE',''
  ) );
#2143 = PCURVE('',#490,#2144);
#2144 = DEFINITIONAL_REPRESENTATION('',(#2145),#2208);
#2145 = B_SPLINE_CURVE_WITH_KNOTS('',6,(#2146,#2147,#2148,#2149,#2150,
    #2151,#2152,#2153,#2154,#2155,#2156,#2157,#2158,#2159,#2160,#2161,
    #2162,#2163,#2164,#2165,#2166,#2167,#2168,#2169,#2170,#2171,#2172,
    #2173,#2174,#2175,#2176,#2177,#2178,#2179,#2180,#2181,#2182,#2183,
    #2184,#2185,#2186,#2187,#2188,#2189,#2190,#2191,#2192,#2193,#2194,
    #2195,#2196,#2197,#2198,#2199,#2200,#2201,#2202,#2203,#2204,#2205,
    #2206,#2207),.UNSPECIFIED.,.F.,.F.,(7,5,5,5,5,5,5,5,5,5,5,5,7),(0.,
    6.851243319207E-02,0.258461568148,0.307601283836,0.368478490549,
    0.418443325266,0.500011251002,0.580099836452,0.630314369203,
    0.692244580208,0.741765550148,0.932182996926,1.),.UNSPECIFIED.);
#2146 = CARTESIAN_POINT('',(2.730075807522,-6.E-07));
#2147 = CARTESIAN_POINT('',(2.73007580432,8.267615231496E-02));
#2148 = CARTESIAN_POINT('',(2.730605403938,0.165352959073));
#2149 = CARTESIAN_POINT('',(2.731664512178,0.247920544749));
#2150 = CARTESIAN_POINT('',(2.733252397993,0.330270070878));
#2151 = CARTESIAN_POINT('',(2.735367693492,0.412293136059));
#2152 = CARTESIAN_POINT('',(2.745329674791,0.720084391277));
#2153 = CARTESIAN_POINT('',(2.756676336912,0.942525577069));
#2154 = CARTESIAN_POINT('',(2.771997025803,1.159458476182));
#2155 = CARTESIAN_POINT('',(2.791275967944,1.368852241865));
#2156 = CARTESIAN_POINT('',(2.814510039749,1.567993015668));
#2157 = CARTESIAN_POINT('',(2.848753383797,1.800908977123));
#2158 = CARTESIAN_POINT('',(2.856059686036,1.847853725657));
#2159 = CARTESIAN_POINT('',(2.86363568127,1.89380917961));
#2160 = CARTESIAN_POINT('',(2.871482621896,1.938703796002));
#2161 = CARTESIAN_POINT('',(2.879601618347,1.982457524642));
#2162 = CARTESIAN_POINT('',(2.89839017426,2.077663423387));
#2163 = CARTESIAN_POINT('',(2.909208117604,2.128470254202));
#2164 = CARTESIAN_POINT('',(2.920446365909,2.177215401781));
#2165 = CARTESIAN_POINT('',(2.932102702592,2.22369669628));
#2166 = CARTESIAN_POINT('',(2.944173948871,2.267696102261));
#2167 = CARTESIAN_POINT('',(2.966900825524,2.342862074356));
#2168 = CARTESIAN_POINT('',(2.977423751717,2.374919811583));
#2169 = CARTESIAN_POINT('',(2.988214153195,2.404992965464));
#2170 = CARTESIAN_POINT('',(2.999260443838,2.432927967614));
#2171 = CARTESIAN_POINT('',(3.01055023802,2.458576404509));
#2172 = CARTESIAN_POINT('',(3.040877133064,2.519697854409));
#2173 = CARTESIAN_POINT('',(3.060329575752,2.551187998488));
#2174 = CARTESIAN_POINT('',(3.080281456377,2.575410333571));
#2175 = CARTESIAN_POINT('',(3.100579913098,2.591786470466));
#2176 = CARTESIAN_POINT('',(3.121069351885,2.6));
#2177 = CARTESIAN_POINT('',(3.161743738559,2.6));
#2178 = CARTESIAN_POINT('',(3.181862367783,2.59208169553));
#2179 = CARTESIAN_POINT('',(3.201799556892,2.576293003416));
#2180 = CARTESIAN_POINT('',(3.221407668041,2.552929286525));
#2181 = CARTESIAN_POINT('',(3.240541529169,2.522530421202));
#2182 = CARTESIAN_POINT('',(3.270673965011,2.462923042082));
#2183 = CARTESIAN_POINT('',(3.282055598658,2.43747888493));
#2184 = CARTESIAN_POINT('',(3.293193068878,2.409706992879));
#2185 = CARTESIAN_POINT('',(3.304073400596,2.379758169627));
#2186 = CARTESIAN_POINT('',(3.314684437871,2.347788998888));
#2187 = CARTESIAN_POINT('',(3.337755565723,2.272243903073));
#2188 = CARTESIAN_POINT('',(3.350071553451,2.227693408793));
#2189 = CARTESIAN_POINT('',(3.361958462116,2.180559152707));
#2190 = CARTESIAN_POINT('',(3.373412780857,2.131071759488));
#2191 = CARTESIAN_POINT('',(3.384432043777,2.079445023793));
#2192 = CARTESIAN_POINT('',(3.403477391121,1.983041873644));
#2193 = CARTESIAN_POINT('',(3.41166249374,1.938957044649));
#2194 = CARTESIAN_POINT('',(3.419571266733,1.893712956537));
#2195 = CARTESIAN_POINT('',(3.427204834938,1.847391631137));
#2196 = CARTESIAN_POINT('',(3.434564483862,1.800066238644));
#2197 = CARTESIAN_POINT('',(3.468903184177,1.56621254929));
#2198 = CARTESIAN_POINT('',(3.492163952901,1.36647163555));
#2199 = CARTESIAN_POINT('',(3.511449782317,1.156446426578));
#2200 = CARTESIAN_POINT('',(3.526757080372,0.938867965637));
#2201 = CARTESIAN_POINT('',(3.53806971389,0.715780545762));
#2202 = CARTESIAN_POINT('',(3.547923731598,0.408157075255));
#2203 = CARTESIAN_POINT('',(3.549996637021,0.32694818848));
#2204 = CARTESIAN_POINT('',(3.5515526759,0.245422601771));
#2205 = CARTESIAN_POINT('',(3.552590531997,0.163685479049));
#2206 = CARTESIAN_POINT('',(3.553109502828,8.184240798539E-02));
#2207 = CARTESIAN_POINT('',(3.553109499657,-6.E-07));
#2208 = ( GEOMETRIC_REPRESENTATION_CONTEXT(2) 
PARAMETRIC_REPRESENTATION_CONTEXT() REPRESENTATION_CONTEXT('2D SPACE',''
  ) );
#2209 = ADVANCED_FACE('',(#2210),#707,.F.);
#2210 = FACE_BOUND('',#2211,.F.);
#2211 = EDGE_LOOP('',(#2212,#2234,#2235));
#2212 = ORIENTED_EDGE('',*,*,#2213,.T.);
#2213 = EDGE_CURVE('',#691,#1992,#2214,.T.);
#2214 = SURFACE_CURVE('',#2215,(#2220,#2227),.PCURVE_S1.);
#2215 = CIRCLE('',#2216,6.5);
#2216 = AXIS2_PLACEMENT_3D('',#2217,#2218,#2219);
#2217 = CARTESIAN_POINT('',(-32.30431548712,-25.23889736423,31.5));
#2218 = DIRECTION('',(0.,0.,1.));
#2219 = DIRECTION('',(1.,0.,-0.));
#2220 = PCURVE('',#707,#2221);
#2221 = DEFINITIONAL_REPRESENTATION('',(#2222),#2226);
#2222 = CIRCLE('',#2223,6.5);
#2223 = AXIS2_PLACEMENT_2D('',#2224,#2225);
#2224 = CARTESIAN_POINT('',(0.,0.));
#2225 = DIRECTION('',(1.,0.));
#2226 = ( GEOMETRIC_REPRESENTATION_CONTEXT(2) 
PARAMETRIC_REPRESENTATION_CONTEXT() REPRESENTATION_CONTEXT('2D SPACE',''
  ) );
#2227 = PCURVE('',#490,#2228);
#2228 = DEFINITIONAL_REPRESENTATION('',(#2229),#2233);
#2229 = LINE('',#2230,#2231);
#2230 = CARTESIAN_POINT('',(0.,0.));
#2231 = VECTOR('',#2232,1.);
#2232 = DIRECTION('',(1.,0.));
#2233 = ( GEOMETRIC_REPRESENTATION_CONTEXT(2) 
PARAMETRIC_REPRESENTATION_CONTEXT() REPRESENTATION_CONTEXT('2D SPACE',''
  ) );
#2234 = ORIENTED_EDGE('',*,*,#1991,.T.);
#2235 = ORIENTED_EDGE('',*,*,#690,.F.);
#2236 = ADVANCED_FACE('',(#2237),#755,.T.);
#2237 = FACE_BOUND('',#2238,.T.);
#2238 = EDGE_LOOP('',(#2239,#2240));
#2239 = ORIENTED_EDGE('',*,*,#740,.F.);
#2240 = ORIENTED_EDGE('',*,*,#2241,.T.);
#2241 = EDGE_CURVE('',#720,#476,#2242,.T.);
#2242 = SURFACE_CURVE('',#2243,(#2248,#2255),.PCURVE_S1.);
#2243 = CIRCLE('',#2244,6.5);
#2244 = AXIS2_PLACEMENT_3D('',#2245,#2246,#2247);
#2245 = CARTESIAN_POINT('',(-32.30431548712,-25.23889736423,38.5));
#2246 = DIRECTION('',(0.,0.,1.));
#2247 = DIRECTION('',(1.,0.,-0.));
#2248 = PCURVE('',#755,#2249);
#2249 = DEFINITIONAL_REPRESENTATION('',(#2250),#2254);
#2250 = CIRCLE('',#2251,6.5);
#2251 = AXIS2_PLACEMENT_2D('',#2252,#2253);
#2252 = CARTESIAN_POINT('',(0.,0.));
#2253 = DIRECTION('',(1.,0.));
#2254 = ( GEOMETRIC_REPRESENTATION_CONTEXT(2) 
PARAMETRIC_REPRESENTATION_CONTEXT() REPRESENTATION_CONTEXT('2D SPACE',''
  ) );
#2255 = PCURVE('',#490,#2256);
#2256 = DEFINITIONAL_REPRESENTATION('',(#2257),#2261);
#2257 = LINE('',#2258,#2259);
#2258 = CARTESIAN_POINT('',(0.,7.));
#2259 = VECTOR('',#2260,1.);
#2260 = DIRECTION('',(1.,0.));
#2261 = ( GEOMETRIC_REPRESENTATION_CONTEXT(2) 
PARAMETRIC_REPRESENTATION_CONTEXT() REPRESENTATION_CONTEXT('2D SPACE',''
  ) );
#2262 = ADVANCED_FACE('',(#2263),#490,.T.);
#2263 = FACE_BOUND('',#2264,.T.);
#2264 = EDGE_LOOP('',(#2265,#2266,#2267,#2268,#2269,#2270));
#2265 = ORIENTED_EDGE('',*,*,#2241,.F.);
#2266 = ORIENTED_EDGE('',*,*,#719,.F.);
#2267 = ORIENTED_EDGE('',*,*,#2213,.T.);
#2268 = ORIENTED_EDGE('',*,*,#2012,.T.);
#2269 = ORIENTED_EDGE('',*,*,#1963,.T.);
#2270 = ORIENTED_EDGE('',*,*,#473,.T.);
#2271 = ADVANCED_FACE('',(#2272),#268,.F.);
#2272 = FACE_BOUND('',#2273,.F.);
#2273 = EDGE_LOOP('',(#2274,#2275,#2297,#2323));
#2274 = ORIENTED_EDGE('',*,*,#253,.F.);
#2275 = ORIENTED_EDGE('',*,*,#2276,.F.);
#2276 = EDGE_CURVE('',#2277,#254,#2279,.T.);
#2277 = VERTEX_POINT('',#2278);
#2278 = CARTESIAN_POINT('',(-37.15806223882,-3.250909204488,48.));
#2279 = SURFACE_CURVE('',#2280,(#2284,#2290),.PCURVE_S1.);
#2280 = LINE('',#2281,#2282);
#2281 = CARTESIAN_POINT('',(25.113834012597,2.197175773774,48.));
#2282 = VECTOR('',#2283,1.);
#2283 = DIRECTION('',(-0.996194698092,-8.715574274766E-02,0.));
#2284 = PCURVE('',#268,#2285);
#2285 = DEFINITIONAL_REPRESENTATION('',(#2286),#2289);
#2286 = B_SPLINE_CURVE_WITH_KNOTS('',1,(#2287,#2288),.UNSPECIFIED.,.F.,
  .F.,(2,2),(62.509764778616,67.204529557231),.PIECEWISE_BEZIER_KNOTS.);
#2287 = CARTESIAN_POINT('',(153.,121.28952955723));
#2288 = CARTESIAN_POINT('',(153.,125.98429433584));
#2289 = ( GEOMETRIC_REPRESENTATION_CONTEXT(2) 
PARAMETRIC_REPRESENTATION_CONTEXT() REPRESENTATION_CONTEXT('2D SPACE',''
  ) );
#2290 = PCURVE('',#296,#2291);
#2291 = DEFINITIONAL_REPRESENTATION('',(#2292),#2296);
#2292 = LINE('',#2293,#2294);
#2293 = CARTESIAN_POINT('',(-58.77976477861,3.));
#2294 = VECTOR('',#2295,1.);
#2295 = DIRECTION('',(1.,0.));
#2296 = ( GEOMETRIC_REPRESENTATION_CONTEXT(2) 
PARAMETRIC_REPRESENTATION_CONTEXT() REPRESENTATION_CONTEXT('2D SPACE',''
  ) );
#2297 = ORIENTED_EDGE('',*,*,#2298,.T.);
#2298 = EDGE_CURVE('',#2277,#2299,#2301,.T.);
#2299 = VERTEX_POINT('',#2300);
#2300 = CARTESIAN_POINT('',(-37.15806223882,-3.250909204488,70.));
#2301 = SURFACE_CURVE('',#2302,(#2306,#2312),.PCURVE_S1.);
#2302 = LINE('',#2303,#2304);
#2303 = CARTESIAN_POINT('',(-37.15806223882,-3.250909204488,-105.));
#2304 = VECTOR('',#2305,1.);
#2305 = DIRECTION('',(0.,0.,1.));
#2306 = PCURVE('',#268,#2307);
#2307 = DEFINITIONAL_REPRESENTATION('',(#2308),#2311);
#2308 = B_SPLINE_CURVE_WITH_KNOTS('',1,(#2309,#2310),.UNSPECIFIED.,.F.,
  .F.,(2,2),(104.9999994,175.0000006),.PIECEWISE_BEZIER_KNOTS.);
#2309 = CARTESIAN_POINT('',(104.9999994,121.28952955723));
#2310 = CARTESIAN_POINT('',(175.0000006,121.28952955723));
#2311 = ( GEOMETRIC_REPRESENTATION_CONTEXT(2) 
PARAMETRIC_REPRESENTATION_CONTEXT() REPRESENTATION_CONTEXT('2D SPACE',''
  ) );
#2312 = PCURVE('',#2313,#2318);
#2313 = CYLINDRICAL_SURFACE('',#2314,37.3);
#2314 = AXIS2_PLACEMENT_3D('',#2315,#2316,#2317);
#2315 = CARTESIAN_POINT('',(0.,0.,-105.));
#2316 = DIRECTION('',(0.,0.,1.));
#2317 = DIRECTION('',(1.,0.,-0.));
#2318 = DEFINITIONAL_REPRESENTATION('',(#2319),#2322);
#2319 = B_SPLINE_CURVE_WITH_KNOTS('',1,(#2320,#2321),.UNSPECIFIED.,.F.,
  .F.,(2,2),(105.,175.),.PIECEWISE_BEZIER_KNOTS.);
#2320 = CARTESIAN_POINT('',(3.22885911619,105.));
#2321 = CARTESIAN_POINT('',(3.22885911619,175.));
#2322 = ( GEOMETRIC_REPRESENTATION_CONTEXT(2) 
PARAMETRIC_REPRESENTATION_CONTEXT() REPRESENTATION_CONTEXT('2D SPACE',''
  ) );
#2323 = ORIENTED_EDGE('',*,*,#2324,.F.);
#2324 = EDGE_CURVE('',#221,#2299,#2325,.T.);
#2325 = SURFACE_CURVE('',#2326,(#2330,#2336),.PCURVE_S1.);
#2326 = LINE('',#2327,#2328);
#2327 = CARTESIAN_POINT('',(41.834962020067,3.660084915793,70.));
#2328 = VECTOR('',#2329,1.);
#2329 = DIRECTION('',(0.996194698092,8.715574274766E-02,-0.));
#2330 = PCURVE('',#268,#2331);
#2331 = DEFINITIONAL_REPRESENTATION('',(#2332),#2335);
#2332 = B_SPLINE_CURVE_WITH_KNOTS('',1,(#2333,#2334),.UNSPECIFIED.,.F.,
  .F.,(2,2),(-84.14994273635,0.160413179125),.PIECEWISE_BEZIER_KNOTS.);
#2333 = CARTESIAN_POINT('',(175.,126.14470751497));
#2334 = CARTESIAN_POINT('',(175.,41.83435159949));
#2335 = ( GEOMETRIC_REPRESENTATION_CONTEXT(2) 
PARAMETRIC_REPRESENTATION_CONTEXT() REPRESENTATION_CONTEXT('2D SPACE',''
  ) );
#2336 = PCURVE('',#237,#2337);
#2337 = DEFINITIONAL_REPRESENTATION('',(#2338),#2342);
#2338 = LINE('',#2339,#2340);
#2339 = CARTESIAN_POINT('',(41.834962020067,3.660084915793));
#2340 = VECTOR('',#2341,1.);
#2341 = DIRECTION('',(0.996194698092,8.715574274766E-02));
#2342 = ( GEOMETRIC_REPRESENTATION_CONTEXT(2) 
PARAMETRIC_REPRESENTATION_CONTEXT() REPRESENTATION_CONTEXT('2D SPACE',''
  ) );
#2343 = ADVANCED_FACE('',(#2344,#2714),#2313,.F.);
#2344 = FACE_BOUND('',#2345,.F.);
#2345 = EDGE_LOOP('',(#2346,#2369,#2393,#2419,#2448,#2470,#2494,#2520,
    #2546,#2547,#2571,#2597,#2621,#2642,#2666,#2692));
#2346 = ORIENTED_EDGE('',*,*,#2347,.F.);
#2347 = EDGE_CURVE('',#2348,#2350,#2352,.T.);
#2348 = VERTEX_POINT('',#2349);
#2349 = CARTESIAN_POINT('',(-37.15806223882,-3.250909204488,0.));
#2350 = VERTEX_POINT('',#2351);
#2351 = CARTESIAN_POINT('',(-37.15806223882,-3.250909204488,22.));
#2352 = SURFACE_CURVE('',#2353,(#2357,#2363),.PCURVE_S1.);
#2353 = LINE('',#2354,#2355);
#2354 = CARTESIAN_POINT('',(-37.15806223882,-3.250909204488,-105.));
#2355 = VECTOR('',#2356,1.);
#2356 = DIRECTION('',(0.,0.,1.));
#2357 = PCURVE('',#2313,#2358);
#2358 = DEFINITIONAL_REPRESENTATION('',(#2359),#2362);
#2359 = B_SPLINE_CURVE_WITH_KNOTS('',1,(#2360,#2361),.UNSPECIFIED.,.F.,
  .F.,(2,2),(105.,175.),.PIECEWISE_BEZIER_KNOTS.);
#2360 = CARTESIAN_POINT('',(3.22885911619,105.));
#2361 = CARTESIAN_POINT('',(3.22885911619,175.));
#2362 = ( GEOMETRIC_REPRESENTATION_CONTEXT(2) 
PARAMETRIC_REPRESENTATION_CONTEXT() REPRESENTATION_CONTEXT('2D SPACE',''
  ) );
#2363 = PCURVE('',#43,#2364);
#2364 = DEFINITIONAL_REPRESENTATION('',(#2365),#2368);
#2365 = B_SPLINE_CURVE_WITH_KNOTS('',1,(#2366,#2367),.UNSPECIFIED.,.F.,
  .F.,(2,2),(104.9999994,175.0000006),.PIECEWISE_BEZIER_KNOTS.);
#2366 = CARTESIAN_POINT('',(104.9999994,121.28952955723));
#2367 = CARTESIAN_POINT('',(175.0000006,121.28952955723));
#2368 = ( GEOMETRIC_REPRESENTATION_CONTEXT(2) 
PARAMETRIC_REPRESENTATION_CONTEXT() REPRESENTATION_CONTEXT('2D SPACE',''
  ) );
#2369 = ORIENTED_EDGE('',*,*,#2370,.T.);
#2370 = EDGE_CURVE('',#2348,#2371,#2373,.T.);
#2371 = VERTEX_POINT('',#2372);
#2372 = CARTESIAN_POINT('',(36.151239696315,-9.185742671097,0.));
#2373 = SURFACE_CURVE('',#2374,(#2379,#2386),.PCURVE_S1.);
#2374 = CIRCLE('',#2375,37.3);
#2375 = AXIS2_PLACEMENT_3D('',#2376,#2377,#2378);
#2376 = CARTESIAN_POINT('',(0.,0.,0.));
#2377 = DIRECTION('',(0.,0.,1.));
#2378 = DIRECTION('',(-0.996194698092,-8.715574274766E-02,0.));
#2379 = PCURVE('',#2313,#2380);
#2380 = DEFINITIONAL_REPRESENTATION('',(#2381),#2385);
#2381 = LINE('',#2382,#2383);
#2382 = CARTESIAN_POINT('',(3.22885911619,105.));
#2383 = VECTOR('',#2384,1.);
#2384 = DIRECTION('',(1.,0.));
#2385 = ( GEOMETRIC_REPRESENTATION_CONTEXT(2) 
PARAMETRIC_REPRESENTATION_CONTEXT() REPRESENTATION_CONTEXT('2D SPACE',''
  ) );
#2386 = PCURVE('',#71,#2387);
#2387 = DEFINITIONAL_REPRESENTATION('',(#2388),#2392);
#2388 = CIRCLE('',#2389,37.3);
#2389 = AXIS2_PLACEMENT_2D('',#2390,#2391);
#2390 = CARTESIAN_POINT('',(0.,0.));
#2391 = DIRECTION('',(-0.996194698092,-8.715574274766E-02));
#2392 = ( GEOMETRIC_REPRESENTATION_CONTEXT(2) 
PARAMETRIC_REPRESENTATION_CONTEXT() REPRESENTATION_CONTEXT('2D SPACE',''
  ) );
#2393 = ORIENTED_EDGE('',*,*,#2394,.T.);
#2394 = EDGE_CURVE('',#2371,#2395,#2397,.T.);
#2395 = VERTEX_POINT('',#2396);
#2396 = CARTESIAN_POINT('',(36.151239696315,-9.185742671096,19.6));
#2397 = SURFACE_CURVE('',#2398,(#2402,#2408),.PCURVE_S1.);
#2398 = LINE('',#2399,#2400);
#2399 = CARTESIAN_POINT('',(36.151239696315,-9.185742671096,-105.));
#2400 = VECTOR('',#2401,1.);
#2401 = DIRECTION('',(0.,0.,1.));
#2402 = PCURVE('',#2313,#2403);
#2403 = DEFINITIONAL_REPRESENTATION('',(#2404),#2407);
#2404 = B_SPLINE_CURVE_WITH_KNOTS('',1,(#2405,#2406),.UNSPECIFIED.,.F.,
  .F.,(2,2),(104.9999976,126.56),.PIECEWISE_BEZIER_KNOTS.);
#2405 = CARTESIAN_POINT('',(6.034359024773,104.9999976));
#2406 = CARTESIAN_POINT('',(6.034359024773,126.56));
#2407 = ( GEOMETRIC_REPRESENTATION_CONTEXT(2) 
PARAMETRIC_REPRESENTATION_CONTEXT() REPRESENTATION_CONTEXT('2D SPACE',''
  ) );
#2408 = PCURVE('',#2409,#2414);
#2409 = PLANE('',#2410);
#2410 = AXIS2_PLACEMENT_3D('',#2411,#2412,#2413);
#2411 = CARTESIAN_POINT('',(32.919321558454,-8.902986472589,0.));
#2412 = DIRECTION('',(8.715574274766E-02,0.996194698092,0.));
#2413 = DIRECTION('',(0.,0.,1.));
#2414 = DEFINITIONAL_REPRESENTATION('',(#2415),#2418);
#2415 = B_SPLINE_CURVE_WITH_KNOTS('',1,(#2416,#2417),.UNSPECIFIED.,.F.,
  .F.,(2,2),(104.9999976,126.56),.PIECEWISE_BEZIER_KNOTS.);
#2416 = CARTESIAN_POINT('',(-2.399999999625E-06,3.244263540101));
#2417 = CARTESIAN_POINT('',(21.56,3.244263540101));
#2418 = ( GEOMETRIC_REPRESENTATION_CONTEXT(2) 
PARAMETRIC_REPRESENTATION_CONTEXT() REPRESENTATION_CONTEXT('2D SPACE',''
  ) );
#2419 = ORIENTED_EDGE('',*,*,#2420,.T.);
#2420 = EDGE_CURVE('',#2395,#2421,#2423,.T.);
#2421 = VERTEX_POINT('',#2422);
#2422 = CARTESIAN_POINT('',(37.158062238822,-3.250909204488,19.6));
#2423 = SURFACE_CURVE('',#2424,(#2429,#2436),.PCURVE_S1.);
#2424 = CIRCLE('',#2425,37.3);
#2425 = AXIS2_PLACEMENT_3D('',#2426,#2427,#2428);
#2426 = CARTESIAN_POINT('',(0.,0.,19.6));
#2427 = DIRECTION('',(0.,0.,1.));
#2428 = DIRECTION('',(1.,0.,-0.));
#2429 = PCURVE('',#2313,#2430);
#2430 = DEFINITIONAL_REPRESENTATION('',(#2431),#2435);
#2431 = LINE('',#2432,#2433);
#2432 = CARTESIAN_POINT('',(0.,124.6));
#2433 = VECTOR('',#2434,1.);
#2434 = DIRECTION('',(1.,0.));
#2435 = ( GEOMETRIC_REPRESENTATION_CONTEXT(2) 
PARAMETRIC_REPRESENTATION_CONTEXT() REPRESENTATION_CONTEXT('2D SPACE',''
  ) );
#2436 = PCURVE('',#2437,#2442);
#2437 = PLANE('',#2438);
#2438 = AXIS2_PLACEMENT_3D('',#2439,#2440,#2441);
#2439 = CARTESIAN_POINT('',(32.919321558454,-8.902986472589,19.6));
#2440 = DIRECTION('',(0.,0.,1.));
#2441 = DIRECTION('',(0.996194698092,-8.715574274766E-02,0.));
#2442 = DEFINITIONAL_REPRESENTATION('',(#2443),#2447);
#2443 = CIRCLE('',#2444,37.3);
#2444 = AXIS2_PLACEMENT_2D('',#2445,#2446);
#2445 = CARTESIAN_POINT('',(-33.57,6.));
#2446 = DIRECTION('',(0.996194698092,8.715574274766E-02));
#2447 = ( GEOMETRIC_REPRESENTATION_CONTEXT(2) 
PARAMETRIC_REPRESENTATION_CONTEXT() REPRESENTATION_CONTEXT('2D SPACE',''
  ) );
#2448 = ORIENTED_EDGE('',*,*,#2449,.T.);
#2449 = EDGE_CURVE('',#2421,#2450,#2452,.T.);
#2450 = VERTEX_POINT('',#2451);
#2451 = CARTESIAN_POINT('',(37.158062238822,-3.250909204488,50.4));
#2452 = SURFACE_CURVE('',#2453,(#2457,#2463),.PCURVE_S1.);
#2453 = LINE('',#2454,#2455);
#2454 = CARTESIAN_POINT('',(37.158062238822,-3.250909204488,-105.));
#2455 = VECTOR('',#2456,1.);
#2456 = DIRECTION('',(0.,0.,1.));
#2457 = PCURVE('',#2313,#2458);
#2458 = DEFINITIONAL_REPRESENTATION('',(#2459),#2462);
#2459 = B_SPLINE_CURVE_WITH_KNOTS('',1,(#2460,#2461),.UNSPECIFIED.,.F.,
  .F.,(2,2),(104.9999994,175.0000006),.PIECEWISE_BEZIER_KNOTS.);
#2460 = CARTESIAN_POINT('',(6.19591884458,104.9999994));
#2461 = CARTESIAN_POINT('',(6.19591884458,175.0000006));
#2462 = ( GEOMETRIC_REPRESENTATION_CONTEXT(2) 
PARAMETRIC_REPRESENTATION_CONTEXT() REPRESENTATION_CONTEXT('2D SPACE',''
  ) );
#2463 = PCURVE('',#153,#2464);
#2464 = DEFINITIONAL_REPRESENTATION('',(#2465),#2469);
#2465 = LINE('',#2466,#2467);
#2466 = CARTESIAN_POINT('',(0.,121.28952955723));
#2467 = VECTOR('',#2468,1.);
#2468 = DIRECTION('',(1.,0.));
#2469 = ( GEOMETRIC_REPRESENTATION_CONTEXT(2) 
PARAMETRIC_REPRESENTATION_CONTEXT() REPRESENTATION_CONTEXT('2D SPACE',''
  ) );
#2470 = ORIENTED_EDGE('',*,*,#2471,.F.);
#2471 = EDGE_CURVE('',#2472,#2450,#2474,.T.);
#2472 = VERTEX_POINT('',#2473);
#2473 = CARTESIAN_POINT('',(36.151239696315,-9.185742671096,50.4));
#2474 = SURFACE_CURVE('',#2475,(#2480,#2487),.PCURVE_S1.);
#2475 = CIRCLE('',#2476,37.3);
#2476 = AXIS2_PLACEMENT_3D('',#2477,#2478,#2479);
#2477 = CARTESIAN_POINT('',(0.,0.,50.4));
#2478 = DIRECTION('',(0.,0.,1.));
#2479 = DIRECTION('',(1.,0.,-0.));
#2480 = PCURVE('',#2313,#2481);
#2481 = DEFINITIONAL_REPRESENTATION('',(#2482),#2486);
#2482 = LINE('',#2483,#2484);
#2483 = CARTESIAN_POINT('',(0.,155.4));
#2484 = VECTOR('',#2485,1.);
#2485 = DIRECTION('',(1.,0.));
#2486 = ( GEOMETRIC_REPRESENTATION_CONTEXT(2) 
PARAMETRIC_REPRESENTATION_CONTEXT() REPRESENTATION_CONTEXT('2D SPACE',''
  ) );
#2487 = PCURVE('',#182,#2488);
#2488 = DEFINITIONAL_REPRESENTATION('',(#2489),#2493);
#2489 = CIRCLE('',#2490,37.3);
#2490 = AXIS2_PLACEMENT_2D('',#2491,#2492);
#2491 = CARTESIAN_POINT('',(-33.57,6.));
#2492 = DIRECTION('',(0.996194698092,8.715574274766E-02));
#2493 = ( GEOMETRIC_REPRESENTATION_CONTEXT(2) 
PARAMETRIC_REPRESENTATION_CONTEXT() REPRESENTATION_CONTEXT('2D SPACE',''
  ) );
#2494 = ORIENTED_EDGE('',*,*,#2495,.T.);
#2495 = EDGE_CURVE('',#2472,#2496,#2498,.T.);
#2496 = VERTEX_POINT('',#2497);
#2497 = CARTESIAN_POINT('',(36.151239696315,-9.185742671097,70.));
#2498 = SURFACE_CURVE('',#2499,(#2503,#2509),.PCURVE_S1.);
#2499 = LINE('',#2500,#2501);
#2500 = CARTESIAN_POINT('',(36.151239696315,-9.185742671096,-105.));
#2501 = VECTOR('',#2502,1.);
#2502 = DIRECTION('',(0.,0.,1.));
#2503 = PCURVE('',#2313,#2504);
#2504 = DEFINITIONAL_REPRESENTATION('',(#2505),#2508);
#2505 = B_SPLINE_CURVE_WITH_KNOTS('',1,(#2506,#2507),.UNSPECIFIED.,.F.,
  .F.,(2,2),(153.44,175.0000024),.PIECEWISE_BEZIER_KNOTS.);
#2506 = CARTESIAN_POINT('',(6.034359024773,153.44));
#2507 = CARTESIAN_POINT('',(6.034359024773,175.0000024));
#2508 = ( GEOMETRIC_REPRESENTATION_CONTEXT(2) 
PARAMETRIC_REPRESENTATION_CONTEXT() REPRESENTATION_CONTEXT('2D SPACE',''
  ) );
#2509 = PCURVE('',#2510,#2515);
#2510 = PLANE('',#2511);
#2511 = AXIS2_PLACEMENT_3D('',#2512,#2513,#2514);
#2512 = CARTESIAN_POINT('',(32.919321558454,-8.902986472589,50.4));
#2513 = DIRECTION('',(8.715574274766E-02,0.996194698092,0.));
#2514 = DIRECTION('',(0.,0.,1.));
#2515 = DEFINITIONAL_REPRESENTATION('',(#2516),#2519);
#2516 = B_SPLINE_CURVE_WITH_KNOTS('',1,(#2517,#2518),.UNSPECIFIED.,.F.,
  .F.,(2,2),(153.44,175.0000024),.PIECEWISE_BEZIER_KNOTS.);
#2517 = CARTESIAN_POINT('',(-1.96,3.244263540101));
#2518 = CARTESIAN_POINT('',(19.6000024,3.244263540101));
#2519 = ( GEOMETRIC_REPRESENTATION_CONTEXT(2) 
PARAMETRIC_REPRESENTATION_CONTEXT() REPRESENTATION_CONTEXT('2D SPACE',''
  ) );
#2520 = ORIENTED_EDGE('',*,*,#2521,.T.);
#2521 = EDGE_CURVE('',#2496,#2299,#2522,.T.);
#2522 = SURFACE_CURVE('',#2523,(#2528,#2535),.PCURVE_S1.);
#2523 = CIRCLE('',#2524,37.3);
#2524 = AXIS2_PLACEMENT_3D('',#2525,#2526,#2527);
#2525 = CARTESIAN_POINT('',(0.,0.,70.));
#2526 = DIRECTION('',(0.,0.,-1.));
#2527 = DIRECTION('',(0.996194698092,8.715574274766E-02,0.));
#2528 = PCURVE('',#2313,#2529);
#2529 = DEFINITIONAL_REPRESENTATION('',(#2530),#2534);
#2530 = LINE('',#2531,#2532);
#2531 = CARTESIAN_POINT('',(6.370451769779,175.));
#2532 = VECTOR('',#2533,1.);
#2533 = DIRECTION('',(-1.,-0.));
#2534 = ( GEOMETRIC_REPRESENTATION_CONTEXT(2) 
PARAMETRIC_REPRESENTATION_CONTEXT() REPRESENTATION_CONTEXT('2D SPACE',''
  ) );
#2535 = PCURVE('',#237,#2536);
#2536 = DEFINITIONAL_REPRESENTATION('',(#2537),#2545);
#2537 = ( BOUNDED_CURVE() B_SPLINE_CURVE(2,(#2538,#2539,#2540,#2541,
#2542,#2543,#2544),.UNSPECIFIED.,.T.,.F.) B_SPLINE_CURVE_WITH_KNOTS((1,2
    ,2,2,2,1),(-2.094395102393,0.,2.094395102393,4.188790204786,
6.28318530718,8.377580409573),.UNSPECIFIED.) CURVE() 
GEOMETRIC_REPRESENTATION_ITEM() RATIONAL_B_SPLINE_CURVE((1.,0.5,1.,0.5,
1.,0.5,1.)) REPRESENTATION_ITEM('') );
#2538 = CARTESIAN_POINT('',(37.158062238822,3.250909204488));
#2539 = CARTESIAN_POINT('',(42.788802151788,-61.10874250395));
#2540 = CARTESIAN_POINT('',(-15.76366116292,-33.80528045646));
#2541 = CARTESIAN_POINT('',(-74.31612447764,-6.501818408975));
#2542 = CARTESIAN_POINT('',(-21.39440107589,30.554371251979));
#2543 = CARTESIAN_POINT('',(31.527322325856,67.610560912934));
#2544 = CARTESIAN_POINT('',(37.158062238822,3.250909204488));
#2545 = ( GEOMETRIC_REPRESENTATION_CONTEXT(2) 
PARAMETRIC_REPRESENTATION_CONTEXT() REPRESENTATION_CONTEXT('2D SPACE',''
  ) );
#2546 = ORIENTED_EDGE('',*,*,#2298,.F.);
#2547 = ORIENTED_EDGE('',*,*,#2548,.T.);
#2548 = EDGE_CURVE('',#2277,#2549,#2551,.T.);
#2549 = VERTEX_POINT('',#2550);
#2550 = CARTESIAN_POINT('',(-36.77621566979,-6.228961471122,48.));
#2551 = SURFACE_CURVE('',#2552,(#2557,#2564),.PCURVE_S1.);
#2552 = CIRCLE('',#2553,37.3);
#2553 = AXIS2_PLACEMENT_3D('',#2554,#2555,#2556);
#2554 = CARTESIAN_POINT('',(0.,0.,48.));
#2555 = DIRECTION('',(0.,0.,1.));
#2556 = DIRECTION('',(1.,0.,-0.));
#2557 = PCURVE('',#2313,#2558);
#2558 = DEFINITIONAL_REPRESENTATION('',(#2559),#2563);
#2559 = LINE('',#2560,#2561);
#2560 = CARTESIAN_POINT('',(0.,153.));
#2561 = VECTOR('',#2562,1.);
#2562 = DIRECTION('',(1.,0.));
#2563 = ( GEOMETRIC_REPRESENTATION_CONTEXT(2) 
PARAMETRIC_REPRESENTATION_CONTEXT() REPRESENTATION_CONTEXT('2D SPACE',''
  ) );
#2564 = PCURVE('',#296,#2565);
#2565 = DEFINITIONAL_REPRESENTATION('',(#2566),#2570);
#2566 = CIRCLE('',#2567,37.3);
#2567 = AXIS2_PLACEMENT_2D('',#2568,#2569);
#2568 = CARTESIAN_POINT('',(-33.57,3.));
#2569 = DIRECTION('',(-0.996194698092,8.715574274766E-02));
#2570 = ( GEOMETRIC_REPRESENTATION_CONTEXT(2) 
PARAMETRIC_REPRESENTATION_CONTEXT() REPRESENTATION_CONTEXT('2D SPACE',''
  ) );
#2571 = ORIENTED_EDGE('',*,*,#2572,.F.);
#2572 = EDGE_CURVE('',#2573,#2549,#2575,.T.);
#2573 = VERTEX_POINT('',#2574);
#2574 = CARTESIAN_POINT('',(-36.77621566979,-6.228961471122,42.));
#2575 = SURFACE_CURVE('',#2576,(#2580,#2586),.PCURVE_S1.);
#2576 = LINE('',#2577,#2578);
#2577 = CARTESIAN_POINT('',(-36.77621566979,-6.228961471122,-105.));
#2578 = VECTOR('',#2579,1.);
#2579 = DIRECTION('',(0.,0.,1.));
#2580 = PCURVE('',#2313,#2581);
#2581 = DEFINITIONAL_REPRESENTATION('',(#2582),#2585);
#2582 = B_SPLINE_CURVE_WITH_KNOTS('',1,(#2583,#2584),.UNSPECIFIED.,.F.,
  .F.,(2,2),(146.4,153.6),.PIECEWISE_BEZIER_KNOTS.);
#2583 = CARTESIAN_POINT('',(3.30937503737,146.4));
#2584 = CARTESIAN_POINT('',(3.30937503737,153.6));
#2585 = ( GEOMETRIC_REPRESENTATION_CONTEXT(2) 
PARAMETRIC_REPRESENTATION_CONTEXT() REPRESENTATION_CONTEXT('2D SPACE',''
  ) );
#2586 = PCURVE('',#2587,#2592);
#2587 = PLANE('',#2588);
#2588 = AXIS2_PLACEMENT_3D('',#2589,#2590,#2591);
#2589 = CARTESIAN_POINT('',(-33.18078878669,-5.914402378314,42.));
#2590 = DIRECTION('',(8.715574274766E-02,-0.996194698092,0.));
#2591 = DIRECTION('',(0.,0.,1.));
#2592 = DEFINITIONAL_REPRESENTATION('',(#2593),#2596);
#2593 = B_SPLINE_CURVE_WITH_KNOTS('',1,(#2594,#2595),.UNSPECIFIED.,.F.,
  .F.,(2,2),(146.4,153.6),.PIECEWISE_BEZIER_KNOTS.);
#2594 = CARTESIAN_POINT('',(-0.6,3.609160829691));
#2595 = CARTESIAN_POINT('',(6.6,3.609160829691));
#2596 = ( GEOMETRIC_REPRESENTATION_CONTEXT(2) 
PARAMETRIC_REPRESENTATION_CONTEXT() REPRESENTATION_CONTEXT('2D SPACE',''
  ) );
#2597 = ORIENTED_EDGE('',*,*,#2598,.F.);
#2598 = EDGE_CURVE('',#2599,#2573,#2601,.T.);
#2599 = VERTEX_POINT('',#2600);
#2600 = CARTESIAN_POINT('',(-37.15806223882,-3.250909204488,42.));
#2601 = SURFACE_CURVE('',#2602,(#2607,#2614),.PCURVE_S1.);
#2602 = CIRCLE('',#2603,37.3);
#2603 = AXIS2_PLACEMENT_3D('',#2604,#2605,#2606);
#2604 = CARTESIAN_POINT('',(0.,0.,42.));
#2605 = DIRECTION('',(0.,0.,1.));
#2606 = DIRECTION('',(1.,0.,-0.));
#2607 = PCURVE('',#2313,#2608);
#2608 = DEFINITIONAL_REPRESENTATION('',(#2609),#2613);
#2609 = LINE('',#2610,#2611);
#2610 = CARTESIAN_POINT('',(0.,147.));
#2611 = VECTOR('',#2612,1.);
#2612 = DIRECTION('',(1.,0.));
#2613 = ( GEOMETRIC_REPRESENTATION_CONTEXT(2) 
PARAMETRIC_REPRESENTATION_CONTEXT() REPRESENTATION_CONTEXT('2D SPACE',''
  ) );
#2614 = PCURVE('',#351,#2615);
#2615 = DEFINITIONAL_REPRESENTATION('',(#2616),#2620);
#2616 = CIRCLE('',#2617,37.3);
#2617 = AXIS2_PLACEMENT_2D('',#2618,#2619);
#2618 = CARTESIAN_POINT('',(-33.57,3.));
#2619 = DIRECTION('',(-0.996194698092,8.715574274766E-02));
#2620 = ( GEOMETRIC_REPRESENTATION_CONTEXT(2) 
PARAMETRIC_REPRESENTATION_CONTEXT() REPRESENTATION_CONTEXT('2D SPACE',''
  ) );
#2621 = ORIENTED_EDGE('',*,*,#2622,.F.);
#2622 = EDGE_CURVE('',#2623,#2599,#2625,.T.);
#2623 = VERTEX_POINT('',#2624);
#2624 = CARTESIAN_POINT('',(-37.15806223882,-3.250909204488,28.));
#2625 = SURFACE_CURVE('',#2626,(#2630,#2636),.PCURVE_S1.);
#2626 = LINE('',#2627,#2628);
#2627 = CARTESIAN_POINT('',(-37.15806223882,-3.250909204488,-105.));
#2628 = VECTOR('',#2629,1.);
#2629 = DIRECTION('',(0.,0.,1.));
#2630 = PCURVE('',#2313,#2631);
#2631 = DEFINITIONAL_REPRESENTATION('',(#2632),#2635);
#2632 = B_SPLINE_CURVE_WITH_KNOTS('',1,(#2633,#2634),.UNSPECIFIED.,.F.,
  .F.,(2,2),(105.,175.),.PIECEWISE_BEZIER_KNOTS.);
#2633 = CARTESIAN_POINT('',(3.22885911619,105.));
#2634 = CARTESIAN_POINT('',(3.22885911619,175.));
#2635 = ( GEOMETRIC_REPRESENTATION_CONTEXT(2) 
PARAMETRIC_REPRESENTATION_CONTEXT() REPRESENTATION_CONTEXT('2D SPACE',''
  ) );
#2636 = PCURVE('',#378,#2637);
#2637 = DEFINITIONAL_REPRESENTATION('',(#2638),#2641);
#2638 = B_SPLINE_CURVE_WITH_KNOTS('',1,(#2639,#2640),.UNSPECIFIED.,.F.,
  .F.,(2,2),(104.9999994,175.0000006),.PIECEWISE_BEZIER_KNOTS.);
#2639 = CARTESIAN_POINT('',(104.9999994,121.28952955723));
#2640 = CARTESIAN_POINT('',(175.0000006,121.28952955723));
#2641 = ( GEOMETRIC_REPRESENTATION_CONTEXT(2) 
PARAMETRIC_REPRESENTATION_CONTEXT() REPRESENTATION_CONTEXT('2D SPACE',''
  ) );
#2642 = ORIENTED_EDGE('',*,*,#2643,.T.);
#2643 = EDGE_CURVE('',#2623,#2644,#2646,.T.);
#2644 = VERTEX_POINT('',#2645);
#2645 = CARTESIAN_POINT('',(-36.77621566979,-6.228961471122,28.));
#2646 = SURFACE_CURVE('',#2647,(#2652,#2659),.PCURVE_S1.);
#2647 = CIRCLE('',#2648,37.3);
#2648 = AXIS2_PLACEMENT_3D('',#2649,#2650,#2651);
#2649 = CARTESIAN_POINT('',(0.,0.,28.));
#2650 = DIRECTION('',(0.,0.,1.));
#2651 = DIRECTION('',(1.,0.,-0.));
#2652 = PCURVE('',#2313,#2653);
#2653 = DEFINITIONAL_REPRESENTATION('',(#2654),#2658);
#2654 = LINE('',#2655,#2656);
#2655 = CARTESIAN_POINT('',(0.,133.));
#2656 = VECTOR('',#2657,1.);
#2657 = DIRECTION('',(1.,0.));
#2658 = ( GEOMETRIC_REPRESENTATION_CONTEXT(2) 
PARAMETRIC_REPRESENTATION_CONTEXT() REPRESENTATION_CONTEXT('2D SPACE',''
  ) );
#2659 = PCURVE('',#406,#2660);
#2660 = DEFINITIONAL_REPRESENTATION('',(#2661),#2665);
#2661 = CIRCLE('',#2662,37.3);
#2662 = AXIS2_PLACEMENT_2D('',#2663,#2664);
#2663 = CARTESIAN_POINT('',(-33.57,3.));
#2664 = DIRECTION('',(-0.996194698092,8.715574274766E-02));
#2665 = ( GEOMETRIC_REPRESENTATION_CONTEXT(2) 
PARAMETRIC_REPRESENTATION_CONTEXT() REPRESENTATION_CONTEXT('2D SPACE',''
  ) );
#2666 = ORIENTED_EDGE('',*,*,#2667,.F.);
#2667 = EDGE_CURVE('',#2668,#2644,#2670,.T.);
#2668 = VERTEX_POINT('',#2669);
#2669 = CARTESIAN_POINT('',(-36.77621566979,-6.228961471122,22.));
#2670 = SURFACE_CURVE('',#2671,(#2675,#2681),.PCURVE_S1.);
#2671 = LINE('',#2672,#2673);
#2672 = CARTESIAN_POINT('',(-36.77621566979,-6.228961471122,-105.));
#2673 = VECTOR('',#2674,1.);
#2674 = DIRECTION('',(0.,0.,1.));
#2675 = PCURVE('',#2313,#2676);
#2676 = DEFINITIONAL_REPRESENTATION('',(#2677),#2680);
#2677 = B_SPLINE_CURVE_WITH_KNOTS('',1,(#2678,#2679),.UNSPECIFIED.,.F.,
  .F.,(2,2),(126.4,133.6),.PIECEWISE_BEZIER_KNOTS.);
#2678 = CARTESIAN_POINT('',(3.30937503737,126.4));
#2679 = CARTESIAN_POINT('',(3.30937503737,133.6));
#2680 = ( GEOMETRIC_REPRESENTATION_CONTEXT(2) 
PARAMETRIC_REPRESENTATION_CONTEXT() REPRESENTATION_CONTEXT('2D SPACE',''
  ) );
#2681 = PCURVE('',#2682,#2687);
#2682 = PLANE('',#2683);
#2683 = AXIS2_PLACEMENT_3D('',#2684,#2685,#2686);
#2684 = CARTESIAN_POINT('',(-33.18078878669,-5.914402378314,22.));
#2685 = DIRECTION('',(8.715574274766E-02,-0.996194698092,0.));
#2686 = DIRECTION('',(0.,0.,1.));
#2687 = DEFINITIONAL_REPRESENTATION('',(#2688),#2691);
#2688 = B_SPLINE_CURVE_WITH_KNOTS('',1,(#2689,#2690),.UNSPECIFIED.,.F.,
  .F.,(2,2),(126.4,133.6),.PIECEWISE_BEZIER_KNOTS.);
#2689 = CARTESIAN_POINT('',(-0.6,3.609160829691));
#2690 = CARTESIAN_POINT('',(6.6,3.609160829691));
#2691 = ( GEOMETRIC_REPRESENTATION_CONTEXT(2) 
PARAMETRIC_REPRESENTATION_CONTEXT() REPRESENTATION_CONTEXT('2D SPACE',''
  ) );
#2692 = ORIENTED_EDGE('',*,*,#2693,.F.);
#2693 = EDGE_CURVE('',#2350,#2668,#2694,.T.);
#2694 = SURFACE_CURVE('',#2695,(#2700,#2707),.PCURVE_S1.);
#2695 = CIRCLE('',#2696,37.3);
#2696 = AXIS2_PLACEMENT_3D('',#2697,#2698,#2699);
#2697 = CARTESIAN_POINT('',(0.,0.,22.));
#2698 = DIRECTION('',(0.,0.,1.));
#2699 = DIRECTION('',(1.,0.,-0.));
#2700 = PCURVE('',#2313,#2701);
#2701 = DEFINITIONAL_REPRESENTATION('',(#2702),#2706);
#2702 = LINE('',#2703,#2704);
#2703 = CARTESIAN_POINT('',(0.,127.));
#2704 = VECTOR('',#2705,1.);
#2705 = DIRECTION('',(1.,0.));
#2706 = ( GEOMETRIC_REPRESENTATION_CONTEXT(2) 
PARAMETRIC_REPRESENTATION_CONTEXT() REPRESENTATION_CONTEXT('2D SPACE',''
  ) );
#2707 = PCURVE('',#459,#2708);
#2708 = DEFINITIONAL_REPRESENTATION('',(#2709),#2713);
#2709 = CIRCLE('',#2710,37.3);
#2710 = AXIS2_PLACEMENT_2D('',#2711,#2712);
#2711 = CARTESIAN_POINT('',(-33.57,3.));
#2712 = DIRECTION('',(-0.996194698092,8.715574274766E-02));
#2713 = ( GEOMETRIC_REPRESENTATION_CONTEXT(2) 
PARAMETRIC_REPRESENTATION_CONTEXT() REPRESENTATION_CONTEXT('2D SPACE',''
  ) );
#2714 = FACE_BOUND('',#2715,.F.);
#2715 = EDGE_LOOP('',(#2716,#2744,#2877,#2906,#2927));
#2716 = ORIENTED_EDGE('',*,*,#2717,.F.);
#2717 = EDGE_CURVE('',#2718,#2720,#2722,.T.);
#2718 = VERTEX_POINT('',#2719);
#2719 = CARTESIAN_POINT('',(-25.98473833658,-26.75973418363,
    33.608804255235));
#2720 = VERTEX_POINT('',#2721);
#2721 = CARTESIAN_POINT('',(-25.98473833613,-26.75973418408,38.5));
#2722 = SURFACE_CURVE('',#2723,(#2727,#2733),.PCURVE_S1.);
#2723 = LINE('',#2724,#2725);
#2724 = CARTESIAN_POINT('',(-25.98473833613,-26.75973418408,-105.));
#2725 = VECTOR('',#2726,1.);
#2726 = DIRECTION('',(0.,0.,1.));
#2727 = PCURVE('',#2313,#2728);
#2728 = DEFINITIONAL_REPRESENTATION('',(#2729),#2732);
#2729 = B_SPLINE_CURVE_WITH_KNOTS('',1,(#2730,#2731),.UNSPECIFIED.,.F.,
  .F.,(2,2),(136.4999976,143.5000024),.PIECEWISE_BEZIER_KNOTS.);
#2730 = CARTESIAN_POINT('',(3.941683163792,136.4999976));
#2731 = CARTESIAN_POINT('',(3.941683163792,143.5000024));
#2732 = ( GEOMETRIC_REPRESENTATION_CONTEXT(2) 
PARAMETRIC_REPRESENTATION_CONTEXT() REPRESENTATION_CONTEXT('2D SPACE',''
  ) );
#2733 = PCURVE('',#2734,#2739);
#2734 = CYLINDRICAL_SURFACE('',#2735,6.5);
#2735 = AXIS2_PLACEMENT_3D('',#2736,#2737,#2738);
#2736 = CARTESIAN_POINT('',(-32.30431548712,-25.23889736423,31.5));
#2737 = DIRECTION('',(0.,0.,1.));
#2738 = DIRECTION('',(1.,0.,-0.));
#2739 = DEFINITIONAL_REPRESENTATION('',(#2740),#2743);
#2740 = B_SPLINE_CURVE_WITH_KNOTS('',1,(#2741,#2742),.UNSPECIFIED.,.F.,
  .F.,(2,2),(138.60880425523,143.5),.PIECEWISE_BEZIER_KNOTS.);
#2741 = CARTESIAN_POINT('',(6.047021244283,2.108804255235));
#2742 = CARTESIAN_POINT('',(6.047021244283,7.));
#2743 = ( GEOMETRIC_REPRESENTATION_CONTEXT(2) 
PARAMETRIC_REPRESENTATION_CONTEXT() REPRESENTATION_CONTEXT('2D SPACE',''
  ) );
#2744 = ORIENTED_EDGE('',*,*,#2745,.F.);
#2745 = EDGE_CURVE('',#2746,#2718,#2748,.T.);
#2746 = VERTEX_POINT('',#2747);
#2747 = CARTESIAN_POINT('',(-29.64406055404,-22.63889736423,31.5));
#2748 = SURFACE_CURVE('',#2749,(#2788,#2830),.PCURVE_S1.);
#2749 = B_SPLINE_CURVE_WITH_KNOTS('',5,(#2750,#2751,#2752,#2753,#2754,
    #2755,#2756,#2757,#2758,#2759,#2760,#2761,#2762,#2763,#2764,#2765,
    #2766,#2767,#2768,#2769,#2770,#2771,#2772,#2773,#2774,#2775,#2776,
    #2777,#2778,#2779,#2780,#2781,#2782,#2783,#2784,#2785,#2786,#2787),
  .UNSPECIFIED.,.F.,.F.,(6,4,4,4,4,4,4,4,4,6),(0.,0.114085246175,
    0.237350653026,0.326095500708,0.396347152085,0.505380978267,
    0.61133739777,0.680228272322,0.828319912442,1.),.UNSPECIFIED.);
#2750 = CARTESIAN_POINT('',(-29.64406055404,-22.63889736423,31.5));
#2751 = CARTESIAN_POINT('',(-29.64406055404,-22.63889736423,
    31.646995233599));
#2752 = CARTESIAN_POINT('',(-29.63612683082,-22.64928590379,
    31.794003237514));
#2753 = CARTESIAN_POINT('',(-29.62025858282,-22.67006481354,
    31.939944278211));
#2754 = CARTESIAN_POINT('',(-29.59653773028,-22.70104859574,
    32.083772385644));
#2755 = CARTESIAN_POINT('',(-29.53120297921,-22.78598577415,
    32.376518694938));
#2756 = CARTESIAN_POINT('',(-29.48829818398,-22.84159293995,
    32.524935723193));
#2757 = CARTESIAN_POINT('',(-29.43664898509,-22.90822025313,
    32.66840177915));
#2758 = CARTESIAN_POINT('',(-29.37661475007,-22.98513780264,
    32.80574369389));
#2759 = CARTESIAN_POINT('',(-29.25981386295,-23.13351552638,
    33.029710381649));
#2760 = CARTESIAN_POINT('',(-29.20684363738,-23.20046761083,
    33.11976140571));
#2761 = CARTESIAN_POINT('',(-29.14998841807,-23.27190809643,
    33.205739108934));
#2762 = CARTESIAN_POINT('',(-29.08947734496,-23.34743365824,
    33.287332024979));
#2763 = CARTESIAN_POINT('',(-28.97499769925,-23.48927403254,
    33.42521623241));
#2764 = CARTESIAN_POINT('',(-28.92229405305,-23.55422801326,
    33.483236255509));
#2765 = CARTESIAN_POINT('',(-28.86759516362,-23.62125392548,
    33.538239438688));
#2766 = CARTESIAN_POINT('',(-28.81103923101,-23.690132625,
    33.590137083997));
#2767 = CARTESIAN_POINT('',(-28.66234977636,-23.87006192248,
    33.714493874275));
#2768 = CARTESIAN_POINT('',(-28.56783002522,-23.98338033477,
    33.782472477869));
#2769 = CARTESIAN_POINT('',(-28.46971487341,-24.09982170323,
    33.842625859543));
#2770 = CARTESIAN_POINT('',(-28.36853892122,-24.21861341976,
    33.894887095765));
#2771 = CARTESIAN_POINT('',(-28.16414599968,-24.45597497845,
    33.982454397883));
#2772 = CARTESIAN_POINT('',(-28.06106229803,-24.57446225463,
    34.018199557286));
#2773 = CARTESIAN_POINT('',(-27.95605598431,-24.69387310862,
    34.046613017719));
#2774 = CARTESIAN_POINT('',(-27.84956459092,-24.81365810944,
    34.067817421686));
#2775 = CARTESIAN_POINT('',(-27.67212242826,-25.01108912678,
    34.091184922479));
#2776 = CARTESIAN_POINT('',(-27.60175866583,-25.0888308853,
    34.097415472683));
#2777 = CARTESIAN_POINT('',(-27.53105381262,-25.16639836497,
    34.100715787708));
#2778 = CARTESIAN_POINT('',(-27.46011160675,-25.24367712752,
    34.101133366304));
#2779 = CARTESIAN_POINT('',(-27.23622942187,-25.4858484939,
    34.093522824516));
#2780 = CARTESIAN_POINT('',(-27.08284591597,-25.64926085594,
    34.075234637157));
#2781 = CARTESIAN_POINT('',(-26.9297440987,-25.80991049126,
    34.04434059455));
#2782 = CARTESIAN_POINT('',(-26.77783824516,-25.96696177881,
    34.001248885144));
#2783 = CARTESIAN_POINT('',(-26.45450911199,-26.29658531607,
    33.882577109549));
#2784 = CARTESIAN_POINT('',(-26.28381829599,-26.4676581118,
    33.802909969548));
#2785 = CARTESIAN_POINT('',(-26.11739085368,-26.63174018282,
    33.707737970959));
#2786 = CARTESIAN_POINT('',(-25.95683773037,-26.7876313321,
    33.597273359607));
#2787 = CARTESIAN_POINT('',(-25.80431308712,-26.93375996962,
    33.471659389658));
#2788 = PCURVE('',#2313,#2789);
#2789 = DEFINITIONAL_REPRESENTATION('',(#2790),#2829);
#2790 = B_SPLINE_CURVE_WITH_KNOTS('',5,(#2791,#2792,#2793,#2794,#2795,
    #2796,#2797,#2798,#2799,#2800,#2801,#2802,#2803,#2804,#2805,#2806,
    #2807,#2808,#2809,#2810,#2811,#2812,#2813,#2814,#2815,#2816,#2817,
    #2818,#2819,#2820,#2821,#2822,#2823,#2824,#2825,#2826,#2827,#2828),
  .UNSPECIFIED.,.F.,.F.,(6,4,4,4,4,4,4,4,4,6),(0.,0.114085246175,
    0.237350653026,0.326095500708,0.396347152085,0.505380978267,
    0.61133739777,0.680228272322,0.828319912442,1.),.UNSPECIFIED.);
#2791 = CARTESIAN_POINT('',(3.793798471747,136.5));
#2792 = CARTESIAN_POINT('',(3.793798471747,136.64699523359));
#2793 = CARTESIAN_POINT('',(3.79414891562,136.79400323751));
#2794 = CARTESIAN_POINT('',(3.794849856302,136.93994427821));
#2795 = CARTESIAN_POINT('',(3.795896005214,137.08377238564));
#2796 = CARTESIAN_POINT('',(3.798768888484,137.37651869493));
#2797 = CARTESIAN_POINT('',(3.800651866763,137.52493572319));
#2798 = CARTESIAN_POINT('',(3.802911966687,137.66840177915));
#2799 = CARTESIAN_POINT('',(3.805527832483,137.80574369389));
#2800 = CARTESIAN_POINT('',(3.810590414485,138.02971038164));
#2801 = CARTESIAN_POINT('',(3.812879208757,138.11976140571));
#2802 = CARTESIAN_POINT('',(3.815326998432,138.20573910893));
#2803 = CARTESIAN_POINT('',(3.817921527266,138.28733202497));
#2804 = CARTESIAN_POINT('',(3.822808264243,138.42521623241));
#2805 = CARTESIAN_POINT('',(3.825050783216,138.4832362555));
#2806 = CARTESIAN_POINT('',(3.827370144724,138.53823943868));
#2807 = CARTESIAN_POINT('',(3.829759480312,138.59013708399));
#2808 = CARTESIAN_POINT('',(3.83601728634,138.71449387427));
#2809 = CARTESIAN_POINT('',(3.839973376452,138.78247247786));
#2810 = CARTESIAN_POINT('',(3.844055523252,138.84262585954));
#2811 = CARTESIAN_POINT('',(3.848238802197,138.89488709576));
#2812 = CARTESIAN_POINT('',(3.85663655807,138.98245439788));
#2813 = CARTESIAN_POINT('',(3.86084702413,139.01819955728));
#2814 = CARTESIAN_POINT('',(3.865110040668,139.04661301771));
#2815 = CARTESIAN_POINT('',(3.86940695852,139.06781742168));
#2816 = CARTESIAN_POINT('',(3.876523632274,139.09118492247));
#2817 = CARTESIAN_POINT('',(3.879334775294,139.09741547268));
#2818 = CARTESIAN_POINT('',(3.882148602448,139.1007157877));
#2819 = CARTESIAN_POINT('',(3.884961018857,139.1011333663));
#2820 = CARTESIAN_POINT('',(3.893802929845,139.09352282451));
#2821 = CARTESIAN_POINT('',(3.899811355815,139.07523463715));
#2822 = CARTESIAN_POINT('',(3.905760726673,139.04434059455));
#2823 = CARTESIAN_POINT('',(3.911618383974,139.00124888514));
#2824 = CARTESIAN_POINT('',(3.923997169853,138.88257710954));
#2825 = CARTESIAN_POINT('',(3.930475849092,138.80290996954));
#2826 = CARTESIAN_POINT('',(3.936741305269,138.70773797095));
#2827 = CARTESIAN_POINT('',(3.94274074729,138.5972733596));
#2828 = CARTESIAN_POINT('',(3.948403701271,138.47165938965));
#2829 = ( GEOMETRIC_REPRESENTATION_CONTEXT(2) 
PARAMETRIC_REPRESENTATION_CONTEXT() REPRESENTATION_CONTEXT('2D SPACE',''
  ) );
#2830 = PCURVE('',#2831,#2836);
#2831 = CYLINDRICAL_SURFACE('',#2832,2.6);
#2832 = AXIS2_PLACEMENT_3D('',#2833,#2834,#2835);
#2833 = CARTESIAN_POINT('',(-42.80431548712,-25.23889736423,31.5));
#2834 = DIRECTION('',(1.,0.,2.22044604925E-16));
#2835 = DIRECTION('',(2.22044604925E-16,0.,-1.));
#2836 = DEFINITIONAL_REPRESENTATION('',(#2837),#2876);
#2837 = B_SPLINE_CURVE_WITH_KNOTS('',5,(#2838,#2839,#2840,#2841,#2842,
    #2843,#2844,#2845,#2846,#2847,#2848,#2849,#2850,#2851,#2852,#2853,
    #2854,#2855,#2856,#2857,#2858,#2859,#2860,#2861,#2862,#2863,#2864,
    #2865,#2866,#2867,#2868,#2869,#2870,#2871,#2872,#2873,#2874,#2875),
  .UNSPECIFIED.,.F.,.F.,(6,4,4,4,4,4,4,4,4,6),(0.,0.114085246175,
    0.237350653026,0.326095500708,0.396347152085,0.505380978267,
    0.61133739777,0.680228272322,0.828319912442,1.),.UNSPECIFIED.);
#2838 = CARTESIAN_POINT('',(1.570796326795,13.160254933083));
#2839 = CARTESIAN_POINT('',(1.627332955102,13.160254933083));
#2840 = CARTESIAN_POINT('',(1.683874494073,13.168188656301));
#2841 = CARTESIAN_POINT('',(1.740382175416,13.184056904306));
#2842 = CARTESIAN_POINT('',(1.796830316211,13.207777756847));
#2843 = CARTESIAN_POINT('',(1.914068458192,13.273112507909));
#2844 = CARTESIAN_POINT('',(1.974850565543,13.316017303147));
#2845 = CARTESIAN_POINT('',(2.035455333245,13.367666502032));
#2846 = CARTESIAN_POINT('',(2.095830811358,13.427700737054));
#2847 = CARTESIAN_POINT('',(2.199160743472,13.544501624169));
#2848 = CARTESIAN_POINT('',(2.242256204469,13.597471849738));
#2849 = CARTESIAN_POINT('',(2.285167641641,13.654327069057));
#2850 = CARTESIAN_POINT('',(2.327870631303,13.71483814216));
#2851 = CARTESIAN_POINT('',(2.403953296601,13.829317787874));
#2852 = CARTESIAN_POINT('',(2.437421031893,13.88202143407));
#2853 = CARTESIAN_POINT('',(2.470730854376,13.936720323505));
#2854 = CARTESIAN_POINT('',(2.50387282985,13.993276256113));
#2855 = CARTESIAN_POINT('',(2.587996544201,14.141965710763));
#2856 = CARTESIAN_POINT('',(2.638715923243,14.2364854619));
#2857 = CARTESIAN_POINT('',(2.688991124079,14.334600613712));
#2858 = CARTESIAN_POINT('',(2.738813371116,14.435776565899));
#2859 = CARTESIAN_POINT('',(2.836120715251,14.640169487445));
#2860 = CARTESIAN_POINT('',(2.883634596821,14.743253189094));
#2861 = CARTESIAN_POINT('',(2.930735083123,14.848259502815));
#2862 = CARTESIAN_POINT('',(2.977445577658,14.954750896202));
#2863 = CARTESIAN_POINT('',(3.053910604958,15.132193058864));
#2864 = CARTESIAN_POINT('',(3.083885734803,15.202556821297));
#2865 = CARTESIAN_POINT('',(3.113718663296,15.273261674506));
#2866 = CARTESIAN_POINT('',(3.143421592154,15.344203880369));
#2867 = CARTESIAN_POINT('',(3.23661040843,15.568086065248));
#2868 = CARTESIAN_POINT('',(3.29965127467,15.721469571153));
#2869 = CARTESIAN_POINT('',(3.362318144505,15.87457138842));
#2870 = CARTESIAN_POINT('',(3.424765522742,16.026477241963));
#2871 = CARTESIAN_POINT('',(3.55950978338,16.349806375134));
#2872 = CARTESIAN_POINT('',(3.631796383801,16.52049719113));
#2873 = CARTESIAN_POINT('',(3.704362346831,16.686924633439));
#2874 = CARTESIAN_POINT('',(3.777526189823,16.847477756754));
#2875 = CARTESIAN_POINT('',(3.851640734299,17.0000024));
#2876 = ( GEOMETRIC_REPRESENTATION_CONTEXT(2) 
PARAMETRIC_REPRESENTATION_CONTEXT() REPRESENTATION_CONTEXT('2D SPACE',''
  ) );
#2877 = ORIENTED_EDGE('',*,*,#2878,.F.);
#2878 = EDGE_CURVE('',#2879,#2746,#2881,.T.);
#2879 = VERTEX_POINT('',#2880);
#2880 = CARTESIAN_POINT('',(-32.25113287003,-18.73911493639,31.5));
#2881 = SURFACE_CURVE('',#2882,(#2887,#2894),.PCURVE_S1.);
#2882 = CIRCLE('',#2883,37.3);
#2883 = AXIS2_PLACEMENT_3D('',#2884,#2885,#2886);
#2884 = CARTESIAN_POINT('',(0.,0.,31.5));
#2885 = DIRECTION('',(0.,0.,1.));
#2886 = DIRECTION('',(1.,0.,-0.));
#2887 = PCURVE('',#2313,#2888);
#2888 = DEFINITIONAL_REPRESENTATION('',(#2889),#2893);
#2889 = LINE('',#2890,#2891);
#2890 = CARTESIAN_POINT('',(0.,136.5));
#2891 = VECTOR('',#2892,1.);
#2892 = DIRECTION('',(1.,0.));
#2893 = ( GEOMETRIC_REPRESENTATION_CONTEXT(2) 
PARAMETRIC_REPRESENTATION_CONTEXT() REPRESENTATION_CONTEXT('2D SPACE',''
  ) );
#2894 = PCURVE('',#2895,#2900);
#2895 = PLANE('',#2896);
#2896 = AXIS2_PLACEMENT_3D('',#2897,#2898,#2899);
#2897 = CARTESIAN_POINT('',(-32.30431548712,-25.23889736423,31.5));
#2898 = DIRECTION('',(0.,0.,1.));
#2899 = DIRECTION('',(1.,0.,-0.));
#2900 = DEFINITIONAL_REPRESENTATION('',(#2901),#2905);
#2901 = CIRCLE('',#2902,37.3);
#2902 = AXIS2_PLACEMENT_2D('',#2903,#2904);
#2903 = CARTESIAN_POINT('',(32.304315487127,25.238897364231));
#2904 = DIRECTION('',(1.,0.));
#2905 = ( GEOMETRIC_REPRESENTATION_CONTEXT(2) 
PARAMETRIC_REPRESENTATION_CONTEXT() REPRESENTATION_CONTEXT('2D SPACE',''
  ) );
#2906 = ORIENTED_EDGE('',*,*,#2907,.T.);
#2907 = EDGE_CURVE('',#2879,#2908,#2910,.T.);
#2908 = VERTEX_POINT('',#2909);
#2909 = CARTESIAN_POINT('',(-32.25113287003,-18.73911493639,38.5));
#2910 = SURFACE_CURVE('',#2911,(#2915,#2921),.PCURVE_S1.);
#2911 = LINE('',#2912,#2913);
#2912 = CARTESIAN_POINT('',(-32.25113287003,-18.73911493639,-105.));
#2913 = VECTOR('',#2914,1.);
#2914 = DIRECTION('',(0.,0.,1.));
#2915 = PCURVE('',#2313,#2916);
#2916 = DEFINITIONAL_REPRESENTATION('',(#2917),#2920);
#2917 = B_SPLINE_CURVE_WITH_KNOTS('',1,(#2918,#2919),.UNSPECIFIED.,.F.,
  .F.,(2,2),(136.4999976,143.5000024),.PIECEWISE_BEZIER_KNOTS.);
#2918 = CARTESIAN_POINT('',(3.667952374903,136.4999976));
#2919 = CARTESIAN_POINT('',(3.667952374903,143.5000024));
#2920 = ( GEOMETRIC_REPRESENTATION_CONTEXT(2) 
PARAMETRIC_REPRESENTATION_CONTEXT() REPRESENTATION_CONTEXT('2D SPACE',''
  ) );
#2921 = PCURVE('',#2734,#2922);
#2922 = DEFINITIONAL_REPRESENTATION('',(#2923),#2926);
#2923 = B_SPLINE_CURVE_WITH_KNOTS('',1,(#2924,#2925),.UNSPECIFIED.,.F.,
  .F.,(2,2),(136.5,143.5),.PIECEWISE_BEZIER_KNOTS.);
#2924 = CARTESIAN_POINT('',(7.845799601592,0.));
#2925 = CARTESIAN_POINT('',(7.845799601592,7.));
#2926 = ( GEOMETRIC_REPRESENTATION_CONTEXT(2) 
PARAMETRIC_REPRESENTATION_CONTEXT() REPRESENTATION_CONTEXT('2D SPACE',''
  ) );
#2927 = ORIENTED_EDGE('',*,*,#2928,.T.);
#2928 = EDGE_CURVE('',#2908,#2720,#2929,.T.);
#2929 = SURFACE_CURVE('',#2930,(#2935,#2942),.PCURVE_S1.);
#2930 = CIRCLE('',#2931,37.3);
#2931 = AXIS2_PLACEMENT_3D('',#2932,#2933,#2934);
#2932 = CARTESIAN_POINT('',(0.,0.,38.5));
#2933 = DIRECTION('',(0.,0.,1.));
#2934 = DIRECTION('',(1.,0.,-0.));
#2935 = PCURVE('',#2313,#2936);
#2936 = DEFINITIONAL_REPRESENTATION('',(#2937),#2941);
#2937 = LINE('',#2938,#2939);
#2938 = CARTESIAN_POINT('',(0.,143.5));
#2939 = VECTOR('',#2940,1.);
#2940 = DIRECTION('',(1.,0.));
#2941 = ( GEOMETRIC_REPRESENTATION_CONTEXT(2) 
PARAMETRIC_REPRESENTATION_CONTEXT() REPRESENTATION_CONTEXT('2D SPACE',''
  ) );
#2942 = PCURVE('',#2943,#2948);
#2943 = PLANE('',#2944);
#2944 = AXIS2_PLACEMENT_3D('',#2945,#2946,#2947);
#2945 = CARTESIAN_POINT('',(-32.30431548712,-25.23889736423,38.5));
#2946 = DIRECTION('',(0.,0.,1.));
#2947 = DIRECTION('',(1.,0.,-0.));
#2948 = DEFINITIONAL_REPRESENTATION('',(#2949),#2953);
#2949 = CIRCLE('',#2950,37.3);
#2950 = AXIS2_PLACEMENT_2D('',#2951,#2952);
#2951 = CARTESIAN_POINT('',(32.304315487127,25.238897364231));
#2952 = DIRECTION('',(1.,0.));
#2953 = ( GEOMETRIC_REPRESENTATION_CONTEXT(2) 
PARAMETRIC_REPRESENTATION_CONTEXT() REPRESENTATION_CONTEXT('2D SPACE',''
  ) );
#2954 = ADVANCED_FACE('',(#2955),#2831,.F.);
#2955 = FACE_BOUND('',#2956,.F.);
#2956 = EDGE_LOOP('',(#2957,#3156,#3175));
#2957 = ORIENTED_EDGE('',*,*,#2958,.T.);
#2958 = EDGE_CURVE('',#2718,#2959,#2961,.T.);
#2959 = VERTEX_POINT('',#2960);
#2960 = CARTESIAN_POINT('',(-26.34696708368,-22.63889736423,31.5));
#2961 = SURFACE_CURVE('',#2962,(#3010,#3083),.PCURVE_S1.);
#2962 = B_SPLINE_CURVE_WITH_KNOTS('',6,(#2963,#2964,#2965,#2966,#2967,
    #2968,#2969,#2970,#2971,#2972,#2973,#2974,#2975,#2976,#2977,#2978,
    #2979,#2980,#2981,#2982,#2983,#2984,#2985,#2986,#2987,#2988,#2989,
    #2990,#2991,#2992,#2993,#2994,#2995,#2996,#2997,#2998,#2999,#3000,
    #3001,#3002,#3003,#3004,#3005,#3006,#3007,#3008,#3009),
  .UNSPECIFIED.,.F.,.F.,(7,5,5,5,5,5,5,5,5,7),(0.,9.109062315988E-02,
    0.191521948562,0.351702723819,0.514842246202,0.614774164269,
    0.736531317438,0.834812960325,1.214719778804,1.351747562817),
  .UNSPECIFIED.);
#2963 = CARTESIAN_POINT('',(-25.98473833658,-26.75973418363,
    33.608804255235));
#2964 = CARTESIAN_POINT('',(-25.97225755597,-26.70787243879,
    33.646206133654));
#2965 = CARTESIAN_POINT('',(-25.95993012685,-26.65440278307,
    33.682441050248));
#2966 = CARTESIAN_POINT('',(-25.94781372464,-26.59932378997,
    33.71742524266));
#2967 = CARTESIAN_POINT('',(-25.93596911415,-26.54263739037,
    33.751070116628));
#2968 = CARTESIAN_POINT('',(-25.92445974619,-26.48434903907,
    33.783282104049));
#2969 = CARTESIAN_POINT('',(-25.9011038747,-26.35844633244,
    33.847788998888));
#2970 = CARTESIAN_POINT('',(-25.88934218234,-26.29047975515,
    33.879758169627));
#2971 = CARTESIAN_POINT('',(-25.8781653683,-26.22063748895,
    33.909706992879));
#2972 = CARTESIAN_POINT('',(-25.86767176387,-26.14899841213,
    33.93747888493));
#2973 = CARTESIAN_POINT('',(-25.85795678558,-26.07565089278,
    33.962923042082));
#2974 = CARTESIAN_POINT('',(-25.8350020353,-25.88113985112,
    34.022530421196));
#2975 = CARTESIAN_POINT('',(-25.82308295146,-25.75731332211,
    34.052929286529));
#2976 = CARTESIAN_POINT('',(-25.8137983099,-25.63014659278,
    34.076293003418));
#2977 = CARTESIAN_POINT('',(-25.8074828022,-25.50065048214,
    34.092081695528));
#2978 = CARTESIAN_POINT('',(-25.80431548712,-25.36987941655,34.1));
#2979 = CARTESIAN_POINT('',(-25.80431548712,-25.10549590315,34.1));
#2980 = CARTESIAN_POINT('',(-25.80760089147,-24.97231457696,
    34.091786470466));
#2981 = CARTESIAN_POINT('',(-25.81415138162,-24.84047561878,
    34.075410333571));
#2982 = CARTESIAN_POINT('',(-25.82377484192,-24.711090511,
    34.051187998488));
#2983 = CARTESIAN_POINT('',(-25.83611225393,-24.58522276845,
    34.019697854409));
#2984 = CARTESIAN_POINT('',(-25.85961700048,-24.38950429544,
    33.958576404509));
#2985 = CARTESIAN_POINT('',(-25.86939489897,-24.3167675967,
    33.932927967614));
#2986 = CARTESIAN_POINT('',(-25.87993264716,-24.24573434531,
    33.904992965464));
#2987 = CARTESIAN_POINT('',(-25.89113622166,-24.1764886719,
    33.874919811583));
#2988 = CARTESIAN_POINT('',(-25.90290903352,-24.10910546908,
    33.842862074356));
#2989 = CARTESIAN_POINT('',(-25.93007326479,-23.96389978389,
    33.767696102259));
#2990 = CARTESIAN_POINT('',(-25.94569594495,-23.88699811092,
    33.723696696281));
#2991 = CARTESIAN_POINT('',(-25.96186557674,-23.81296561413,
    33.677215401783));
#2992 = CARTESIAN_POINT('',(-25.97843313556,-23.74181093898,
    33.628470254203));
#2993 = CARTESIAN_POINT('',(-25.99525871114,-23.67353181172,
    33.577663423385));
#2994 = CARTESIAN_POINT('',(-26.0258987427,-23.55531229589,
    33.482457524642));
#2995 = CARTESIAN_POINT('',(-26.03967079783,-23.50436464972,
    33.438703796002));
#2996 = CARTESIAN_POINT('',(-26.05346434667,-23.45525632178,
    33.39380917961));
#2997 = CARTESIAN_POINT('',(-26.06721896351,-23.40796920798,
    33.347853725657));
#2998 = CARTESIAN_POINT('',(-26.08087880523,-23.36248358879,
    33.300908977123));
#2999 = CARTESIAN_POINT('',(-26.14663010881,-23.14983506324,
    33.067993015668));
#3000 = CARTESIAN_POINT('',(-26.19675779621,-23.00725872478,
    32.868852241865));
#3001 = CARTESIAN_POINT('',(-26.24171721605,-22.89023984645,
    32.659458476182));
#3002 = CARTESIAN_POINT('',(-26.27926143211,-22.79799291405,
    32.44252557707));
#3003 = CARTESIAN_POINT('',(-26.30784125831,-22.73000089926,
    32.220084391277));
#3004 = CARTESIAN_POINT('',(-26.33327081639,-22.67045033122,
    31.912293234743));
#3005 = CARTESIAN_POINT('',(-26.33872049743,-22.65782700116,
    31.830270269297));
#3006 = CARTESIAN_POINT('',(-26.34283643015,-22.64836184707,
    31.747920843562));
#3007 = CARTESIAN_POINT('',(-26.34559009655,-22.6420523253,
    31.665353358545));
#3008 = CARTESIAN_POINT('',(-26.34696708368,-22.63889736423,
    31.582676652315));
#3009 = CARTESIAN_POINT('',(-26.34696708368,-22.63889736423,31.5));
#3010 = PCURVE('',#2831,#3011);
#3011 = DEFINITIONAL_REPRESENTATION('',(#3012),#3082);
#3012 = B_SPLINE_CURVE_WITH_KNOTS('',3,(#3013,#3014,#3015,#3016,#3017,
    #3018,#3019,#3020,#3021,#3022,#3023,#3024,#3025,#3026,#3027,#3028,
    #3029,#3030,#3031,#3032,#3033,#3034,#3035,#3036,#3037,#3038,#3039,
    #3040,#3041,#3042,#3043,#3044,#3045,#3046,#3047,#3048,#3049,#3050,
    #3051,#3052,#3053,#3054,#3055,#3056,#3057,#3058,#3059,#3060,#3061,
    #3062,#3063,#3064,#3065,#3066,#3067,#3068,#3069,#3070,#3071,#3072,
    #3073,#3074,#3075,#3076,#3077,#3078,#3079,#3080,#3081),
  .UNSPECIFIED.,.F.,.F.,(4,1,1,1,1,1,1,1,1,1,1,1,1,1,1,1,1,1,1,1,1,1,1,1
    ,1,1,1,1,1,1,1,1,1,1,1,1,1,1,1,1,1,1,1,1,1,1,1,1,1,1,1,1,1,1,1,1,1,1
    ,1,1,1,1,1,1,1,1,4),(0.,2.048102367905E-02,4.09620473581E-02,
    6.144307103715E-02,8.19240947162E-02,0.102405118395,0.122886142074,
    0.143367165753,0.163848189432,0.184329213111,0.20481023679,
    0.22529126047,0.245772284149,0.266253307828,0.286734331507,
    0.307215355186,0.327696378865,0.348177402544,0.368658426223,
    0.389139449902,0.409620473581,0.43010149726,0.450582520939,
    0.471063544618,0.491544568297,0.512025591976,0.532506615655,
    0.552987639334,0.573468663013,0.593949686692,0.614430710371,
    0.634911734051,0.65539275773,0.675873781409,0.696354805088,
    0.716835828767,0.737316852446,0.757797876125,0.778278899804,
    0.798759923483,0.819240947162,0.839721970841,0.86020299452,
    0.880684018199,0.901165041878,0.921646065557,0.942127089236,
    0.962608112915,0.983089136594,1.003570160273,1.024051183952,
    1.044532207632,1.065013231311,1.08549425499,1.105975278669,
    1.126456302348,1.146937326027,1.167418349706,1.187899373385,
    1.208380397064,1.228861420743,1.249342444422,1.269823468101,
    1.29030449178,1.310785515459,1.331266539138,1.351747562817),
  .QUASI_UNIFORM_KNOTS.);
#3013 = CARTESIAN_POINT('',(3.766395327597,16.819577150539));
#3014 = CARTESIAN_POINT('',(3.755336203969,16.825189344778));
#3015 = CARTESIAN_POINT('',(3.733097278388,16.836337051148));
#3016 = CARTESIAN_POINT('',(3.69936462562,16.852745566324));
#3017 = CARTESIAN_POINT('',(3.66524551121,16.868759133601));
#3018 = CARTESIAN_POINT('',(3.630727625293,16.884292018599));
#3019 = CARTESIAN_POINT('',(3.595794938511,16.899257664166));
#3020 = CARTESIAN_POINT('',(3.560441304527,16.913562632618));
#3021 = CARTESIAN_POINT('',(3.524678860522,16.927105435078));
#3022 = CARTESIAN_POINT('',(3.488513547302,16.939787855787));
#3023 = CARTESIAN_POINT('',(3.451953234121,16.951512316078));
#3024 = CARTESIAN_POINT('',(3.414995076294,16.962186635116));
#3025 = CARTESIAN_POINT('',(3.377639414278,16.971718781002));
#3026 = CARTESIAN_POINT('',(3.339952240331,16.980006443902));
#3027 = CARTESIAN_POINT('',(3.301982414824,16.986964111118));
#3028 = CARTESIAN_POINT('',(3.263780526105,16.992518156802));
#3029 = CARTESIAN_POINT('',(3.225393732422,16.996609117078));
#3030 = CARTESIAN_POINT('',(3.186870251725,16.999191772372));
#3031 = CARTESIAN_POINT('',(3.148249220787,17.000236036978));
#3032 = CARTESIAN_POINT('',(3.109599387805,16.999726034032));
#3033 = CARTESIAN_POINT('',(3.071041131467,16.997670295275));
#3034 = CARTESIAN_POINT('',(3.032601193211,16.994094252698));
#3035 = CARTESIAN_POINT('',(2.994330386802,16.989037854467));
#3036 = CARTESIAN_POINT('',(2.956274429287,16.982555686418));
#3037 = CARTESIAN_POINT('',(2.918482600124,16.974716360239));
#3038 = CARTESIAN_POINT('',(2.881004903808,16.965601604561));
#3039 = CARTESIAN_POINT('',(2.843897440562,16.955306503827));
#3040 = CARTESIAN_POINT('',(2.807206506289,16.943934669291));
#3041 = CARTESIAN_POINT('',(2.770906153209,16.931571612684));
#3042 = CARTESIAN_POINT('',(2.735007996316,16.918315181884));
#3043 = CARTESIAN_POINT('',(2.699515772207,16.904262598645));
#3044 = CARTESIAN_POINT('',(2.664438098463,16.889513500255));
#3045 = CARTESIAN_POINT('',(2.629781221266,16.874166901541));
#3046 = CARTESIAN_POINT('',(2.595527976409,16.858309958771));
#3047 = CARTESIAN_POINT('',(2.56166580001,16.842028981));
#3048 = CARTESIAN_POINT('',(2.528181981089,16.825407476584));
#3049 = CARTESIAN_POINT('',(2.495064257091,16.808526211818));
#3050 = CARTESIAN_POINT('',(2.462302321934,16.791463949532));
#3051 = CARTESIAN_POINT('',(2.42988039713,16.774293442849));
#3052 = CARTESIAN_POINT('',(2.397778231048,16.757081710376));
#3053 = CARTESIAN_POINT('',(2.365980593603,16.739895164344));
#3054 = CARTESIAN_POINT('',(2.334470222151,16.722796003722));
#3055 = CARTESIAN_POINT('',(2.303233251074,16.70584521963));
#3056 = CARTESIAN_POINT('',(2.272241547682,16.689093120573));
#3057 = CARTESIAN_POINT('',(2.241479835187,16.6725943657));
#3058 = CARTESIAN_POINT('',(2.210935654324,16.656402497307));
#3059 = CARTESIAN_POINT('',(2.180596248615,16.640568322057));
#3060 = CARTESIAN_POINT('',(2.150449336116,16.62514038985));
#3061 = CARTESIAN_POINT('',(2.120482846323,16.610164909762));
#3062 = CARTESIAN_POINT('',(2.090684940411,16.595685815952));
#3063 = CARTESIAN_POINT('',(2.061043961074,16.581744792533));
#3064 = CARTESIAN_POINT('',(2.031548406182,16.568381308566));
#3065 = CARTESIAN_POINT('',(2.002186900422,16.555632649478));
#3066 = CARTESIAN_POINT('',(1.972948171298,16.543533948593));
#3067 = CARTESIAN_POINT('',(1.943821026987,16.532118217705));
#3068 = CARTESIAN_POINT('',(1.914794336853,16.521416377268));
#3069 = CARTESIAN_POINT('',(1.885857011022,16.511457285009));
#3070 = CARTESIAN_POINT('',(1.856997989846,16.502267767135));
#3071 = CARTESIAN_POINT('',(1.828206200692,16.493872636656));
#3072 = CARTESIAN_POINT('',(1.799470638791,16.486294756573));
#3073 = CARTESIAN_POINT('',(1.77077998512,16.479554932396));
#3074 = CARTESIAN_POINT('',(1.742123950099,16.473672438392));
#3075 = CARTESIAN_POINT('',(1.713510067661,16.468667184128));
#3076 = CARTESIAN_POINT('',(1.684928408779,16.464552566204));
#3077 = CARTESIAN_POINT('',(1.656372913201,16.461340303664));
#3078 = CARTESIAN_POINT('',(1.62783671175,16.459039288735));
#3079 = CARTESIAN_POINT('',(1.599313326816,16.457656192946));
#3080 = CARTESIAN_POINT('',(1.58030199864,16.457348192255));
#3081 = CARTESIAN_POINT('',(1.570796326795,16.457348403443));
#3082 = ( GEOMETRIC_REPRESENTATION_CONTEXT(2) 
PARAMETRIC_REPRESENTATION_CONTEXT() REPRESENTATION_CONTEXT('2D SPACE',''
  ) );
#3083 = PCURVE('',#2734,#3084);
#3084 = DEFINITIONAL_REPRESENTATION('',(#3085),#3155);
#3085 = B_SPLINE_CURVE_WITH_KNOTS('',3,(#3086,#3087,#3088,#3089,#3090,
    #3091,#3092,#3093,#3094,#3095,#3096,#3097,#3098,#3099,#3100,#3101,
    #3102,#3103,#3104,#3105,#3106,#3107,#3108,#3109,#3110,#3111,#3112,
    #3113,#3114,#3115,#3116,#3117,#3118,#3119,#3120,#3121,#3122,#3123,
    #3124,#3125,#3126,#3127,#3128,#3129,#3130,#3131,#3132,#3133,#3134,
    #3135,#3136,#3137,#3138,#3139,#3140,#3141,#3142,#3143,#3144,#3145,
    #3146,#3147,#3148,#3149,#3150,#3151,#3152,#3153,#3154),
  .UNSPECIFIED.,.F.,.F.,(4,1,1,1,1,1,1,1,1,1,1,1,1,1,1,1,1,1,1,1,1,1,1,1
    ,1,1,1,1,1,1,1,1,1,1,1,1,1,1,1,1,1,1,1,1,1,1,1,1,1,1,1,1,1,1,1,1,1,1
    ,1,1,1,1,1,1,1,1,4),(0.,2.048102367905E-02,4.09620473581E-02,
    6.144307103715E-02,8.19240947162E-02,0.102405118395,0.122886142074,
    0.143367165753,0.163848189432,0.184329213111,0.20481023679,
    0.22529126047,0.245772284149,0.266253307828,0.286734331507,
    0.307215355186,0.327696378865,0.348177402544,0.368658426223,
    0.389139449902,0.409620473581,0.43010149726,0.450582520939,
    0.471063544618,0.491544568297,0.512025591976,0.532506615655,
    0.552987639334,0.573468663013,0.593949686692,0.614430710371,
    0.634911734051,0.65539275773,0.675873781409,0.696354805088,
    0.716835828767,0.737316852446,0.757797876125,0.778278899804,
    0.798759923483,0.819240947162,0.839721970841,0.86020299452,
    0.880684018199,0.901165041878,0.921646065557,0.942127089236,
    0.962608112915,0.983089136594,1.003570160273,1.024051183952,
    1.044532207632,1.065013231311,1.08549425499,1.105975278669,
    1.126456302348,1.146937326027,1.167418349706,1.187899373385,
    1.208380397064,1.228861420743,1.249342444422,1.269823468101,
    1.29030449178,1.310785515459,1.331266539138,1.351747562817),
  .QUASI_UNIFORM_KNOTS.);
#3086 = CARTESIAN_POINT('',(6.047021244333,2.108804255235));
#3087 = CARTESIAN_POINT('',(6.050711566649,2.125622926365));
#3088 = CARTESIAN_POINT('',(6.058211098104,2.158671757135));
#3089 = CARTESIAN_POINT('',(6.069815389769,2.206357961531));
#3090 = CARTESIAN_POINT('',(6.081773200081,2.252037670374));
#3091 = CARTESIAN_POINT('',(6.094082387671,2.295584242638));
#3092 = CARTESIAN_POINT('',(6.106741647294,2.336870354307));
#3093 = CARTESIAN_POINT('',(6.119745477653,2.375750899127));
#3094 = CARTESIAN_POINT('',(6.133080661358,2.412060138718));
#3095 = CARTESIAN_POINT('',(6.146735118018,2.445641489464));
#3096 = CARTESIAN_POINT('',(6.160694961707,2.476338652714));
#3097 = CARTESIAN_POINT('',(6.174949345005,2.504006524439));
#3098 = CARTESIAN_POINT('',(6.189485299425,2.528495746554));
#3099 = CARTESIAN_POINT('',(6.20426295842,2.549625252046));
#3100 = CARTESIAN_POINT('',(6.219247524529,2.567250121718));
#3101 = CARTESIAN_POINT('',(6.234402295746,2.581246359964));
#3102 = CARTESIAN_POINT('',(6.24969088754,2.591514810404));
#3103 = CARTESIAN_POINT('',(6.265075689047,2.597979748269));
#3104 = CARTESIAN_POINT('',(6.280522139909,2.600589926057));
#3105 = CARTESIAN_POINT('',(6.295983452828,2.599315429491));
#3106 = CARTESIAN_POINT('',(6.311392111453,2.594172808159));
#3107 = CARTESIAN_POINT('',(6.326718362723,2.585206485629));
#3108 = CARTESIAN_POINT('',(6.341923329969,2.572483489196));
#3109 = CARTESIAN_POINT('',(6.3569709025,2.55609481522));
#3110 = CARTESIAN_POINT('',(6.371824499457,2.536155335778));
#3111 = CARTESIAN_POINT('',(6.386448432793,2.512803325283));
#3112 = CARTESIAN_POINT('',(6.400806043088,2.486203263694));
#3113 = CARTESIAN_POINT('',(6.414866197568,2.456536211205));
#3114 = CARTESIAN_POINT('',(6.428626694467,2.423931518109));
#3115 = CARTESIAN_POINT('',(6.442071819324,2.388546976626));
#3116 = CARTESIAN_POINT('',(6.455189979889,2.350536934789));
#3117 = CARTESIAN_POINT('',(6.467968813792,2.310061716779));
#3118 = CARTESIAN_POINT('',(6.480397990384,2.267281259206));
#3119 = CARTESIAN_POINT('',(6.492476437318,2.222324123148));
#3120 = CARTESIAN_POINT('',(6.504201952847,2.175318054922));
#3121 = CARTESIAN_POINT('',(6.515572933433,2.126385304209));
#3122 = CARTESIAN_POINT('',(6.526588087694,2.075643147454));
#3123 = CARTESIAN_POINT('',(6.537245941382,2.023206817276));
#3124 = CARTESIAN_POINT('',(6.547547201501,1.969177561272));
#3125 = CARTESIAN_POINT('',(6.557494164339,1.91364249135));
#3126 = CARTESIAN_POINT('',(6.567087665098,1.85669081896));
#3127 = CARTESIAN_POINT('',(6.576329257047,1.798402301356));
#3128 = CARTESIAN_POINT('',(6.585219619801,1.73885775867));
#3129 = CARTESIAN_POINT('',(6.593763406307,1.678104772035));
#3130 = CARTESIAN_POINT('',(6.601961377115,1.616209185947));
#3131 = CARTESIAN_POINT('',(6.609813602828,1.553238541245));
#3132 = CARTESIAN_POINT('',(6.617320268493,1.489255945071));
#3133 = CARTESIAN_POINT('',(6.624481459351,1.42432189615));
#3134 = CARTESIAN_POINT('',(6.631297218778,1.358493977385));
#3135 = CARTESIAN_POINT('',(6.637767532567,1.291827118866));
#3136 = CARTESIAN_POINT('',(6.643892332235,1.224373706971));
#3137 = CARTESIAN_POINT('',(6.649671492549,1.156183733671));
#3138 = CARTESIAN_POINT('',(6.655104829921,1.087304933976));
#3139 = CARTESIAN_POINT('',(6.660192099897,1.017782925617));
#3140 = CARTESIAN_POINT('',(6.664932994256,0.947661346677));
#3141 = CARTESIAN_POINT('',(6.66932713748,0.876981994201));
#3142 = CARTESIAN_POINT('',(6.673374083073,0.805784955984));
#3143 = CARTESIAN_POINT('',(6.677073308042,0.734108763654));
#3144 = CARTESIAN_POINT('',(6.680424211838,0.66199046246));
#3145 = CARTESIAN_POINT('',(6.683426096268,0.58946598794));
#3146 = CARTESIAN_POINT('',(6.686078214016,0.516569393396));
#3147 = CARTESIAN_POINT('',(6.688379558706,0.443336362282));
#3148 = CARTESIAN_POINT('',(6.690328029453,0.369847852891));
#3149 = CARTESIAN_POINT('',(6.691923227664,0.296139874497));
#3150 = CARTESIAN_POINT('',(6.693164527254,0.222257826911));
#3151 = CARTESIAN_POINT('',(6.694051508949,0.148244695212));
#3152 = CARTESIAN_POINT('',(6.694583833128,7.414420401692E-02));
#3153 = CARTESIAN_POINT('',(6.694702163089,2.471473846435E-02));
#3154 = CARTESIAN_POINT('',(6.694702153247,-1.06581410364E-14));
#3155 = ( GEOMETRIC_REPRESENTATION_CONTEXT(2) 
PARAMETRIC_REPRESENTATION_CONTEXT() REPRESENTATION_CONTEXT('2D SPACE',''
  ) );
#3156 = ORIENTED_EDGE('',*,*,#3157,.F.);
#3157 = EDGE_CURVE('',#2746,#2959,#3158,.T.);
#3158 = SURFACE_CURVE('',#3159,(#3163,#3169),.PCURVE_S1.);
#3159 = LINE('',#3160,#3161);
#3160 = CARTESIAN_POINT('',(-42.80431548712,-22.63889736423,31.5));
#3161 = VECTOR('',#3162,1.);
#3162 = DIRECTION('',(1.,0.,2.22044604925E-16));
#3163 = PCURVE('',#2831,#3164);
#3164 = DEFINITIONAL_REPRESENTATION('',(#3165),#3168);
#3165 = B_SPLINE_CURVE_WITH_KNOTS('',1,(#3166,#3167),.UNSPECIFIED.,.F.,
  .F.,(2,2),(2.7,18.3),.PIECEWISE_BEZIER_KNOTS.);
#3166 = CARTESIAN_POINT('',(1.570796326795,2.7));
#3167 = CARTESIAN_POINT('',(1.570796326795,18.3));
#3168 = ( GEOMETRIC_REPRESENTATION_CONTEXT(2) 
PARAMETRIC_REPRESENTATION_CONTEXT() REPRESENTATION_CONTEXT('2D SPACE',''
  ) );
#3169 = PCURVE('',#2895,#3170);
#3170 = DEFINITIONAL_REPRESENTATION('',(#3171),#3174);
#3171 = B_SPLINE_CURVE_WITH_KNOTS('',1,(#3172,#3173),.UNSPECIFIED.,.F.,
  .F.,(2,2),(2.7,18.3),.PIECEWISE_BEZIER_KNOTS.);
#3172 = CARTESIAN_POINT('',(-7.8,2.6));
#3173 = CARTESIAN_POINT('',(7.8,2.6));
#3174 = ( GEOMETRIC_REPRESENTATION_CONTEXT(2) 
PARAMETRIC_REPRESENTATION_CONTEXT() REPRESENTATION_CONTEXT('2D SPACE',''
  ) );
#3175 = ORIENTED_EDGE('',*,*,#2745,.T.);
#3176 = ADVANCED_FACE('',(#3177),#2895,.F.);
#3177 = FACE_BOUND('',#3178,.F.);
#3178 = EDGE_LOOP('',(#3179,#3180,#3181));
#3179 = ORIENTED_EDGE('',*,*,#2878,.T.);
#3180 = ORIENTED_EDGE('',*,*,#3157,.T.);
#3181 = ORIENTED_EDGE('',*,*,#3182,.T.);
#3182 = EDGE_CURVE('',#2959,#2879,#3183,.T.);
#3183 = SURFACE_CURVE('',#3184,(#3189,#3196),.PCURVE_S1.);
#3184 = CIRCLE('',#3185,6.5);
#3185 = AXIS2_PLACEMENT_3D('',#3186,#3187,#3188);
#3186 = CARTESIAN_POINT('',(-32.30431548712,-25.23889736423,31.5));
#3187 = DIRECTION('',(0.,0.,1.));
#3188 = DIRECTION('',(1.,0.,-0.));
#3189 = PCURVE('',#2895,#3190);
#3190 = DEFINITIONAL_REPRESENTATION('',(#3191),#3195);
#3191 = CIRCLE('',#3192,6.5);
#3192 = AXIS2_PLACEMENT_2D('',#3193,#3194);
#3193 = CARTESIAN_POINT('',(0.,0.));
#3194 = DIRECTION('',(1.,0.));
#3195 = ( GEOMETRIC_REPRESENTATION_CONTEXT(2) 
PARAMETRIC_REPRESENTATION_CONTEXT() REPRESENTATION_CONTEXT('2D SPACE',''
  ) );
#3196 = PCURVE('',#2734,#3197);
#3197 = DEFINITIONAL_REPRESENTATION('',(#3198),#3201);
#3198 = B_SPLINE_CURVE_WITH_KNOTS('',1,(#3199,#3200),.UNSPECIFIED.,.F.,
  .F.,(2,2),(0.411516846067,1.562614294412),.PIECEWISE_BEZIER_KNOTS.);
#3199 = CARTESIAN_POINT('',(6.694702153247,0.));
#3200 = CARTESIAN_POINT('',(7.845799601592,0.));
#3201 = ( GEOMETRIC_REPRESENTATION_CONTEXT(2) 
PARAMETRIC_REPRESENTATION_CONTEXT() REPRESENTATION_CONTEXT('2D SPACE',''
  ) );
#3202 = ADVANCED_FACE('',(#3203),#2943,.T.);
#3203 = FACE_BOUND('',#3204,.T.);
#3204 = EDGE_LOOP('',(#3205,#3206));
#3205 = ORIENTED_EDGE('',*,*,#2928,.T.);
#3206 = ORIENTED_EDGE('',*,*,#3207,.F.);
#3207 = EDGE_CURVE('',#2908,#2720,#3208,.T.);
#3208 = SURFACE_CURVE('',#3209,(#3214,#3225),.PCURVE_S1.);
#3209 = CIRCLE('',#3210,6.5);
#3210 = AXIS2_PLACEMENT_3D('',#3211,#3212,#3213);
#3211 = CARTESIAN_POINT('',(-32.30431548712,-25.23889736423,38.5));
#3212 = DIRECTION('',(0.,0.,-1.));
#3213 = DIRECTION('',(8.181941091054E-03,0.99996652736,0.));
#3214 = PCURVE('',#2943,#3215);
#3215 = DEFINITIONAL_REPRESENTATION('',(#3216),#3224);
#3216 = ( BOUNDED_CURVE() B_SPLINE_CURVE(2,(#3217,#3218,#3219,#3220,
#3221,#3222,#3223),.UNSPECIFIED.,.T.,.F.) B_SPLINE_CURVE_WITH_KNOTS((1,2
    ,2,2,2,1),(-2.094395102393,0.,2.094395102393,4.188790204786,
6.28318530718,8.377580409573),.UNSPECIFIED.) CURVE() 
GEOMETRIC_REPRESENTATION_ITEM() RATIONAL_B_SPLINE_CURVE((1.,0.5,1.,0.5,
1.,0.5,1.)) REPRESENTATION_ITEM('') );
#3217 = CARTESIAN_POINT('',(5.318261709185E-02,6.499782427839));
#3218 = CARTESIAN_POINT('',(11.311136020252,6.407667432956));
#3219 = CARTESIAN_POINT('',(5.602385393034,-3.295948711361));
#3220 = CARTESIAN_POINT('',(-0.106365234184,-12.99956485567));
#3221 = CARTESIAN_POINT('',(-5.655568010126,-3.203833716478));
#3222 = CARTESIAN_POINT('',(-11.20477078606,6.591897422721));
#3223 = CARTESIAN_POINT('',(5.318261709185E-02,6.499782427839));
#3224 = ( GEOMETRIC_REPRESENTATION_CONTEXT(2) 
PARAMETRIC_REPRESENTATION_CONTEXT() REPRESENTATION_CONTEXT('2D SPACE',''
  ) );
#3225 = PCURVE('',#2734,#3226);
#3226 = DEFINITIONAL_REPRESENTATION('',(#3227),#3231);
#3227 = LINE('',#3228,#3229);
#3228 = CARTESIAN_POINT('',(7.845799601592,7.));
#3229 = VECTOR('',#3230,1.);
#3230 = DIRECTION('',(-1.,-0.));
#3231 = ( GEOMETRIC_REPRESENTATION_CONTEXT(2) 
PARAMETRIC_REPRESENTATION_CONTEXT() REPRESENTATION_CONTEXT('2D SPACE',''
  ) );
#3232 = ADVANCED_FACE('',(#3233),#2734,.T.);
#3233 = FACE_BOUND('',#3234,.T.);
#3234 = EDGE_LOOP('',(#3235,#3236,#3237,#3238,#3239));
#3235 = ORIENTED_EDGE('',*,*,#2958,.T.);
#3236 = ORIENTED_EDGE('',*,*,#3182,.T.);
#3237 = ORIENTED_EDGE('',*,*,#2907,.T.);
#3238 = ORIENTED_EDGE('',*,*,#3207,.T.);
#3239 = ORIENTED_EDGE('',*,*,#2717,.F.);
#3240 = ADVANCED_FACE('',(#3241),#2587,.T.);
#3241 = FACE_BOUND('',#3242,.T.);
#3242 = EDGE_LOOP('',(#3243,#3266,#3294,#3315));
#3243 = ORIENTED_EDGE('',*,*,#3244,.F.);
#3244 = EDGE_CURVE('',#3245,#2573,#3247,.T.);
#3245 = VERTEX_POINT('',#3246);
#3246 = CARTESIAN_POINT('',(-33.18078878669,-5.914402378314,42.));
#3247 = SURFACE_CURVE('',#3248,(#3252,#3259),.PCURVE_S1.);
#3248 = LINE('',#3249,#3250);
#3249 = CARTESIAN_POINT('',(-33.18078878669,-5.914402378314,42.));
#3250 = VECTOR('',#3251,1.);
#3251 = DIRECTION('',(-0.996194698092,-8.715574274766E-02,0.));
#3252 = PCURVE('',#2587,#3253);
#3253 = DEFINITIONAL_REPRESENTATION('',(#3254),#3258);
#3254 = LINE('',#3255,#3256);
#3255 = CARTESIAN_POINT('',(0.,0.));
#3256 = VECTOR('',#3257,1.);
#3257 = DIRECTION('',(0.,1.));
#3258 = ( GEOMETRIC_REPRESENTATION_CONTEXT(2) 
PARAMETRIC_REPRESENTATION_CONTEXT() REPRESENTATION_CONTEXT('2D SPACE',''
  ) );
#3259 = PCURVE('',#351,#3260);
#3260 = DEFINITIONAL_REPRESENTATION('',(#3261),#3265);
#3261 = LINE('',#3262,#3263);
#3262 = CARTESIAN_POINT('',(-1.110223024625E-15,6.));
#3263 = VECTOR('',#3264,1.);
#3264 = DIRECTION('',(1.,0.));
#3265 = ( GEOMETRIC_REPRESENTATION_CONTEXT(2) 
PARAMETRIC_REPRESENTATION_CONTEXT() REPRESENTATION_CONTEXT('2D SPACE',''
  ) );
#3266 = ORIENTED_EDGE('',*,*,#3267,.T.);
#3267 = EDGE_CURVE('',#3245,#3268,#3270,.T.);
#3268 = VERTEX_POINT('',#3269);
#3269 = CARTESIAN_POINT('',(-33.18078878669,-5.914402378314,48.));
#3270 = SURFACE_CURVE('',#3271,(#3275,#3282),.PCURVE_S1.);
#3271 = LINE('',#3272,#3273);
#3272 = CARTESIAN_POINT('',(-33.18078878669,-5.914402378314,42.));
#3273 = VECTOR('',#3274,1.);
#3274 = DIRECTION('',(0.,0.,1.));
#3275 = PCURVE('',#2587,#3276);
#3276 = DEFINITIONAL_REPRESENTATION('',(#3277),#3281);
#3277 = LINE('',#3278,#3279);
#3278 = CARTESIAN_POINT('',(0.,0.));
#3279 = VECTOR('',#3280,1.);
#3280 = DIRECTION('',(1.,0.));
#3281 = ( GEOMETRIC_REPRESENTATION_CONTEXT(2) 
PARAMETRIC_REPRESENTATION_CONTEXT() REPRESENTATION_CONTEXT('2D SPACE',''
  ) );
#3282 = PCURVE('',#3283,#3288);
#3283 = PLANE('',#3284);
#3284 = AXIS2_PLACEMENT_3D('',#3285,#3286,#3287);
#3285 = CARTESIAN_POINT('',(-33.70372324318,6.276581023636E-02,42.));
#3286 = DIRECTION('',(-0.996194698092,-8.715574274766E-02,0.));
#3287 = DIRECTION('',(0.,0.,1.));
#3288 = DEFINITIONAL_REPRESENTATION('',(#3289),#3293);
#3289 = LINE('',#3290,#3291);
#3290 = CARTESIAN_POINT('',(0.,-6.));
#3291 = VECTOR('',#3292,1.);
#3292 = DIRECTION('',(1.,0.));
#3293 = ( GEOMETRIC_REPRESENTATION_CONTEXT(2) 
PARAMETRIC_REPRESENTATION_CONTEXT() REPRESENTATION_CONTEXT('2D SPACE',''
  ) );
#3294 = ORIENTED_EDGE('',*,*,#3295,.T.);
#3295 = EDGE_CURVE('',#3268,#2549,#3296,.T.);
#3296 = SURFACE_CURVE('',#3297,(#3301,#3308),.PCURVE_S1.);
#3297 = LINE('',#3298,#3299);
#3298 = CARTESIAN_POINT('',(-33.18078878669,-5.914402378314,48.));
#3299 = VECTOR('',#3300,1.);
#3300 = DIRECTION('',(-0.996194698092,-8.715574274766E-02,0.));
#3301 = PCURVE('',#2587,#3302);
#3302 = DEFINITIONAL_REPRESENTATION('',(#3303),#3307);
#3303 = LINE('',#3304,#3305);
#3304 = CARTESIAN_POINT('',(6.,0.));
#3305 = VECTOR('',#3306,1.);
#3306 = DIRECTION('',(0.,1.));
#3307 = ( GEOMETRIC_REPRESENTATION_CONTEXT(2) 
PARAMETRIC_REPRESENTATION_CONTEXT() REPRESENTATION_CONTEXT('2D SPACE',''
  ) );
#3308 = PCURVE('',#296,#3309);
#3309 = DEFINITIONAL_REPRESENTATION('',(#3310),#3314);
#3310 = LINE('',#3311,#3312);
#3311 = CARTESIAN_POINT('',(-1.110223024625E-15,6.));
#3312 = VECTOR('',#3313,1.);
#3313 = DIRECTION('',(1.,0.));
#3314 = ( GEOMETRIC_REPRESENTATION_CONTEXT(2) 
PARAMETRIC_REPRESENTATION_CONTEXT() REPRESENTATION_CONTEXT('2D SPACE',''
  ) );
#3315 = ORIENTED_EDGE('',*,*,#2572,.F.);
#3316 = ADVANCED_FACE('',(#3317),#3283,.F.);
#3317 = FACE_BOUND('',#3318,.F.);
#3318 = EDGE_LOOP('',(#3319,#3349,#3370,#3371));
#3319 = ORIENTED_EDGE('',*,*,#3320,.F.);
#3320 = EDGE_CURVE('',#3321,#3323,#3325,.T.);
#3321 = VERTEX_POINT('',#3322);
#3322 = CARTESIAN_POINT('',(-33.70372324318,6.276581023636E-02,42.));
#3323 = VERTEX_POINT('',#3324);
#3324 = CARTESIAN_POINT('',(-33.70372324318,6.276581023636E-02,48.));
#3325 = SURFACE_CURVE('',#3326,(#3330,#3337),.PCURVE_S1.);
#3326 = LINE('',#3327,#3328);
#3327 = CARTESIAN_POINT('',(-33.70372324318,6.276581023636E-02,42.));
#3328 = VECTOR('',#3329,1.);
#3329 = DIRECTION('',(0.,0.,1.));
#3330 = PCURVE('',#3283,#3331);
#3331 = DEFINITIONAL_REPRESENTATION('',(#3332),#3336);
#3332 = LINE('',#3333,#3334);
#3333 = CARTESIAN_POINT('',(0.,0.));
#3334 = VECTOR('',#3335,1.);
#3335 = DIRECTION('',(1.,0.));
#3336 = ( GEOMETRIC_REPRESENTATION_CONTEXT(2) 
PARAMETRIC_REPRESENTATION_CONTEXT() REPRESENTATION_CONTEXT('2D SPACE',''
  ) );
#3337 = PCURVE('',#3338,#3343);
#3338 = PLANE('',#3339);
#3339 = AXIS2_PLACEMENT_3D('',#3340,#3341,#3342);
#3340 = CARTESIAN_POINT('',(-33.70372324318,6.276581023636E-02,42.));
#3341 = DIRECTION('',(8.715574274766E-02,-0.996194698092,0.));
#3342 = DIRECTION('',(0.,0.,1.));
#3343 = DEFINITIONAL_REPRESENTATION('',(#3344),#3348);
#3344 = LINE('',#3345,#3346);
#3345 = CARTESIAN_POINT('',(0.,0.));
#3346 = VECTOR('',#3347,1.);
#3347 = DIRECTION('',(1.,0.));
#3348 = ( GEOMETRIC_REPRESENTATION_CONTEXT(2) 
PARAMETRIC_REPRESENTATION_CONTEXT() REPRESENTATION_CONTEXT('2D SPACE',''
  ) );
#3349 = ORIENTED_EDGE('',*,*,#3350,.T.);
#3350 = EDGE_CURVE('',#3321,#3245,#3351,.T.);
#3351 = SURFACE_CURVE('',#3352,(#3356,#3363),.PCURVE_S1.);
#3352 = LINE('',#3353,#3354);
#3353 = CARTESIAN_POINT('',(-33.70372324318,6.276581023636E-02,42.));
#3354 = VECTOR('',#3355,1.);
#3355 = DIRECTION('',(8.715574274766E-02,-0.996194698092,0.));
#3356 = PCURVE('',#3283,#3357);
#3357 = DEFINITIONAL_REPRESENTATION('',(#3358),#3362);
#3358 = LINE('',#3359,#3360);
#3359 = CARTESIAN_POINT('',(0.,0.));
#3360 = VECTOR('',#3361,1.);
#3361 = DIRECTION('',(0.,-1.));
#3362 = ( GEOMETRIC_REPRESENTATION_CONTEXT(2) 
PARAMETRIC_REPRESENTATION_CONTEXT() REPRESENTATION_CONTEXT('2D SPACE',''
  ) );
#3363 = PCURVE('',#351,#3364);
#3364 = DEFINITIONAL_REPRESENTATION('',(#3365),#3369);
#3365 = LINE('',#3366,#3367);
#3366 = CARTESIAN_POINT('',(0.,0.));
#3367 = VECTOR('',#3368,1.);
#3368 = DIRECTION('',(0.,1.));
#3369 = ( GEOMETRIC_REPRESENTATION_CONTEXT(2) 
PARAMETRIC_REPRESENTATION_CONTEXT() REPRESENTATION_CONTEXT('2D SPACE',''
  ) );
#3370 = ORIENTED_EDGE('',*,*,#3267,.T.);
#3371 = ORIENTED_EDGE('',*,*,#3372,.F.);
#3372 = EDGE_CURVE('',#3323,#3268,#3373,.T.);
#3373 = SURFACE_CURVE('',#3374,(#3378,#3385),.PCURVE_S1.);
#3374 = LINE('',#3375,#3376);
#3375 = CARTESIAN_POINT('',(-33.70372324318,6.276581023636E-02,48.));
#3376 = VECTOR('',#3377,1.);
#3377 = DIRECTION('',(8.715574274766E-02,-0.996194698092,0.));
#3378 = PCURVE('',#3283,#3379);
#3379 = DEFINITIONAL_REPRESENTATION('',(#3380),#3384);
#3380 = LINE('',#3381,#3382);
#3381 = CARTESIAN_POINT('',(6.,0.));
#3382 = VECTOR('',#3383,1.);
#3383 = DIRECTION('',(0.,-1.));
#3384 = ( GEOMETRIC_REPRESENTATION_CONTEXT(2) 
PARAMETRIC_REPRESENTATION_CONTEXT() REPRESENTATION_CONTEXT('2D SPACE',''
  ) );
#3385 = PCURVE('',#296,#3386);
#3386 = DEFINITIONAL_REPRESENTATION('',(#3387),#3391);
#3387 = LINE('',#3388,#3389);
#3388 = CARTESIAN_POINT('',(0.,0.));
#3389 = VECTOR('',#3390,1.);
#3390 = DIRECTION('',(0.,1.));
#3391 = ( GEOMETRIC_REPRESENTATION_CONTEXT(2) 
PARAMETRIC_REPRESENTATION_CONTEXT() REPRESENTATION_CONTEXT('2D SPACE',''
  ) );
#3392 = ADVANCED_FACE('',(#3393),#3338,.F.);
#3393 = FACE_BOUND('',#3394,.F.);
#3394 = EDGE_LOOP('',(#3395,#3418,#3419,#3442));
#3395 = ORIENTED_EDGE('',*,*,#3396,.F.);
#3396 = EDGE_CURVE('',#3321,#3397,#3399,.T.);
#3397 = VERTEX_POINT('',#3398);
#3398 = CARTESIAN_POINT('',(-42.63798626831,-0.718880921421,42.));
#3399 = SURFACE_CURVE('',#3400,(#3404,#3411),.PCURVE_S1.);
#3400 = LINE('',#3401,#3402);
#3401 = CARTESIAN_POINT('',(-33.70372324318,6.276581023636E-02,42.));
#3402 = VECTOR('',#3403,1.);
#3403 = DIRECTION('',(-0.996194698092,-8.715574274766E-02,0.));
#3404 = PCURVE('',#3338,#3405);
#3405 = DEFINITIONAL_REPRESENTATION('',(#3406),#3410);
#3406 = LINE('',#3407,#3408);
#3407 = CARTESIAN_POINT('',(0.,0.));
#3408 = VECTOR('',#3409,1.);
#3409 = DIRECTION('',(0.,1.));
#3410 = ( GEOMETRIC_REPRESENTATION_CONTEXT(2) 
PARAMETRIC_REPRESENTATION_CONTEXT() REPRESENTATION_CONTEXT('2D SPACE',''
  ) );
#3411 = PCURVE('',#351,#3412);
#3412 = DEFINITIONAL_REPRESENTATION('',(#3413),#3417);
#3413 = LINE('',#3414,#3415);
#3414 = CARTESIAN_POINT('',(0.,0.));
#3415 = VECTOR('',#3416,1.);
#3416 = DIRECTION('',(1.,0.));
#3417 = ( GEOMETRIC_REPRESENTATION_CONTEXT(2) 
PARAMETRIC_REPRESENTATION_CONTEXT() REPRESENTATION_CONTEXT('2D SPACE',''
  ) );
#3418 = ORIENTED_EDGE('',*,*,#3320,.T.);
#3419 = ORIENTED_EDGE('',*,*,#3420,.T.);
#3420 = EDGE_CURVE('',#3323,#3421,#3423,.T.);
#3421 = VERTEX_POINT('',#3422);
#3422 = CARTESIAN_POINT('',(-42.63798626831,-0.718880921421,48.));
#3423 = SURFACE_CURVE('',#3424,(#3428,#3435),.PCURVE_S1.);
#3424 = LINE('',#3425,#3426);
#3425 = CARTESIAN_POINT('',(-33.70372324318,6.276581023636E-02,48.));
#3426 = VECTOR('',#3427,1.);
#3427 = DIRECTION('',(-0.996194698092,-8.715574274766E-02,0.));
#3428 = PCURVE('',#3338,#3429);
#3429 = DEFINITIONAL_REPRESENTATION('',(#3430),#3434);
#3430 = LINE('',#3431,#3432);
#3431 = CARTESIAN_POINT('',(6.,0.));
#3432 = VECTOR('',#3433,1.);
#3433 = DIRECTION('',(0.,1.));
#3434 = ( GEOMETRIC_REPRESENTATION_CONTEXT(2) 
PARAMETRIC_REPRESENTATION_CONTEXT() REPRESENTATION_CONTEXT('2D SPACE',''
  ) );
#3435 = PCURVE('',#296,#3436);
#3436 = DEFINITIONAL_REPRESENTATION('',(#3437),#3441);
#3437 = LINE('',#3438,#3439);
#3438 = CARTESIAN_POINT('',(0.,0.));
#3439 = VECTOR('',#3440,1.);
#3440 = DIRECTION('',(1.,0.));
#3441 = ( GEOMETRIC_REPRESENTATION_CONTEXT(2) 
PARAMETRIC_REPRESENTATION_CONTEXT() REPRESENTATION_CONTEXT('2D SPACE',''
  ) );
#3442 = ORIENTED_EDGE('',*,*,#3443,.F.);
#3443 = EDGE_CURVE('',#3397,#3421,#3444,.T.);
#3444 = SURFACE_CURVE('',#3445,(#3449,#3455),.PCURVE_S1.);
#3445 = LINE('',#3446,#3447);
#3446 = CARTESIAN_POINT('',(-42.63798626831,-0.718880921421,42.));
#3447 = VECTOR('',#3448,1.);
#3448 = DIRECTION('',(0.,0.,1.));
#3449 = PCURVE('',#3338,#3450);
#3450 = DEFINITIONAL_REPRESENTATION('',(#3451),#3454);
#3451 = B_SPLINE_CURVE_WITH_KNOTS('',1,(#3452,#3453),.UNSPECIFIED.,.F.,
  .F.,(2,2),(-2.399999999625E-06,6.0000024),.PIECEWISE_BEZIER_KNOTS.);
#3452 = CARTESIAN_POINT('',(-2.399999999625E-06,8.968390458455));
#3453 = CARTESIAN_POINT('',(6.0000024,8.968390458455));
#3454 = ( GEOMETRIC_REPRESENTATION_CONTEXT(2) 
PARAMETRIC_REPRESENTATION_CONTEXT() REPRESENTATION_CONTEXT('2D SPACE',''
  ) );
#3455 = PCURVE('',#3456,#3461);
#3456 = CYLINDRICAL_SURFACE('',#3457,6.);
#3457 = AXIS2_PLACEMENT_3D('',#3458,#3459,#3460);
#3458 = CARTESIAN_POINT('',(-48.59476477861,5.951142314145E-15,42.));
#3459 = DIRECTION('',(0.,0.,1.));
#3460 = DIRECTION('',(1.,0.,-0.));
#3461 = DEFINITIONAL_REPRESENTATION('',(#3462),#3465);
#3462 = B_SPLINE_CURVE_WITH_KNOTS('',1,(#3463,#3464),.UNSPECIFIED.,.F.,
  .F.,(2,2),(0.,6.),.PIECEWISE_BEZIER_KNOTS.);
#3463 = CARTESIAN_POINT('',(6.163083293323,0.));
#3464 = CARTESIAN_POINT('',(6.163083293323,6.));
#3465 = ( GEOMETRIC_REPRESENTATION_CONTEXT(2) 
PARAMETRIC_REPRESENTATION_CONTEXT() REPRESENTATION_CONTEXT('2D SPACE',''
  ) );
#3466 = ADVANCED_FACE('',(#3467),#3456,.T.);
#3467 = FACE_BOUND('',#3468,.T.);
#3468 = EDGE_LOOP('',(#3469,#3493,#3494,#3522));
#3469 = ORIENTED_EDGE('',*,*,#3470,.F.);
#3470 = EDGE_CURVE('',#3421,#3471,#3473,.T.);
#3471 = VERTEX_POINT('',#3472);
#3472 = CARTESIAN_POINT('',(-48.25629281886,-5.990445453592,48.));
#3473 = SURFACE_CURVE('',#3474,(#3479,#3486),.PCURVE_S1.);
#3474 = CIRCLE('',#3475,6.);
#3475 = AXIS2_PLACEMENT_3D('',#3476,#3477,#3478);
#3476 = CARTESIAN_POINT('',(-48.59476477861,5.951142314145E-15,48.));
#3477 = DIRECTION('',(0.,0.,1.));
#3478 = DIRECTION('',(0.992796418384,-0.119813486904,0.));
#3479 = PCURVE('',#3456,#3480);
#3480 = DEFINITIONAL_REPRESENTATION('',(#3481),#3485);
#3481 = LINE('',#3482,#3483);
#3482 = CARTESIAN_POINT('',(6.163083293323,6.));
#3483 = VECTOR('',#3484,1.);
#3484 = DIRECTION('',(1.,0.));
#3485 = ( GEOMETRIC_REPRESENTATION_CONTEXT(2) 
PARAMETRIC_REPRESENTATION_CONTEXT() REPRESENTATION_CONTEXT('2D SPACE',''
  ) );
#3486 = PCURVE('',#296,#3487);
#3487 = DEFINITIONAL_REPRESENTATION('',(#3488),#3492);
#3488 = CIRCLE('',#3489,6.);
#3489 = AXIS2_PLACEMENT_2D('',#3490,#3491);
#3490 = CARTESIAN_POINT('',(14.839847027472,-1.235312817928));
#3491 = DIRECTION('',(-0.978576094836,0.205885469655));
#3492 = ( GEOMETRIC_REPRESENTATION_CONTEXT(2) 
PARAMETRIC_REPRESENTATION_CONTEXT() REPRESENTATION_CONTEXT('2D SPACE',''
  ) );
#3493 = ORIENTED_EDGE('',*,*,#3443,.F.);
#3494 = ORIENTED_EDGE('',*,*,#3495,.F.);
#3495 = EDGE_CURVE('',#3496,#3397,#3498,.T.);
#3496 = VERTEX_POINT('',#3497);
#3497 = CARTESIAN_POINT('',(-48.25629281886,-5.990445453592,42.));
#3498 = SURFACE_CURVE('',#3499,(#3504,#3511),.PCURVE_S1.);
#3499 = CIRCLE('',#3500,6.);
#3500 = AXIS2_PLACEMENT_3D('',#3501,#3502,#3503);
#3501 = CARTESIAN_POINT('',(-48.59476477861,5.951142314145E-15,42.));
#3502 = DIRECTION('',(0.,-0.,-1.));
#3503 = DIRECTION('',(5.641199329134E-02,-0.998407575599,0.));
#3504 = PCURVE('',#3456,#3505);
#3505 = DEFINITIONAL_REPRESENTATION('',(#3506),#3510);
#3506 = LINE('',#3507,#3508);
#3507 = CARTESIAN_POINT('',(11.052016243887,0.));
#3508 = VECTOR('',#3509,1.);
#3509 = DIRECTION('',(-1.,-0.));
#3510 = ( GEOMETRIC_REPRESENTATION_CONTEXT(2) 
PARAMETRIC_REPRESENTATION_CONTEXT() REPRESENTATION_CONTEXT('2D SPACE',''
  ) );
#3511 = PCURVE('',#351,#3512);
#3512 = DEFINITIONAL_REPRESENTATION('',(#3513),#3521);
#3513 = ( BOUNDED_CURVE() B_SPLINE_CURVE(2,(#3514,#3515,#3516,#3517,
#3518,#3519,#3520),.UNSPECIFIED.,.T.,.F.) B_SPLINE_CURVE_WITH_KNOTS((1,2
    ,2,2,2,1),(-2.094395102393,0.,2.094395102393,4.188790204786,
6.28318530718,8.377580409573),.UNSPECIFIED.) CURVE() 
GEOMETRIC_REPRESENTATION_ITEM() RATIONAL_B_SPLINE_CURVE((1.,0.5,1.,0.5,
1.,0.5,1.)) REPRESENTATION_ITEM('') );
#3514 = CARTESIAN_POINT('',(15.024764778616,4.7618369572));
#3515 = CARTESIAN_POINT('',(25.412132889737,4.441550016998));
#3516 = CARTESIAN_POINT('',(19.941072207461,-4.394031175593));
#3517 = CARTESIAN_POINT('',(14.470011525186,-13.22961236818));
#3518 = CARTESIAN_POINT('',(9.55370409634,-4.073744235391));
#3519 = CARTESIAN_POINT('',(4.637396667495,5.082123897401));
#3520 = CARTESIAN_POINT('',(15.024764778616,4.7618369572));
#3521 = ( GEOMETRIC_REPRESENTATION_CONTEXT(2) 
PARAMETRIC_REPRESENTATION_CONTEXT() REPRESENTATION_CONTEXT('2D SPACE',''
  ) );
#3522 = ORIENTED_EDGE('',*,*,#3523,.T.);
#3523 = EDGE_CURVE('',#3496,#3471,#3524,.T.);
#3524 = SURFACE_CURVE('',#3525,(#3529,#3535),.PCURVE_S1.);
#3525 = LINE('',#3526,#3527);
#3526 = CARTESIAN_POINT('',(-48.25629281886,-5.990445453592,42.));
#3527 = VECTOR('',#3528,1.);
#3528 = DIRECTION('',(0.,0.,1.));
#3529 = PCURVE('',#3456,#3530);
#3530 = DEFINITIONAL_REPRESENTATION('',(#3531),#3534);
#3531 = B_SPLINE_CURVE_WITH_KNOTS('',1,(#3532,#3533),.UNSPECIFIED.,.F.,
  .F.,(2,2),(0.,6.),.PIECEWISE_BEZIER_KNOTS.);
#3532 = CARTESIAN_POINT('',(11.052016243887,0.));
#3533 = CARTESIAN_POINT('',(11.052016243887,6.));
#3534 = ( GEOMETRIC_REPRESENTATION_CONTEXT(2) 
PARAMETRIC_REPRESENTATION_CONTEXT() REPRESENTATION_CONTEXT('2D SPACE',''
  ) );
#3535 = PCURVE('',#3536,#3541);
#3536 = PLANE('',#3537);
#3537 = AXIS2_PLACEMENT_3D('',#3538,#3539,#3540);
#3538 = CARTESIAN_POINT('',(-48.67131425571,-1.246728723653,42.));
#3539 = DIRECTION('',(-0.996194698092,-8.715574274766E-02,0.));
#3540 = DIRECTION('',(0.,0.,1.));
#3541 = DEFINITIONAL_REPRESENTATION('',(#3542),#3545);
#3542 = B_SPLINE_CURVE_WITH_KNOTS('',1,(#3543,#3544),.UNSPECIFIED.,.F.,
  .F.,(2,2),(-2.399999999625E-06,6.0000024),.PIECEWISE_BEZIER_KNOTS.);
#3543 = CARTESIAN_POINT('',(-2.399999999625E-06,-4.7618369572));
#3544 = CARTESIAN_POINT('',(6.0000024,-4.7618369572));
#3545 = ( GEOMETRIC_REPRESENTATION_CONTEXT(2) 
PARAMETRIC_REPRESENTATION_CONTEXT() REPRESENTATION_CONTEXT('2D SPACE',''
  ) );
#3546 = ADVANCED_FACE('',(#3547),#3536,.T.);
#3547 = FACE_BOUND('',#3548,.T.);
#3548 = EDGE_LOOP('',(#3549,#3572,#3573,#3596));
#3549 = ORIENTED_EDGE('',*,*,#3550,.F.);
#3550 = EDGE_CURVE('',#3471,#3551,#3553,.T.);
#3551 = VERTEX_POINT('',#3552);
#3552 = CARTESIAN_POINT('',(-48.14837979923,-7.223896912203,48.));
#3553 = SURFACE_CURVE('',#3554,(#3558,#3565),.PCURVE_S1.);
#3554 = LINE('',#3555,#3556);
#3555 = CARTESIAN_POINT('',(-48.67131425571,-1.246728723653,48.));
#3556 = VECTOR('',#3557,1.);
#3557 = DIRECTION('',(8.715574274766E-02,-0.996194698092,0.));
#3558 = PCURVE('',#3536,#3559);
#3559 = DEFINITIONAL_REPRESENTATION('',(#3560),#3564);
#3560 = LINE('',#3561,#3562);
#3561 = CARTESIAN_POINT('',(6.,0.));
#3562 = VECTOR('',#3563,1.);
#3563 = DIRECTION('',(0.,-1.));
#3564 = ( GEOMETRIC_REPRESENTATION_CONTEXT(2) 
PARAMETRIC_REPRESENTATION_CONTEXT() REPRESENTATION_CONTEXT('2D SPACE',''
  ) );
#3565 = PCURVE('',#296,#3566);
#3566 = DEFINITIONAL_REPRESENTATION('',(#3567),#3571);
#3567 = LINE('',#3568,#3569);
#3568 = CARTESIAN_POINT('',(15.024764778616,0.));
#3569 = VECTOR('',#3570,1.);
#3570 = DIRECTION('',(0.,1.));
#3571 = ( GEOMETRIC_REPRESENTATION_CONTEXT(2) 
PARAMETRIC_REPRESENTATION_CONTEXT() REPRESENTATION_CONTEXT('2D SPACE',''
  ) );
#3572 = ORIENTED_EDGE('',*,*,#3523,.F.);
#3573 = ORIENTED_EDGE('',*,*,#3574,.T.);
#3574 = EDGE_CURVE('',#3496,#3575,#3577,.T.);
#3575 = VERTEX_POINT('',#3576);
#3576 = CARTESIAN_POINT('',(-48.14837979923,-7.223896912203,42.));
#3577 = SURFACE_CURVE('',#3578,(#3582,#3589),.PCURVE_S1.);
#3578 = LINE('',#3579,#3580);
#3579 = CARTESIAN_POINT('',(-48.67131425571,-1.246728723653,42.));
#3580 = VECTOR('',#3581,1.);
#3581 = DIRECTION('',(8.715574274766E-02,-0.996194698092,0.));
#3582 = PCURVE('',#3536,#3583);
#3583 = DEFINITIONAL_REPRESENTATION('',(#3584),#3588);
#3584 = LINE('',#3585,#3586);
#3585 = CARTESIAN_POINT('',(0.,0.));
#3586 = VECTOR('',#3587,1.);
#3587 = DIRECTION('',(0.,-1.));
#3588 = ( GEOMETRIC_REPRESENTATION_CONTEXT(2) 
PARAMETRIC_REPRESENTATION_CONTEXT() REPRESENTATION_CONTEXT('2D SPACE',''
  ) );
#3589 = PCURVE('',#351,#3590);
#3590 = DEFINITIONAL_REPRESENTATION('',(#3591),#3595);
#3591 = LINE('',#3592,#3593);
#3592 = CARTESIAN_POINT('',(15.024764778616,0.));
#3593 = VECTOR('',#3594,1.);
#3594 = DIRECTION('',(0.,1.));
#3595 = ( GEOMETRIC_REPRESENTATION_CONTEXT(2) 
PARAMETRIC_REPRESENTATION_CONTEXT() REPRESENTATION_CONTEXT('2D SPACE',''
  ) );
#3596 = ORIENTED_EDGE('',*,*,#3597,.T.);
#3597 = EDGE_CURVE('',#3575,#3551,#3598,.T.);
#3598 = SURFACE_CURVE('',#3599,(#3603,#3610),.PCURVE_S1.);
#3599 = LINE('',#3600,#3601);
#3600 = CARTESIAN_POINT('',(-48.14837979923,-7.223896912203,42.));
#3601 = VECTOR('',#3602,1.);
#3602 = DIRECTION('',(0.,0.,1.));
#3603 = PCURVE('',#3536,#3604);
#3604 = DEFINITIONAL_REPRESENTATION('',(#3605),#3609);
#3605 = LINE('',#3606,#3607);
#3606 = CARTESIAN_POINT('',(0.,-6.));
#3607 = VECTOR('',#3608,1.);
#3608 = DIRECTION('',(1.,0.));
#3609 = ( GEOMETRIC_REPRESENTATION_CONTEXT(2) 
PARAMETRIC_REPRESENTATION_CONTEXT() REPRESENTATION_CONTEXT('2D SPACE',''
  ) );
#3610 = PCURVE('',#323,#3611);
#3611 = DEFINITIONAL_REPRESENTATION('',(#3612),#3616);
#3612 = LINE('',#3613,#3614);
#3613 = CARTESIAN_POINT('',(0.,15.024764778616));
#3614 = VECTOR('',#3615,1.);
#3615 = DIRECTION('',(1.,0.));
#3616 = ( GEOMETRIC_REPRESENTATION_CONTEXT(2) 
PARAMETRIC_REPRESENTATION_CONTEXT() REPRESENTATION_CONTEXT('2D SPACE',''
  ) );
#3617 = ADVANCED_FACE('',(#3618),#2510,.F.);
#3618 = FACE_BOUND('',#3619,.F.);
#3619 = EDGE_LOOP('',(#3620,#3643,#3671,#3692));
#3620 = ORIENTED_EDGE('',*,*,#3621,.F.);
#3621 = EDGE_CURVE('',#3622,#2472,#3624,.T.);
#3622 = VERTEX_POINT('',#3623);
#3623 = CARTESIAN_POINT('',(32.919321558454,-8.902986472589,50.4));
#3624 = SURFACE_CURVE('',#3625,(#3629,#3636),.PCURVE_S1.);
#3625 = LINE('',#3626,#3627);
#3626 = CARTESIAN_POINT('',(32.919321558454,-8.902986472589,50.4));
#3627 = VECTOR('',#3628,1.);
#3628 = DIRECTION('',(0.996194698092,-8.715574274766E-02,0.));
#3629 = PCURVE('',#2510,#3630);
#3630 = DEFINITIONAL_REPRESENTATION('',(#3631),#3635);
#3631 = LINE('',#3632,#3633);
#3632 = CARTESIAN_POINT('',(0.,0.));
#3633 = VECTOR('',#3634,1.);
#3634 = DIRECTION('',(0.,1.));
#3635 = ( GEOMETRIC_REPRESENTATION_CONTEXT(2) 
PARAMETRIC_REPRESENTATION_CONTEXT() REPRESENTATION_CONTEXT('2D SPACE',''
  ) );
#3636 = PCURVE('',#182,#3637);
#3637 = DEFINITIONAL_REPRESENTATION('',(#3638),#3642);
#3638 = LINE('',#3639,#3640);
#3639 = CARTESIAN_POINT('',(0.,0.));
#3640 = VECTOR('',#3641,1.);
#3641 = DIRECTION('',(1.,0.));
#3642 = ( GEOMETRIC_REPRESENTATION_CONTEXT(2) 
PARAMETRIC_REPRESENTATION_CONTEXT() REPRESENTATION_CONTEXT('2D SPACE',''
  ) );
#3643 = ORIENTED_EDGE('',*,*,#3644,.T.);
#3644 = EDGE_CURVE('',#3622,#3645,#3647,.T.);
#3645 = VERTEX_POINT('',#3646);
#3646 = CARTESIAN_POINT('',(32.919321558454,-8.902986472589,70.));
#3647 = SURFACE_CURVE('',#3648,(#3652,#3659),.PCURVE_S1.);
#3648 = LINE('',#3649,#3650);
#3649 = CARTESIAN_POINT('',(32.919321558454,-8.902986472589,50.4));
#3650 = VECTOR('',#3651,1.);
#3651 = DIRECTION('',(0.,0.,1.));
#3652 = PCURVE('',#2510,#3653);
#3653 = DEFINITIONAL_REPRESENTATION('',(#3654),#3658);
#3654 = LINE('',#3655,#3656);
#3655 = CARTESIAN_POINT('',(0.,0.));
#3656 = VECTOR('',#3657,1.);
#3657 = DIRECTION('',(1.,0.));
#3658 = ( GEOMETRIC_REPRESENTATION_CONTEXT(2) 
PARAMETRIC_REPRESENTATION_CONTEXT() REPRESENTATION_CONTEXT('2D SPACE',''
  ) );
#3659 = PCURVE('',#3660,#3665);
#3660 = PLANE('',#3661);
#3661 = AXIS2_PLACEMENT_3D('',#3662,#3663,#3664);
#3662 = CARTESIAN_POINT('',(32.919321558454,-8.902986472589,50.4));
#3663 = DIRECTION('',(0.996194698092,-8.715574274766E-02,0.));
#3664 = DIRECTION('',(0.,0.,1.));
#3665 = DEFINITIONAL_REPRESENTATION('',(#3666),#3670);
#3666 = LINE('',#3667,#3668);
#3667 = CARTESIAN_POINT('',(0.,0.));
#3668 = VECTOR('',#3669,1.);
#3669 = DIRECTION('',(1.,0.));
#3670 = ( GEOMETRIC_REPRESENTATION_CONTEXT(2) 
PARAMETRIC_REPRESENTATION_CONTEXT() REPRESENTATION_CONTEXT('2D SPACE',''
  ) );
#3671 = ORIENTED_EDGE('',*,*,#3672,.T.);
#3672 = EDGE_CURVE('',#3645,#2496,#3673,.T.);
#3673 = SURFACE_CURVE('',#3674,(#3678,#3685),.PCURVE_S1.);
#3674 = LINE('',#3675,#3676);
#3675 = CARTESIAN_POINT('',(32.919321558454,-8.902986472589,70.));
#3676 = VECTOR('',#3677,1.);
#3677 = DIRECTION('',(0.996194698092,-8.715574274766E-02,0.));
#3678 = PCURVE('',#2510,#3679);
#3679 = DEFINITIONAL_REPRESENTATION('',(#3680),#3684);
#3680 = LINE('',#3681,#3682);
#3681 = CARTESIAN_POINT('',(19.6,0.));
#3682 = VECTOR('',#3683,1.);
#3683 = DIRECTION('',(0.,1.));
#3684 = ( GEOMETRIC_REPRESENTATION_CONTEXT(2) 
PARAMETRIC_REPRESENTATION_CONTEXT() REPRESENTATION_CONTEXT('2D SPACE',''
  ) );
#3685 = PCURVE('',#237,#3686);
#3686 = DEFINITIONAL_REPRESENTATION('',(#3687),#3691);
#3687 = LINE('',#3688,#3689);
#3688 = CARTESIAN_POINT('',(32.919321558454,-8.902986472589));
#3689 = VECTOR('',#3690,1.);
#3690 = DIRECTION('',(0.996194698092,-8.715574274766E-02));
#3691 = ( GEOMETRIC_REPRESENTATION_CONTEXT(2) 
PARAMETRIC_REPRESENTATION_CONTEXT() REPRESENTATION_CONTEXT('2D SPACE',''
  ) );
#3692 = ORIENTED_EDGE('',*,*,#2495,.F.);
#3693 = ADVANCED_FACE('',(#3694),#3660,.F.);
#3694 = FACE_BOUND('',#3695,.F.);
#3695 = EDGE_LOOP('',(#3696,#3697,#3720,#3748));
#3696 = ORIENTED_EDGE('',*,*,#3644,.F.);
#3697 = ORIENTED_EDGE('',*,*,#3698,.T.);
#3698 = EDGE_CURVE('',#3622,#3699,#3701,.T.);
#3699 = VERTEX_POINT('',#3700);
#3700 = CARTESIAN_POINT('',(33.965190471426,3.051349904512,50.4));
#3701 = SURFACE_CURVE('',#3702,(#3706,#3713),.PCURVE_S1.);
#3702 = LINE('',#3703,#3704);
#3703 = CARTESIAN_POINT('',(32.919321558454,-8.902986472589,50.4));
#3704 = VECTOR('',#3705,1.);
#3705 = DIRECTION('',(8.715574274766E-02,0.996194698092,0.));
#3706 = PCURVE('',#3660,#3707);
#3707 = DEFINITIONAL_REPRESENTATION('',(#3708),#3712);
#3708 = LINE('',#3709,#3710);
#3709 = CARTESIAN_POINT('',(0.,0.));
#3710 = VECTOR('',#3711,1.);
#3711 = DIRECTION('',(0.,-1.));
#3712 = ( GEOMETRIC_REPRESENTATION_CONTEXT(2) 
PARAMETRIC_REPRESENTATION_CONTEXT() REPRESENTATION_CONTEXT('2D SPACE',''
  ) );
#3713 = PCURVE('',#182,#3714);
#3714 = DEFINITIONAL_REPRESENTATION('',(#3715),#3719);
#3715 = LINE('',#3716,#3717);
#3716 = CARTESIAN_POINT('',(0.,0.));
#3717 = VECTOR('',#3718,1.);
#3718 = DIRECTION('',(0.,1.));
#3719 = ( GEOMETRIC_REPRESENTATION_CONTEXT(2) 
PARAMETRIC_REPRESENTATION_CONTEXT() REPRESENTATION_CONTEXT('2D SPACE',''
  ) );
#3720 = ORIENTED_EDGE('',*,*,#3721,.T.);
#3721 = EDGE_CURVE('',#3699,#3722,#3724,.T.);
#3722 = VERTEX_POINT('',#3723);
#3723 = CARTESIAN_POINT('',(33.965190471426,3.051349904512,70.));
#3724 = SURFACE_CURVE('',#3725,(#3729,#3736),.PCURVE_S1.);
#3725 = LINE('',#3726,#3727);
#3726 = CARTESIAN_POINT('',(33.965190471426,3.051349904512,50.4));
#3727 = VECTOR('',#3728,1.);
#3728 = DIRECTION('',(0.,0.,1.));
#3729 = PCURVE('',#3660,#3730);
#3730 = DEFINITIONAL_REPRESENTATION('',(#3731),#3735);
#3731 = LINE('',#3732,#3733);
#3732 = CARTESIAN_POINT('',(0.,-12.));
#3733 = VECTOR('',#3734,1.);
#3734 = DIRECTION('',(1.,0.));
#3735 = ( GEOMETRIC_REPRESENTATION_CONTEXT(2) 
PARAMETRIC_REPRESENTATION_CONTEXT() REPRESENTATION_CONTEXT('2D SPACE',''
  ) );
#3736 = PCURVE('',#3737,#3742);
#3737 = PLANE('',#3738);
#3738 = AXIS2_PLACEMENT_3D('',#3739,#3740,#3741);
#3739 = CARTESIAN_POINT('',(33.965190471426,3.051349904512,50.4));
#3740 = DIRECTION('',(8.715574274766E-02,0.996194698092,0.));
#3741 = DIRECTION('',(0.,0.,1.));
#3742 = DEFINITIONAL_REPRESENTATION('',(#3743),#3747);
#3743 = LINE('',#3744,#3745);
#3744 = CARTESIAN_POINT('',(0.,0.));
#3745 = VECTOR('',#3746,1.);
#3746 = DIRECTION('',(1.,0.));
#3747 = ( GEOMETRIC_REPRESENTATION_CONTEXT(2) 
PARAMETRIC_REPRESENTATION_CONTEXT() REPRESENTATION_CONTEXT('2D SPACE',''
  ) );
#3748 = ORIENTED_EDGE('',*,*,#3749,.F.);
#3749 = EDGE_CURVE('',#3645,#3722,#3750,.T.);
#3750 = SURFACE_CURVE('',#3751,(#3755,#3762),.PCURVE_S1.);
#3751 = LINE('',#3752,#3753);
#3752 = CARTESIAN_POINT('',(32.919321558454,-8.902986472589,70.));
#3753 = VECTOR('',#3754,1.);
#3754 = DIRECTION('',(8.715574274766E-02,0.996194698092,0.));
#3755 = PCURVE('',#3660,#3756);
#3756 = DEFINITIONAL_REPRESENTATION('',(#3757),#3761);
#3757 = LINE('',#3758,#3759);
#3758 = CARTESIAN_POINT('',(19.6,0.));
#3759 = VECTOR('',#3760,1.);
#3760 = DIRECTION('',(0.,-1.));
#3761 = ( GEOMETRIC_REPRESENTATION_CONTEXT(2) 
PARAMETRIC_REPRESENTATION_CONTEXT() REPRESENTATION_CONTEXT('2D SPACE',''
  ) );
#3762 = PCURVE('',#237,#3763);
#3763 = DEFINITIONAL_REPRESENTATION('',(#3764),#3768);
#3764 = LINE('',#3765,#3766);
#3765 = CARTESIAN_POINT('',(32.919321558454,-8.902986472589));
#3766 = VECTOR('',#3767,1.);
#3767 = DIRECTION('',(8.715574274766E-02,0.996194698092));
#3768 = ( GEOMETRIC_REPRESENTATION_CONTEXT(2) 
PARAMETRIC_REPRESENTATION_CONTEXT() REPRESENTATION_CONTEXT('2D SPACE',''
  ) );
#3769 = ADVANCED_FACE('',(#3770),#3737,.T.);
#3770 = FACE_BOUND('',#3771,.T.);
#3771 = EDGE_LOOP('',(#3772,#3795,#3796,#3819));
#3772 = ORIENTED_EDGE('',*,*,#3773,.F.);
#3773 = EDGE_CURVE('',#3699,#3774,#3776,.T.);
#3774 = VERTEX_POINT('',#3775);
#3775 = CARTESIAN_POINT('',(43.035768266269,2.257777175833,50.4));
#3776 = SURFACE_CURVE('',#3777,(#3781,#3788),.PCURVE_S1.);
#3777 = LINE('',#3778,#3779);
#3778 = CARTESIAN_POINT('',(33.965190471426,3.051349904512,50.4));
#3779 = VECTOR('',#3780,1.);
#3780 = DIRECTION('',(0.996194698092,-8.715574274766E-02,0.));
#3781 = PCURVE('',#3737,#3782);
#3782 = DEFINITIONAL_REPRESENTATION('',(#3783),#3787);
#3783 = LINE('',#3784,#3785);
#3784 = CARTESIAN_POINT('',(0.,0.));
#3785 = VECTOR('',#3786,1.);
#3786 = DIRECTION('',(0.,1.));
#3787 = ( GEOMETRIC_REPRESENTATION_CONTEXT(2) 
PARAMETRIC_REPRESENTATION_CONTEXT() REPRESENTATION_CONTEXT('2D SPACE',''
  ) );
#3788 = PCURVE('',#182,#3789);
#3789 = DEFINITIONAL_REPRESENTATION('',(#3790),#3794);
#3790 = LINE('',#3791,#3792);
#3791 = CARTESIAN_POINT('',(-2.22044604925E-15,12.));
#3792 = VECTOR('',#3793,1.);
#3793 = DIRECTION('',(1.,0.));
#3794 = ( GEOMETRIC_REPRESENTATION_CONTEXT(2) 
PARAMETRIC_REPRESENTATION_CONTEXT() REPRESENTATION_CONTEXT('2D SPACE',''
  ) );
#3795 = ORIENTED_EDGE('',*,*,#3721,.T.);
#3796 = ORIENTED_EDGE('',*,*,#3797,.T.);
#3797 = EDGE_CURVE('',#3722,#3798,#3800,.T.);
#3798 = VERTEX_POINT('',#3799);
#3799 = CARTESIAN_POINT('',(43.035768266269,2.257777175833,70.));
#3800 = SURFACE_CURVE('',#3801,(#3805,#3812),.PCURVE_S1.);
#3801 = LINE('',#3802,#3803);
#3802 = CARTESIAN_POINT('',(33.965190471426,3.051349904512,70.));
#3803 = VECTOR('',#3804,1.);
#3804 = DIRECTION('',(0.996194698092,-8.715574274766E-02,0.));
#3805 = PCURVE('',#3737,#3806);
#3806 = DEFINITIONAL_REPRESENTATION('',(#3807),#3811);
#3807 = LINE('',#3808,#3809);
#3808 = CARTESIAN_POINT('',(19.6,0.));
#3809 = VECTOR('',#3810,1.);
#3810 = DIRECTION('',(0.,1.));
#3811 = ( GEOMETRIC_REPRESENTATION_CONTEXT(2) 
PARAMETRIC_REPRESENTATION_CONTEXT() REPRESENTATION_CONTEXT('2D SPACE',''
  ) );
#3812 = PCURVE('',#237,#3813);
#3813 = DEFINITIONAL_REPRESENTATION('',(#3814),#3818);
#3814 = LINE('',#3815,#3816);
#3815 = CARTESIAN_POINT('',(33.965190471426,3.051349904512));
#3816 = VECTOR('',#3817,1.);
#3817 = DIRECTION('',(0.996194698092,-8.715574274766E-02));
#3818 = ( GEOMETRIC_REPRESENTATION_CONTEXT(2) 
PARAMETRIC_REPRESENTATION_CONTEXT() REPRESENTATION_CONTEXT('2D SPACE',''
  ) );
#3819 = ORIENTED_EDGE('',*,*,#3820,.F.);
#3820 = EDGE_CURVE('',#3774,#3798,#3821,.T.);
#3821 = SURFACE_CURVE('',#3822,(#3826,#3832),.PCURVE_S1.);
#3822 = LINE('',#3823,#3824);
#3823 = CARTESIAN_POINT('',(43.035768266269,2.257777175833,50.4));
#3824 = VECTOR('',#3825,1.);
#3825 = DIRECTION('',(0.,0.,1.));
#3826 = PCURVE('',#3737,#3827);
#3827 = DEFINITIONAL_REPRESENTATION('',(#3828),#3831);
#3828 = B_SPLINE_CURVE_WITH_KNOTS('',1,(#3829,#3830),.UNSPECIFIED.,.F.,
  .F.,(2,2),(-2.399999999625E-06,19.6000024),.PIECEWISE_BEZIER_KNOTS.);
#3829 = CARTESIAN_POINT('',(-2.399999999625E-06,9.105225928443));
#3830 = CARTESIAN_POINT('',(19.6000024,9.105225928443));
#3831 = ( GEOMETRIC_REPRESENTATION_CONTEXT(2) 
PARAMETRIC_REPRESENTATION_CONTEXT() REPRESENTATION_CONTEXT('2D SPACE',''
  ) );
#3832 = PCURVE('',#3833,#3838);
#3833 = CYLINDRICAL_SURFACE('',#3834,6.);
#3834 = AXIS2_PLACEMENT_3D('',#3835,#3836,#3837);
#3835 = CARTESIAN_POINT('',(48.594764778616,0.,50.4));
#3836 = DIRECTION('',(0.,0.,1.));
#3837 = DIRECTION('',(1.,0.,-0.));
#3838 = DEFINITIONAL_REPRESENTATION('',(#3839),#3842);
#3839 = B_SPLINE_CURVE_WITH_KNOTS('',1,(#3840,#3841),.UNSPECIFIED.,.F.,
  .F.,(2,2),(0.,19.6),.PIECEWISE_BEZIER_KNOTS.);
#3840 = CARTESIAN_POINT('',(9.038982557931,0.));
#3841 = CARTESIAN_POINT('',(9.038982557931,19.6));
#3842 = ( GEOMETRIC_REPRESENTATION_CONTEXT(2) 
PARAMETRIC_REPRESENTATION_CONTEXT() REPRESENTATION_CONTEXT('2D SPACE',''
  ) );
#3843 = ADVANCED_FACE('',(#3844),#3833,.T.);
#3844 = FACE_BOUND('',#3845,.T.);
#3845 = EDGE_LOOP('',(#3846,#3874,#3875,#3899));
#3846 = ORIENTED_EDGE('',*,*,#3847,.F.);
#3847 = EDGE_CURVE('',#3774,#3848,#3850,.T.);
#3848 = VERTEX_POINT('',#3849);
#3849 = CARTESIAN_POINT('',(48.256292818868,-5.990445453592,50.4));
#3850 = SURFACE_CURVE('',#3851,(#3856,#3863),.PCURVE_S1.);
#3851 = CIRCLE('',#3852,6.);
#3852 = AXIS2_PLACEMENT_3D('',#3853,#3854,#3855);
#3853 = CARTESIAN_POINT('',(48.594764778616,0.,50.4));
#3854 = DIRECTION('',(0.,0.,-1.));
#3855 = DIRECTION('',(-0.926499418725,0.376296195972,0.));
#3856 = PCURVE('',#3833,#3857);
#3857 = DEFINITIONAL_REPRESENTATION('',(#3858),#3862);
#3858 = LINE('',#3859,#3860);
#3859 = CARTESIAN_POINT('',(9.038982557931,0.));
#3860 = VECTOR('',#3861,1.);
#3861 = DIRECTION('',(-1.,-0.));
#3862 = ( GEOMETRIC_REPRESENTATION_CONTEXT(2) 
PARAMETRIC_REPRESENTATION_CONTEXT() REPRESENTATION_CONTEXT('2D SPACE',''
  ) );
#3863 = PCURVE('',#182,#3864);
#3864 = DEFINITIONAL_REPRESENTATION('',(#3865),#3873);
#3865 = ( BOUNDED_CURVE() B_SPLINE_CURVE(2,(#3866,#3867,#3868,#3869,
#3870,#3871,#3872),.UNSPECIFIED.,.T.,.F.) B_SPLINE_CURVE_WITH_KNOTS((1,2
    ,2,2,2,1),(-2.094395102393,0.,2.094395102393,4.188790204786,
6.28318530718,8.377580409573),.UNSPECIFIED.) CURVE() 
GEOMETRIC_REPRESENTATION_ITEM() RATIONAL_B_SPLINE_CURVE((1.,0.5,1.,0.5,
1.,0.5,1.)) REPRESENTATION_ITEM('') );
#3866 = CARTESIAN_POINT('',(9.105225928443,12.));
#3867 = CARTESIAN_POINT('',(12.161753787258,21.932655105675));
#3868 = CARTESIAN_POINT('',(19.235421506394,14.319296779729));
#3869 = CARTESIAN_POINT('',(26.309089225531,6.705938453784));
#3870 = CARTESIAN_POINT('',(16.17889364758,4.386641674054));
#3871 = CARTESIAN_POINT('',(6.048698069629,2.067344894325));
#3872 = CARTESIAN_POINT('',(9.105225928443,12.));
#3873 = ( GEOMETRIC_REPRESENTATION_CONTEXT(2) 
PARAMETRIC_REPRESENTATION_CONTEXT() REPRESENTATION_CONTEXT('2D SPACE',''
  ) );
#3874 = ORIENTED_EDGE('',*,*,#3820,.T.);
#3875 = ORIENTED_EDGE('',*,*,#3876,.F.);
#3876 = EDGE_CURVE('',#3877,#3798,#3879,.T.);
#3877 = VERTEX_POINT('',#3878);
#3878 = CARTESIAN_POINT('',(48.256292818868,-5.990445453592,70.));
#3879 = SURFACE_CURVE('',#3880,(#3885,#3892),.PCURVE_S1.);
#3880 = CIRCLE('',#3881,6.);
#3881 = AXIS2_PLACEMENT_3D('',#3882,#3883,#3884);
#3882 = CARTESIAN_POINT('',(48.594764778616,0.,70.));
#3883 = DIRECTION('',(0.,0.,1.));
#3884 = DIRECTION('',(-5.641199329134E-02,-0.998407575599,0.));
#3885 = PCURVE('',#3833,#3886);
#3886 = DEFINITIONAL_REPRESENTATION('',(#3887),#3891);
#3887 = LINE('',#3888,#3889);
#3888 = CARTESIAN_POINT('',(4.655947024062,19.6));
#3889 = VECTOR('',#3890,1.);
#3890 = DIRECTION('',(1.,0.));
#3891 = ( GEOMETRIC_REPRESENTATION_CONTEXT(2) 
PARAMETRIC_REPRESENTATION_CONTEXT() REPRESENTATION_CONTEXT('2D SPACE',''
  ) );
#3892 = PCURVE('',#237,#3893);
#3893 = DEFINITIONAL_REPRESENTATION('',(#3894),#3898);
#3894 = CIRCLE('',#3895,6.);
#3895 = AXIS2_PLACEMENT_2D('',#3896,#3897);
#3896 = CARTESIAN_POINT('',(48.594764778616,0.));
#3897 = DIRECTION('',(-5.641199329134E-02,-0.998407575599));
#3898 = ( GEOMETRIC_REPRESENTATION_CONTEXT(2) 
PARAMETRIC_REPRESENTATION_CONTEXT() REPRESENTATION_CONTEXT('2D SPACE',''
  ) );
#3899 = ORIENTED_EDGE('',*,*,#3900,.F.);
#3900 = EDGE_CURVE('',#3848,#3877,#3901,.T.);
#3901 = SURFACE_CURVE('',#3902,(#3906,#3912),.PCURVE_S1.);
#3902 = LINE('',#3903,#3904);
#3903 = CARTESIAN_POINT('',(48.256292818867,-5.990445453592,50.4));
#3904 = VECTOR('',#3905,1.);
#3905 = DIRECTION('',(0.,0.,1.));
#3906 = PCURVE('',#3833,#3907);
#3907 = DEFINITIONAL_REPRESENTATION('',(#3908),#3911);
#3908 = B_SPLINE_CURVE_WITH_KNOTS('',1,(#3909,#3910),.UNSPECIFIED.,.F.,
  .F.,(2,2),(0.,19.6),.PIECEWISE_BEZIER_KNOTS.);
#3909 = CARTESIAN_POINT('',(4.655947024062,0.));
#3910 = CARTESIAN_POINT('',(4.655947024062,19.6));
#3911 = ( GEOMETRIC_REPRESENTATION_CONTEXT(2) 
PARAMETRIC_REPRESENTATION_CONTEXT() REPRESENTATION_CONTEXT('2D SPACE',''
  ) );
#3912 = PCURVE('',#3913,#3918);
#3913 = PLANE('',#3914);
#3914 = AXIS2_PLACEMENT_3D('',#3915,#3916,#3917);
#3915 = CARTESIAN_POINT('',(47.886912570987,-10.21248100647,50.4));
#3916 = DIRECTION('',(0.996194698092,-8.715574274766E-02,0.));
#3917 = DIRECTION('',(0.,0.,1.));
#3918 = DEFINITIONAL_REPRESENTATION('',(#3919),#3922);
#3919 = B_SPLINE_CURVE_WITH_KNOTS('',1,(#3920,#3921),.UNSPECIFIED.,.F.,
  .F.,(2,2),(-2.399999999625E-06,19.6000024),.PIECEWISE_BEZIER_KNOTS.);
#3920 = CARTESIAN_POINT('',(-2.399999999625E-06,-4.2381630428));
#3921 = CARTESIAN_POINT('',(19.6000024,-4.2381630428));
#3922 = ( GEOMETRIC_REPRESENTATION_CONTEXT(2) 
PARAMETRIC_REPRESENTATION_CONTEXT() REPRESENTATION_CONTEXT('2D SPACE',''
  ) );
#3923 = ADVANCED_FACE('',(#3924),#3913,.T.);
#3924 = FACE_BOUND('',#3925,.T.);
#3925 = EDGE_LOOP('',(#3926,#3949,#3972,#3993));
#3926 = ORIENTED_EDGE('',*,*,#3927,.F.);
#3927 = EDGE_CURVE('',#3928,#3877,#3930,.T.);
#3928 = VERTEX_POINT('',#3929);
#3929 = CARTESIAN_POINT('',(47.886912570987,-10.21248100647,70.));
#3930 = SURFACE_CURVE('',#3931,(#3935,#3942),.PCURVE_S1.);
#3931 = LINE('',#3932,#3933);
#3932 = CARTESIAN_POINT('',(47.886912570987,-10.21248100647,70.));
#3933 = VECTOR('',#3934,1.);
#3934 = DIRECTION('',(8.715574274766E-02,0.996194698092,0.));
#3935 = PCURVE('',#3913,#3936);
#3936 = DEFINITIONAL_REPRESENTATION('',(#3937),#3941);
#3937 = LINE('',#3938,#3939);
#3938 = CARTESIAN_POINT('',(19.6,0.));
#3939 = VECTOR('',#3940,1.);
#3940 = DIRECTION('',(0.,-1.));
#3941 = ( GEOMETRIC_REPRESENTATION_CONTEXT(2) 
PARAMETRIC_REPRESENTATION_CONTEXT() REPRESENTATION_CONTEXT('2D SPACE',''
  ) );
#3942 = PCURVE('',#237,#3943);
#3943 = DEFINITIONAL_REPRESENTATION('',(#3944),#3948);
#3944 = LINE('',#3945,#3946);
#3945 = CARTESIAN_POINT('',(47.886912570987,-10.21248100647));
#3946 = VECTOR('',#3947,1.);
#3947 = DIRECTION('',(8.715574274766E-02,0.996194698092));
#3948 = ( GEOMETRIC_REPRESENTATION_CONTEXT(2) 
PARAMETRIC_REPRESENTATION_CONTEXT() REPRESENTATION_CONTEXT('2D SPACE',''
  ) );
#3949 = ORIENTED_EDGE('',*,*,#3950,.F.);
#3950 = EDGE_CURVE('',#3951,#3928,#3953,.T.);
#3951 = VERTEX_POINT('',#3952);
#3952 = CARTESIAN_POINT('',(47.886912570987,-10.21248100647,50.4));
#3953 = SURFACE_CURVE('',#3954,(#3958,#3965),.PCURVE_S1.);
#3954 = LINE('',#3955,#3956);
#3955 = CARTESIAN_POINT('',(47.886912570987,-10.21248100647,50.4));
#3956 = VECTOR('',#3957,1.);
#3957 = DIRECTION('',(0.,0.,1.));
#3958 = PCURVE('',#3913,#3959);
#3959 = DEFINITIONAL_REPRESENTATION('',(#3960),#3964);
#3960 = LINE('',#3961,#3962);
#3961 = CARTESIAN_POINT('',(0.,0.));
#3962 = VECTOR('',#3963,1.);
#3963 = DIRECTION('',(1.,0.));
#3964 = ( GEOMETRIC_REPRESENTATION_CONTEXT(2) 
PARAMETRIC_REPRESENTATION_CONTEXT() REPRESENTATION_CONTEXT('2D SPACE',''
  ) );
#3965 = PCURVE('',#209,#3966);
#3966 = DEFINITIONAL_REPRESENTATION('',(#3967),#3971);
#3967 = LINE('',#3968,#3969);
#3968 = CARTESIAN_POINT('',(0.,15.024764778616));
#3969 = VECTOR('',#3970,1.);
#3970 = DIRECTION('',(1.,0.));
#3971 = ( GEOMETRIC_REPRESENTATION_CONTEXT(2) 
PARAMETRIC_REPRESENTATION_CONTEXT() REPRESENTATION_CONTEXT('2D SPACE',''
  ) );
#3972 = ORIENTED_EDGE('',*,*,#3973,.T.);
#3973 = EDGE_CURVE('',#3951,#3848,#3974,.T.);
#3974 = SURFACE_CURVE('',#3975,(#3979,#3986),.PCURVE_S1.);
#3975 = LINE('',#3976,#3977);
#3976 = CARTESIAN_POINT('',(47.886912570987,-10.21248100647,50.4));
#3977 = VECTOR('',#3978,1.);
#3978 = DIRECTION('',(8.715574274766E-02,0.996194698092,0.));
#3979 = PCURVE('',#3913,#3980);
#3980 = DEFINITIONAL_REPRESENTATION('',(#3981),#3985);
#3981 = LINE('',#3982,#3983);
#3982 = CARTESIAN_POINT('',(0.,0.));
#3983 = VECTOR('',#3984,1.);
#3984 = DIRECTION('',(0.,-1.));
#3985 = ( GEOMETRIC_REPRESENTATION_CONTEXT(2) 
PARAMETRIC_REPRESENTATION_CONTEXT() REPRESENTATION_CONTEXT('2D SPACE',''
  ) );
#3986 = PCURVE('',#182,#3987);
#3987 = DEFINITIONAL_REPRESENTATION('',(#3988),#3992);
#3988 = LINE('',#3989,#3990);
#3989 = CARTESIAN_POINT('',(15.024764778616,4.440892098501E-16));
#3990 = VECTOR('',#3991,1.);
#3991 = DIRECTION('',(0.,1.));
#3992 = ( GEOMETRIC_REPRESENTATION_CONTEXT(2) 
PARAMETRIC_REPRESENTATION_CONTEXT() REPRESENTATION_CONTEXT('2D SPACE',''
  ) );
#3993 = ORIENTED_EDGE('',*,*,#3900,.T.);
#3994 = ADVANCED_FACE('',(#3995),#2437,.T.);
#3995 = FACE_BOUND('',#3996,.T.);
#3996 = EDGE_LOOP('',(#3997,#3998,#4021,#4049));
#3997 = ORIENTED_EDGE('',*,*,#2420,.T.);
#3998 = ORIENTED_EDGE('',*,*,#3999,.T.);
#3999 = EDGE_CURVE('',#2421,#4000,#4002,.T.);
#4000 = VERTEX_POINT('',#4001);
#4001 = CARTESIAN_POINT('',(33.44225601494,-2.925818284039,19.6));
#4002 = SURFACE_CURVE('',#4003,(#4007,#4014),.PCURVE_S1.);
#4003 = LINE('',#4004,#4005);
#4004 = CARTESIAN_POINT('',(-43.6430553971,3.81827258888,19.6));
#4005 = VECTOR('',#4006,1.);
#4006 = DIRECTION('',(-0.996194698092,8.715574274766E-02,0.));
#4007 = PCURVE('',#2437,#4008);
#4008 = DEFINITIONAL_REPRESENTATION('',(#4009),#4013);
#4009 = LINE('',#4010,#4011);
#4010 = CARTESIAN_POINT('',(-77.37976477861,6.));
#4011 = VECTOR('',#4012,1.);
#4012 = DIRECTION('',(-1.,0.));
#4013 = ( GEOMETRIC_REPRESENTATION_CONTEXT(2) 
PARAMETRIC_REPRESENTATION_CONTEXT() REPRESENTATION_CONTEXT('2D SPACE',''
  ) );
#4014 = PCURVE('',#153,#4015);
#4015 = DEFINITIONAL_REPRESENTATION('',(#4016),#4020);
#4016 = LINE('',#4017,#4018);
#4017 = CARTESIAN_POINT('',(124.6,40.179764778616));
#4018 = VECTOR('',#4019,1.);
#4019 = DIRECTION('',(0.,-1.));
#4020 = ( GEOMETRIC_REPRESENTATION_CONTEXT(2) 
PARAMETRIC_REPRESENTATION_CONTEXT() REPRESENTATION_CONTEXT('2D SPACE',''
  ) );
#4021 = ORIENTED_EDGE('',*,*,#4022,.F.);
#4022 = EDGE_CURVE('',#4023,#4000,#4025,.T.);
#4023 = VERTEX_POINT('',#4024);
#4024 = CARTESIAN_POINT('',(32.919321558454,-8.902986472589,19.6));
#4025 = SURFACE_CURVE('',#4026,(#4030,#4037),.PCURVE_S1.);
#4026 = LINE('',#4027,#4028);
#4027 = CARTESIAN_POINT('',(32.919321558454,-8.902986472589,19.6));
#4028 = VECTOR('',#4029,1.);
#4029 = DIRECTION('',(8.715574274766E-02,0.996194698092,0.));
#4030 = PCURVE('',#2437,#4031);
#4031 = DEFINITIONAL_REPRESENTATION('',(#4032),#4036);
#4032 = LINE('',#4033,#4034);
#4033 = CARTESIAN_POINT('',(0.,0.));
#4034 = VECTOR('',#4035,1.);
#4035 = DIRECTION('',(0.,1.));
#4036 = ( GEOMETRIC_REPRESENTATION_CONTEXT(2) 
PARAMETRIC_REPRESENTATION_CONTEXT() REPRESENTATION_CONTEXT('2D SPACE',''
  ) );
#4037 = PCURVE('',#4038,#4043);
#4038 = PLANE('',#4039);
#4039 = AXIS2_PLACEMENT_3D('',#4040,#4041,#4042);
#4040 = CARTESIAN_POINT('',(32.919321558454,-8.902986472589,0.));
#4041 = DIRECTION('',(0.996194698092,-8.715574274766E-02,0.));
#4042 = DIRECTION('',(0.,0.,1.));
#4043 = DEFINITIONAL_REPRESENTATION('',(#4044),#4048);
#4044 = LINE('',#4045,#4046);
#4045 = CARTESIAN_POINT('',(19.6,0.));
#4046 = VECTOR('',#4047,1.);
#4047 = DIRECTION('',(0.,-1.));
#4048 = ( GEOMETRIC_REPRESENTATION_CONTEXT(2) 
PARAMETRIC_REPRESENTATION_CONTEXT() REPRESENTATION_CONTEXT('2D SPACE',''
  ) );
#4049 = ORIENTED_EDGE('',*,*,#4050,.T.);
#4050 = EDGE_CURVE('',#4023,#2395,#4051,.T.);
#4051 = SURFACE_CURVE('',#4052,(#4056,#4063),.PCURVE_S1.);
#4052 = LINE('',#4053,#4054);
#4053 = CARTESIAN_POINT('',(32.919321558454,-8.902986472589,19.6));
#4054 = VECTOR('',#4055,1.);
#4055 = DIRECTION('',(0.996194698092,-8.715574274766E-02,0.));
#4056 = PCURVE('',#2437,#4057);
#4057 = DEFINITIONAL_REPRESENTATION('',(#4058),#4062);
#4058 = LINE('',#4059,#4060);
#4059 = CARTESIAN_POINT('',(0.,0.));
#4060 = VECTOR('',#4061,1.);
#4061 = DIRECTION('',(1.,2.775557561563E-17));
#4062 = ( GEOMETRIC_REPRESENTATION_CONTEXT(2) 
PARAMETRIC_REPRESENTATION_CONTEXT() REPRESENTATION_CONTEXT('2D SPACE',''
  ) );
#4063 = PCURVE('',#2409,#4064);
#4064 = DEFINITIONAL_REPRESENTATION('',(#4065),#4069);
#4065 = LINE('',#4066,#4067);
#4066 = CARTESIAN_POINT('',(19.6,0.));
#4067 = VECTOR('',#4068,1.);
#4068 = DIRECTION('',(0.,1.));
#4069 = ( GEOMETRIC_REPRESENTATION_CONTEXT(2) 
PARAMETRIC_REPRESENTATION_CONTEXT() REPRESENTATION_CONTEXT('2D SPACE',''
  ) );
#4070 = ADVANCED_FACE('',(#4071),#4038,.F.);
#4071 = FACE_BOUND('',#4072,.F.);
#4072 = EDGE_LOOP('',(#4073,#4074,#4097,#4120));
#4073 = ORIENTED_EDGE('',*,*,#4022,.F.);
#4074 = ORIENTED_EDGE('',*,*,#4075,.F.);
#4075 = EDGE_CURVE('',#4076,#4023,#4078,.T.);
#4076 = VERTEX_POINT('',#4077);
#4077 = CARTESIAN_POINT('',(32.919321558454,-8.902986472589,0.));
#4078 = SURFACE_CURVE('',#4079,(#4083,#4090),.PCURVE_S1.);
#4079 = LINE('',#4080,#4081);
#4080 = CARTESIAN_POINT('',(32.919321558454,-8.902986472589,0.));
#4081 = VECTOR('',#4082,1.);
#4082 = DIRECTION('',(0.,0.,1.));
#4083 = PCURVE('',#4038,#4084);
#4084 = DEFINITIONAL_REPRESENTATION('',(#4085),#4089);
#4085 = LINE('',#4086,#4087);
#4086 = CARTESIAN_POINT('',(0.,0.));
#4087 = VECTOR('',#4088,1.);
#4088 = DIRECTION('',(1.,0.));
#4089 = ( GEOMETRIC_REPRESENTATION_CONTEXT(2) 
PARAMETRIC_REPRESENTATION_CONTEXT() REPRESENTATION_CONTEXT('2D SPACE',''
  ) );
#4090 = PCURVE('',#2409,#4091);
#4091 = DEFINITIONAL_REPRESENTATION('',(#4092),#4096);
#4092 = LINE('',#4093,#4094);
#4093 = CARTESIAN_POINT('',(0.,0.));
#4094 = VECTOR('',#4095,1.);
#4095 = DIRECTION('',(1.,0.));
#4096 = ( GEOMETRIC_REPRESENTATION_CONTEXT(2) 
PARAMETRIC_REPRESENTATION_CONTEXT() REPRESENTATION_CONTEXT('2D SPACE',''
  ) );
#4097 = ORIENTED_EDGE('',*,*,#4098,.T.);
#4098 = EDGE_CURVE('',#4076,#4099,#4101,.T.);
#4099 = VERTEX_POINT('',#4100);
#4100 = CARTESIAN_POINT('',(33.44225601494,-2.925818284039,0.));
#4101 = SURFACE_CURVE('',#4102,(#4106,#4113),.PCURVE_S1.);
#4102 = LINE('',#4103,#4104);
#4103 = CARTESIAN_POINT('',(32.919321558454,-8.902986472589,0.));
#4104 = VECTOR('',#4105,1.);
#4105 = DIRECTION('',(8.715574274766E-02,0.996194698092,0.));
#4106 = PCURVE('',#4038,#4107);
#4107 = DEFINITIONAL_REPRESENTATION('',(#4108),#4112);
#4108 = LINE('',#4109,#4110);
#4109 = CARTESIAN_POINT('',(0.,0.));
#4110 = VECTOR('',#4111,1.);
#4111 = DIRECTION('',(0.,-1.));
#4112 = ( GEOMETRIC_REPRESENTATION_CONTEXT(2) 
PARAMETRIC_REPRESENTATION_CONTEXT() REPRESENTATION_CONTEXT('2D SPACE',''
  ) );
#4113 = PCURVE('',#71,#4114);
#4114 = DEFINITIONAL_REPRESENTATION('',(#4115),#4119);
#4115 = LINE('',#4116,#4117);
#4116 = CARTESIAN_POINT('',(32.919321558454,-8.902986472589));
#4117 = VECTOR('',#4118,1.);
#4118 = DIRECTION('',(8.715574274766E-02,0.996194698092));
#4119 = ( GEOMETRIC_REPRESENTATION_CONTEXT(2) 
PARAMETRIC_REPRESENTATION_CONTEXT() REPRESENTATION_CONTEXT('2D SPACE',''
  ) );
#4120 = ORIENTED_EDGE('',*,*,#4121,.T.);
#4121 = EDGE_CURVE('',#4099,#4000,#4122,.T.);
#4122 = SURFACE_CURVE('',#4123,(#4127,#4133),.PCURVE_S1.);
#4123 = LINE('',#4124,#4125);
#4124 = CARTESIAN_POINT('',(33.44225601494,-2.925818284039,-19.6));
#4125 = VECTOR('',#4126,1.);
#4126 = DIRECTION('',(-0.,0.,1.));
#4127 = PCURVE('',#4038,#4128);
#4128 = DEFINITIONAL_REPRESENTATION('',(#4129),#4132);
#4129 = B_SPLINE_CURVE_WITH_KNOTS('',1,(#4130,#4131),.UNSPECIFIED.,.F.,
  .F.,(2,2),(19.6,39.2),.PIECEWISE_BEZIER_KNOTS.);
#4130 = CARTESIAN_POINT('',(0.,-6.));
#4131 = CARTESIAN_POINT('',(19.6,-6.));
#4132 = ( GEOMETRIC_REPRESENTATION_CONTEXT(2) 
PARAMETRIC_REPRESENTATION_CONTEXT() REPRESENTATION_CONTEXT('2D SPACE',''
  ) );
#4133 = PCURVE('',#153,#4134);
#4134 = DEFINITIONAL_REPRESENTATION('',(#4135),#4139);
#4135 = LINE('',#4136,#4137);
#4136 = CARTESIAN_POINT('',(85.4,117.55952955723));
#4137 = VECTOR('',#4138,1.);
#4138 = DIRECTION('',(1.,0.));
#4139 = ( GEOMETRIC_REPRESENTATION_CONTEXT(2) 
PARAMETRIC_REPRESENTATION_CONTEXT() REPRESENTATION_CONTEXT('2D SPACE',''
  ) );
#4140 = ADVANCED_FACE('',(#4141),#2682,.T.);
#4141 = FACE_BOUND('',#4142,.T.);
#4142 = EDGE_LOOP('',(#4143,#4166,#4194,#4215));
#4143 = ORIENTED_EDGE('',*,*,#4144,.F.);
#4144 = EDGE_CURVE('',#4145,#2668,#4147,.T.);
#4145 = VERTEX_POINT('',#4146);
#4146 = CARTESIAN_POINT('',(-33.18078878669,-5.914402378314,22.));
#4147 = SURFACE_CURVE('',#4148,(#4152,#4159),.PCURVE_S1.);
#4148 = LINE('',#4149,#4150);
#4149 = CARTESIAN_POINT('',(-33.18078878669,-5.914402378314,22.));
#4150 = VECTOR('',#4151,1.);
#4151 = DIRECTION('',(-0.996194698092,-8.715574274766E-02,0.));
#4152 = PCURVE('',#2682,#4153);
#4153 = DEFINITIONAL_REPRESENTATION('',(#4154),#4158);
#4154 = LINE('',#4155,#4156);
#4155 = CARTESIAN_POINT('',(0.,0.));
#4156 = VECTOR('',#4157,1.);
#4157 = DIRECTION('',(0.,1.));
#4158 = ( GEOMETRIC_REPRESENTATION_CONTEXT(2) 
PARAMETRIC_REPRESENTATION_CONTEXT() REPRESENTATION_CONTEXT('2D SPACE',''
  ) );
#4159 = PCURVE('',#459,#4160);
#4160 = DEFINITIONAL_REPRESENTATION('',(#4161),#4165);
#4161 = LINE('',#4162,#4163);
#4162 = CARTESIAN_POINT('',(-1.110223024625E-15,6.));
#4163 = VECTOR('',#4164,1.);
#4164 = DIRECTION('',(1.,0.));
#4165 = ( GEOMETRIC_REPRESENTATION_CONTEXT(2) 
PARAMETRIC_REPRESENTATION_CONTEXT() REPRESENTATION_CONTEXT('2D SPACE',''
  ) );
#4166 = ORIENTED_EDGE('',*,*,#4167,.T.);
#4167 = EDGE_CURVE('',#4145,#4168,#4170,.T.);
#4168 = VERTEX_POINT('',#4169);
#4169 = CARTESIAN_POINT('',(-33.18078878669,-5.914402378314,28.));
#4170 = SURFACE_CURVE('',#4171,(#4175,#4182),.PCURVE_S1.);
#4171 = LINE('',#4172,#4173);
#4172 = CARTESIAN_POINT('',(-33.18078878669,-5.914402378314,22.));
#4173 = VECTOR('',#4174,1.);
#4174 = DIRECTION('',(0.,0.,1.));
#4175 = PCURVE('',#2682,#4176);
#4176 = DEFINITIONAL_REPRESENTATION('',(#4177),#4181);
#4177 = LINE('',#4178,#4179);
#4178 = CARTESIAN_POINT('',(0.,0.));
#4179 = VECTOR('',#4180,1.);
#4180 = DIRECTION('',(1.,0.));
#4181 = ( GEOMETRIC_REPRESENTATION_CONTEXT(2) 
PARAMETRIC_REPRESENTATION_CONTEXT() REPRESENTATION_CONTEXT('2D SPACE',''
  ) );
#4182 = PCURVE('',#4183,#4188);
#4183 = PLANE('',#4184);
#4184 = AXIS2_PLACEMENT_3D('',#4185,#4186,#4187);
#4185 = CARTESIAN_POINT('',(-33.70372324318,6.276581023636E-02,22.));
#4186 = DIRECTION('',(-0.996194698092,-8.715574274766E-02,0.));
#4187 = DIRECTION('',(0.,0.,1.));
#4188 = DEFINITIONAL_REPRESENTATION('',(#4189),#4193);
#4189 = LINE('',#4190,#4191);
#4190 = CARTESIAN_POINT('',(0.,-6.));
#4191 = VECTOR('',#4192,1.);
#4192 = DIRECTION('',(1.,0.));
#4193 = ( GEOMETRIC_REPRESENTATION_CONTEXT(2) 
PARAMETRIC_REPRESENTATION_CONTEXT() REPRESENTATION_CONTEXT('2D SPACE',''
  ) );
#4194 = ORIENTED_EDGE('',*,*,#4195,.T.);
#4195 = EDGE_CURVE('',#4168,#2644,#4196,.T.);
#4196 = SURFACE_CURVE('',#4197,(#4201,#4208),.PCURVE_S1.);
#4197 = LINE('',#4198,#4199);
#4198 = CARTESIAN_POINT('',(-33.18078878669,-5.914402378314,28.));
#4199 = VECTOR('',#4200,1.);
#4200 = DIRECTION('',(-0.996194698092,-8.715574274766E-02,0.));
#4201 = PCURVE('',#2682,#4202);
#4202 = DEFINITIONAL_REPRESENTATION('',(#4203),#4207);
#4203 = LINE('',#4204,#4205);
#4204 = CARTESIAN_POINT('',(6.,0.));
#4205 = VECTOR('',#4206,1.);
#4206 = DIRECTION('',(0.,1.));
#4207 = ( GEOMETRIC_REPRESENTATION_CONTEXT(2) 
PARAMETRIC_REPRESENTATION_CONTEXT() REPRESENTATION_CONTEXT('2D SPACE',''
  ) );
#4208 = PCURVE('',#406,#4209);
#4209 = DEFINITIONAL_REPRESENTATION('',(#4210),#4214);
#4210 = LINE('',#4211,#4212);
#4211 = CARTESIAN_POINT('',(-1.110223024625E-15,6.));
#4212 = VECTOR('',#4213,1.);
#4213 = DIRECTION('',(1.,0.));
#4214 = ( GEOMETRIC_REPRESENTATION_CONTEXT(2) 
PARAMETRIC_REPRESENTATION_CONTEXT() REPRESENTATION_CONTEXT('2D SPACE',''
  ) );
#4215 = ORIENTED_EDGE('',*,*,#2667,.F.);
#4216 = ADVANCED_FACE('',(#4217),#4183,.F.);
#4217 = FACE_BOUND('',#4218,.F.);
#4218 = EDGE_LOOP('',(#4219,#4249,#4270,#4271));
#4219 = ORIENTED_EDGE('',*,*,#4220,.F.);
#4220 = EDGE_CURVE('',#4221,#4223,#4225,.T.);
#4221 = VERTEX_POINT('',#4222);
#4222 = CARTESIAN_POINT('',(-33.70372324318,6.276581023636E-02,22.));
#4223 = VERTEX_POINT('',#4224);
#4224 = CARTESIAN_POINT('',(-33.70372324318,6.276581023636E-02,28.));
#4225 = SURFACE_CURVE('',#4226,(#4230,#4237),.PCURVE_S1.);
#4226 = LINE('',#4227,#4228);
#4227 = CARTESIAN_POINT('',(-33.70372324318,6.276581023636E-02,22.));
#4228 = VECTOR('',#4229,1.);
#4229 = DIRECTION('',(0.,0.,1.));
#4230 = PCURVE('',#4183,#4231);
#4231 = DEFINITIONAL_REPRESENTATION('',(#4232),#4236);
#4232 = LINE('',#4233,#4234);
#4233 = CARTESIAN_POINT('',(0.,0.));
#4234 = VECTOR('',#4235,1.);
#4235 = DIRECTION('',(1.,0.));
#4236 = ( GEOMETRIC_REPRESENTATION_CONTEXT(2) 
PARAMETRIC_REPRESENTATION_CONTEXT() REPRESENTATION_CONTEXT('2D SPACE',''
  ) );
#4237 = PCURVE('',#4238,#4243);
#4238 = PLANE('',#4239);
#4239 = AXIS2_PLACEMENT_3D('',#4240,#4241,#4242);
#4240 = CARTESIAN_POINT('',(-33.70372324318,6.276581023636E-02,22.));
#4241 = DIRECTION('',(8.715574274766E-02,-0.996194698092,0.));
#4242 = DIRECTION('',(0.,0.,1.));
#4243 = DEFINITIONAL_REPRESENTATION('',(#4244),#4248);
#4244 = LINE('',#4245,#4246);
#4245 = CARTESIAN_POINT('',(0.,0.));
#4246 = VECTOR('',#4247,1.);
#4247 = DIRECTION('',(1.,0.));
#4248 = ( GEOMETRIC_REPRESENTATION_CONTEXT(2) 
PARAMETRIC_REPRESENTATION_CONTEXT() REPRESENTATION_CONTEXT('2D SPACE',''
  ) );
#4249 = ORIENTED_EDGE('',*,*,#4250,.T.);
#4250 = EDGE_CURVE('',#4221,#4145,#4251,.T.);
#4251 = SURFACE_CURVE('',#4252,(#4256,#4263),.PCURVE_S1.);
#4252 = LINE('',#4253,#4254);
#4253 = CARTESIAN_POINT('',(-33.70372324318,6.276581023636E-02,22.));
#4254 = VECTOR('',#4255,1.);
#4255 = DIRECTION('',(8.715574274766E-02,-0.996194698092,0.));
#4256 = PCURVE('',#4183,#4257);
#4257 = DEFINITIONAL_REPRESENTATION('',(#4258),#4262);
#4258 = LINE('',#4259,#4260);
#4259 = CARTESIAN_POINT('',(0.,0.));
#4260 = VECTOR('',#4261,1.);
#4261 = DIRECTION('',(0.,-1.));
#4262 = ( GEOMETRIC_REPRESENTATION_CONTEXT(2) 
PARAMETRIC_REPRESENTATION_CONTEXT() REPRESENTATION_CONTEXT('2D SPACE',''
  ) );
#4263 = PCURVE('',#459,#4264);
#4264 = DEFINITIONAL_REPRESENTATION('',(#4265),#4269);
#4265 = LINE('',#4266,#4267);
#4266 = CARTESIAN_POINT('',(0.,0.));
#4267 = VECTOR('',#4268,1.);
#4268 = DIRECTION('',(0.,1.));
#4269 = ( GEOMETRIC_REPRESENTATION_CONTEXT(2) 
PARAMETRIC_REPRESENTATION_CONTEXT() REPRESENTATION_CONTEXT('2D SPACE',''
  ) );
#4270 = ORIENTED_EDGE('',*,*,#4167,.T.);
#4271 = ORIENTED_EDGE('',*,*,#4272,.F.);
#4272 = EDGE_CURVE('',#4223,#4168,#4273,.T.);
#4273 = SURFACE_CURVE('',#4274,(#4278,#4285),.PCURVE_S1.);
#4274 = LINE('',#4275,#4276);
#4275 = CARTESIAN_POINT('',(-33.70372324318,6.276581023636E-02,28.));
#4276 = VECTOR('',#4277,1.);
#4277 = DIRECTION('',(8.715574274766E-02,-0.996194698092,0.));
#4278 = PCURVE('',#4183,#4279);
#4279 = DEFINITIONAL_REPRESENTATION('',(#4280),#4284);
#4280 = LINE('',#4281,#4282);
#4281 = CARTESIAN_POINT('',(6.,0.));
#4282 = VECTOR('',#4283,1.);
#4283 = DIRECTION('',(0.,-1.));
#4284 = ( GEOMETRIC_REPRESENTATION_CONTEXT(2) 
PARAMETRIC_REPRESENTATION_CONTEXT() REPRESENTATION_CONTEXT('2D SPACE',''
  ) );
#4285 = PCURVE('',#406,#4286);
#4286 = DEFINITIONAL_REPRESENTATION('',(#4287),#4291);
#4287 = LINE('',#4288,#4289);
#4288 = CARTESIAN_POINT('',(0.,0.));
#4289 = VECTOR('',#4290,1.);
#4290 = DIRECTION('',(0.,1.));
#4291 = ( GEOMETRIC_REPRESENTATION_CONTEXT(2) 
PARAMETRIC_REPRESENTATION_CONTEXT() REPRESENTATION_CONTEXT('2D SPACE',''
  ) );
#4292 = ADVANCED_FACE('',(#4293),#4238,.F.);
#4293 = FACE_BOUND('',#4294,.F.);
#4294 = EDGE_LOOP('',(#4295,#4318,#4319,#4342));
#4295 = ORIENTED_EDGE('',*,*,#4296,.F.);
#4296 = EDGE_CURVE('',#4221,#4297,#4299,.T.);
#4297 = VERTEX_POINT('',#4298);
#4298 = CARTESIAN_POINT('',(-42.63798626831,-0.718880921421,22.));
#4299 = SURFACE_CURVE('',#4300,(#4304,#4311),.PCURVE_S1.);
#4300 = LINE('',#4301,#4302);
#4301 = CARTESIAN_POINT('',(-33.70372324318,6.276581023636E-02,22.));
#4302 = VECTOR('',#4303,1.);
#4303 = DIRECTION('',(-0.996194698092,-8.715574274766E-02,0.));
#4304 = PCURVE('',#4238,#4305);
#4305 = DEFINITIONAL_REPRESENTATION('',(#4306),#4310);
#4306 = LINE('',#4307,#4308);
#4307 = CARTESIAN_POINT('',(0.,0.));
#4308 = VECTOR('',#4309,1.);
#4309 = DIRECTION('',(0.,1.));
#4310 = ( GEOMETRIC_REPRESENTATION_CONTEXT(2) 
PARAMETRIC_REPRESENTATION_CONTEXT() REPRESENTATION_CONTEXT('2D SPACE',''
  ) );
#4311 = PCURVE('',#459,#4312);
#4312 = DEFINITIONAL_REPRESENTATION('',(#4313),#4317);
#4313 = LINE('',#4314,#4315);
#4314 = CARTESIAN_POINT('',(0.,0.));
#4315 = VECTOR('',#4316,1.);
#4316 = DIRECTION('',(1.,0.));
#4317 = ( GEOMETRIC_REPRESENTATION_CONTEXT(2) 
PARAMETRIC_REPRESENTATION_CONTEXT() REPRESENTATION_CONTEXT('2D SPACE',''
  ) );
#4318 = ORIENTED_EDGE('',*,*,#4220,.T.);
#4319 = ORIENTED_EDGE('',*,*,#4320,.T.);
#4320 = EDGE_CURVE('',#4223,#4321,#4323,.T.);
#4321 = VERTEX_POINT('',#4322);
#4322 = CARTESIAN_POINT('',(-42.63798626831,-0.718880921421,28.));
#4323 = SURFACE_CURVE('',#4324,(#4328,#4335),.PCURVE_S1.);
#4324 = LINE('',#4325,#4326);
#4325 = CARTESIAN_POINT('',(-33.70372324318,6.276581023636E-02,28.));
#4326 = VECTOR('',#4327,1.);
#4327 = DIRECTION('',(-0.996194698092,-8.715574274766E-02,0.));
#4328 = PCURVE('',#4238,#4329);
#4329 = DEFINITIONAL_REPRESENTATION('',(#4330),#4334);
#4330 = LINE('',#4331,#4332);
#4331 = CARTESIAN_POINT('',(6.,0.));
#4332 = VECTOR('',#4333,1.);
#4333 = DIRECTION('',(0.,1.));
#4334 = ( GEOMETRIC_REPRESENTATION_CONTEXT(2) 
PARAMETRIC_REPRESENTATION_CONTEXT() REPRESENTATION_CONTEXT('2D SPACE',''
  ) );
#4335 = PCURVE('',#406,#4336);
#4336 = DEFINITIONAL_REPRESENTATION('',(#4337),#4341);
#4337 = LINE('',#4338,#4339);
#4338 = CARTESIAN_POINT('',(0.,0.));
#4339 = VECTOR('',#4340,1.);
#4340 = DIRECTION('',(1.,0.));
#4341 = ( GEOMETRIC_REPRESENTATION_CONTEXT(2) 
PARAMETRIC_REPRESENTATION_CONTEXT() REPRESENTATION_CONTEXT('2D SPACE',''
  ) );
#4342 = ORIENTED_EDGE('',*,*,#4343,.F.);
#4343 = EDGE_CURVE('',#4297,#4321,#4344,.T.);
#4344 = SURFACE_CURVE('',#4345,(#4349,#4355),.PCURVE_S1.);
#4345 = LINE('',#4346,#4347);
#4346 = CARTESIAN_POINT('',(-42.63798626831,-0.718880921421,22.));
#4347 = VECTOR('',#4348,1.);
#4348 = DIRECTION('',(0.,0.,1.));
#4349 = PCURVE('',#4238,#4350);
#4350 = DEFINITIONAL_REPRESENTATION('',(#4351),#4354);
#4351 = B_SPLINE_CURVE_WITH_KNOTS('',1,(#4352,#4353),.UNSPECIFIED.,.F.,
  .F.,(2,2),(-2.399999999625E-06,6.0000024),.PIECEWISE_BEZIER_KNOTS.);
#4352 = CARTESIAN_POINT('',(-2.399999999625E-06,8.968390458455));
#4353 = CARTESIAN_POINT('',(6.0000024,8.968390458455));
#4354 = ( GEOMETRIC_REPRESENTATION_CONTEXT(2) 
PARAMETRIC_REPRESENTATION_CONTEXT() REPRESENTATION_CONTEXT('2D SPACE',''
  ) );
#4355 = PCURVE('',#4356,#4361);
#4356 = CYLINDRICAL_SURFACE('',#4357,6.);
#4357 = AXIS2_PLACEMENT_3D('',#4358,#4359,#4360);
#4358 = CARTESIAN_POINT('',(-48.59476477861,5.951142314145E-15,22.));
#4359 = DIRECTION('',(0.,0.,1.));
#4360 = DIRECTION('',(1.,0.,-0.));
#4361 = DEFINITIONAL_REPRESENTATION('',(#4362),#4365);
#4362 = B_SPLINE_CURVE_WITH_KNOTS('',1,(#4363,#4364),.UNSPECIFIED.,.F.,
  .F.,(2,2),(0.,6.),.PIECEWISE_BEZIER_KNOTS.);
#4363 = CARTESIAN_POINT('',(6.163083293323,0.));
#4364 = CARTESIAN_POINT('',(6.163083293323,6.));
#4365 = ( GEOMETRIC_REPRESENTATION_CONTEXT(2) 
PARAMETRIC_REPRESENTATION_CONTEXT() REPRESENTATION_CONTEXT('2D SPACE',''
  ) );
#4366 = ADVANCED_FACE('',(#4367),#4356,.T.);
#4367 = FACE_BOUND('',#4368,.T.);
#4368 = EDGE_LOOP('',(#4369,#4393,#4394,#4422));
#4369 = ORIENTED_EDGE('',*,*,#4370,.F.);
#4370 = EDGE_CURVE('',#4321,#4371,#4373,.T.);
#4371 = VERTEX_POINT('',#4372);
#4372 = CARTESIAN_POINT('',(-48.25629281886,-5.990445453592,28.));
#4373 = SURFACE_CURVE('',#4374,(#4379,#4386),.PCURVE_S1.);
#4374 = CIRCLE('',#4375,6.);
#4375 = AXIS2_PLACEMENT_3D('',#4376,#4377,#4378);
#4376 = CARTESIAN_POINT('',(-48.59476477861,5.951142314145E-15,28.));
#4377 = DIRECTION('',(0.,0.,1.));
#4378 = DIRECTION('',(0.992796418384,-0.119813486904,0.));
#4379 = PCURVE('',#4356,#4380);
#4380 = DEFINITIONAL_REPRESENTATION('',(#4381),#4385);
#4381 = LINE('',#4382,#4383);
#4382 = CARTESIAN_POINT('',(6.163083293323,6.));
#4383 = VECTOR('',#4384,1.);
#4384 = DIRECTION('',(1.,0.));
#4385 = ( GEOMETRIC_REPRESENTATION_CONTEXT(2) 
PARAMETRIC_REPRESENTATION_CONTEXT() REPRESENTATION_CONTEXT('2D SPACE',''
  ) );
#4386 = PCURVE('',#406,#4387);
#4387 = DEFINITIONAL_REPRESENTATION('',(#4388),#4392);
#4388 = CIRCLE('',#4389,6.);
#4389 = AXIS2_PLACEMENT_2D('',#4390,#4391);
#4390 = CARTESIAN_POINT('',(14.839847027472,-1.235312817928));
#4391 = DIRECTION('',(-0.978576094836,0.205885469655));
#4392 = ( GEOMETRIC_REPRESENTATION_CONTEXT(2) 
PARAMETRIC_REPRESENTATION_CONTEXT() REPRESENTATION_CONTEXT('2D SPACE',''
  ) );
#4393 = ORIENTED_EDGE('',*,*,#4343,.F.);
#4394 = ORIENTED_EDGE('',*,*,#4395,.F.);
#4395 = EDGE_CURVE('',#4396,#4297,#4398,.T.);
#4396 = VERTEX_POINT('',#4397);
#4397 = CARTESIAN_POINT('',(-48.25629281886,-5.990445453592,22.));
#4398 = SURFACE_CURVE('',#4399,(#4404,#4411),.PCURVE_S1.);
#4399 = CIRCLE('',#4400,6.);
#4400 = AXIS2_PLACEMENT_3D('',#4401,#4402,#4403);
#4401 = CARTESIAN_POINT('',(-48.59476477861,5.951142314145E-15,22.));
#4402 = DIRECTION('',(0.,-0.,-1.));
#4403 = DIRECTION('',(5.641199329134E-02,-0.998407575599,0.));
#4404 = PCURVE('',#4356,#4405);
#4405 = DEFINITIONAL_REPRESENTATION('',(#4406),#4410);
#4406 = LINE('',#4407,#4408);
#4407 = CARTESIAN_POINT('',(11.052016243887,0.));
#4408 = VECTOR('',#4409,1.);
#4409 = DIRECTION('',(-1.,-0.));
#4410 = ( GEOMETRIC_REPRESENTATION_CONTEXT(2) 
PARAMETRIC_REPRESENTATION_CONTEXT() REPRESENTATION_CONTEXT('2D SPACE',''
  ) );
#4411 = PCURVE('',#459,#4412);
#4412 = DEFINITIONAL_REPRESENTATION('',(#4413),#4421);
#4413 = ( BOUNDED_CURVE() B_SPLINE_CURVE(2,(#4414,#4415,#4416,#4417,
#4418,#4419,#4420),.UNSPECIFIED.,.T.,.F.) B_SPLINE_CURVE_WITH_KNOTS((1,2
    ,2,2,2,1),(-2.094395102393,0.,2.094395102393,4.188790204786,
6.28318530718,8.377580409573),.UNSPECIFIED.) CURVE() 
GEOMETRIC_REPRESENTATION_ITEM() RATIONAL_B_SPLINE_CURVE((1.,0.5,1.,0.5,
1.,0.5,1.)) REPRESENTATION_ITEM('') );
#4414 = CARTESIAN_POINT('',(15.024764778616,4.7618369572));
#4415 = CARTESIAN_POINT('',(25.412132889737,4.441550016998));
#4416 = CARTESIAN_POINT('',(19.941072207461,-4.394031175593));
#4417 = CARTESIAN_POINT('',(14.470011525186,-13.22961236818));
#4418 = CARTESIAN_POINT('',(9.55370409634,-4.073744235391));
#4419 = CARTESIAN_POINT('',(4.637396667495,5.082123897401));
#4420 = CARTESIAN_POINT('',(15.024764778616,4.7618369572));
#4421 = ( GEOMETRIC_REPRESENTATION_CONTEXT(2) 
PARAMETRIC_REPRESENTATION_CONTEXT() REPRESENTATION_CONTEXT('2D SPACE',''
  ) );
#4422 = ORIENTED_EDGE('',*,*,#4423,.T.);
#4423 = EDGE_CURVE('',#4396,#4371,#4424,.T.);
#4424 = SURFACE_CURVE('',#4425,(#4429,#4435),.PCURVE_S1.);
#4425 = LINE('',#4426,#4427);
#4426 = CARTESIAN_POINT('',(-48.25629281886,-5.990445453592,22.));
#4427 = VECTOR('',#4428,1.);
#4428 = DIRECTION('',(0.,0.,1.));
#4429 = PCURVE('',#4356,#4430);
#4430 = DEFINITIONAL_REPRESENTATION('',(#4431),#4434);
#4431 = B_SPLINE_CURVE_WITH_KNOTS('',1,(#4432,#4433),.UNSPECIFIED.,.F.,
  .F.,(2,2),(0.,6.),.PIECEWISE_BEZIER_KNOTS.);
#4432 = CARTESIAN_POINT('',(11.052016243887,0.));
#4433 = CARTESIAN_POINT('',(11.052016243887,6.));
#4434 = ( GEOMETRIC_REPRESENTATION_CONTEXT(2) 
PARAMETRIC_REPRESENTATION_CONTEXT() REPRESENTATION_CONTEXT('2D SPACE',''
  ) );
#4435 = PCURVE('',#4436,#4441);
#4436 = PLANE('',#4437);
#4437 = AXIS2_PLACEMENT_3D('',#4438,#4439,#4440);
#4438 = CARTESIAN_POINT('',(-48.67131425571,-1.246728723653,22.));
#4439 = DIRECTION('',(-0.996194698092,-8.715574274766E-02,0.));
#4440 = DIRECTION('',(0.,0.,1.));
#4441 = DEFINITIONAL_REPRESENTATION('',(#4442),#4445);
#4442 = B_SPLINE_CURVE_WITH_KNOTS('',1,(#4443,#4444),.UNSPECIFIED.,.F.,
  .F.,(2,2),(-2.399999999625E-06,6.0000024),.PIECEWISE_BEZIER_KNOTS.);
#4443 = CARTESIAN_POINT('',(-2.399999999625E-06,-4.7618369572));
#4444 = CARTESIAN_POINT('',(6.0000024,-4.7618369572));
#4445 = ( GEOMETRIC_REPRESENTATION_CONTEXT(2) 
PARAMETRIC_REPRESENTATION_CONTEXT() REPRESENTATION_CONTEXT('2D SPACE',''
  ) );
#4446 = ADVANCED_FACE('',(#4447),#4436,.T.);
#4447 = FACE_BOUND('',#4448,.T.);
#4448 = EDGE_LOOP('',(#4449,#4472,#4473,#4496));
#4449 = ORIENTED_EDGE('',*,*,#4450,.F.);
#4450 = EDGE_CURVE('',#4371,#4451,#4453,.T.);
#4451 = VERTEX_POINT('',#4452);
#4452 = CARTESIAN_POINT('',(-48.14837979923,-7.223896912203,28.));
#4453 = SURFACE_CURVE('',#4454,(#4458,#4465),.PCURVE_S1.);
#4454 = LINE('',#4455,#4456);
#4455 = CARTESIAN_POINT('',(-48.67131425571,-1.246728723653,28.));
#4456 = VECTOR('',#4457,1.);
#4457 = DIRECTION('',(8.715574274766E-02,-0.996194698092,0.));
#4458 = PCURVE('',#4436,#4459);
#4459 = DEFINITIONAL_REPRESENTATION('',(#4460),#4464);
#4460 = LINE('',#4461,#4462);
#4461 = CARTESIAN_POINT('',(6.,0.));
#4462 = VECTOR('',#4463,1.);
#4463 = DIRECTION('',(0.,-1.));
#4464 = ( GEOMETRIC_REPRESENTATION_CONTEXT(2) 
PARAMETRIC_REPRESENTATION_CONTEXT() REPRESENTATION_CONTEXT('2D SPACE',''
  ) );
#4465 = PCURVE('',#406,#4466);
#4466 = DEFINITIONAL_REPRESENTATION('',(#4467),#4471);
#4467 = LINE('',#4468,#4469);
#4468 = CARTESIAN_POINT('',(15.024764778616,0.));
#4469 = VECTOR('',#4470,1.);
#4470 = DIRECTION('',(0.,1.));
#4471 = ( GEOMETRIC_REPRESENTATION_CONTEXT(2) 
PARAMETRIC_REPRESENTATION_CONTEXT() REPRESENTATION_CONTEXT('2D SPACE',''
  ) );
#4472 = ORIENTED_EDGE('',*,*,#4423,.F.);
#4473 = ORIENTED_EDGE('',*,*,#4474,.T.);
#4474 = EDGE_CURVE('',#4396,#4475,#4477,.T.);
#4475 = VERTEX_POINT('',#4476);
#4476 = CARTESIAN_POINT('',(-48.14837979923,-7.223896912203,22.));
#4477 = SURFACE_CURVE('',#4478,(#4482,#4489),.PCURVE_S1.);
#4478 = LINE('',#4479,#4480);
#4479 = CARTESIAN_POINT('',(-48.67131425571,-1.246728723653,22.));
#4480 = VECTOR('',#4481,1.);
#4481 = DIRECTION('',(8.715574274766E-02,-0.996194698092,0.));
#4482 = PCURVE('',#4436,#4483);
#4483 = DEFINITIONAL_REPRESENTATION('',(#4484),#4488);
#4484 = LINE('',#4485,#4486);
#4485 = CARTESIAN_POINT('',(0.,0.));
#4486 = VECTOR('',#4487,1.);
#4487 = DIRECTION('',(0.,-1.));
#4488 = ( GEOMETRIC_REPRESENTATION_CONTEXT(2) 
PARAMETRIC_REPRESENTATION_CONTEXT() REPRESENTATION_CONTEXT('2D SPACE',''
  ) );
#4489 = PCURVE('',#459,#4490);
#4490 = DEFINITIONAL_REPRESENTATION('',(#4491),#4495);
#4491 = LINE('',#4492,#4493);
#4492 = CARTESIAN_POINT('',(15.024764778616,0.));
#4493 = VECTOR('',#4494,1.);
#4494 = DIRECTION('',(0.,1.));
#4495 = ( GEOMETRIC_REPRESENTATION_CONTEXT(2) 
PARAMETRIC_REPRESENTATION_CONTEXT() REPRESENTATION_CONTEXT('2D SPACE',''
  ) );
#4496 = ORIENTED_EDGE('',*,*,#4497,.T.);
#4497 = EDGE_CURVE('',#4475,#4451,#4498,.T.);
#4498 = SURFACE_CURVE('',#4499,(#4503,#4510),.PCURVE_S1.);
#4499 = LINE('',#4500,#4501);
#4500 = CARTESIAN_POINT('',(-48.14837979923,-7.223896912203,22.));
#4501 = VECTOR('',#4502,1.);
#4502 = DIRECTION('',(0.,0.,1.));
#4503 = PCURVE('',#4436,#4504);
#4504 = DEFINITIONAL_REPRESENTATION('',(#4505),#4509);
#4505 = LINE('',#4506,#4507);
#4506 = CARTESIAN_POINT('',(0.,-6.));
#4507 = VECTOR('',#4508,1.);
#4508 = DIRECTION('',(1.,0.));
#4509 = ( GEOMETRIC_REPRESENTATION_CONTEXT(2) 
PARAMETRIC_REPRESENTATION_CONTEXT() REPRESENTATION_CONTEXT('2D SPACE',''
  ) );
#4510 = PCURVE('',#433,#4511);
#4511 = DEFINITIONAL_REPRESENTATION('',(#4512),#4516);
#4512 = LINE('',#4513,#4514);
#4513 = CARTESIAN_POINT('',(0.,15.024764778616));
#4514 = VECTOR('',#4515,1.);
#4515 = DIRECTION('',(1.,0.));
#4516 = ( GEOMETRIC_REPRESENTATION_CONTEXT(2) 
PARAMETRIC_REPRESENTATION_CONTEXT() REPRESENTATION_CONTEXT('2D SPACE',''
  ) );
#4517 = ADVANCED_FACE('',(#4518),#2409,.F.);
#4518 = FACE_BOUND('',#4519,.F.);
#4519 = EDGE_LOOP('',(#4520,#4521,#4522,#4523));
#4520 = ORIENTED_EDGE('',*,*,#4075,.T.);
#4521 = ORIENTED_EDGE('',*,*,#4050,.T.);
#4522 = ORIENTED_EDGE('',*,*,#2394,.F.);
#4523 = ORIENTED_EDGE('',*,*,#4524,.T.);
#4524 = EDGE_CURVE('',#2371,#4076,#4525,.T.);
#4525 = SURFACE_CURVE('',#4526,(#4530,#4537),.PCURVE_S1.);
#4526 = LINE('',#4527,#4528);
#4527 = CARTESIAN_POINT('',(47.886912570987,-10.21248100647,0.));
#4528 = VECTOR('',#4529,1.);
#4529 = DIRECTION('',(-0.996194698092,8.715574274766E-02,0.));
#4530 = PCURVE('',#2409,#4531);
#4531 = DEFINITIONAL_REPRESENTATION('',(#4532),#4536);
#4532 = LINE('',#4533,#4534);
#4533 = CARTESIAN_POINT('',(0.,15.024764778616));
#4534 = VECTOR('',#4535,1.);
#4535 = DIRECTION('',(0.,-1.));
#4536 = ( GEOMETRIC_REPRESENTATION_CONTEXT(2) 
PARAMETRIC_REPRESENTATION_CONTEXT() REPRESENTATION_CONTEXT('2D SPACE',''
  ) );
#4537 = PCURVE('',#71,#4538);
#4538 = DEFINITIONAL_REPRESENTATION('',(#4539),#4543);
#4539 = LINE('',#4540,#4541);
#4540 = CARTESIAN_POINT('',(47.886912570987,-10.21248100647));
#4541 = VECTOR('',#4542,1.);
#4542 = DIRECTION('',(-0.996194698092,8.715574274766E-02));
#4543 = ( GEOMETRIC_REPRESENTATION_CONTEXT(2) 
PARAMETRIC_REPRESENTATION_CONTEXT() REPRESENTATION_CONTEXT('2D SPACE',''
  ) );
#4544 = ADVANCED_FACE('',(#4545,#4576),#296,.T.);
#4545 = FACE_BOUND('',#4546,.T.);
#4546 = EDGE_LOOP('',(#4547,#4548,#4549,#4550,#4551,#4552,#4573,#4574,
    #4575));
#4547 = ORIENTED_EDGE('',*,*,#3295,.F.);
#4548 = ORIENTED_EDGE('',*,*,#3372,.F.);
#4549 = ORIENTED_EDGE('',*,*,#3420,.T.);
#4550 = ORIENTED_EDGE('',*,*,#3470,.T.);
#4551 = ORIENTED_EDGE('',*,*,#3550,.T.);
#4552 = ORIENTED_EDGE('',*,*,#4553,.F.);
#4553 = EDGE_CURVE('',#280,#3551,#4554,.T.);
#4554 = SURFACE_CURVE('',#4555,(#4559,#4566),.PCURVE_S1.);
#4555 = LINE('',#4556,#4557);
#4556 = CARTESIAN_POINT('',(-33.18078878669,-5.914402378314,48.));
#4557 = VECTOR('',#4558,1.);
#4558 = DIRECTION('',(-0.996194698092,-8.715574274766E-02,0.));
#4559 = PCURVE('',#296,#4560);
#4560 = DEFINITIONAL_REPRESENTATION('',(#4561),#4565);
#4561 = LINE('',#4562,#4563);
#4562 = CARTESIAN_POINT('',(-1.110223024625E-15,6.));
#4563 = VECTOR('',#4564,1.);
#4564 = DIRECTION('',(1.,0.));
#4565 = ( GEOMETRIC_REPRESENTATION_CONTEXT(2) 
PARAMETRIC_REPRESENTATION_CONTEXT() REPRESENTATION_CONTEXT('2D SPACE',''
  ) );
#4566 = PCURVE('',#323,#4567);
#4567 = DEFINITIONAL_REPRESENTATION('',(#4568),#4572);
#4568 = LINE('',#4569,#4570);
#4569 = CARTESIAN_POINT('',(6.,0.));
#4570 = VECTOR('',#4571,1.);
#4571 = DIRECTION('',(0.,1.));
#4572 = ( GEOMETRIC_REPRESENTATION_CONTEXT(2) 
PARAMETRIC_REPRESENTATION_CONTEXT() REPRESENTATION_CONTEXT('2D SPACE',''
  ) );
#4573 = ORIENTED_EDGE('',*,*,#279,.F.);
#4574 = ORIENTED_EDGE('',*,*,#2276,.F.);
#4575 = ORIENTED_EDGE('',*,*,#2548,.T.);
#4576 = FACE_BOUND('',#4577,.T.);
#4577 = EDGE_LOOP('',(#4578));
#4578 = ORIENTED_EDGE('',*,*,#4579,.T.);
#4579 = EDGE_CURVE('',#4580,#4580,#4582,.T.);
#4580 = VERTEX_POINT('',#4581);
#4581 = CARTESIAN_POINT('',(-48.60016285744,-2.059992927353,48.));
#4582 = SURFACE_CURVE('',#4583,(#4588,#4599),.PCURVE_S1.);
#4583 = CIRCLE('',#4584,2.06);
#4584 = AXIS2_PLACEMENT_3D('',#4585,#4586,#4587);
#4585 = CARTESIAN_POINT('',(-48.59476477861,5.951142314145E-15,48.));
#4586 = DIRECTION('',(-0.,0.,-1.));
#4587 = DIRECTION('',(-2.620426613831E-03,-0.999996566676,0.));
#4588 = PCURVE('',#296,#4589);
#4589 = DEFINITIONAL_REPRESENTATION('',(#4590),#4598);
#4590 = ( BOUNDED_CURVE() B_SPLINE_CURVE(2,(#4591,#4592,#4593,#4594,
#4595,#4596,#4597),.UNSPECIFIED.,.T.,.F.) B_SPLINE_CURVE_WITH_KNOTS((1,2
    ,2,2,2,1),(-2.094395102393,0.,2.094395102393,4.188790204786,
6.28318530718,8.377580409573),.UNSPECIFIED.) CURVE() 
GEOMETRIC_REPRESENTATION_ITEM() RATIONAL_B_SPLINE_CURVE((1.,0.5,1.,0.5,
1.,0.5,1.)) REPRESENTATION_ITEM('') );
#4591 = CARTESIAN_POINT('',(15.024764778616,0.816370740838));
#4592 = CARTESIAN_POINT('',(18.578384943453,0.496083800637));
#4593 = CARTESIAN_POINT('',(16.524198234319,-2.421298067412));
#4594 = CARTESIAN_POINT('',(14.470011525186,-5.338679935461));
#4595 = CARTESIAN_POINT('',(12.970578069482,-2.10101112721));
#4596 = CARTESIAN_POINT('',(11.471144613779,1.13665768104));
#4597 = CARTESIAN_POINT('',(15.024764778616,0.816370740838));
#4598 = ( GEOMETRIC_REPRESENTATION_CONTEXT(2) 
PARAMETRIC_REPRESENTATION_CONTEXT() REPRESENTATION_CONTEXT('2D SPACE',''
  ) );
#4599 = PCURVE('',#4600,#4605);
#4600 = CYLINDRICAL_SURFACE('',#4601,2.06);
#4601 = AXIS2_PLACEMENT_3D('',#4602,#4603,#4604);
#4602 = CARTESIAN_POINT('',(-48.59476477861,5.951142314145E-15,33.));
#4603 = DIRECTION('',(0.,0.,1.));
#4604 = DIRECTION('',(1.,0.,-0.));
#4605 = DEFINITIONAL_REPRESENTATION('',(#4606),#4610);
#4606 = LINE('',#4607,#4608);
#4607 = CARTESIAN_POINT('',(4.709768550772,15.));
#4608 = VECTOR('',#4609,1.);
#4609 = DIRECTION('',(-1.,-0.));
#4610 = ( GEOMETRIC_REPRESENTATION_CONTEXT(2) 
PARAMETRIC_REPRESENTATION_CONTEXT() REPRESENTATION_CONTEXT('2D SPACE',''
  ) );
#4611 = ADVANCED_FACE('',(#4612),#4600,.F.);
#4612 = FACE_BOUND('',#4613,.F.);
#4613 = EDGE_LOOP('',(#4614,#4636,#4658,#4659));
#4614 = ORIENTED_EDGE('',*,*,#4615,.F.);
#4615 = EDGE_CURVE('',#4616,#4580,#4618,.T.);
#4616 = VERTEX_POINT('',#4617);
#4617 = CARTESIAN_POINT('',(-48.60016285744,-2.059992927353,42.));
#4618 = SEAM_CURVE('',#4619,(#4623,#4630),.PCURVE_S1.);
#4619 = LINE('',#4620,#4621);
#4620 = CARTESIAN_POINT('',(-48.60016285744,-2.059992927353,33.));
#4621 = VECTOR('',#4622,1.);
#4622 = DIRECTION('',(0.,0.,1.));
#4623 = PCURVE('',#4600,#4624);
#4624 = DEFINITIONAL_REPRESENTATION('',(#4625),#4629);
#4625 = LINE('',#4626,#4627);
#4626 = CARTESIAN_POINT('',(-1.573416756408,0.));
#4627 = VECTOR('',#4628,1.);
#4628 = DIRECTION('',(0.,1.));
#4629 = ( GEOMETRIC_REPRESENTATION_CONTEXT(2) 
PARAMETRIC_REPRESENTATION_CONTEXT() REPRESENTATION_CONTEXT('2D SPACE',''
  ) );
#4630 = PCURVE('',#4600,#4631);
#4631 = DEFINITIONAL_REPRESENTATION('',(#4632),#4635);
#4632 = B_SPLINE_CURVE_WITH_KNOTS('',1,(#4633,#4634),.UNSPECIFIED.,.F.,
  .F.,(2,2),(9.,15.),.PIECEWISE_BEZIER_KNOTS.);
#4633 = CARTESIAN_POINT('',(4.709768550772,9.));
#4634 = CARTESIAN_POINT('',(4.709768550772,15.));
#4635 = ( GEOMETRIC_REPRESENTATION_CONTEXT(2) 
PARAMETRIC_REPRESENTATION_CONTEXT() REPRESENTATION_CONTEXT('2D SPACE',''
  ) );
#4636 = ORIENTED_EDGE('',*,*,#4637,.T.);
#4637 = EDGE_CURVE('',#4616,#4616,#4638,.T.);
#4638 = SURFACE_CURVE('',#4639,(#4644,#4651),.PCURVE_S1.);
#4639 = CIRCLE('',#4640,2.06);
#4640 = AXIS2_PLACEMENT_3D('',#4641,#4642,#4643);
#4641 = CARTESIAN_POINT('',(-48.59476477861,-7.660538869914E-15,42.));
#4642 = DIRECTION('',(0.,0.,1.));
#4643 = DIRECTION('',(-2.620426613834E-03,-0.999996566676,0.));
#4644 = PCURVE('',#4600,#4645);
#4645 = DEFINITIONAL_REPRESENTATION('',(#4646),#4650);
#4646 = LINE('',#4647,#4648);
#4647 = CARTESIAN_POINT('',(-1.573416756408,9.));
#4648 = VECTOR('',#4649,1.);
#4649 = DIRECTION('',(1.,0.));
#4650 = ( GEOMETRIC_REPRESENTATION_CONTEXT(2) 
PARAMETRIC_REPRESENTATION_CONTEXT() REPRESENTATION_CONTEXT('2D SPACE',''
  ) );
#4651 = PCURVE('',#351,#4652);
#4652 = DEFINITIONAL_REPRESENTATION('',(#4653),#4657);
#4653 = CIRCLE('',#4654,2.06);
#4654 = AXIS2_PLACEMENT_2D('',#4655,#4656);
#4655 = CARTESIAN_POINT('',(14.839847027472,-1.235312817928));
#4656 = DIRECTION('',(8.976589861322E-02,0.995962892605));
#4657 = ( GEOMETRIC_REPRESENTATION_CONTEXT(2) 
PARAMETRIC_REPRESENTATION_CONTEXT() REPRESENTATION_CONTEXT('2D SPACE',''
  ) );
#4658 = ORIENTED_EDGE('',*,*,#4615,.T.);
#4659 = ORIENTED_EDGE('',*,*,#4579,.T.);
#4660 = ADVANCED_FACE('',(#4661,#4692),#237,.T.);
#4661 = FACE_BOUND('',#4662,.T.);
#4662 = EDGE_LOOP('',(#4663,#4664,#4665,#4686,#4687,#4688,#4689,#4690,
    #4691));
#4663 = ORIENTED_EDGE('',*,*,#2324,.F.);
#4664 = ORIENTED_EDGE('',*,*,#220,.F.);
#4665 = ORIENTED_EDGE('',*,*,#4666,.T.);
#4666 = EDGE_CURVE('',#195,#3928,#4667,.T.);
#4667 = SURFACE_CURVE('',#4668,(#4672,#4679),.PCURVE_S1.);
#4668 = LINE('',#4669,#4670);
#4669 = CARTESIAN_POINT('',(32.919321558454,-8.902986472589,70.));
#4670 = VECTOR('',#4671,1.);
#4671 = DIRECTION('',(0.996194698092,-8.715574274766E-02,0.));
#4672 = PCURVE('',#237,#4673);
#4673 = DEFINITIONAL_REPRESENTATION('',(#4674),#4678);
#4674 = LINE('',#4675,#4676);
#4675 = CARTESIAN_POINT('',(32.919321558454,-8.902986472589));
#4676 = VECTOR('',#4677,1.);
#4677 = DIRECTION('',(0.996194698092,-8.715574274766E-02));
#4678 = ( GEOMETRIC_REPRESENTATION_CONTEXT(2) 
PARAMETRIC_REPRESENTATION_CONTEXT() REPRESENTATION_CONTEXT('2D SPACE',''
  ) );
#4679 = PCURVE('',#209,#4680);
#4680 = DEFINITIONAL_REPRESENTATION('',(#4681),#4685);
#4681 = LINE('',#4682,#4683);
#4682 = CARTESIAN_POINT('',(19.6,0.));
#4683 = VECTOR('',#4684,1.);
#4684 = DIRECTION('',(0.,1.));
#4685 = ( GEOMETRIC_REPRESENTATION_CONTEXT(2) 
PARAMETRIC_REPRESENTATION_CONTEXT() REPRESENTATION_CONTEXT('2D SPACE',''
  ) );
#4686 = ORIENTED_EDGE('',*,*,#3927,.T.);
#4687 = ORIENTED_EDGE('',*,*,#3876,.T.);
#4688 = ORIENTED_EDGE('',*,*,#3797,.F.);
#4689 = ORIENTED_EDGE('',*,*,#3749,.F.);
#4690 = ORIENTED_EDGE('',*,*,#3672,.T.);
#4691 = ORIENTED_EDGE('',*,*,#2521,.T.);
#4692 = FACE_BOUND('',#4693,.T.);
#4693 = EDGE_LOOP('',(#4694));
#4694 = ORIENTED_EDGE('',*,*,#4695,.T.);
#4695 = EDGE_CURVE('',#4696,#4696,#4698,.T.);
#4696 = VERTEX_POINT('',#4697);
#4697 = CARTESIAN_POINT('',(47.661160698128,1.853107773687,70.));
#4698 = SURFACE_CURVE('',#4699,(#4704,#4715),.PCURVE_S1.);
#4699 = CIRCLE('',#4700,2.075);
#4700 = AXIS2_PLACEMENT_3D('',#4701,#4702,#4703);
#4701 = CARTESIAN_POINT('',(48.594764778616,0.,70.));
#4702 = DIRECTION('',(0.,0.,-1.));
#4703 = DIRECTION('',(-0.449929677343,0.893063987319,0.));
#4704 = PCURVE('',#237,#4705);
#4705 = DEFINITIONAL_REPRESENTATION('',(#4706),#4714);
#4706 = ( BOUNDED_CURVE() B_SPLINE_CURVE(2,(#4707,#4708,#4709,#4710,
#4711,#4712,#4713),.UNSPECIFIED.,.T.,.F.) B_SPLINE_CURVE_WITH_KNOTS((1,2
    ,2,2,2,1),(-2.094395102393,0.,2.094395102393,4.188790204786,
6.28318530718,8.377580409573),.UNSPECIFIED.) CURVE() 
GEOMETRIC_REPRESENTATION_ITEM() RATIONAL_B_SPLINE_CURVE((1.,0.5,1.,0.5,
1.,0.5,1.)) REPRESENTATION_ITEM('') );
#4707 = CARTESIAN_POINT('',(47.661160698128,1.853107773687));
#4708 = CARTESIAN_POINT('',(50.870837514054,3.470157475244));
#4709 = CARTESIAN_POINT('',(50.666405226822,-0.118029036065));
#4710 = CARTESIAN_POINT('',(50.46197293959,-3.706215547373));
#4711 = CARTESIAN_POINT('',(47.456728410896,-1.735078737622));
#4712 = CARTESIAN_POINT('',(44.451483882202,0.236058072129));
#4713 = CARTESIAN_POINT('',(47.661160698128,1.853107773687));
#4714 = ( GEOMETRIC_REPRESENTATION_CONTEXT(2) 
PARAMETRIC_REPRESENTATION_CONTEXT() REPRESENTATION_CONTEXT('2D SPACE',''
  ) );
#4715 = PCURVE('',#4716,#4721);
#4716 = CYLINDRICAL_SURFACE('',#4717,2.075);
#4717 = AXIS2_PLACEMENT_3D('',#4718,#4719,#4720);
#4718 = CARTESIAN_POINT('',(48.594764778616,0.,21.));
#4719 = DIRECTION('',(0.,0.,1.));
#4720 = DIRECTION('',(1.,0.,-0.));
#4721 = DEFINITIONAL_REPRESENTATION('',(#4722),#4726);
#4722 = LINE('',#4723,#4724);
#4723 = CARTESIAN_POINT('',(8.320668228326,49.));
#4724 = VECTOR('',#4725,1.);
#4725 = DIRECTION('',(-1.,-0.));
#4726 = ( GEOMETRIC_REPRESENTATION_CONTEXT(2) 
PARAMETRIC_REPRESENTATION_CONTEXT() REPRESENTATION_CONTEXT('2D SPACE',''
  ) );
#4727 = ADVANCED_FACE('',(#4728),#4716,.F.);
#4728 = FACE_BOUND('',#4729,.F.);
#4729 = EDGE_LOOP('',(#4730,#4752,#4774,#4775));
#4730 = ORIENTED_EDGE('',*,*,#4731,.F.);
#4731 = EDGE_CURVE('',#4732,#4696,#4734,.T.);
#4732 = VERTEX_POINT('',#4733);
#4733 = CARTESIAN_POINT('',(47.661160698128,1.853107773687,50.4));
#4734 = SEAM_CURVE('',#4735,(#4739,#4746),.PCURVE_S1.);
#4735 = LINE('',#4736,#4737);
#4736 = CARTESIAN_POINT('',(47.661160698128,1.853107773687,21.));
#4737 = VECTOR('',#4738,1.);
#4738 = DIRECTION('',(0.,0.,1.));
#4739 = PCURVE('',#4716,#4740);
#4740 = DEFINITIONAL_REPRESENTATION('',(#4741),#4745);
#4741 = LINE('',#4742,#4743);
#4742 = CARTESIAN_POINT('',(2.037482921147,0.));
#4743 = VECTOR('',#4744,1.);
#4744 = DIRECTION('',(0.,1.));
#4745 = ( GEOMETRIC_REPRESENTATION_CONTEXT(2) 
PARAMETRIC_REPRESENTATION_CONTEXT() REPRESENTATION_CONTEXT('2D SPACE',''
  ) );
#4746 = PCURVE('',#4716,#4747);
#4747 = DEFINITIONAL_REPRESENTATION('',(#4748),#4751);
#4748 = B_SPLINE_CURVE_WITH_KNOTS('',1,(#4749,#4750),.UNSPECIFIED.,.F.,
  .F.,(2,2),(29.4,49.),.PIECEWISE_BEZIER_KNOTS.);
#4749 = CARTESIAN_POINT('',(8.320668228326,29.4));
#4750 = CARTESIAN_POINT('',(8.320668228326,49.));
#4751 = ( GEOMETRIC_REPRESENTATION_CONTEXT(2) 
PARAMETRIC_REPRESENTATION_CONTEXT() REPRESENTATION_CONTEXT('2D SPACE',''
  ) );
#4752 = ORIENTED_EDGE('',*,*,#4753,.T.);
#4753 = EDGE_CURVE('',#4732,#4732,#4754,.T.);
#4754 = SURFACE_CURVE('',#4755,(#4760,#4767),.PCURVE_S1.);
#4755 = CIRCLE('',#4756,2.075);
#4756 = AXIS2_PLACEMENT_3D('',#4757,#4758,#4759);
#4757 = CARTESIAN_POINT('',(48.594764778616,-1.276756478319E-15,50.4));
#4758 = DIRECTION('',(0.,0.,1.));
#4759 = DIRECTION('',(-0.449929677343,0.893063987319,0.));
#4760 = PCURVE('',#4716,#4761);
#4761 = DEFINITIONAL_REPRESENTATION('',(#4762),#4766);
#4762 = LINE('',#4763,#4764);
#4763 = CARTESIAN_POINT('',(2.037482921147,29.4));
#4764 = VECTOR('',#4765,1.);
#4765 = DIRECTION('',(1.,0.));
#4766 = ( GEOMETRIC_REPRESENTATION_CONTEXT(2) 
PARAMETRIC_REPRESENTATION_CONTEXT() REPRESENTATION_CONTEXT('2D SPACE',''
  ) );
#4767 = PCURVE('',#182,#4768);
#4768 = DEFINITIONAL_REPRESENTATION('',(#4769),#4773);
#4769 = CIRCLE('',#4770,2.075);
#4770 = AXIS2_PLACEMENT_2D('',#4771,#4772);
#4771 = CARTESIAN_POINT('',(14.839847027472,10.235312817928));
#4772 = DIRECTION('',(-0.526053214219,0.850451654011));
#4773 = ( GEOMETRIC_REPRESENTATION_CONTEXT(2) 
PARAMETRIC_REPRESENTATION_CONTEXT() REPRESENTATION_CONTEXT('2D SPACE',''
  ) );
#4774 = ORIENTED_EDGE('',*,*,#4731,.T.);
#4775 = ORIENTED_EDGE('',*,*,#4695,.T.);
#4776 = ADVANCED_FACE('',(#4777),#323,.T.);
#4777 = FACE_BOUND('',#4778,.T.);
#4778 = EDGE_LOOP('',(#4779,#4800,#4801,#4802));
#4779 = ORIENTED_EDGE('',*,*,#4780,.F.);
#4780 = EDGE_CURVE('',#309,#3575,#4781,.T.);
#4781 = SURFACE_CURVE('',#4782,(#4786,#4793),.PCURVE_S1.);
#4782 = LINE('',#4783,#4784);
#4783 = CARTESIAN_POINT('',(-33.18078878669,-5.914402378314,42.));
#4784 = VECTOR('',#4785,1.);
#4785 = DIRECTION('',(-0.996194698092,-8.715574274766E-02,0.));
#4786 = PCURVE('',#323,#4787);
#4787 = DEFINITIONAL_REPRESENTATION('',(#4788),#4792);
#4788 = LINE('',#4789,#4790);
#4789 = CARTESIAN_POINT('',(0.,0.));
#4790 = VECTOR('',#4791,1.);
#4791 = DIRECTION('',(0.,1.));
#4792 = ( GEOMETRIC_REPRESENTATION_CONTEXT(2) 
PARAMETRIC_REPRESENTATION_CONTEXT() REPRESENTATION_CONTEXT('2D SPACE',''
  ) );
#4793 = PCURVE('',#351,#4794);
#4794 = DEFINITIONAL_REPRESENTATION('',(#4795),#4799);
#4795 = LINE('',#4796,#4797);
#4796 = CARTESIAN_POINT('',(-1.110223024625E-15,6.));
#4797 = VECTOR('',#4798,1.);
#4798 = DIRECTION('',(1.,0.));
#4799 = ( GEOMETRIC_REPRESENTATION_CONTEXT(2) 
PARAMETRIC_REPRESENTATION_CONTEXT() REPRESENTATION_CONTEXT('2D SPACE',''
  ) );
#4800 = ORIENTED_EDGE('',*,*,#308,.T.);
#4801 = ORIENTED_EDGE('',*,*,#4553,.T.);
#4802 = ORIENTED_EDGE('',*,*,#3597,.F.);
#4803 = ADVANCED_FACE('',(#4804),#209,.F.);
#4804 = FACE_BOUND('',#4805,.F.);
#4805 = EDGE_LOOP('',(#4806,#4827,#4828,#4829));
#4806 = ORIENTED_EDGE('',*,*,#4807,.F.);
#4807 = EDGE_CURVE('',#166,#3951,#4808,.T.);
#4808 = SURFACE_CURVE('',#4809,(#4813,#4820),.PCURVE_S1.);
#4809 = LINE('',#4810,#4811);
#4810 = CARTESIAN_POINT('',(32.919321558454,-8.902986472589,50.4));
#4811 = VECTOR('',#4812,1.);
#4812 = DIRECTION('',(0.996194698092,-8.715574274766E-02,0.));
#4813 = PCURVE('',#209,#4814);
#4814 = DEFINITIONAL_REPRESENTATION('',(#4815),#4819);
#4815 = LINE('',#4816,#4817);
#4816 = CARTESIAN_POINT('',(0.,0.));
#4817 = VECTOR('',#4818,1.);
#4818 = DIRECTION('',(0.,1.));
#4819 = ( GEOMETRIC_REPRESENTATION_CONTEXT(2) 
PARAMETRIC_REPRESENTATION_CONTEXT() REPRESENTATION_CONTEXT('2D SPACE',''
  ) );
#4820 = PCURVE('',#182,#4821);
#4821 = DEFINITIONAL_REPRESENTATION('',(#4822),#4826);
#4822 = LINE('',#4823,#4824);
#4823 = CARTESIAN_POINT('',(0.,0.));
#4824 = VECTOR('',#4825,1.);
#4825 = DIRECTION('',(1.,0.));
#4826 = ( GEOMETRIC_REPRESENTATION_CONTEXT(2) 
PARAMETRIC_REPRESENTATION_CONTEXT() REPRESENTATION_CONTEXT('2D SPACE',''
  ) );
#4827 = ORIENTED_EDGE('',*,*,#194,.T.);
#4828 = ORIENTED_EDGE('',*,*,#4666,.T.);
#4829 = ORIENTED_EDGE('',*,*,#3950,.F.);
#4830 = ADVANCED_FACE('',(#4831,#4861),#351,.F.);
#4831 = FACE_BOUND('',#4832,.F.);
#4832 = EDGE_LOOP('',(#4833,#4834,#4835,#4836,#4837,#4838,#4839,#4840,
    #4860));
#4833 = ORIENTED_EDGE('',*,*,#3244,.F.);
#4834 = ORIENTED_EDGE('',*,*,#3350,.F.);
#4835 = ORIENTED_EDGE('',*,*,#3396,.T.);
#4836 = ORIENTED_EDGE('',*,*,#3495,.F.);
#4837 = ORIENTED_EDGE('',*,*,#3574,.T.);
#4838 = ORIENTED_EDGE('',*,*,#4780,.F.);
#4839 = ORIENTED_EDGE('',*,*,#334,.F.);
#4840 = ORIENTED_EDGE('',*,*,#4841,.F.);
#4841 = EDGE_CURVE('',#2599,#335,#4842,.T.);
#4842 = SURFACE_CURVE('',#4843,(#4847,#4854),.PCURVE_S1.);
#4843 = LINE('',#4844,#4845);
#4844 = CARTESIAN_POINT('',(25.113834012597,2.197175773774,42.));
#4845 = VECTOR('',#4846,1.);
#4846 = DIRECTION('',(-0.996194698092,-8.715574274766E-02,0.));
#4847 = PCURVE('',#351,#4848);
#4848 = DEFINITIONAL_REPRESENTATION('',(#4849),#4853);
#4849 = LINE('',#4850,#4851);
#4850 = CARTESIAN_POINT('',(-58.77976477861,3.));
#4851 = VECTOR('',#4852,1.);
#4852 = DIRECTION('',(1.,0.));
#4853 = ( GEOMETRIC_REPRESENTATION_CONTEXT(2) 
PARAMETRIC_REPRESENTATION_CONTEXT() REPRESENTATION_CONTEXT('2D SPACE',''
  ) );
#4854 = PCURVE('',#378,#4855);
#4855 = DEFINITIONAL_REPRESENTATION('',(#4856),#4859);
#4856 = B_SPLINE_CURVE_WITH_KNOTS('',1,(#4857,#4858),.UNSPECIFIED.,.F.,
  .F.,(2,2),(62.509764778616,67.204529557231),.PIECEWISE_BEZIER_KNOTS.);
#4857 = CARTESIAN_POINT('',(147.,121.28952955723));
#4858 = CARTESIAN_POINT('',(147.,125.98429433584));
#4859 = ( GEOMETRIC_REPRESENTATION_CONTEXT(2) 
PARAMETRIC_REPRESENTATION_CONTEXT() REPRESENTATION_CONTEXT('2D SPACE',''
  ) );
#4860 = ORIENTED_EDGE('',*,*,#2598,.T.);
#4861 = FACE_BOUND('',#4862,.F.);
#4862 = EDGE_LOOP('',(#4863));
#4863 = ORIENTED_EDGE('',*,*,#4637,.F.);
#4864 = ADVANCED_FACE('',(#4865,#4895),#182,.F.);
#4865 = FACE_BOUND('',#4866,.F.);
#4866 = EDGE_LOOP('',(#4867,#4868,#4869,#4870,#4871,#4891,#4892,#4893,
    #4894));
#4867 = ORIENTED_EDGE('',*,*,#3773,.F.);
#4868 = ORIENTED_EDGE('',*,*,#3698,.F.);
#4869 = ORIENTED_EDGE('',*,*,#3621,.T.);
#4870 = ORIENTED_EDGE('',*,*,#2471,.T.);
#4871 = ORIENTED_EDGE('',*,*,#4872,.T.);
#4872 = EDGE_CURVE('',#2450,#139,#4873,.T.);
#4873 = SURFACE_CURVE('',#4874,(#4878,#4885),.PCURVE_S1.);
#4874 = LINE('',#4875,#4876);
#4875 = CARTESIAN_POINT('',(-25.11383401259,2.197175773774,50.4));
#4876 = VECTOR('',#4877,1.);
#4877 = DIRECTION('',(0.996194698092,-8.715574274766E-02,0.));
#4878 = PCURVE('',#182,#4879);
#4879 = DEFINITIONAL_REPRESENTATION('',(#4880),#4884);
#4880 = LINE('',#4881,#4882);
#4881 = CARTESIAN_POINT('',(-58.77976477861,6.));
#4882 = VECTOR('',#4883,1.);
#4883 = DIRECTION('',(1.,0.));
#4884 = ( GEOMETRIC_REPRESENTATION_CONTEXT(2) 
PARAMETRIC_REPRESENTATION_CONTEXT() REPRESENTATION_CONTEXT('2D SPACE',''
  ) );
#4885 = PCURVE('',#153,#4886);
#4886 = DEFINITIONAL_REPRESENTATION('',(#4887),#4890);
#4887 = B_SPLINE_CURVE_WITH_KNOTS('',1,(#4888,#4889),.UNSPECIFIED.,.F.,
  .F.,(2,2),(58.779764778616,67.204529557231),.PIECEWISE_BEZIER_KNOTS.);
#4888 = CARTESIAN_POINT('',(155.4,117.55952955723));
#4889 = CARTESIAN_POINT('',(155.4,125.98429433584));
#4890 = ( GEOMETRIC_REPRESENTATION_CONTEXT(2) 
PARAMETRIC_REPRESENTATION_CONTEXT() REPRESENTATION_CONTEXT('2D SPACE',''
  ) );
#4891 = ORIENTED_EDGE('',*,*,#165,.F.);
#4892 = ORIENTED_EDGE('',*,*,#4807,.T.);
#4893 = ORIENTED_EDGE('',*,*,#3973,.T.);
#4894 = ORIENTED_EDGE('',*,*,#3847,.F.);
#4895 = FACE_BOUND('',#4896,.F.);
#4896 = EDGE_LOOP('',(#4897));
#4897 = ORIENTED_EDGE('',*,*,#4753,.F.);
#4898 = ADVANCED_FACE('',(#4899),#378,.F.);
#4899 = FACE_BOUND('',#4900,.F.);
#4900 = EDGE_LOOP('',(#4901,#4902,#4922,#4923));
#4901 = ORIENTED_EDGE('',*,*,#363,.F.);
#4902 = ORIENTED_EDGE('',*,*,#4903,.F.);
#4903 = EDGE_CURVE('',#2623,#364,#4904,.T.);
#4904 = SURFACE_CURVE('',#4905,(#4909,#4915),.PCURVE_S1.);
#4905 = LINE('',#4906,#4907);
#4906 = CARTESIAN_POINT('',(25.113834012597,2.197175773774,28.));
#4907 = VECTOR('',#4908,1.);
#4908 = DIRECTION('',(-0.996194698092,-8.715574274766E-02,0.));
#4909 = PCURVE('',#378,#4910);
#4910 = DEFINITIONAL_REPRESENTATION('',(#4911),#4914);
#4911 = B_SPLINE_CURVE_WITH_KNOTS('',1,(#4912,#4913),.UNSPECIFIED.,.F.,
  .F.,(2,2),(62.509764778616,67.204529557231),.PIECEWISE_BEZIER_KNOTS.);
#4912 = CARTESIAN_POINT('',(133.,121.28952955723));
#4913 = CARTESIAN_POINT('',(133.,125.98429433584));
#4914 = ( GEOMETRIC_REPRESENTATION_CONTEXT(2) 
PARAMETRIC_REPRESENTATION_CONTEXT() REPRESENTATION_CONTEXT('2D SPACE',''
  ) );
#4915 = PCURVE('',#406,#4916);
#4916 = DEFINITIONAL_REPRESENTATION('',(#4917),#4921);
#4917 = LINE('',#4918,#4919);
#4918 = CARTESIAN_POINT('',(-58.77976477861,3.));
#4919 = VECTOR('',#4920,1.);
#4920 = DIRECTION('',(1.,0.));
#4921 = ( GEOMETRIC_REPRESENTATION_CONTEXT(2) 
PARAMETRIC_REPRESENTATION_CONTEXT() REPRESENTATION_CONTEXT('2D SPACE',''
  ) );
#4922 = ORIENTED_EDGE('',*,*,#2622,.T.);
#4923 = ORIENTED_EDGE('',*,*,#4841,.T.);
#4924 = ADVANCED_FACE('',(#4925),#153,.T.);
#4925 = FACE_BOUND('',#4926,.T.);
#4926 = EDGE_LOOP('',(#4927,#4928,#4955,#4976,#4977,#4978,#4979));
#4927 = ORIENTED_EDGE('',*,*,#138,.F.);
#4928 = ORIENTED_EDGE('',*,*,#4929,.F.);
#4929 = EDGE_CURVE('',#4930,#110,#4932,.T.);
#4930 = VERTEX_POINT('',#4931);
#4931 = CARTESIAN_POINT('',(41.834962020067,-3.660084915793,0.));
#4932 = SURFACE_CURVE('',#4933,(#4937,#4944),.PCURVE_S1.);
#4933 = LINE('',#4934,#4935);
#4934 = CARTESIAN_POINT('',(41.834962020067,-3.660084915793,0.));
#4935 = VECTOR('',#4936,1.);
#4936 = DIRECTION('',(0.,0.,1.));
#4937 = PCURVE('',#153,#4938);
#4938 = DEFINITIONAL_REPRESENTATION('',(#4939),#4943);
#4939 = LINE('',#4940,#4941);
#4940 = CARTESIAN_POINT('',(105.,125.98429433584));
#4941 = VECTOR('',#4942,1.);
#4942 = DIRECTION('',(1.,0.));
#4943 = ( GEOMETRIC_REPRESENTATION_CONTEXT(2) 
PARAMETRIC_REPRESENTATION_CONTEXT() REPRESENTATION_CONTEXT('2D SPACE',''
  ) );
#4944 = PCURVE('',#4945,#4950);
#4945 = CYLINDRICAL_SURFACE('',#4946,41.994764778616);
#4946 = AXIS2_PLACEMENT_3D('',#4947,#4948,#4949);
#4947 = CARTESIAN_POINT('',(0.,0.,-39.2));
#4948 = DIRECTION('',(0.,0.,1.));
#4949 = DIRECTION('',(1.,0.,-0.));
#4950 = DEFINITIONAL_REPRESENTATION('',(#4951),#4954);
#4951 = B_SPLINE_CURVE_WITH_KNOTS('',1,(#4952,#4953),.UNSPECIFIED.,.F.,
  .F.,(2,2),(0.,19.6),.PIECEWISE_BEZIER_KNOTS.);
#4952 = CARTESIAN_POINT('',(6.19591884458,39.2));
#4953 = CARTESIAN_POINT('',(6.19591884458,58.8));
#4954 = ( GEOMETRIC_REPRESENTATION_CONTEXT(2) 
PARAMETRIC_REPRESENTATION_CONTEXT() REPRESENTATION_CONTEXT('2D SPACE',''
  ) );
#4955 = ORIENTED_EDGE('',*,*,#4956,.T.);
#4956 = EDGE_CURVE('',#4930,#4099,#4957,.T.);
#4957 = SURFACE_CURVE('',#4958,(#4962,#4969),.PCURVE_S1.);
#4958 = LINE('',#4959,#4960);
#4959 = CARTESIAN_POINT('',(41.834962020067,-3.660084915793,0.));
#4960 = VECTOR('',#4961,1.);
#4961 = DIRECTION('',(-0.996194698092,8.715574274766E-02,0.));
#4962 = PCURVE('',#153,#4963);
#4963 = DEFINITIONAL_REPRESENTATION('',(#4964),#4968);
#4964 = LINE('',#4965,#4966);
#4965 = CARTESIAN_POINT('',(105.,125.98429433584));
#4966 = VECTOR('',#4967,1.);
#4967 = DIRECTION('',(0.,-1.));
#4968 = ( GEOMETRIC_REPRESENTATION_CONTEXT(2) 
PARAMETRIC_REPRESENTATION_CONTEXT() REPRESENTATION_CONTEXT('2D SPACE',''
  ) );
#4969 = PCURVE('',#71,#4970);
#4970 = DEFINITIONAL_REPRESENTATION('',(#4971),#4975);
#4971 = LINE('',#4972,#4973);
#4972 = CARTESIAN_POINT('',(41.834962020067,-3.660084915793));
#4973 = VECTOR('',#4974,1.);
#4974 = DIRECTION('',(-0.996194698092,8.715574274766E-02));
#4975 = ( GEOMETRIC_REPRESENTATION_CONTEXT(2) 
PARAMETRIC_REPRESENTATION_CONTEXT() REPRESENTATION_CONTEXT('2D SPACE',''
  ) );
#4976 = ORIENTED_EDGE('',*,*,#4121,.T.);
#4977 = ORIENTED_EDGE('',*,*,#3999,.F.);
#4978 = ORIENTED_EDGE('',*,*,#2449,.T.);
#4979 = ORIENTED_EDGE('',*,*,#4872,.T.);
#4980 = ADVANCED_FACE('',(#4981),#4945,.F.);
#4981 = FACE_BOUND('',#4982,.F.);
#4982 = EDGE_LOOP('',(#4983,#4984,#5008,#5034));
#4983 = ORIENTED_EDGE('',*,*,#4929,.F.);
#4984 = ORIENTED_EDGE('',*,*,#4985,.T.);
#4985 = EDGE_CURVE('',#4930,#4986,#4988,.T.);
#4986 = VERTEX_POINT('',#4987);
#4987 = CARTESIAN_POINT('',(41.928701055671,2.354633006521,0.));
#4988 = SURFACE_CURVE('',#4989,(#4994,#5001),.PCURVE_S1.);
#4989 = CIRCLE('',#4990,41.994764778616);
#4990 = AXIS2_PLACEMENT_3D('',#4991,#4992,#4993);
#4991 = CARTESIAN_POINT('',(0.,0.,0.));
#4992 = DIRECTION('',(0.,0.,1.));
#4993 = DIRECTION('',(0.973522113012,-0.228592859638,0.));
#4994 = PCURVE('',#4945,#4995);
#4995 = DEFINITIONAL_REPRESENTATION('',(#4996),#5000);
#4996 = LINE('',#4997,#4998);
#4997 = CARTESIAN_POINT('',(6.052553282001,39.2));
#4998 = VECTOR('',#4999,1.);
#4999 = DIRECTION('',(1.,0.));
#5000 = ( GEOMETRIC_REPRESENTATION_CONTEXT(2) 
PARAMETRIC_REPRESENTATION_CONTEXT() REPRESENTATION_CONTEXT('2D SPACE',''
  ) );
#5001 = PCURVE('',#71,#5002);
#5002 = DEFINITIONAL_REPRESENTATION('',(#5003),#5007);
#5003 = CIRCLE('',#5004,41.994764778616);
#5004 = AXIS2_PLACEMENT_2D('',#5005,#5006);
#5005 = CARTESIAN_POINT('',(0.,0.));
#5006 = DIRECTION('',(0.973522113012,-0.228592859638));
#5007 = ( GEOMETRIC_REPRESENTATION_CONTEXT(2) 
PARAMETRIC_REPRESENTATION_CONTEXT() REPRESENTATION_CONTEXT('2D SPACE',''
  ) );
#5008 = ORIENTED_EDGE('',*,*,#5009,.T.);
#5009 = EDGE_CURVE('',#4986,#5010,#5012,.T.);
#5010 = VERTEX_POINT('',#5011);
#5011 = CARTESIAN_POINT('',(41.928701055671,2.354633006521,19.6));
#5012 = SURFACE_CURVE('',#5013,(#5017,#5023),.PCURVE_S1.);
#5013 = LINE('',#5014,#5015);
#5014 = CARTESIAN_POINT('',(41.928701055671,2.354633006521,-39.2));
#5015 = VECTOR('',#5016,1.);
#5016 = DIRECTION('',(0.,0.,1.));
#5017 = PCURVE('',#4945,#5018);
#5018 = DEFINITIONAL_REPRESENTATION('',(#5019),#5022);
#5019 = B_SPLINE_CURVE_WITH_KNOTS('',1,(#5020,#5021),.UNSPECIFIED.,.F.,
  .F.,(2,2),(39.2,58.8),.PIECEWISE_BEZIER_KNOTS.);
#5020 = CARTESIAN_POINT('',(6.339284407159,39.2));
#5021 = CARTESIAN_POINT('',(6.339284407159,58.8));
#5022 = ( GEOMETRIC_REPRESENTATION_CONTEXT(2) 
PARAMETRIC_REPRESENTATION_CONTEXT() REPRESENTATION_CONTEXT('2D SPACE',''
  ) );
#5023 = PCURVE('',#5024,#5029);
#5024 = PLANE('',#5025);
#5025 = AXIS2_PLACEMENT_3D('',#5026,#5027,#5028);
#5026 = CARTESIAN_POINT('',(33.965190471426,3.051349904512,0.));
#5027 = DIRECTION('',(8.715574274766E-02,0.996194698092,0.));
#5028 = DIRECTION('',(0.,0.,1.));
#5029 = DEFINITIONAL_REPRESENTATION('',(#5030),#5033);
#5030 = B_SPLINE_CURVE_WITH_KNOTS('',1,(#5031,#5032),.UNSPECIFIED.,.F.,
  .F.,(2,2),(37.24,60.76),.PIECEWISE_BEZIER_KNOTS.);
#5031 = CARTESIAN_POINT('',(-1.96,7.993929900952));
#5032 = CARTESIAN_POINT('',(21.56,7.993929900952));
#5033 = ( GEOMETRIC_REPRESENTATION_CONTEXT(2) 
PARAMETRIC_REPRESENTATION_CONTEXT() REPRESENTATION_CONTEXT('2D SPACE',''
  ) );
#5034 = ORIENTED_EDGE('',*,*,#5035,.T.);
#5035 = EDGE_CURVE('',#5010,#110,#5036,.T.);
#5036 = SURFACE_CURVE('',#5037,(#5042,#5049),.PCURVE_S1.);
#5037 = CIRCLE('',#5038,41.994764778616);
#5038 = AXIS2_PLACEMENT_3D('',#5039,#5040,#5041);
#5039 = CARTESIAN_POINT('',(0.,0.,19.6));
#5040 = DIRECTION('',(0.,0.,-1.));
#5041 = DIRECTION('',(0.998426858126,5.606967961207E-02,0.));
#5042 = PCURVE('',#4945,#5043);
#5043 = DEFINITIONAL_REPRESENTATION('',(#5044),#5048);
#5044 = LINE('',#5045,#5046);
#5045 = CARTESIAN_POINT('',(6.339284407159,58.8));
#5046 = VECTOR('',#5047,1.);
#5047 = DIRECTION('',(-1.,-0.));
#5048 = ( GEOMETRIC_REPRESENTATION_CONTEXT(2) 
PARAMETRIC_REPRESENTATION_CONTEXT() REPRESENTATION_CONTEXT('2D SPACE',''
  ) );
#5049 = PCURVE('',#126,#5050);
#5050 = DEFINITIONAL_REPRESENTATION('',(#5051),#5059);
#5051 = ( BOUNDED_CURVE() B_SPLINE_CURVE(2,(#5052,#5053,#5054,#5055,
#5056,#5057,#5058),.UNSPECIFIED.,.T.,.F.) B_SPLINE_CURVE_WITH_KNOTS((1,2
    ,2,2,2,1),(-2.094395102393,0.,2.094395102393,4.188790204786,
6.28318530718,8.377580409573),.UNSPECIFIED.) CURVE() 
GEOMETRIC_REPRESENTATION_ITEM() RATIONAL_B_SPLINE_CURVE((1.,0.5,1.,0.5,
1.,0.5,1.)) REPRESENTATION_ITEM('') );
#5052 = CARTESIAN_POINT('',(7.993929900952,12.));
#5053 = CARTESIAN_POINT('',(18.386234746365,-59.99083835068));
#5054 = CARTESIAN_POINT('',(-49.15581252776,-32.99541917534));
#5055 = CARTESIAN_POINT('',(-116.6978598019,-6.));
#5056 = CARTESIAN_POINT('',(-59.54811737318,38.99541917534));
#5057 = CARTESIAN_POINT('',(-2.398374944461,83.99083835068));
#5058 = CARTESIAN_POINT('',(7.993929900952,12.));
#5059 = ( GEOMETRIC_REPRESENTATION_CONTEXT(2) 
PARAMETRIC_REPRESENTATION_CONTEXT() REPRESENTATION_CONTEXT('2D SPACE',''
  ) );
#5060 = ADVANCED_FACE('',(#5061),#5024,.T.);
#5061 = FACE_BOUND('',#5062,.T.);
#5062 = EDGE_LOOP('',(#5063,#5086,#5087,#5110));
#5063 = ORIENTED_EDGE('',*,*,#5064,.F.);
#5064 = EDGE_CURVE('',#4986,#5065,#5067,.T.);
#5065 = VERTEX_POINT('',#5066);
#5066 = CARTESIAN_POINT('',(43.035768266269,2.257777175833,0.));
#5067 = SURFACE_CURVE('',#5068,(#5072,#5079),.PCURVE_S1.);
#5068 = LINE('',#5069,#5070);
#5069 = CARTESIAN_POINT('',(33.965190471426,3.051349904512,0.));
#5070 = VECTOR('',#5071,1.);
#5071 = DIRECTION('',(0.996194698092,-8.715574274766E-02,0.));
#5072 = PCURVE('',#5024,#5073);
#5073 = DEFINITIONAL_REPRESENTATION('',(#5074),#5078);
#5074 = LINE('',#5075,#5076);
#5075 = CARTESIAN_POINT('',(0.,0.));
#5076 = VECTOR('',#5077,1.);
#5077 = DIRECTION('',(0.,1.));
#5078 = ( GEOMETRIC_REPRESENTATION_CONTEXT(2) 
PARAMETRIC_REPRESENTATION_CONTEXT() REPRESENTATION_CONTEXT('2D SPACE',''
  ) );
#5079 = PCURVE('',#71,#5080);
#5080 = DEFINITIONAL_REPRESENTATION('',(#5081),#5085);
#5081 = LINE('',#5082,#5083);
#5082 = CARTESIAN_POINT('',(33.965190471426,3.051349904512));
#5083 = VECTOR('',#5084,1.);
#5084 = DIRECTION('',(0.996194698092,-8.715574274766E-02));
#5085 = ( GEOMETRIC_REPRESENTATION_CONTEXT(2) 
PARAMETRIC_REPRESENTATION_CONTEXT() REPRESENTATION_CONTEXT('2D SPACE',''
  ) );
#5086 = ORIENTED_EDGE('',*,*,#5009,.T.);
#5087 = ORIENTED_EDGE('',*,*,#5088,.T.);
#5088 = EDGE_CURVE('',#5010,#5089,#5091,.T.);
#5089 = VERTEX_POINT('',#5090);
#5090 = CARTESIAN_POINT('',(43.035768266269,2.257777175833,19.6));
#5091 = SURFACE_CURVE('',#5092,(#5096,#5103),.PCURVE_S1.);
#5092 = LINE('',#5093,#5094);
#5093 = CARTESIAN_POINT('',(33.965190471426,3.051349904512,19.6));
#5094 = VECTOR('',#5095,1.);
#5095 = DIRECTION('',(0.996194698092,-8.715574274766E-02,0.));
#5096 = PCURVE('',#5024,#5097);
#5097 = DEFINITIONAL_REPRESENTATION('',(#5098),#5102);
#5098 = LINE('',#5099,#5100);
#5099 = CARTESIAN_POINT('',(19.6,0.));
#5100 = VECTOR('',#5101,1.);
#5101 = DIRECTION('',(0.,1.));
#5102 = ( GEOMETRIC_REPRESENTATION_CONTEXT(2) 
PARAMETRIC_REPRESENTATION_CONTEXT() REPRESENTATION_CONTEXT('2D SPACE',''
  ) );
#5103 = PCURVE('',#126,#5104);
#5104 = DEFINITIONAL_REPRESENTATION('',(#5105),#5109);
#5105 = LINE('',#5106,#5107);
#5106 = CARTESIAN_POINT('',(-2.22044604925E-15,12.));
#5107 = VECTOR('',#5108,1.);
#5108 = DIRECTION('',(1.,0.));
#5109 = ( GEOMETRIC_REPRESENTATION_CONTEXT(2) 
PARAMETRIC_REPRESENTATION_CONTEXT() REPRESENTATION_CONTEXT('2D SPACE',''
  ) );
#5110 = ORIENTED_EDGE('',*,*,#5111,.F.);
#5111 = EDGE_CURVE('',#5065,#5089,#5112,.T.);
#5112 = SURFACE_CURVE('',#5113,(#5117,#5123),.PCURVE_S1.);
#5113 = LINE('',#5114,#5115);
#5114 = CARTESIAN_POINT('',(43.035768266269,2.257777175833,0.));
#5115 = VECTOR('',#5116,1.);
#5116 = DIRECTION('',(0.,0.,1.));
#5117 = PCURVE('',#5024,#5118);
#5118 = DEFINITIONAL_REPRESENTATION('',(#5119),#5122);
#5119 = B_SPLINE_CURVE_WITH_KNOTS('',1,(#5120,#5121),.UNSPECIFIED.,.F.,
  .F.,(2,2),(-2.4E-06,19.6000024),.PIECEWISE_BEZIER_KNOTS.);
#5120 = CARTESIAN_POINT('',(-2.4E-06,9.105225928443));
#5121 = CARTESIAN_POINT('',(19.6000024,9.105225928443));
#5122 = ( GEOMETRIC_REPRESENTATION_CONTEXT(2) 
PARAMETRIC_REPRESENTATION_CONTEXT() REPRESENTATION_CONTEXT('2D SPACE',''
  ) );
#5123 = PCURVE('',#5124,#5129);
#5124 = CYLINDRICAL_SURFACE('',#5125,6.);
#5125 = AXIS2_PLACEMENT_3D('',#5126,#5127,#5128);
#5126 = CARTESIAN_POINT('',(48.594764778616,0.,0.));
#5127 = DIRECTION('',(0.,0.,1.));
#5128 = DIRECTION('',(1.,0.,-0.));
#5129 = DEFINITIONAL_REPRESENTATION('',(#5130),#5133);
#5130 = B_SPLINE_CURVE_WITH_KNOTS('',1,(#5131,#5132),.UNSPECIFIED.,.F.,
  .F.,(2,2),(0.,19.6),.PIECEWISE_BEZIER_KNOTS.);
#5131 = CARTESIAN_POINT('',(9.038982557931,0.));
#5132 = CARTESIAN_POINT('',(9.038982557931,19.6));
#5133 = ( GEOMETRIC_REPRESENTATION_CONTEXT(2) 
PARAMETRIC_REPRESENTATION_CONTEXT() REPRESENTATION_CONTEXT('2D SPACE',''
  ) );
#5134 = ADVANCED_FACE('',(#5135),#5124,.T.);
#5135 = FACE_BOUND('',#5136,.T.);
#5136 = EDGE_LOOP('',(#5137,#5161,#5187,#5213));
#5137 = ORIENTED_EDGE('',*,*,#5138,.F.);
#5138 = EDGE_CURVE('',#5139,#5089,#5141,.T.);
#5139 = VERTEX_POINT('',#5140);
#5140 = CARTESIAN_POINT('',(48.256292818868,-5.990445453592,19.6));
#5141 = SURFACE_CURVE('',#5142,(#5147,#5154),.PCURVE_S1.);
#5142 = CIRCLE('',#5143,6.);
#5143 = AXIS2_PLACEMENT_3D('',#5144,#5145,#5146);
#5144 = CARTESIAN_POINT('',(48.594764778616,0.,19.6));
#5145 = DIRECTION('',(0.,0.,1.));
#5146 = DIRECTION('',(-5.641199329134E-02,-0.998407575599,0.));
#5147 = PCURVE('',#5124,#5148);
#5148 = DEFINITIONAL_REPRESENTATION('',(#5149),#5153);
#5149 = LINE('',#5150,#5151);
#5150 = CARTESIAN_POINT('',(4.655947024062,19.6));
#5151 = VECTOR('',#5152,1.);
#5152 = DIRECTION('',(1.,0.));
#5153 = ( GEOMETRIC_REPRESENTATION_CONTEXT(2) 
PARAMETRIC_REPRESENTATION_CONTEXT() REPRESENTATION_CONTEXT('2D SPACE',''
  ) );
#5154 = PCURVE('',#126,#5155);
#5155 = DEFINITIONAL_REPRESENTATION('',(#5156),#5160);
#5156 = CIRCLE('',#5157,6.);
#5157 = AXIS2_PLACEMENT_2D('',#5158,#5159);
#5158 = CARTESIAN_POINT('',(14.839847027472,10.235312817928));
#5159 = DIRECTION('',(3.081962519057E-02,-0.999524962521));
#5160 = ( GEOMETRIC_REPRESENTATION_CONTEXT(2) 
PARAMETRIC_REPRESENTATION_CONTEXT() REPRESENTATION_CONTEXT('2D SPACE',''
  ) );
#5161 = ORIENTED_EDGE('',*,*,#5162,.F.);
#5162 = EDGE_CURVE('',#5163,#5139,#5165,.T.);
#5163 = VERTEX_POINT('',#5164);
#5164 = CARTESIAN_POINT('',(48.256292818868,-5.990445453592,0.));
#5165 = SURFACE_CURVE('',#5166,(#5170,#5176),.PCURVE_S1.);
#5166 = LINE('',#5167,#5168);
#5167 = CARTESIAN_POINT('',(48.256292818867,-5.990445453592,0.));
#5168 = VECTOR('',#5169,1.);
#5169 = DIRECTION('',(0.,0.,1.));
#5170 = PCURVE('',#5124,#5171);
#5171 = DEFINITIONAL_REPRESENTATION('',(#5172),#5175);
#5172 = B_SPLINE_CURVE_WITH_KNOTS('',1,(#5173,#5174),.UNSPECIFIED.,.F.,
  .F.,(2,2),(0.,19.6),.PIECEWISE_BEZIER_KNOTS.);
#5173 = CARTESIAN_POINT('',(4.655947024062,0.));
#5174 = CARTESIAN_POINT('',(4.655947024062,19.6));
#5175 = ( GEOMETRIC_REPRESENTATION_CONTEXT(2) 
PARAMETRIC_REPRESENTATION_CONTEXT() REPRESENTATION_CONTEXT('2D SPACE',''
  ) );
#5176 = PCURVE('',#5177,#5182);
#5177 = PLANE('',#5178);
#5178 = AXIS2_PLACEMENT_3D('',#5179,#5180,#5181);
#5179 = CARTESIAN_POINT('',(47.886912570987,-10.21248100647,0.));
#5180 = DIRECTION('',(0.996194698092,-8.715574274766E-02,0.));
#5181 = DIRECTION('',(0.,0.,1.));
#5182 = DEFINITIONAL_REPRESENTATION('',(#5183),#5186);
#5183 = B_SPLINE_CURVE_WITH_KNOTS('',1,(#5184,#5185),.UNSPECIFIED.,.F.,
  .F.,(2,2),(-2.4E-06,19.6000024),.PIECEWISE_BEZIER_KNOTS.);
#5184 = CARTESIAN_POINT('',(-2.4E-06,-4.2381630428));
#5185 = CARTESIAN_POINT('',(19.6000024,-4.2381630428));
#5186 = ( GEOMETRIC_REPRESENTATION_CONTEXT(2) 
PARAMETRIC_REPRESENTATION_CONTEXT() REPRESENTATION_CONTEXT('2D SPACE',''
  ) );
#5187 = ORIENTED_EDGE('',*,*,#5188,.F.);
#5188 = EDGE_CURVE('',#5065,#5163,#5189,.T.);
#5189 = SURFACE_CURVE('',#5190,(#5195,#5202),.PCURVE_S1.);
#5190 = CIRCLE('',#5191,6.);
#5191 = AXIS2_PLACEMENT_3D('',#5192,#5193,#5194);
#5192 = CARTESIAN_POINT('',(48.594764778616,0.,0.));
#5193 = DIRECTION('',(0.,0.,-1.));
#5194 = DIRECTION('',(-0.926499418725,0.376296195972,0.));
#5195 = PCURVE('',#5124,#5196);
#5196 = DEFINITIONAL_REPRESENTATION('',(#5197),#5201);
#5197 = LINE('',#5198,#5199);
#5198 = CARTESIAN_POINT('',(9.038982557931,0.));
#5199 = VECTOR('',#5200,1.);
#5200 = DIRECTION('',(-1.,-0.));
#5201 = ( GEOMETRIC_REPRESENTATION_CONTEXT(2) 
PARAMETRIC_REPRESENTATION_CONTEXT() REPRESENTATION_CONTEXT('2D SPACE',''
  ) );
#5202 = PCURVE('',#71,#5203);
#5203 = DEFINITIONAL_REPRESENTATION('',(#5204),#5212);
#5204 = ( BOUNDED_CURVE() B_SPLINE_CURVE(2,(#5205,#5206,#5207,#5208,
#5209,#5210,#5211),.UNSPECIFIED.,.T.,.F.) B_SPLINE_CURVE_WITH_KNOTS((1,2
    ,2,2,2,1),(-2.094395102393,0.,2.094395102393,4.188790204786,
6.28318530718,8.377580409573),.UNSPECIFIED.) CURVE() 
GEOMETRIC_REPRESENTATION_ITEM() RATIONAL_B_SPLINE_CURVE((1.,0.5,1.,0.5,
1.,0.5,1.)) REPRESENTATION_ITEM('') );
#5205 = CARTESIAN_POINT('',(43.035768266269,2.257777175833));
#5206 = CARTESIAN_POINT('',(46.946353046981,11.886241574316));
#5207 = CARTESIAN_POINT('',(53.329555425145,3.685343611325));
#5208 = CARTESIAN_POINT('',(59.71275780331,-4.515554351666));
#5209 = CARTESIAN_POINT('',(49.418970644433,-5.943120787158));
#5210 = CARTESIAN_POINT('',(39.125183485557,-7.370687222651));
#5211 = CARTESIAN_POINT('',(43.035768266269,2.257777175833));
#5212 = ( GEOMETRIC_REPRESENTATION_CONTEXT(2) 
PARAMETRIC_REPRESENTATION_CONTEXT() REPRESENTATION_CONTEXT('2D SPACE',''
  ) );
#5213 = ORIENTED_EDGE('',*,*,#5111,.T.);
#5214 = ADVANCED_FACE('',(#5215),#5177,.T.);
#5215 = FACE_BOUND('',#5216,.T.);
#5216 = EDGE_LOOP('',(#5217,#5240,#5263,#5284));
#5217 = ORIENTED_EDGE('',*,*,#5218,.F.);
#5218 = EDGE_CURVE('',#5219,#5139,#5221,.T.);
#5219 = VERTEX_POINT('',#5220);
#5220 = CARTESIAN_POINT('',(47.886912570987,-10.21248100647,19.6));
#5221 = SURFACE_CURVE('',#5222,(#5226,#5233),.PCURVE_S1.);
#5222 = LINE('',#5223,#5224);
#5223 = CARTESIAN_POINT('',(47.886912570987,-10.21248100647,19.6));
#5224 = VECTOR('',#5225,1.);
#5225 = DIRECTION('',(8.715574274766E-02,0.996194698092,0.));
#5226 = PCURVE('',#5177,#5227);
#5227 = DEFINITIONAL_REPRESENTATION('',(#5228),#5232);
#5228 = LINE('',#5229,#5230);
#5229 = CARTESIAN_POINT('',(19.6,0.));
#5230 = VECTOR('',#5231,1.);
#5231 = DIRECTION('',(0.,-1.));
#5232 = ( GEOMETRIC_REPRESENTATION_CONTEXT(2) 
PARAMETRIC_REPRESENTATION_CONTEXT() REPRESENTATION_CONTEXT('2D SPACE',''
  ) );
#5233 = PCURVE('',#126,#5234);
#5234 = DEFINITIONAL_REPRESENTATION('',(#5235),#5239);
#5235 = LINE('',#5236,#5237);
#5236 = CARTESIAN_POINT('',(15.024764778616,4.440892098501E-16));
#5237 = VECTOR('',#5238,1.);
#5238 = DIRECTION('',(0.,1.));
#5239 = ( GEOMETRIC_REPRESENTATION_CONTEXT(2) 
PARAMETRIC_REPRESENTATION_CONTEXT() REPRESENTATION_CONTEXT('2D SPACE',''
  ) );
#5240 = ORIENTED_EDGE('',*,*,#5241,.F.);
#5241 = EDGE_CURVE('',#5242,#5219,#5244,.T.);
#5242 = VERTEX_POINT('',#5243);
#5243 = CARTESIAN_POINT('',(47.886912570987,-10.21248100647,0.));
#5244 = SURFACE_CURVE('',#5245,(#5249,#5256),.PCURVE_S1.);
#5245 = LINE('',#5246,#5247);
#5246 = CARTESIAN_POINT('',(47.886912570987,-10.21248100647,0.));
#5247 = VECTOR('',#5248,1.);
#5248 = DIRECTION('',(0.,0.,1.));
#5249 = PCURVE('',#5177,#5250);
#5250 = DEFINITIONAL_REPRESENTATION('',(#5251),#5255);
#5251 = LINE('',#5252,#5253);
#5252 = CARTESIAN_POINT('',(0.,0.));
#5253 = VECTOR('',#5254,1.);
#5254 = DIRECTION('',(1.,0.));
#5255 = ( GEOMETRIC_REPRESENTATION_CONTEXT(2) 
PARAMETRIC_REPRESENTATION_CONTEXT() REPRESENTATION_CONTEXT('2D SPACE',''
  ) );
#5256 = PCURVE('',#98,#5257);
#5257 = DEFINITIONAL_REPRESENTATION('',(#5258),#5262);
#5258 = LINE('',#5259,#5260);
#5259 = CARTESIAN_POINT('',(0.,15.024764778616));
#5260 = VECTOR('',#5261,1.);
#5261 = DIRECTION('',(1.,0.));
#5262 = ( GEOMETRIC_REPRESENTATION_CONTEXT(2) 
PARAMETRIC_REPRESENTATION_CONTEXT() REPRESENTATION_CONTEXT('2D SPACE',''
  ) );
#5263 = ORIENTED_EDGE('',*,*,#5264,.T.);
#5264 = EDGE_CURVE('',#5242,#5163,#5265,.T.);
#5265 = SURFACE_CURVE('',#5266,(#5270,#5277),.PCURVE_S1.);
#5266 = LINE('',#5267,#5268);
#5267 = CARTESIAN_POINT('',(47.886912570987,-10.21248100647,0.));
#5268 = VECTOR('',#5269,1.);
#5269 = DIRECTION('',(8.715574274766E-02,0.996194698092,0.));
#5270 = PCURVE('',#5177,#5271);
#5271 = DEFINITIONAL_REPRESENTATION('',(#5272),#5276);
#5272 = LINE('',#5273,#5274);
#5273 = CARTESIAN_POINT('',(0.,0.));
#5274 = VECTOR('',#5275,1.);
#5275 = DIRECTION('',(0.,-1.));
#5276 = ( GEOMETRIC_REPRESENTATION_CONTEXT(2) 
PARAMETRIC_REPRESENTATION_CONTEXT() REPRESENTATION_CONTEXT('2D SPACE',''
  ) );
#5277 = PCURVE('',#71,#5278);
#5278 = DEFINITIONAL_REPRESENTATION('',(#5279),#5283);
#5279 = LINE('',#5280,#5281);
#5280 = CARTESIAN_POINT('',(47.886912570987,-10.21248100647));
#5281 = VECTOR('',#5282,1.);
#5282 = DIRECTION('',(8.715574274766E-02,0.996194698092));
#5283 = ( GEOMETRIC_REPRESENTATION_CONTEXT(2) 
PARAMETRIC_REPRESENTATION_CONTEXT() REPRESENTATION_CONTEXT('2D SPACE',''
  ) );
#5284 = ORIENTED_EDGE('',*,*,#5162,.T.);
#5285 = ADVANCED_FACE('',(#5286,#5317),#406,.T.);
#5286 = FACE_BOUND('',#5287,.T.);
#5287 = EDGE_LOOP('',(#5288,#5289,#5290,#5291,#5292,#5293,#5314,#5315,
    #5316));
#5288 = ORIENTED_EDGE('',*,*,#4195,.F.);
#5289 = ORIENTED_EDGE('',*,*,#4272,.F.);
#5290 = ORIENTED_EDGE('',*,*,#4320,.T.);
#5291 = ORIENTED_EDGE('',*,*,#4370,.T.);
#5292 = ORIENTED_EDGE('',*,*,#4450,.T.);
#5293 = ORIENTED_EDGE('',*,*,#5294,.F.);
#5294 = EDGE_CURVE('',#390,#4451,#5295,.T.);
#5295 = SURFACE_CURVE('',#5296,(#5300,#5307),.PCURVE_S1.);
#5296 = LINE('',#5297,#5298);
#5297 = CARTESIAN_POINT('',(-33.18078878669,-5.914402378314,28.));
#5298 = VECTOR('',#5299,1.);
#5299 = DIRECTION('',(-0.996194698092,-8.715574274766E-02,0.));
#5300 = PCURVE('',#406,#5301);
#5301 = DEFINITIONAL_REPRESENTATION('',(#5302),#5306);
#5302 = LINE('',#5303,#5304);
#5303 = CARTESIAN_POINT('',(-1.110223024625E-15,6.));
#5304 = VECTOR('',#5305,1.);
#5305 = DIRECTION('',(1.,0.));
#5306 = ( GEOMETRIC_REPRESENTATION_CONTEXT(2) 
PARAMETRIC_REPRESENTATION_CONTEXT() REPRESENTATION_CONTEXT('2D SPACE',''
  ) );
#5307 = PCURVE('',#433,#5308);
#5308 = DEFINITIONAL_REPRESENTATION('',(#5309),#5313);
#5309 = LINE('',#5310,#5311);
#5310 = CARTESIAN_POINT('',(6.,0.));
#5311 = VECTOR('',#5312,1.);
#5312 = DIRECTION('',(0.,1.));
#5313 = ( GEOMETRIC_REPRESENTATION_CONTEXT(2) 
PARAMETRIC_REPRESENTATION_CONTEXT() REPRESENTATION_CONTEXT('2D SPACE',''
  ) );
#5314 = ORIENTED_EDGE('',*,*,#389,.F.);
#5315 = ORIENTED_EDGE('',*,*,#4903,.F.);
#5316 = ORIENTED_EDGE('',*,*,#2643,.T.);
#5317 = FACE_BOUND('',#5318,.T.);
#5318 = EDGE_LOOP('',(#5319));
#5319 = ORIENTED_EDGE('',*,*,#5320,.T.);
#5320 = EDGE_CURVE('',#5321,#5321,#5323,.T.);
#5321 = VERTEX_POINT('',#5322);
#5322 = CARTESIAN_POINT('',(-48.60016285744,-2.059992927353,28.));
#5323 = SURFACE_CURVE('',#5324,(#5329,#5340),.PCURVE_S1.);
#5324 = CIRCLE('',#5325,2.06);
#5325 = AXIS2_PLACEMENT_3D('',#5326,#5327,#5328);
#5326 = CARTESIAN_POINT('',(-48.59476477861,5.951142314145E-15,28.));
#5327 = DIRECTION('',(-0.,0.,-1.));
#5328 = DIRECTION('',(-2.620426613831E-03,-0.999996566676,0.));
#5329 = PCURVE('',#406,#5330);
#5330 = DEFINITIONAL_REPRESENTATION('',(#5331),#5339);
#5331 = ( BOUNDED_CURVE() B_SPLINE_CURVE(2,(#5332,#5333,#5334,#5335,
#5336,#5337,#5338),.UNSPECIFIED.,.T.,.F.) B_SPLINE_CURVE_WITH_KNOTS((1,2
    ,2,2,2,1),(-2.094395102393,0.,2.094395102393,4.188790204786,
6.28318530718,8.377580409573),.UNSPECIFIED.) CURVE() 
GEOMETRIC_REPRESENTATION_ITEM() RATIONAL_B_SPLINE_CURVE((1.,0.5,1.,0.5,
1.,0.5,1.)) REPRESENTATION_ITEM('') );
#5332 = CARTESIAN_POINT('',(15.024764778616,0.816370740838));
#5333 = CARTESIAN_POINT('',(18.578384943453,0.496083800637));
#5334 = CARTESIAN_POINT('',(16.524198234319,-2.421298067412));
#5335 = CARTESIAN_POINT('',(14.470011525186,-5.338679935461));
#5336 = CARTESIAN_POINT('',(12.970578069482,-2.10101112721));
#5337 = CARTESIAN_POINT('',(11.471144613779,1.13665768104));
#5338 = CARTESIAN_POINT('',(15.024764778616,0.816370740838));
#5339 = ( GEOMETRIC_REPRESENTATION_CONTEXT(2) 
PARAMETRIC_REPRESENTATION_CONTEXT() REPRESENTATION_CONTEXT('2D SPACE',''
  ) );
#5340 = PCURVE('',#5341,#5346);
#5341 = CYLINDRICAL_SURFACE('',#5342,2.06);
#5342 = AXIS2_PLACEMENT_3D('',#5343,#5344,#5345);
#5343 = CARTESIAN_POINT('',(-48.59476477861,5.951142314145E-15,13.));
#5344 = DIRECTION('',(0.,0.,1.));
#5345 = DIRECTION('',(1.,0.,-0.));
#5346 = DEFINITIONAL_REPRESENTATION('',(#5347),#5351);
#5347 = LINE('',#5348,#5349);
#5348 = CARTESIAN_POINT('',(4.709768550772,15.));
#5349 = VECTOR('',#5350,1.);
#5350 = DIRECTION('',(-1.,-0.));
#5351 = ( GEOMETRIC_REPRESENTATION_CONTEXT(2) 
PARAMETRIC_REPRESENTATION_CONTEXT() REPRESENTATION_CONTEXT('2D SPACE',''
  ) );
#5352 = ADVANCED_FACE('',(#5353),#5341,.F.);
#5353 = FACE_BOUND('',#5354,.F.);
#5354 = EDGE_LOOP('',(#5355,#5377,#5399,#5400));
#5355 = ORIENTED_EDGE('',*,*,#5356,.F.);
#5356 = EDGE_CURVE('',#5357,#5321,#5359,.T.);
#5357 = VERTEX_POINT('',#5358);
#5358 = CARTESIAN_POINT('',(-48.60016285744,-2.059992927353,22.));
#5359 = SEAM_CURVE('',#5360,(#5364,#5371),.PCURVE_S1.);
#5360 = LINE('',#5361,#5362);
#5361 = CARTESIAN_POINT('',(-48.60016285744,-2.059992927353,13.));
#5362 = VECTOR('',#5363,1.);
#5363 = DIRECTION('',(0.,0.,1.));
#5364 = PCURVE('',#5341,#5365);
#5365 = DEFINITIONAL_REPRESENTATION('',(#5366),#5370);
#5366 = LINE('',#5367,#5368);
#5367 = CARTESIAN_POINT('',(-1.573416756408,0.));
#5368 = VECTOR('',#5369,1.);
#5369 = DIRECTION('',(0.,1.));
#5370 = ( GEOMETRIC_REPRESENTATION_CONTEXT(2) 
PARAMETRIC_REPRESENTATION_CONTEXT() REPRESENTATION_CONTEXT('2D SPACE',''
  ) );
#5371 = PCURVE('',#5341,#5372);
#5372 = DEFINITIONAL_REPRESENTATION('',(#5373),#5376);
#5373 = B_SPLINE_CURVE_WITH_KNOTS('',1,(#5374,#5375),.UNSPECIFIED.,.F.,
  .F.,(2,2),(9.,15.),.PIECEWISE_BEZIER_KNOTS.);
#5374 = CARTESIAN_POINT('',(4.709768550772,9.));
#5375 = CARTESIAN_POINT('',(4.709768550772,15.));
#5376 = ( GEOMETRIC_REPRESENTATION_CONTEXT(2) 
PARAMETRIC_REPRESENTATION_CONTEXT() REPRESENTATION_CONTEXT('2D SPACE',''
  ) );
#5377 = ORIENTED_EDGE('',*,*,#5378,.T.);
#5378 = EDGE_CURVE('',#5357,#5357,#5379,.T.);
#5379 = SURFACE_CURVE('',#5380,(#5385,#5392),.PCURVE_S1.);
#5380 = CIRCLE('',#5381,2.06);
#5381 = AXIS2_PLACEMENT_3D('',#5382,#5383,#5384);
#5382 = CARTESIAN_POINT('',(-48.59476477861,-7.660538869914E-15,22.));
#5383 = DIRECTION('',(0.,0.,1.));
#5384 = DIRECTION('',(-2.620426613834E-03,-0.999996566676,0.));
#5385 = PCURVE('',#5341,#5386);
#5386 = DEFINITIONAL_REPRESENTATION('',(#5387),#5391);
#5387 = LINE('',#5388,#5389);
#5388 = CARTESIAN_POINT('',(-1.573416756408,9.));
#5389 = VECTOR('',#5390,1.);
#5390 = DIRECTION('',(1.,0.));
#5391 = ( GEOMETRIC_REPRESENTATION_CONTEXT(2) 
PARAMETRIC_REPRESENTATION_CONTEXT() REPRESENTATION_CONTEXT('2D SPACE',''
  ) );
#5392 = PCURVE('',#459,#5393);
#5393 = DEFINITIONAL_REPRESENTATION('',(#5394),#5398);
#5394 = CIRCLE('',#5395,2.06);
#5395 = AXIS2_PLACEMENT_2D('',#5396,#5397);
#5396 = CARTESIAN_POINT('',(14.839847027472,-1.235312817928));
#5397 = DIRECTION('',(8.976589861322E-02,0.995962892605));
#5398 = ( GEOMETRIC_REPRESENTATION_CONTEXT(2) 
PARAMETRIC_REPRESENTATION_CONTEXT() REPRESENTATION_CONTEXT('2D SPACE',''
  ) );
#5399 = ORIENTED_EDGE('',*,*,#5356,.T.);
#5400 = ORIENTED_EDGE('',*,*,#5320,.T.);
#5401 = ADVANCED_FACE('',(#5402,#5430),#126,.T.);
#5402 = FACE_BOUND('',#5403,.T.);
#5403 = EDGE_LOOP('',(#5404,#5405,#5406,#5427,#5428,#5429));
#5404 = ORIENTED_EDGE('',*,*,#5035,.T.);
#5405 = ORIENTED_EDGE('',*,*,#109,.F.);
#5406 = ORIENTED_EDGE('',*,*,#5407,.T.);
#5407 = EDGE_CURVE('',#84,#5219,#5408,.T.);
#5408 = SURFACE_CURVE('',#5409,(#5413,#5420),.PCURVE_S1.);
#5409 = LINE('',#5410,#5411);
#5410 = CARTESIAN_POINT('',(32.919321558454,-8.902986472589,19.6));
#5411 = VECTOR('',#5412,1.);
#5412 = DIRECTION('',(0.996194698092,-8.715574274766E-02,0.));
#5413 = PCURVE('',#126,#5414);
#5414 = DEFINITIONAL_REPRESENTATION('',(#5415),#5419);
#5415 = LINE('',#5416,#5417);
#5416 = CARTESIAN_POINT('',(0.,0.));
#5417 = VECTOR('',#5418,1.);
#5418 = DIRECTION('',(1.,2.775557561563E-17));
#5419 = ( GEOMETRIC_REPRESENTATION_CONTEXT(2) 
PARAMETRIC_REPRESENTATION_CONTEXT() REPRESENTATION_CONTEXT('2D SPACE',''
  ) );
#5420 = PCURVE('',#98,#5421);
#5421 = DEFINITIONAL_REPRESENTATION('',(#5422),#5426);
#5422 = LINE('',#5423,#5424);
#5423 = CARTESIAN_POINT('',(19.6,0.));
#5424 = VECTOR('',#5425,1.);
#5425 = DIRECTION('',(0.,1.));
#5426 = ( GEOMETRIC_REPRESENTATION_CONTEXT(2) 
PARAMETRIC_REPRESENTATION_CONTEXT() REPRESENTATION_CONTEXT('2D SPACE',''
  ) );
#5427 = ORIENTED_EDGE('',*,*,#5218,.T.);
#5428 = ORIENTED_EDGE('',*,*,#5138,.T.);
#5429 = ORIENTED_EDGE('',*,*,#5088,.F.);
#5430 = FACE_BOUND('',#5431,.T.);
#5431 = EDGE_LOOP('',(#5432));
#5432 = ORIENTED_EDGE('',*,*,#5433,.T.);
#5433 = EDGE_CURVE('',#5434,#5434,#5436,.T.);
#5434 = VERTEX_POINT('',#5435);
#5435 = CARTESIAN_POINT('',(47.661160698128,1.853107773687,19.6));
#5436 = SURFACE_CURVE('',#5437,(#5442,#5453),.PCURVE_S1.);
#5437 = CIRCLE('',#5438,2.075);
#5438 = AXIS2_PLACEMENT_3D('',#5439,#5440,#5441);
#5439 = CARTESIAN_POINT('',(48.594764778616,0.,19.6));
#5440 = DIRECTION('',(-9.860761315263E-32,1.91716516937E-15,-1.));
#5441 = DIRECTION('',(-0.449929677343,0.893063987319,1.712151170506E-15)
  );
#5442 = PCURVE('',#126,#5443);
#5443 = DEFINITIONAL_REPRESENTATION('',(#5444),#5452);
#5444 = ( BOUNDED_CURVE() B_SPLINE_CURVE(2,(#5445,#5446,#5447,#5448,
#5449,#5450,#5451),.UNSPECIFIED.,.T.,.F.) B_SPLINE_CURVE_WITH_KNOTS((1,2
    ,2,2,2,1),(-2.094395102393,0.,2.094395102393,4.188790204786,
6.28318530718,8.377580409573),.UNSPECIFIED.) CURVE() 
GEOMETRIC_REPRESENTATION_ITEM() RATIONAL_B_SPLINE_CURVE((1.,0.5,1.,0.5,
1.,0.5,1.)) REPRESENTATION_ITEM('') );
#5445 = CARTESIAN_POINT('',(13.748286607967,12.));
#5446 = CARTESIAN_POINT('',(16.804814466781,13.890638106114));
#5447 = CARTESIAN_POINT('',(16.913891166632,10.298288279949));
#5448 = CARTESIAN_POINT('',(17.022967866483,6.705938453784));
#5449 = CARTESIAN_POINT('',(13.857363307818,8.407650173835));
#5450 = CARTESIAN_POINT('',(10.691758749153,10.109361893886));
#5451 = CARTESIAN_POINT('',(13.748286607967,12.));
#5452 = ( GEOMETRIC_REPRESENTATION_CONTEXT(2) 
PARAMETRIC_REPRESENTATION_CONTEXT() REPRESENTATION_CONTEXT('2D SPACE',''
  ) );
#5453 = PCURVE('',#5454,#5459);
#5454 = CYLINDRICAL_SURFACE('',#5455,2.075);
#5455 = AXIS2_PLACEMENT_3D('',#5456,#5457,#5458);
#5456 = CARTESIAN_POINT('',(48.594764778616,0.,-29.4));
#5457 = DIRECTION('',(0.,0.,1.));
#5458 = DIRECTION('',(1.,0.,-0.));
#5459 = DEFINITIONAL_REPRESENTATION('',(#5460),#5464);
#5460 = LINE('',#5461,#5462);
#5461 = CARTESIAN_POINT('',(8.320668228326,49.));
#5462 = VECTOR('',#5463,1.);
#5463 = DIRECTION('',(-1.,-0.));
#5464 = ( GEOMETRIC_REPRESENTATION_CONTEXT(2) 
PARAMETRIC_REPRESENTATION_CONTEXT() REPRESENTATION_CONTEXT('2D SPACE',''
  ) );
#5465 = ADVANCED_FACE('',(#5466),#5454,.F.);
#5466 = FACE_BOUND('',#5467,.F.);
#5467 = EDGE_LOOP('',(#5468,#5490,#5512,#5513));
#5468 = ORIENTED_EDGE('',*,*,#5469,.F.);
#5469 = EDGE_CURVE('',#5470,#5434,#5472,.T.);
#5470 = VERTEX_POINT('',#5471);
#5471 = CARTESIAN_POINT('',(47.661160698128,1.853107773687,0.));
#5472 = SEAM_CURVE('',#5473,(#5477,#5484),.PCURVE_S1.);
#5473 = LINE('',#5474,#5475);
#5474 = CARTESIAN_POINT('',(47.661160698128,1.853107773687,-29.4));
#5475 = VECTOR('',#5476,1.);
#5476 = DIRECTION('',(0.,0.,1.));
#5477 = PCURVE('',#5454,#5478);
#5478 = DEFINITIONAL_REPRESENTATION('',(#5479),#5483);
#5479 = LINE('',#5480,#5481);
#5480 = CARTESIAN_POINT('',(2.037482921147,0.));
#5481 = VECTOR('',#5482,1.);
#5482 = DIRECTION('',(0.,1.));
#5483 = ( GEOMETRIC_REPRESENTATION_CONTEXT(2) 
PARAMETRIC_REPRESENTATION_CONTEXT() REPRESENTATION_CONTEXT('2D SPACE',''
  ) );
#5484 = PCURVE('',#5454,#5485);
#5485 = DEFINITIONAL_REPRESENTATION('',(#5486),#5489);
#5486 = B_SPLINE_CURVE_WITH_KNOTS('',1,(#5487,#5488),.UNSPECIFIED.,.F.,
  .F.,(2,2),(29.4,49.),.PIECEWISE_BEZIER_KNOTS.);
#5487 = CARTESIAN_POINT('',(8.320668228326,29.4));
#5488 = CARTESIAN_POINT('',(8.320668228326,49.));
#5489 = ( GEOMETRIC_REPRESENTATION_CONTEXT(2) 
PARAMETRIC_REPRESENTATION_CONTEXT() REPRESENTATION_CONTEXT('2D SPACE',''
  ) );
#5490 = ORIENTED_EDGE('',*,*,#5491,.T.);
#5491 = EDGE_CURVE('',#5470,#5470,#5492,.T.);
#5492 = SURFACE_CURVE('',#5493,(#5498,#5505),.PCURVE_S1.);
#5493 = CIRCLE('',#5494,2.075);
#5494 = AXIS2_PLACEMENT_3D('',#5495,#5496,#5497);
#5495 = CARTESIAN_POINT('',(48.594764778616,-1.276756478319E-15,0.));
#5496 = DIRECTION('',(0.,0.,1.));
#5497 = DIRECTION('',(-0.449929677343,0.893063987319,0.));
#5498 = PCURVE('',#5454,#5499);
#5499 = DEFINITIONAL_REPRESENTATION('',(#5500),#5504);
#5500 = LINE('',#5501,#5502);
#5501 = CARTESIAN_POINT('',(2.037482921147,29.4));
#5502 = VECTOR('',#5503,1.);
#5503 = DIRECTION('',(1.,0.));
#5504 = ( GEOMETRIC_REPRESENTATION_CONTEXT(2) 
PARAMETRIC_REPRESENTATION_CONTEXT() REPRESENTATION_CONTEXT('2D SPACE',''
  ) );
#5505 = PCURVE('',#71,#5506);
#5506 = DEFINITIONAL_REPRESENTATION('',(#5507),#5511);
#5507 = CIRCLE('',#5508,2.075);
#5508 = AXIS2_PLACEMENT_2D('',#5509,#5510);
#5509 = CARTESIAN_POINT('',(48.594764778616,-1.276756478319E-15));
#5510 = DIRECTION('',(-0.449929677343,0.893063987319));
#5511 = ( GEOMETRIC_REPRESENTATION_CONTEXT(2) 
PARAMETRIC_REPRESENTATION_CONTEXT() REPRESENTATION_CONTEXT('2D SPACE',''
  ) );
#5512 = ORIENTED_EDGE('',*,*,#5469,.T.);
#5513 = ORIENTED_EDGE('',*,*,#5433,.T.);
#5514 = ADVANCED_FACE('',(#5515),#433,.T.);
#5515 = FACE_BOUND('',#5516,.T.);
#5516 = EDGE_LOOP('',(#5517,#5538,#5539,#5540));
#5517 = ORIENTED_EDGE('',*,*,#5518,.F.);
#5518 = EDGE_CURVE('',#419,#4475,#5519,.T.);
#5519 = SURFACE_CURVE('',#5520,(#5524,#5531),.PCURVE_S1.);
#5520 = LINE('',#5521,#5522);
#5521 = CARTESIAN_POINT('',(-33.18078878669,-5.914402378314,22.));
#5522 = VECTOR('',#5523,1.);
#5523 = DIRECTION('',(-0.996194698092,-8.715574274766E-02,0.));
#5524 = PCURVE('',#433,#5525);
#5525 = DEFINITIONAL_REPRESENTATION('',(#5526),#5530);
#5526 = LINE('',#5527,#5528);
#5527 = CARTESIAN_POINT('',(0.,0.));
#5528 = VECTOR('',#5529,1.);
#5529 = DIRECTION('',(0.,1.));
#5530 = ( GEOMETRIC_REPRESENTATION_CONTEXT(2) 
PARAMETRIC_REPRESENTATION_CONTEXT() REPRESENTATION_CONTEXT('2D SPACE',''
  ) );
#5531 = PCURVE('',#459,#5532);
#5532 = DEFINITIONAL_REPRESENTATION('',(#5533),#5537);
#5533 = LINE('',#5534,#5535);
#5534 = CARTESIAN_POINT('',(-1.110223024625E-15,6.));
#5535 = VECTOR('',#5536,1.);
#5536 = DIRECTION('',(1.,0.));
#5537 = ( GEOMETRIC_REPRESENTATION_CONTEXT(2) 
PARAMETRIC_REPRESENTATION_CONTEXT() REPRESENTATION_CONTEXT('2D SPACE',''
  ) );
#5538 = ORIENTED_EDGE('',*,*,#418,.T.);
#5539 = ORIENTED_EDGE('',*,*,#5294,.T.);
#5540 = ORIENTED_EDGE('',*,*,#4497,.F.);
#5541 = ADVANCED_FACE('',(#5542),#98,.F.);
#5542 = FACE_BOUND('',#5543,.F.);
#5543 = EDGE_LOOP('',(#5544,#5545,#5546,#5547));
#5544 = ORIENTED_EDGE('',*,*,#83,.T.);
#5545 = ORIENTED_EDGE('',*,*,#5407,.T.);
#5546 = ORIENTED_EDGE('',*,*,#5241,.F.);
#5547 = ORIENTED_EDGE('',*,*,#5548,.T.);
#5548 = EDGE_CURVE('',#5242,#55,#5549,.T.);
#5549 = SURFACE_CURVE('',#5550,(#5554,#5561),.PCURVE_S1.);
#5550 = LINE('',#5551,#5552);
#5551 = CARTESIAN_POINT('',(47.886912570987,-10.21248100647,0.));
#5552 = VECTOR('',#5553,1.);
#5553 = DIRECTION('',(-0.996194698092,8.715574274766E-02,0.));
#5554 = PCURVE('',#98,#5555);
#5555 = DEFINITIONAL_REPRESENTATION('',(#5556),#5560);
#5556 = LINE('',#5557,#5558);
#5557 = CARTESIAN_POINT('',(0.,15.024764778616));
#5558 = VECTOR('',#5559,1.);
#5559 = DIRECTION('',(0.,-1.));
#5560 = ( GEOMETRIC_REPRESENTATION_CONTEXT(2) 
PARAMETRIC_REPRESENTATION_CONTEXT() REPRESENTATION_CONTEXT('2D SPACE',''
  ) );
#5561 = PCURVE('',#71,#5562);
#5562 = DEFINITIONAL_REPRESENTATION('',(#5563),#5567);
#5563 = LINE('',#5564,#5565);
#5564 = CARTESIAN_POINT('',(47.886912570987,-10.21248100647));
#5565 = VECTOR('',#5566,1.);
#5566 = DIRECTION('',(-0.996194698092,8.715574274766E-02));
#5567 = ( GEOMETRIC_REPRESENTATION_CONTEXT(2) 
PARAMETRIC_REPRESENTATION_CONTEXT() REPRESENTATION_CONTEXT('2D SPACE',''
  ) );
#5568 = ADVANCED_FACE('',(#5569,#5599),#459,.F.);
#5569 = FACE_BOUND('',#5570,.F.);
#5570 = EDGE_LOOP('',(#5571,#5572,#5573,#5574,#5575,#5576,#5577,#5578,
    #5598));
#5571 = ORIENTED_EDGE('',*,*,#4144,.F.);
#5572 = ORIENTED_EDGE('',*,*,#4250,.F.);
#5573 = ORIENTED_EDGE('',*,*,#4296,.T.);
#5574 = ORIENTED_EDGE('',*,*,#4395,.F.);
#5575 = ORIENTED_EDGE('',*,*,#4474,.T.);
#5576 = ORIENTED_EDGE('',*,*,#5518,.F.);
#5577 = ORIENTED_EDGE('',*,*,#444,.F.);
#5578 = ORIENTED_EDGE('',*,*,#5579,.F.);
#5579 = EDGE_CURVE('',#2350,#24,#5580,.T.);
#5580 = SURFACE_CURVE('',#5581,(#5585,#5592),.PCURVE_S1.);
#5581 = LINE('',#5582,#5583);
#5582 = CARTESIAN_POINT('',(25.113834012597,2.197175773774,22.));
#5583 = VECTOR('',#5584,1.);
#5584 = DIRECTION('',(-0.996194698092,-8.715574274766E-02,0.));
#5585 = PCURVE('',#459,#5586);
#5586 = DEFINITIONAL_REPRESENTATION('',(#5587),#5591);
#5587 = LINE('',#5588,#5589);
#5588 = CARTESIAN_POINT('',(-58.77976477861,3.));
#5589 = VECTOR('',#5590,1.);
#5590 = DIRECTION('',(1.,0.));
#5591 = ( GEOMETRIC_REPRESENTATION_CONTEXT(2) 
PARAMETRIC_REPRESENTATION_CONTEXT() REPRESENTATION_CONTEXT('2D SPACE',''
  ) );
#5592 = PCURVE('',#43,#5593);
#5593 = DEFINITIONAL_REPRESENTATION('',(#5594),#5597);
#5594 = B_SPLINE_CURVE_WITH_KNOTS('',1,(#5595,#5596),.UNSPECIFIED.,.F.,
  .F.,(2,2),(62.509764778616,67.204529557231),.PIECEWISE_BEZIER_KNOTS.);
#5595 = CARTESIAN_POINT('',(127.,121.28952955723));
#5596 = CARTESIAN_POINT('',(127.,125.98429433584));
#5597 = ( GEOMETRIC_REPRESENTATION_CONTEXT(2) 
PARAMETRIC_REPRESENTATION_CONTEXT() REPRESENTATION_CONTEXT('2D SPACE',''
  ) );
#5598 = ORIENTED_EDGE('',*,*,#2693,.T.);
#5599 = FACE_BOUND('',#5600,.F.);
#5600 = EDGE_LOOP('',(#5601));
#5601 = ORIENTED_EDGE('',*,*,#5378,.F.);
#5602 = ADVANCED_FACE('',(#5603,#5635),#71,.F.);
#5603 = FACE_BOUND('',#5604,.F.);
#5604 = EDGE_LOOP('',(#5605,#5625,#5626,#5627,#5628,#5629,#5630,#5631,
    #5632,#5633,#5634));
#5605 = ORIENTED_EDGE('',*,*,#5606,.F.);
#5606 = EDGE_CURVE('',#22,#2348,#5607,.T.);
#5607 = SURFACE_CURVE('',#5608,(#5612,#5619),.PCURVE_S1.);
#5608 = LINE('',#5609,#5610);
#5609 = CARTESIAN_POINT('',(41.834962020067,3.660084915793,0.));
#5610 = VECTOR('',#5611,1.);
#5611 = DIRECTION('',(0.996194698092,8.715574274766E-02,-0.));
#5612 = PCURVE('',#71,#5613);
#5613 = DEFINITIONAL_REPRESENTATION('',(#5614),#5618);
#5614 = LINE('',#5615,#5616);
#5615 = CARTESIAN_POINT('',(41.834962020067,3.660084915793));
#5616 = VECTOR('',#5617,1.);
#5617 = DIRECTION('',(0.996194698092,8.715574274766E-02));
#5618 = ( GEOMETRIC_REPRESENTATION_CONTEXT(2) 
PARAMETRIC_REPRESENTATION_CONTEXT() REPRESENTATION_CONTEXT('2D SPACE',''
  ) );
#5619 = PCURVE('',#43,#5620);
#5620 = DEFINITIONAL_REPRESENTATION('',(#5621),#5624);
#5621 = B_SPLINE_CURVE_WITH_KNOTS('',1,(#5622,#5623),.UNSPECIFIED.,.F.,
  .F.,(2,2),(-84.14994273635,0.160413179125),.PIECEWISE_BEZIER_KNOTS.);
#5622 = CARTESIAN_POINT('',(105.,126.14470751497));
#5623 = CARTESIAN_POINT('',(105.,41.83435159949));
#5624 = ( GEOMETRIC_REPRESENTATION_CONTEXT(2) 
PARAMETRIC_REPRESENTATION_CONTEXT() REPRESENTATION_CONTEXT('2D SPACE',''
  ) );
#5625 = ORIENTED_EDGE('',*,*,#54,.T.);
#5626 = ORIENTED_EDGE('',*,*,#5548,.F.);
#5627 = ORIENTED_EDGE('',*,*,#5264,.T.);
#5628 = ORIENTED_EDGE('',*,*,#5188,.F.);
#5629 = ORIENTED_EDGE('',*,*,#5064,.F.);
#5630 = ORIENTED_EDGE('',*,*,#4985,.F.);
#5631 = ORIENTED_EDGE('',*,*,#4956,.T.);
#5632 = ORIENTED_EDGE('',*,*,#4098,.F.);
#5633 = ORIENTED_EDGE('',*,*,#4524,.F.);
#5634 = ORIENTED_EDGE('',*,*,#2370,.F.);
#5635 = FACE_BOUND('',#5636,.F.);
#5636 = EDGE_LOOP('',(#5637));
#5637 = ORIENTED_EDGE('',*,*,#5491,.F.);
#5638 = ADVANCED_FACE('',(#5639),#43,.F.);
#5639 = FACE_BOUND('',#5640,.F.);
#5640 = EDGE_LOOP('',(#5641,#5642,#5643,#5644));
#5641 = ORIENTED_EDGE('',*,*,#21,.F.);
#5642 = ORIENTED_EDGE('',*,*,#5606,.T.);
#5643 = ORIENTED_EDGE('',*,*,#2347,.T.);
#5644 = ORIENTED_EDGE('',*,*,#5579,.T.);
#5645 = ( GEOMETRIC_REPRESENTATION_CONTEXT(3) 
GLOBAL_UNCERTAINTY_ASSIGNED_CONTEXT((#5649)) 
GLOBAL_UNIT_ASSIGNED_CONTEXT((#5646,#5647,#5648)) REPRESENTATION_CONTEXT
('Context #1','3D Context with UNIT and UNCERTAINTY') );
#5646 = ( LENGTH_UNIT() NAMED_UNIT(*) SI_UNIT(.MILLI.,.METRE.) );
#5647 = ( NAMED_UNIT(*) PLANE_ANGLE_UNIT() SI_UNIT($,.RADIAN.) );
#5648 = ( NAMED_UNIT(*) SI_UNIT($,.STERADIAN.) SOLID_ANGLE_UNIT() );
#5649 = UNCERTAINTY_MEASURE_WITH_UNIT(LENGTH_MEASURE(2.E-07),#5646,
  'distance_accuracy_value','confusion accuracy');
#5650 = PRODUCT_RELATED_PRODUCT_CATEGORY('part',$,(#7));
ENDSEC;
END-ISO-10303-21;
