ISO-10303-21;
HEADER;
FILE_DESCRIPTION(('Open CASCADE Model'),'2;1');
FILE_NAME('Open CASCADE Shape Model','2026-08-05T19:16:14',('Author'),(
    'Open CASCADE'),'Open CASCADE STEP processor 7.9','build123d',
  'Unknown');
FILE_SCHEMA(('AUTOMOTIVE_DESIGN { 1 0 10303 214 1 1 1 1 }'));
ENDSEC;
DATA;
#1 = APPLICATION_PROTOCOL_DEFINITION('international standard',
  'automotive_design',2000,#2);
#2 = APPLICATION_CONTEXT(
  'core data for automotive mechanical design processes');
#3 = SHAPE_DEFINITION_REPRESENTATION(#4,#10);
#4 = PRODUCT_DEFINITION_SHAPE('','',#5);
#5 = PRODUCT_DEFINITION('design','',#6,#9);
#6 = PRODUCT_DEFINITION_FORMATION('','',#7);
#7 = PRODUCT('COMPOUND','COMPOUND','',(#8));
#8 = PRODUCT_CONTEXT('',#2,'mechanical');
#9 = PRODUCT_DEFINITION_CONTEXT('part definition',#2,'design');
#10 = ADVANCED_BREP_SHAPE_REPRESENTATION('',(#11,#15),#3317);
#11 = AXIS2_PLACEMENT_3D('',#12,#13,#14);
#12 = CARTESIAN_POINT('',(0.,0.,0.));
#13 = DIRECTION('',(0.,0.,1.));
#14 = DIRECTION('',(1.,0.,-0.));
#15 = MANIFOLD_SOLID_BREP('',#16);
#16 = CLOSED_SHELL('',(#17,#1730,#1806,#1877,#1959,#1986,#2048,#2115,
    #2194,#2486,#2562,#2633,#2660,#2687,#2694,#2770,#2841,#2868,#2895,
    #2902,#2978,#3049,#3103,#3130,#3164,#3253,#3282,#3308));
#17 = ADVANCED_FACE('',(#18),#32,.T.);
#18 = FACE_BOUND('',#19,.T.);
#19 = EDGE_LOOP('',(#20,#53,#82,#108,#295,#321,#350,#376,#558,#746,#767,
    #796,#817,#1005,#1026,#1059,#1080,#1165,#1191,#1220,#1246,#1581,
    #1602,#1631,#1652));
#20 = ORIENTED_EDGE('',*,*,#21,.F.);
#21 = EDGE_CURVE('',#22,#24,#26,.T.);
#22 = VERTEX_POINT('',#23);
#23 = CARTESIAN_POINT('',(39.945181390183,-2.093438249718,0.));
#24 = VERTEX_POINT('',#25);
#25 = CARTESIAN_POINT('',(39.945181390183,-2.093438249718,
    25.627496499526));
#26 = SURFACE_CURVE('',#27,(#31,#42),.PCURVE_S1.);
#27 = LINE('',#28,#29);
#28 = CARTESIAN_POINT('',(39.945181390183,-2.093438249718,0.));
#29 = VECTOR('',#30,1.);
#30 = DIRECTION('',(0.,0.,1.));
#31 = PCURVE('',#32,#37);
#32 = CYLINDRICAL_SURFACE('',#33,40.);
#33 = AXIS2_PLACEMENT_3D('',#34,#35,#36);
#34 = CARTESIAN_POINT('',(0.,0.,0.));
#35 = DIRECTION('',(0.,0.,1.));
#36 = DIRECTION('',(1.,0.,-0.));
#37 = DEFINITIONAL_REPRESENTATION('',(#38),#41);
#38 = B_SPLINE_CURVE_WITH_KNOTS('',1,(#39,#40),.UNSPECIFIED.,.F.,.F.,(2,
    2),(0.,55.),.PIECEWISE_BEZIER_KNOTS.);
#39 = CARTESIAN_POINT('',(6.23082542962,0.));
#40 = CARTESIAN_POINT('',(6.23082542962,55.));
#41 = ( GEOMETRIC_REPRESENTATION_CONTEXT(2) 
PARAMETRIC_REPRESENTATION_CONTEXT() REPRESENTATION_CONTEXT('2D SPACE',''
  ) );
#42 = PCURVE('',#43,#48);
#43 = PLANE('',#44);
#44 = AXIS2_PLACEMENT_3D('',#45,#46,#47);
#45 = CARTESIAN_POINT('',(-79.89036278036,4.186876499436,-82.5));
#46 = DIRECTION('',(5.233595624294E-02,0.998629534755,0.));
#47 = DIRECTION('',(0.,0.,1.));
#48 = DEFINITIONAL_REPRESENTATION('',(#49),#52);
#49 = B_SPLINE_CURVE_WITH_KNOTS('',1,(#50,#51),.UNSPECIFIED.,.F.,.F.,(2,
    2),(-6.E-07,55.0000006),.PIECEWISE_BEZIER_KNOTS.);
#50 = CARTESIAN_POINT('',(82.4999994,120.));
#51 = CARTESIAN_POINT('',(137.5000006,120.));
#52 = ( GEOMETRIC_REPRESENTATION_CONTEXT(2) 
PARAMETRIC_REPRESENTATION_CONTEXT() REPRESENTATION_CONTEXT('2D SPACE',''
  ) );
#53 = ORIENTED_EDGE('',*,*,#54,.T.);
#54 = EDGE_CURVE('',#22,#55,#57,.T.);
#55 = VERTEX_POINT('',#56);
#56 = CARTESIAN_POINT('',(-39.94518139018,-2.093438249718,0.));
#57 = SURFACE_CURVE('',#58,(#63,#70),.PCURVE_S1.);
#58 = CIRCLE('',#59,40.);
#59 = AXIS2_PLACEMENT_3D('',#60,#61,#62);
#60 = CARTESIAN_POINT('',(0.,0.,0.));
#61 = DIRECTION('',(-0.,0.,1.));
#62 = DIRECTION('',(0.998629534755,-5.233595624294E-02,0.));
#63 = PCURVE('',#32,#64);
#64 = DEFINITIONAL_REPRESENTATION('',(#65),#69);
#65 = LINE('',#66,#67);
#66 = CARTESIAN_POINT('',(6.23082542962,0.));
#67 = VECTOR('',#68,1.);
#68 = DIRECTION('',(1.,0.));
#69 = ( GEOMETRIC_REPRESENTATION_CONTEXT(2) 
PARAMETRIC_REPRESENTATION_CONTEXT() REPRESENTATION_CONTEXT('2D SPACE',''
  ) );
#70 = PCURVE('',#71,#76);
#71 = PLANE('',#72);
#72 = AXIS2_PLACEMENT_3D('',#73,#74,#75);
#73 = CARTESIAN_POINT('',(0.,0.,0.));
#74 = DIRECTION('',(0.,0.,1.));
#75 = DIRECTION('',(1.,0.,-0.));
#76 = DEFINITIONAL_REPRESENTATION('',(#77),#81);
#77 = CIRCLE('',#78,40.);
#78 = AXIS2_PLACEMENT_2D('',#79,#80);
#79 = CARTESIAN_POINT('',(0.,0.));
#80 = DIRECTION('',(0.998629534755,-5.233595624294E-02));
#81 = ( GEOMETRIC_REPRESENTATION_CONTEXT(2) 
PARAMETRIC_REPRESENTATION_CONTEXT() REPRESENTATION_CONTEXT('2D SPACE',''
  ) );
#82 = ORIENTED_EDGE('',*,*,#83,.T.);
#83 = EDGE_CURVE('',#55,#84,#86,.T.);
#84 = VERTEX_POINT('',#85);
#85 = CARTESIAN_POINT('',(-39.94518139018,-2.093438249718,
    25.627496499526));
#86 = SURFACE_CURVE('',#87,(#91,#97),.PCURVE_S1.);
#87 = LINE('',#88,#89);
#88 = CARTESIAN_POINT('',(-39.94518139018,-2.093438249718,0.));
#89 = VECTOR('',#90,1.);
#90 = DIRECTION('',(0.,0.,1.));
#91 = PCURVE('',#32,#92);
#92 = DEFINITIONAL_REPRESENTATION('',(#93),#96);
#93 = B_SPLINE_CURVE_WITH_KNOTS('',1,(#94,#95),.UNSPECIFIED.,.F.,.F.,(2,
    2),(0.,55.),.PIECEWISE_BEZIER_KNOTS.);
#94 = CARTESIAN_POINT('',(9.477137838329,0.));
#95 = CARTESIAN_POINT('',(9.477137838329,55.));
#96 = ( GEOMETRIC_REPRESENTATION_CONTEXT(2) 
PARAMETRIC_REPRESENTATION_CONTEXT() REPRESENTATION_CONTEXT('2D SPACE',''
  ) );
#97 = PCURVE('',#98,#103);
#98 = PLANE('',#99);
#99 = AXIS2_PLACEMENT_3D('',#100,#101,#102);
#100 = CARTESIAN_POINT('',(79.890362780366,4.186876499435,-82.5));
#101 = DIRECTION('',(5.233595624294E-02,-0.998629534755,0.));
#102 = DIRECTION('',(0.,0.,1.));
#103 = DEFINITIONAL_REPRESENTATION('',(#104),#107);
#104 = B_SPLINE_CURVE_WITH_KNOTS('',1,(#105,#106),.UNSPECIFIED.,.F.,.F.,
  (2,2),(-6.E-07,55.0000006),.PIECEWISE_BEZIER_KNOTS.);
#105 = CARTESIAN_POINT('',(82.4999994,120.));
#106 = CARTESIAN_POINT('',(137.5000006,120.));
#107 = ( GEOMETRIC_REPRESENTATION_CONTEXT(2) 
PARAMETRIC_REPRESENTATION_CONTEXT() REPRESENTATION_CONTEXT('2D SPACE',''
  ) );
#108 = ORIENTED_EDGE('',*,*,#109,.F.);
#109 = EDGE_CURVE('',#110,#84,#112,.T.);
#110 = VERTEX_POINT('',#111);
#111 = CARTESIAN_POINT('',(-39.94996871087,2.,25.632482389212));
#112 = SURFACE_CURVE('',#113,(#170,#230),.PCURVE_S1.);
#113 = B_SPLINE_CURVE_WITH_KNOTS('',7,(#114,#115,#116,#117,#118,#119,
    #120,#121,#122,#123,#124,#125,#126,#127,#128,#129,#130,#131,#132,
    #133,#134,#135,#136,#137,#138,#139,#140,#141,#142,#143,#144,#145,
    #146,#147,#148,#149,#150,#151,#152,#153,#154,#155,#156,#157,#158,
    #159,#160,#161,#162,#163,#164,#165,#166,#167,#168,#169),
  .UNSPECIFIED.,.F.,.F.,(8,6,6,6,6,6,6,6,6,8),(0.,3.655979553476E-02,
    6.561344400932E-02,0.119088910512,0.189805700916,0.408558311929,
    0.619925724024,0.815373788397,0.907790286397,1.),.UNSPECIFIED.);
#114 = CARTESIAN_POINT('',(-35.3,18.812495847176,27.5));
#115 = CARTESIAN_POINT('',(-35.3,18.812495847176,27.386968880922));
#116 = CARTESIAN_POINT('',(-35.30552057586,18.802136876075,
    27.274360577131));
#117 = CARTESIAN_POINT('',(-35.31648702591,18.781559612608,
    27.163081582451));
#118 = CARTESIAN_POINT('',(-35.33263167225,18.75121905564,
    27.054020150163));
#119 = CARTESIAN_POINT('',(-35.35349978043,18.711880877946,
    26.94802547664));
#120 = CARTESIAN_POINT('',(-35.37846291414,18.66462042021,
    26.845889943686));
#121 = CARTESIAN_POINT('',(-35.42921098048,18.568073188074,
    26.670808168079));
#122 = CARTESIAN_POINT('',(-35.4538442489,18.521062754366,
    26.595935038252));
#123 = CARTESIAN_POINT('',(-35.48038190405,18.470230635323,
    26.523727260316));
#124 = CARTESIAN_POINT('',(-35.50858009808,18.415990769699,
    26.45418205402));
#125 = CARTESIAN_POINT('',(-35.53820962714,18.358733792082,
    26.387281993587));
#126 = CARTESIAN_POINT('',(-35.56905679725,18.2988274012,26.322995372648
    ));
#127 = CARTESIAN_POINT('',(-35.65957885275,18.122113217178,
    26.147678381656));
#128 = CARTESIAN_POINT('',(-35.72179713454,17.999594075829,
    26.042572039355));
#129 = CARTESIAN_POINT('',(-35.78654368037,17.870820050928,
    25.94540263627));
#130 = CARTESIAN_POINT('',(-35.85303669966,17.737134659555,
    25.855562189546));
#131 = CARTESIAN_POINT('',(-35.92071840979,17.599505450652,
    25.772424485795));
#132 = CARTESIAN_POINT('',(-35.98922171473,17.458562706696,
    25.695377347767));
#133 = CARTESIAN_POINT('',(-36.14972734968,17.124304117205,
    25.529266511678));
#134 = CARTESIAN_POINT('',(-36.24221060534,16.928700882839,
    25.44431078068));
#135 = CARTESIAN_POINT('',(-36.33494256232,16.729307837662,
    25.368039984806));
#136 = CARTESIAN_POINT('',(-36.42737518437,16.527135231121,
    25.299563705937));
#137 = CARTESIAN_POINT('',(-36.51919820805,16.322766541903,
    25.23806515577));
#138 = CARTESIAN_POINT('',(-36.61028818107,16.11640274684,25.18281855709
    ));
#139 = CARTESIAN_POINT('',(-36.98021744615,15.262949836459,
    24.979732330824));
#140 = CARTESIAN_POINT('',(-37.25461989055,14.593646119759,
    24.879222317105));
#141 = CARTESIAN_POINT('',(-37.51520916728,13.916203916702,
    24.819454366173));
#142 = CARTESIAN_POINT('',(-37.75951354865,13.237999571184,
    24.790689020212));
#143 = CARTESIAN_POINT('',(-37.98750232216,12.561400421788,
    24.785755882751));
#144 = CARTESIAN_POINT('',(-38.20088581802,11.883093518216,
    24.799826595271));
#145 = CARTESIAN_POINT('',(-38.59598241938,10.527654273392,
    24.859288826766));
#146 = CARTESIAN_POINT('',(-38.77643163707,9.858425656572,
    24.903291731052));
#147 = CARTESIAN_POINT('',(-38.9427132904,9.187842973533,24.958500865502
    ));
#148 = CARTESIAN_POINT('',(-39.09482057122,8.516834539022,
    25.021857818747));
#149 = CARTESIAN_POINT('',(-39.23296752709,7.845562426778,
    25.090633451248));
#150 = CARTESIAN_POINT('',(-39.35748062497,7.173335711155,
    25.162311199539));
#151 = CARTESIAN_POINT('',(-39.57139221895,5.874104132231,
    25.300971553997));
#152 = CARTESIAN_POINT('',(-39.66276456833,5.247291041768,
    25.367923791382));
#153 = CARTESIAN_POINT('',(-39.74249741356,4.619027168459,
    25.432926473851));
#154 = CARTESIAN_POINT('',(-39.81051199325,3.990172139976,
    25.493609819054));
#155 = CARTESIAN_POINT('',(-39.86687625297,3.360994112099,
    25.547604573231));
#156 = CARTESIAN_POINT('',(-39.91169922251,2.73089154463,25.592723879315
    ));
#157 = CARTESIAN_POINT('',(-39.96065139568,1.798918803353,
    25.643562693068));
#158 = CARTESIAN_POINT('',(-39.9737640135,1.499358843475,25.657500488684
    ));
#159 = CARTESIAN_POINT('',(-39.98425631287,1.199636934568,
    25.668857803571));
#160 = CARTESIAN_POINT('',(-39.99212584573,0.899842954276,
    25.677481960377));
#161 = CARTESIAN_POINT('',(-39.99737399408,0.599992294135,
    25.683268758573));
#162 = CARTESIAN_POINT('',(-40.,0.300057511382,25.686164285278));
#163 = CARTESIAN_POINT('',(-40.,-0.299386124641,25.686164285278));
#164 = CARTESIAN_POINT('',(-39.99738573244,-0.598650822907,
    25.683281701682));
#165 = CARTESIAN_POINT('',(-39.99216101129,-0.897832093729,
    25.677520735214));
#166 = CARTESIAN_POINT('',(-39.98432659082,-1.196956893751,
    25.668934821152));
#167 = CARTESIAN_POINT('',(-39.97388111873,-1.496009790475,
    25.657627253328));
#168 = CARTESIAN_POINT('',(-39.96082703122,-1.794901634343,
    25.643749398276));
#169 = CARTESIAN_POINT('',(-39.94518139018,-2.093438249718,
    25.627496499526));
#170 = PCURVE('',#32,#171);
#171 = DEFINITIONAL_REPRESENTATION('',(#172),#229);
#172 = B_SPLINE_CURVE_WITH_KNOTS('',7,(#173,#174,#175,#176,#177,#178,
    #179,#180,#181,#182,#183,#184,#185,#186,#187,#188,#189,#190,#191,
    #192,#193,#194,#195,#196,#197,#198,#199,#200,#201,#202,#203,#204,
    #205,#206,#207,#208,#209,#210,#211,#212,#213,#214,#215,#216,#217,
    #218,#219,#220,#221,#222,#223,#224,#225,#226,#227,#228),
  .UNSPECIFIED.,.F.,.F.,(8,6,6,6,6,6,6,6,6,8),(0.,3.655979553476E-02,
    6.561344400932E-02,0.119088910512,0.189805700916,0.408558311929,
    0.619925724024,0.815373788397,0.907790286397,1.),.UNSPECIFIED.);
#173 = CARTESIAN_POINT('',(8.935133226127,27.5));
#174 = CARTESIAN_POINT('',(8.935133226127,27.386968880922));
#175 = CARTESIAN_POINT('',(8.935426680729,27.274360577131));
#176 = CARTESIAN_POINT('',(8.936009608314,27.163081582451));
#177 = CARTESIAN_POINT('',(8.936868822179,27.054020150164));
#178 = CARTESIAN_POINT('',(8.937982084061,26.94802547664));
#179 = CARTESIAN_POINT('',(8.939318285981,26.845889943686));
#180 = CARTESIAN_POINT('',(8.942045089772,26.670808168079));
#181 = CARTESIAN_POINT('',(8.943371922089,26.595935038252));
#182 = CARTESIAN_POINT('',(8.944805479391,26.523727260316));
#183 = CARTESIAN_POINT('',(8.946333770861,26.45418205402));
#184 = CARTESIAN_POINT('',(8.947945494493,26.387281993587));
#185 = CARTESIAN_POINT('',(8.949630038745,26.322995372648));
#186 = CARTESIAN_POINT('',(8.954593791443,26.147678381656));
#187 = CARTESIAN_POINT('',(8.958029070079,26.042572039355));
#188 = CARTESIAN_POINT('',(8.961632394167,25.94540263627));
#189 = CARTESIAN_POINT('',(8.965365048191,25.855562189546));
#190 = CARTESIAN_POINT('',(8.969199254174,25.772424485795));
#191 = CARTESIAN_POINT('',(8.973116923163,25.695377347767));
#192 = CARTESIAN_POINT('',(8.982386863275,25.529266511678));
#193 = CARTESIAN_POINT('',(8.987795888579,25.44431078068));
#194 = CARTESIAN_POINT('',(8.993293254288,25.368039984806));
#195 = CARTESIAN_POINT('',(8.998850556406,25.299563705937));
#196 = CARTESIAN_POINT('',(9.004451592111,25.23806515577));
#197 = CARTESIAN_POINT('',(9.010090803656,25.18281855709));
#198 = CARTESIAN_POINT('',(9.03334523242,24.979732330824));
#199 = CARTESIAN_POINT('',(9.051425890202,24.879222317105));
#200 = CARTESIAN_POINT('',(9.069564773098,24.819454366173));
#201 = CARTESIAN_POINT('',(9.087579212178,24.790689020212));
#202 = CARTESIAN_POINT('',(9.105422813723,24.785755882751));
#203 = CARTESIAN_POINT('',(9.123195807612,24.799826595271));
#204 = CARTESIAN_POINT('',(9.158492026167,24.859288826766));
#205 = CARTESIAN_POINT('',(9.175816714394,24.903291731052));
#206 = CARTESIAN_POINT('',(9.193083311159,24.958500865502));
#207 = CARTESIAN_POINT('',(9.210277905819,25.021857818747));
#208 = CARTESIAN_POINT('',(9.227406015051,25.090633451248));
#209 = CARTESIAN_POINT('',(9.24449413147,25.162311199539));
#210 = CARTESIAN_POINT('',(9.277412219826,25.300971553997));
#211 = CARTESIAN_POINT('',(9.293245482303,25.367923791382));
#212 = CARTESIAN_POINT('',(9.309073702171,25.432926473851));
#213 = CARTESIAN_POINT('',(9.324881934186,25.493609819054));
#214 = CARTESIAN_POINT('',(9.340670122713,25.547604573231));
#215 = CARTESIAN_POINT('',(9.356459782886,25.592723879315));
#216 = CARTESIAN_POINT('',(9.379791219642,25.643562693068));
#217 = CARTESIAN_POINT('',(9.387287104051,25.657500488684));
#218 = CARTESIAN_POINT('',(9.39478428235,25.668857803571));
#219 = CARTESIAN_POINT('',(9.402281197175,25.677481960377));
#220 = CARTESIAN_POINT('',(9.40977815355,25.683268758573));
#221 = CARTESIAN_POINT('',(9.417276522985,25.686164285278));
#222 = CARTESIAN_POINT('',(9.432262613885,25.686164285278));
#223 = CARTESIAN_POINT('',(9.43974423121,25.683281701682));
#224 = CARTESIAN_POINT('',(9.447224448229,25.677520735214));
#225 = CARTESIAN_POINT('',(9.454704619739,25.668934821152));
#226 = CARTESIAN_POINT('',(9.462185045115,25.657627253328));
#227 = CARTESIAN_POINT('',(9.469664180557,25.643749398276));
#228 = CARTESIAN_POINT('',(9.477137838329,25.627496499526));
#229 = ( GEOMETRIC_REPRESENTATION_CONTEXT(2) 
PARAMETRIC_REPRESENTATION_CONTEXT() REPRESENTATION_CONTEXT('2D SPACE',''
  ) );
#230 = PCURVE('',#231,#236);
#231 = CYLINDRICAL_SURFACE('',#232,2.7);
#232 = AXIS2_PLACEMENT_3D('',#233,#234,#235);
#233 = CARTESIAN_POINT('',(-38.,27.,27.5));
#234 = DIRECTION('',(0.,-1.,2.22044604925E-16));
#235 = DIRECTION('',(1.,0.,0.));
#236 = DEFINITIONAL_REPRESENTATION('',(#237),#294);
#237 = B_SPLINE_CURVE_WITH_KNOTS('',7,(#238,#239,#240,#241,#242,#243,
    #244,#245,#246,#247,#248,#249,#250,#251,#252,#253,#254,#255,#256,
    #257,#258,#259,#260,#261,#262,#263,#264,#265,#266,#267,#268,#269,
    #270,#271,#272,#273,#274,#275,#276,#277,#278,#279,#280,#281,#282,
    #283,#284,#285,#286,#287,#288,#289,#290,#291,#292,#293),
  .UNSPECIFIED.,.F.,.F.,(8,6,6,6,6,6,6,6,6,8),(0.,3.655979553476E-02,
    6.561344400932E-02,0.119088910512,0.189805700916,0.408558311929,
    0.619925724024,0.815373788397,0.907790286397,1.),.UNSPECIFIED.);
#238 = CARTESIAN_POINT('',(6.28318530718,8.187504152824));
#239 = CARTESIAN_POINT('',(6.241321929743,8.187504152824));
#240 = CARTESIAN_POINT('',(6.199615126031,8.197863123925));
#241 = CARTESIAN_POINT('',(6.158280933059,8.218440387392));
#242 = CARTESIAN_POINT('',(6.117532240461,8.24878094436));
#243 = CARTESIAN_POINT('',(6.077588353721,8.288119122054));
#244 = CARTESIAN_POINT('',(6.038681892055,8.33537957979));
#245 = CARTESIAN_POINT('',(5.971167737276,8.431926811926));
#246 = CARTESIAN_POINT('',(5.94199330996,8.478937245634));
#247 = CARTESIAN_POINT('',(5.91352706033,8.529769364677));
#248 = CARTESIAN_POINT('',(5.885758901019,8.584009230301));
#249 = CARTESIAN_POINT('',(5.858680164209,8.641266207918));
#250 = CARTESIAN_POINT('',(5.832282429889,8.7011725988));
#251 = CARTESIAN_POINT('',(5.759205540208,8.877886782822));
#252 = CARTESIAN_POINT('',(5.714043729655,9.000405924171));
#253 = CARTESIAN_POINT('',(5.670891068806,9.129179949072));
#254 = CARTESIAN_POINT('',(5.629578495303,9.262865340444));
#255 = CARTESIAN_POINT('',(5.589935024952,9.400494549349));
#256 = CARTESIAN_POINT('',(5.551783796644,9.541437293304));
#257 = CARTESIAN_POINT('',(5.466233156482,9.875695882795));
#258 = CARTESIAN_POINT('',(5.419804022582,10.071299117161));
#259 = CARTESIAN_POINT('',(5.375435557804,10.270692162338));
#260 = CARTESIAN_POINT('',(5.332921611709,10.472864768879));
#261 = CARTESIAN_POINT('',(5.292058099777,10.677233458097));
#262 = CARTESIAN_POINT('',(5.252637543637,10.88359725316));
#263 = CARTESIAN_POINT('',(5.096337878733,11.737050163541));
#264 = CARTESIAN_POINT('',(4.989333500897,12.406353880241));
#265 = CARTESIAN_POINT('',(4.891394355996,13.083796083298));
#266 = CARTESIAN_POINT('',(4.801125363377,13.762000428816));
#267 = CARTESIAN_POINT('',(4.717195278831,14.438599578212));
#268 = CARTESIAN_POINT('',(4.638270026075,15.116906481784));
#269 = CARTESIAN_POINT('',(4.490289991193,16.472345726608));
#270 = CARTESIAN_POINT('',(4.421775730669,17.141574343429));
#271 = CARTESIAN_POINT('',(4.357204809976,17.812157026466));
#272 = CARTESIAN_POINT('',(4.296445644754,18.483165460979));
#273 = CARTESIAN_POINT('',(4.239462868441,19.154437573222));
#274 = CARTESIAN_POINT('',(4.186325724549,19.826664288845));
#275 = CARTESIAN_POINT('',(4.091910432071,21.125895867769));
#276 = CARTESIAN_POINT('',(4.050025010485,21.752708958231));
#277 = CARTESIAN_POINT('',(4.011997321965,22.380972831542));
#278 = CARTESIAN_POINT('',(3.978281471945,23.009827860024));
#279 = CARTESIAN_POINT('',(3.949386785349,23.639005887901));
#280 = CARTESIAN_POINT('',(3.925834489709,24.26910845537));
#281 = CARTESIAN_POINT('',(3.89969541815,25.201081196647));
#282 = CARTESIAN_POINT('',(3.892608331827,25.500641156525));
#283 = CARTESIAN_POINT('',(3.886881866762,25.800363065432));
#284 = CARTESIAN_POINT('',(3.882557826373,26.100157045724));
#285 = CARTESIAN_POINT('',(3.879664414701,26.400007705865));
#286 = CARTESIAN_POINT('',(3.878216655609,26.699942488618));
#287 = CARTESIAN_POINT('',(3.878216655609,27.299386124641));
#288 = CARTESIAN_POINT('',(3.879657943215,27.598650822907));
#289 = CARTESIAN_POINT('',(3.882538438818,27.89783209373));
#290 = CARTESIAN_POINT('',(3.886843251238,28.196956893751));
#291 = CARTESIAN_POINT('',(3.892544417117,28.496009790475));
#292 = CARTESIAN_POINT('',(3.899600486305,28.794901634343));
#293 = CARTESIAN_POINT('',(3.90795595322,29.093438249718));
#294 = ( GEOMETRIC_REPRESENTATION_CONTEXT(2) 
PARAMETRIC_REPRESENTATION_CONTEXT() REPRESENTATION_CONTEXT('2D SPACE',''
  ) );
#295 = ORIENTED_EDGE('',*,*,#296,.F.);
#296 = EDGE_CURVE('',#297,#110,#299,.T.);
#297 = VERTEX_POINT('',#298);
#298 = CARTESIAN_POINT('',(-39.94996871087,2.,3.85));
#299 = SURFACE_CURVE('',#300,(#304,#310),.PCURVE_S1.);
#300 = LINE('',#301,#302);
#301 = CARTESIAN_POINT('',(-39.94996871087,2.,0.));
#302 = VECTOR('',#303,1.);
#303 = DIRECTION('',(0.,0.,1.));
#304 = PCURVE('',#32,#305);
#305 = DEFINITIONAL_REPRESENTATION('',(#306),#309);
#306 = B_SPLINE_CURVE_WITH_KNOTS('',1,(#307,#308),.UNSPECIFIED.,.F.,.F.,
  (2,2),(-2.4E-06,55.0000024),.PIECEWISE_BEZIER_KNOTS.);
#307 = CARTESIAN_POINT('',(9.374757103964,-2.4E-06));
#308 = CARTESIAN_POINT('',(9.374757103964,55.0000024));
#309 = ( GEOMETRIC_REPRESENTATION_CONTEXT(2) 
PARAMETRIC_REPRESENTATION_CONTEXT() REPRESENTATION_CONTEXT('2D SPACE',''
  ) );
#310 = PCURVE('',#311,#316);
#311 = PLANE('',#312);
#312 = AXIS2_PLACEMENT_3D('',#313,#314,#315);
#313 = CARTESIAN_POINT('',(-46.5,2.,3.85));
#314 = DIRECTION('',(-0.,1.,0.));
#315 = DIRECTION('',(0.,0.,1.));
#316 = DEFINITIONAL_REPRESENTATION('',(#317),#320);
#317 = B_SPLINE_CURVE_WITH_KNOTS('',1,(#318,#319),.UNSPECIFIED.,.F.,.F.,
  (2,2),(-2.4E-06,55.0000024),.PIECEWISE_BEZIER_KNOTS.);
#318 = CARTESIAN_POINT('',(-3.8500024,6.550031289124));
#319 = CARTESIAN_POINT('',(51.1500024,6.550031289124));
#320 = ( GEOMETRIC_REPRESENTATION_CONTEXT(2) 
PARAMETRIC_REPRESENTATION_CONTEXT() REPRESENTATION_CONTEXT('2D SPACE',''
  ) );
#321 = ORIENTED_EDGE('',*,*,#322,.F.);
#322 = EDGE_CURVE('',#323,#297,#325,.T.);
#323 = VERTEX_POINT('',#324);
#324 = CARTESIAN_POINT('',(-38.15756805667,12.,3.85));
#325 = SURFACE_CURVE('',#326,(#331,#338),.PCURVE_S1.);
#326 = CIRCLE('',#327,40.);
#327 = AXIS2_PLACEMENT_3D('',#328,#329,#330);
#328 = CARTESIAN_POINT('',(0.,0.,3.85));
#329 = DIRECTION('',(0.,0.,1.));
#330 = DIRECTION('',(1.,0.,-0.));
#331 = PCURVE('',#32,#332);
#332 = DEFINITIONAL_REPRESENTATION('',(#333),#337);
#333 = LINE('',#334,#335);
#334 = CARTESIAN_POINT('',(6.28318530718,3.85));
#335 = VECTOR('',#336,1.);
#336 = DIRECTION('',(1.,0.));
#337 = ( GEOMETRIC_REPRESENTATION_CONTEXT(2) 
PARAMETRIC_REPRESENTATION_CONTEXT() REPRESENTATION_CONTEXT('2D SPACE',''
  ) );
#338 = PCURVE('',#339,#344);
#339 = PLANE('',#340);
#340 = AXIS2_PLACEMENT_3D('',#341,#342,#343);
#341 = CARTESIAN_POINT('',(-46.5,2.,3.85));
#342 = DIRECTION('',(0.,0.,1.));
#343 = DIRECTION('',(1.,0.,-0.));
#344 = DEFINITIONAL_REPRESENTATION('',(#345),#349);
#345 = CIRCLE('',#346,40.);
#346 = AXIS2_PLACEMENT_2D('',#347,#348);
#347 = CARTESIAN_POINT('',(46.5,-2.));
#348 = DIRECTION('',(1.,0.));
#349 = ( GEOMETRIC_REPRESENTATION_CONTEXT(2) 
PARAMETRIC_REPRESENTATION_CONTEXT() REPRESENTATION_CONTEXT('2D SPACE',''
  ) );
#350 = ORIENTED_EDGE('',*,*,#351,.T.);
#351 = EDGE_CURVE('',#323,#352,#354,.T.);
#352 = VERTEX_POINT('',#353);
#353 = CARTESIAN_POINT('',(-38.15756805667,12.,24.804601642147));
#354 = SURFACE_CURVE('',#355,(#359,#365),.PCURVE_S1.);
#355 = LINE('',#356,#357);
#356 = CARTESIAN_POINT('',(-38.15756805667,12.,0.));
#357 = VECTOR('',#358,1.);
#358 = DIRECTION('',(0.,0.,1.));
#359 = PCURVE('',#32,#360);
#360 = DEFINITIONAL_REPRESENTATION('',(#361),#364);
#361 = B_SPLINE_CURVE_WITH_KNOTS('',1,(#362,#363),.UNSPECIFIED.,.F.,.F.,
  (2,2),(-2.4E-06,55.0000024),.PIECEWISE_BEZIER_KNOTS.);
#362 = CARTESIAN_POINT('',(9.120085306754,-2.4E-06));
#363 = CARTESIAN_POINT('',(9.120085306754,55.0000024));
#364 = ( GEOMETRIC_REPRESENTATION_CONTEXT(2) 
PARAMETRIC_REPRESENTATION_CONTEXT() REPRESENTATION_CONTEXT('2D SPACE',''
  ) );
#365 = PCURVE('',#366,#371);
#366 = PLANE('',#367);
#367 = AXIS2_PLACEMENT_3D('',#368,#369,#370);
#368 = CARTESIAN_POINT('',(-46.5,12.,3.85));
#369 = DIRECTION('',(-0.,1.,0.));
#370 = DIRECTION('',(0.,0.,1.));
#371 = DEFINITIONAL_REPRESENTATION('',(#372),#375);
#372 = B_SPLINE_CURVE_WITH_KNOTS('',1,(#373,#374),.UNSPECIFIED.,.F.,.F.,
  (2,2),(-2.4E-06,55.0000024),.PIECEWISE_BEZIER_KNOTS.);
#373 = CARTESIAN_POINT('',(-3.8500024,8.342431943322));
#374 = CARTESIAN_POINT('',(51.1500024,8.342431943322));
#375 = ( GEOMETRIC_REPRESENTATION_CONTEXT(2) 
PARAMETRIC_REPRESENTATION_CONTEXT() REPRESENTATION_CONTEXT('2D SPACE',''
  ) );
#376 = ORIENTED_EDGE('',*,*,#377,.F.);
#377 = EDGE_CURVE('',#378,#352,#380,.T.);
#378 = VERTEX_POINT('',#379);
#379 = CARTESIAN_POINT('',(-35.3,18.812495847176,27.5));
#380 = SURFACE_CURVE('',#381,(#438,#498),.PCURVE_S1.);
#381 = B_SPLINE_CURVE_WITH_KNOTS('',7,(#382,#383,#384,#385,#386,#387,
    #388,#389,#390,#391,#392,#393,#394,#395,#396,#397,#398,#399,#400,
    #401,#402,#403,#404,#405,#406,#407,#408,#409,#410,#411,#412,#413,
    #414,#415,#416,#417,#418,#419,#420,#421,#422,#423,#424,#425,#426,
    #427,#428,#429,#430,#431,#432,#433,#434,#435,#436,#437),
  .UNSPECIFIED.,.F.,.F.,(8,6,6,6,6,6,6,6,6,8),(0.,3.655979553476E-02,
    6.561344400932E-02,0.119088910512,0.189805700916,0.408558311929,
    0.619925724024,0.815373788397,0.907790286397,1.),.UNSPECIFIED.);
#382 = CARTESIAN_POINT('',(-35.3,18.812495847176,27.5));
#383 = CARTESIAN_POINT('',(-35.3,18.812495847176,27.386968880922));
#384 = CARTESIAN_POINT('',(-35.30552057586,18.802136876075,
    27.274360577131));
#385 = CARTESIAN_POINT('',(-35.31648702591,18.781559612608,
    27.163081582451));
#386 = CARTESIAN_POINT('',(-35.33263167225,18.75121905564,
    27.054020150163));
#387 = CARTESIAN_POINT('',(-35.35349978043,18.711880877946,
    26.94802547664));
#388 = CARTESIAN_POINT('',(-35.37846291414,18.66462042021,
    26.845889943686));
#389 = CARTESIAN_POINT('',(-35.42921098048,18.568073188074,
    26.670808168079));
#390 = CARTESIAN_POINT('',(-35.4538442489,18.521062754366,
    26.595935038252));
#391 = CARTESIAN_POINT('',(-35.48038190405,18.470230635323,
    26.523727260316));
#392 = CARTESIAN_POINT('',(-35.50858009808,18.415990769699,
    26.45418205402));
#393 = CARTESIAN_POINT('',(-35.53820962714,18.358733792082,
    26.387281993587));
#394 = CARTESIAN_POINT('',(-35.56905679725,18.2988274012,26.322995372648
    ));
#395 = CARTESIAN_POINT('',(-35.65957885275,18.122113217178,
    26.147678381656));
#396 = CARTESIAN_POINT('',(-35.72179713454,17.999594075829,
    26.042572039355));
#397 = CARTESIAN_POINT('',(-35.78654368037,17.870820050928,
    25.94540263627));
#398 = CARTESIAN_POINT('',(-35.85303669966,17.737134659555,
    25.855562189546));
#399 = CARTESIAN_POINT('',(-35.92071840979,17.599505450652,
    25.772424485795));
#400 = CARTESIAN_POINT('',(-35.98922171473,17.458562706696,
    25.695377347767));
#401 = CARTESIAN_POINT('',(-36.14972734968,17.124304117205,
    25.529266511678));
#402 = CARTESIAN_POINT('',(-36.24221060534,16.928700882839,
    25.44431078068));
#403 = CARTESIAN_POINT('',(-36.33494256232,16.729307837662,
    25.368039984806));
#404 = CARTESIAN_POINT('',(-36.42737518437,16.527135231121,
    25.299563705937));
#405 = CARTESIAN_POINT('',(-36.51919820805,16.322766541903,
    25.23806515577));
#406 = CARTESIAN_POINT('',(-36.61028818107,16.11640274684,25.18281855709
    ));
#407 = CARTESIAN_POINT('',(-36.98021744615,15.262949836459,
    24.979732330824));
#408 = CARTESIAN_POINT('',(-37.25461989055,14.593646119759,
    24.879222317105));
#409 = CARTESIAN_POINT('',(-37.51520916728,13.916203916702,
    24.819454366173));
#410 = CARTESIAN_POINT('',(-37.75951354865,13.237999571184,
    24.790689020212));
#411 = CARTESIAN_POINT('',(-37.98750232216,12.561400421788,
    24.785755882751));
#412 = CARTESIAN_POINT('',(-38.20088581802,11.883093518216,
    24.799826595271));
#413 = CARTESIAN_POINT('',(-38.59598241938,10.527654273392,
    24.859288826766));
#414 = CARTESIAN_POINT('',(-38.77643163707,9.858425656572,
    24.903291731052));
#415 = CARTESIAN_POINT('',(-38.9427132904,9.187842973533,24.958500865502
    ));
#416 = CARTESIAN_POINT('',(-39.09482057122,8.516834539022,
    25.021857818747));
#417 = CARTESIAN_POINT('',(-39.23296752709,7.845562426778,
    25.090633451248));
#418 = CARTESIAN_POINT('',(-39.35748062497,7.173335711155,
    25.162311199539));
#419 = CARTESIAN_POINT('',(-39.57139221895,5.874104132231,
    25.300971553997));
#420 = CARTESIAN_POINT('',(-39.66276456833,5.247291041768,
    25.367923791382));
#421 = CARTESIAN_POINT('',(-39.74249741356,4.619027168459,
    25.432926473851));
#422 = CARTESIAN_POINT('',(-39.81051199325,3.990172139976,
    25.493609819054));
#423 = CARTESIAN_POINT('',(-39.86687625297,3.360994112099,
    25.547604573231));
#424 = CARTESIAN_POINT('',(-39.91169922251,2.73089154463,25.592723879315
    ));
#425 = CARTESIAN_POINT('',(-39.96065139568,1.798918803353,
    25.643562693068));
#426 = CARTESIAN_POINT('',(-39.9737640135,1.499358843475,25.657500488684
    ));
#427 = CARTESIAN_POINT('',(-39.98425631287,1.199636934568,
    25.668857803571));
#428 = CARTESIAN_POINT('',(-39.99212584573,0.899842954276,
    25.677481960377));
#429 = CARTESIAN_POINT('',(-39.99737399408,0.599992294135,
    25.683268758573));
#430 = CARTESIAN_POINT('',(-40.,0.300057511382,25.686164285278));
#431 = CARTESIAN_POINT('',(-40.,-0.299386124641,25.686164285278));
#432 = CARTESIAN_POINT('',(-39.99738573244,-0.598650822907,
    25.683281701682));
#433 = CARTESIAN_POINT('',(-39.99216101129,-0.897832093729,
    25.677520735214));
#434 = CARTESIAN_POINT('',(-39.98432659082,-1.196956893751,
    25.668934821152));
#435 = CARTESIAN_POINT('',(-39.97388111873,-1.496009790475,
    25.657627253328));
#436 = CARTESIAN_POINT('',(-39.96082703122,-1.794901634343,
    25.643749398276));
#437 = CARTESIAN_POINT('',(-39.94518139018,-2.093438249718,
    25.627496499526));
#438 = PCURVE('',#32,#439);
#439 = DEFINITIONAL_REPRESENTATION('',(#440),#497);
#440 = B_SPLINE_CURVE_WITH_KNOTS('',7,(#441,#442,#443,#444,#445,#446,
    #447,#448,#449,#450,#451,#452,#453,#454,#455,#456,#457,#458,#459,
    #460,#461,#462,#463,#464,#465,#466,#467,#468,#469,#470,#471,#472,
    #473,#474,#475,#476,#477,#478,#479,#480,#481,#482,#483,#484,#485,
    #486,#487,#488,#489,#490,#491,#492,#493,#494,#495,#496),
  .UNSPECIFIED.,.F.,.F.,(8,6,6,6,6,6,6,6,6,8),(0.,3.655979553476E-02,
    6.561344400932E-02,0.119088910512,0.189805700916,0.408558311929,
    0.619925724024,0.815373788397,0.907790286397,1.),.UNSPECIFIED.);
#441 = CARTESIAN_POINT('',(8.935133226127,27.5));
#442 = CARTESIAN_POINT('',(8.935133226127,27.386968880922));
#443 = CARTESIAN_POINT('',(8.935426680729,27.274360577131));
#444 = CARTESIAN_POINT('',(8.936009608314,27.163081582451));
#445 = CARTESIAN_POINT('',(8.936868822179,27.054020150164));
#446 = CARTESIAN_POINT('',(8.937982084061,26.94802547664));
#447 = CARTESIAN_POINT('',(8.939318285981,26.845889943686));
#448 = CARTESIAN_POINT('',(8.942045089772,26.670808168079));
#449 = CARTESIAN_POINT('',(8.943371922089,26.595935038252));
#450 = CARTESIAN_POINT('',(8.944805479391,26.523727260316));
#451 = CARTESIAN_POINT('',(8.946333770861,26.45418205402));
#452 = CARTESIAN_POINT('',(8.947945494493,26.387281993587));
#453 = CARTESIAN_POINT('',(8.949630038745,26.322995372648));
#454 = CARTESIAN_POINT('',(8.954593791443,26.147678381656));
#455 = CARTESIAN_POINT('',(8.958029070079,26.042572039355));
#456 = CARTESIAN_POINT('',(8.961632394167,25.94540263627));
#457 = CARTESIAN_POINT('',(8.965365048191,25.855562189546));
#458 = CARTESIAN_POINT('',(8.969199254174,25.772424485795));
#459 = CARTESIAN_POINT('',(8.973116923163,25.695377347767));
#460 = CARTESIAN_POINT('',(8.982386863275,25.529266511678));
#461 = CARTESIAN_POINT('',(8.987795888579,25.44431078068));
#462 = CARTESIAN_POINT('',(8.993293254288,25.368039984806));
#463 = CARTESIAN_POINT('',(8.998850556406,25.299563705937));
#464 = CARTESIAN_POINT('',(9.004451592111,25.23806515577));
#465 = CARTESIAN_POINT('',(9.010090803656,25.18281855709));
#466 = CARTESIAN_POINT('',(9.03334523242,24.979732330824));
#467 = CARTESIAN_POINT('',(9.051425890202,24.879222317105));
#468 = CARTESIAN_POINT('',(9.069564773098,24.819454366173));
#469 = CARTESIAN_POINT('',(9.087579212178,24.790689020212));
#470 = CARTESIAN_POINT('',(9.105422813723,24.785755882751));
#471 = CARTESIAN_POINT('',(9.123195807612,24.799826595271));
#472 = CARTESIAN_POINT('',(9.158492026167,24.859288826766));
#473 = CARTESIAN_POINT('',(9.175816714394,24.903291731052));
#474 = CARTESIAN_POINT('',(9.193083311159,24.958500865502));
#475 = CARTESIAN_POINT('',(9.210277905819,25.021857818747));
#476 = CARTESIAN_POINT('',(9.227406015051,25.090633451248));
#477 = CARTESIAN_POINT('',(9.24449413147,25.162311199539));
#478 = CARTESIAN_POINT('',(9.277412219826,25.300971553997));
#479 = CARTESIAN_POINT('',(9.293245482303,25.367923791382));
#480 = CARTESIAN_POINT('',(9.309073702171,25.432926473851));
#481 = CARTESIAN_POINT('',(9.324881934186,25.493609819054));
#482 = CARTESIAN_POINT('',(9.340670122713,25.547604573231));
#483 = CARTESIAN_POINT('',(9.356459782886,25.592723879315));
#484 = CARTESIAN_POINT('',(9.379791219642,25.643562693068));
#485 = CARTESIAN_POINT('',(9.387287104051,25.657500488684));
#486 = CARTESIAN_POINT('',(9.39478428235,25.668857803571));
#487 = CARTESIAN_POINT('',(9.402281197175,25.677481960377));
#488 = CARTESIAN_POINT('',(9.40977815355,25.683268758573));
#489 = CARTESIAN_POINT('',(9.417276522985,25.686164285278));
#490 = CARTESIAN_POINT('',(9.432262613885,25.686164285278));
#491 = CARTESIAN_POINT('',(9.43974423121,25.683281701682));
#492 = CARTESIAN_POINT('',(9.447224448229,25.677520735214));
#493 = CARTESIAN_POINT('',(9.454704619739,25.668934821152));
#494 = CARTESIAN_POINT('',(9.462185045115,25.657627253328));
#495 = CARTESIAN_POINT('',(9.469664180557,25.643749398276));
#496 = CARTESIAN_POINT('',(9.477137838329,25.627496499526));
#497 = ( GEOMETRIC_REPRESENTATION_CONTEXT(2) 
PARAMETRIC_REPRESENTATION_CONTEXT() REPRESENTATION_CONTEXT('2D SPACE',''
  ) );
#498 = PCURVE('',#231,#499);
#499 = DEFINITIONAL_REPRESENTATION('',(#500),#557);
#500 = B_SPLINE_CURVE_WITH_KNOTS('',7,(#501,#502,#503,#504,#505,#506,
    #507,#508,#509,#510,#511,#512,#513,#514,#515,#516,#517,#518,#519,
    #520,#521,#522,#523,#524,#525,#526,#527,#528,#529,#530,#531,#532,
    #533,#534,#535,#536,#537,#538,#539,#540,#541,#542,#543,#544,#545,
    #546,#547,#548,#549,#550,#551,#552,#553,#554,#555,#556),
  .UNSPECIFIED.,.F.,.F.,(8,6,6,6,6,6,6,6,6,8),(0.,3.655979553476E-02,
    6.561344400932E-02,0.119088910512,0.189805700916,0.408558311929,
    0.619925724024,0.815373788397,0.907790286397,1.),.UNSPECIFIED.);
#501 = CARTESIAN_POINT('',(6.28318530718,8.187504152824));
#502 = CARTESIAN_POINT('',(6.241321929743,8.187504152824));
#503 = CARTESIAN_POINT('',(6.199615126031,8.197863123925));
#504 = CARTESIAN_POINT('',(6.158280933059,8.218440387392));
#505 = CARTESIAN_POINT('',(6.117532240461,8.24878094436));
#506 = CARTESIAN_POINT('',(6.077588353721,8.288119122054));
#507 = CARTESIAN_POINT('',(6.038681892055,8.33537957979));
#508 = CARTESIAN_POINT('',(5.971167737276,8.431926811926));
#509 = CARTESIAN_POINT('',(5.94199330996,8.478937245634));
#510 = CARTESIAN_POINT('',(5.91352706033,8.529769364677));
#511 = CARTESIAN_POINT('',(5.885758901019,8.584009230301));
#512 = CARTESIAN_POINT('',(5.858680164209,8.641266207918));
#513 = CARTESIAN_POINT('',(5.832282429889,8.7011725988));
#514 = CARTESIAN_POINT('',(5.759205540208,8.877886782822));
#515 = CARTESIAN_POINT('',(5.714043729655,9.000405924171));
#516 = CARTESIAN_POINT('',(5.670891068806,9.129179949072));
#517 = CARTESIAN_POINT('',(5.629578495303,9.262865340444));
#518 = CARTESIAN_POINT('',(5.589935024952,9.400494549349));
#519 = CARTESIAN_POINT('',(5.551783796644,9.541437293304));
#520 = CARTESIAN_POINT('',(5.466233156482,9.875695882795));
#521 = CARTESIAN_POINT('',(5.419804022582,10.071299117161));
#522 = CARTESIAN_POINT('',(5.375435557804,10.270692162338));
#523 = CARTESIAN_POINT('',(5.332921611709,10.472864768879));
#524 = CARTESIAN_POINT('',(5.292058099777,10.677233458097));
#525 = CARTESIAN_POINT('',(5.252637543637,10.88359725316));
#526 = CARTESIAN_POINT('',(5.096337878733,11.737050163541));
#527 = CARTESIAN_POINT('',(4.989333500897,12.406353880241));
#528 = CARTESIAN_POINT('',(4.891394355996,13.083796083298));
#529 = CARTESIAN_POINT('',(4.801125363377,13.762000428816));
#530 = CARTESIAN_POINT('',(4.717195278831,14.438599578212));
#531 = CARTESIAN_POINT('',(4.638270026075,15.116906481784));
#532 = CARTESIAN_POINT('',(4.490289991193,16.472345726608));
#533 = CARTESIAN_POINT('',(4.421775730669,17.141574343429));
#534 = CARTESIAN_POINT('',(4.357204809976,17.812157026466));
#535 = CARTESIAN_POINT('',(4.296445644754,18.483165460979));
#536 = CARTESIAN_POINT('',(4.239462868441,19.154437573222));
#537 = CARTESIAN_POINT('',(4.186325724549,19.826664288845));
#538 = CARTESIAN_POINT('',(4.091910432071,21.125895867769));
#539 = CARTESIAN_POINT('',(4.050025010485,21.752708958231));
#540 = CARTESIAN_POINT('',(4.011997321965,22.380972831542));
#541 = CARTESIAN_POINT('',(3.978281471945,23.009827860024));
#542 = CARTESIAN_POINT('',(3.949386785349,23.639005887901));
#543 = CARTESIAN_POINT('',(3.925834489709,24.26910845537));
#544 = CARTESIAN_POINT('',(3.89969541815,25.201081196647));
#545 = CARTESIAN_POINT('',(3.892608331827,25.500641156525));
#546 = CARTESIAN_POINT('',(3.886881866762,25.800363065432));
#547 = CARTESIAN_POINT('',(3.882557826373,26.100157045724));
#548 = CARTESIAN_POINT('',(3.879664414701,26.400007705865));
#549 = CARTESIAN_POINT('',(3.878216655609,26.699942488618));
#550 = CARTESIAN_POINT('',(3.878216655609,27.299386124641));
#551 = CARTESIAN_POINT('',(3.879657943215,27.598650822907));
#552 = CARTESIAN_POINT('',(3.882538438818,27.89783209373));
#553 = CARTESIAN_POINT('',(3.886843251238,28.196956893751));
#554 = CARTESIAN_POINT('',(3.892544417117,28.496009790475));
#555 = CARTESIAN_POINT('',(3.899600486305,28.794901634343));
#556 = CARTESIAN_POINT('',(3.90795595322,29.093438249718));
#557 = ( GEOMETRIC_REPRESENTATION_CONTEXT(2) 
PARAMETRIC_REPRESENTATION_CONTEXT() REPRESENTATION_CONTEXT('2D SPACE',''
  ) );
#558 = ORIENTED_EDGE('',*,*,#559,.T.);
#559 = EDGE_CURVE('',#378,#560,#562,.T.);
#560 = VERTEX_POINT('',#561);
#561 = CARTESIAN_POINT('',(-38.15756805667,12.,30.195398357853));
#562 = SURFACE_CURVE('',#563,(#622,#684),.PCURVE_S1.);
#563 = B_SPLINE_CURVE_WITH_KNOTS('',8,(#564,#565,#566,#567,#568,#569,
    #570,#571,#572,#573,#574,#575,#576,#577,#578,#579,#580,#581,#582,
    #583,#584,#585,#586,#587,#588,#589,#590,#591,#592,#593,#594,#595,
    #596,#597,#598,#599,#600,#601,#602,#603,#604,#605,#606,#607,#608,
    #609,#610,#611,#612,#613,#614,#615,#616,#617,#618,#619,#620,#621),
  .UNSPECIFIED.,.F.,.F.,(9,7,7,7,7,7,7,7,9),(0.,3.687708991263E-02,
    6.59326392436E-02,0.120469672468,0.191625576779,0.409250913752,
    0.624566929552,0.908615013136,1.),.UNSPECIFIED.);
#564 = CARTESIAN_POINT('',(-35.3,18.812495847176,27.5));
#565 = CARTESIAN_POINT('',(-35.3,18.812495847176,27.599454435603));
#566 = CARTESIAN_POINT('',(-35.30418679712,18.804639615927,
    27.698583782415));
#567 = CARTESIAN_POINT('',(-35.31251226045,18.789017795986,
    27.796813768626));
#568 = CARTESIAN_POINT('',(-35.32483004155,18.765880884652,
    27.893579522192));
#569 = CARTESIAN_POINT('',(-35.34089787093,18.735637834787,
    27.988333557906));
#570 = CARTESIAN_POINT('',(-35.36038175638,18.698855334721,
    28.080552968747));
#571 = CARTESIAN_POINT('',(-35.3828620831,18.656257767251,
    28.169745821503));
#572 = CARTESIAN_POINT('',(-35.42752305068,18.571278907899,
    28.322988612092));
#573 = CARTESIAN_POINT('',(-35.44880896119,18.530667211656,
    28.388540835657));
#574 = CARTESIAN_POINT('',(-35.47154004376,18.487163344925,
    28.45210670594));
#575 = CARTESIAN_POINT('',(-35.4955638932,18.441026061353,
    28.513686871704));
#576 = CARTESIAN_POINT('',(-35.52073531671,18.392502416708,
    28.573289217314));
#577 = CARTESIAN_POINT('',(-35.54691664784,18.34182790329,
    28.630928728156));
#578 = CARTESIAN_POINT('',(-35.57397806048,18.289226584329,
    28.68662735606));
#579 = CARTESIAN_POINT('',(-35.65401546653,18.132961740608,
    28.841370767925));
#580 = CARTESIAN_POINT('',(-35.70898841659,18.024810538346,
    28.935752181086));
#581 = CARTESIAN_POINT('',(-35.76603839315,17.911610996203,
    29.023922186045));
#582 = CARTESIAN_POINT('',(-35.82462190385,17.794294884266,
    29.106272583417));
#583 = CARTESIAN_POINT('',(-35.88431816895,17.673589230961,
    29.183208920644));
#584 = CARTESIAN_POINT('',(-35.9448160332,17.550032472305,29.25513722344
    ));
#585 = CARTESIAN_POINT('',(-36.00589992447,17.423989887551,
    29.322451450609));
#586 = CARTESIAN_POINT('',(-36.14772110997,17.128243792359,
    29.467811052338));
#587 = CARTESIAN_POINT('',(-36.22879310269,16.956902661377,
    29.54289456772));
#588 = CARTESIAN_POINT('',(-36.31013019034,16.782563967974,
    29.611361851248));
#589 = CARTESIAN_POINT('',(-36.39135672767,16.605912925232,
    29.673774789973));
#590 = CARTESIAN_POINT('',(-36.47222176181,16.427417458176,
    29.730660589414));
#591 = CARTESIAN_POINT('',(-36.55257963976,16.247344580163,
    29.782505209529));
#592 = CARTESIAN_POINT('',(-36.6323715327,16.065776607122,
    29.829747172391));
#593 = CARTESIAN_POINT('',(-36.95394667256,15.322477637634,
    30.004359365327));
#594 = CARTESIAN_POINT('',(-37.19232419976,14.744680952371,
    30.097169739339));
#595 = CARTESIAN_POINT('',(-37.4215553529,14.15897290231,30.158604184817
    ));
#596 = CARTESIAN_POINT('',(-37.63940754205,13.570862725166,
    30.194864160724));
#597 = CARTESIAN_POINT('',(-37.84526851977,12.982990761173,
    30.210924319959));
#598 = CARTESIAN_POINT('',(-38.03953382676,12.395422604744,
    30.210577941249));
#599 = CARTESIAN_POINT('',(-38.22328492382,11.80544647446,30.19653214347
    ));
#600 = CARTESIAN_POINT('',(-38.57052106377,10.61578020111,
    30.144804352268));
#601 = CARTESIAN_POINT('',(-38.73262102444,10.021671352773,
    30.107610519045));
#602 = CARTESIAN_POINT('',(-38.88382474431,9.426291643635,
    30.061291801927));
#603 = CARTESIAN_POINT('',(-39.02406983328,8.830360385233,
    30.007915270221));
#604 = CARTESIAN_POINT('',(-39.15344136717,8.234178078953,29.94934840741
    ));
#605 = CARTESIAN_POINT('',(-39.27211151781,7.637616559541,
    29.887315975392));
#606 = CARTESIAN_POINT('',(-39.38028666678,7.040054091346,
    29.823463095251));
#607 = CARTESIAN_POINT('',(-39.60721912712,5.648979105202,
    29.675003564203));
#608 = CARTESIAN_POINT('',(-39.71993614173,4.843971700078,
    29.589228119363));
#609 = CARTESIAN_POINT('',(-39.813822024,4.034889818469,29.507282133076)
  );
#610 = CARTESIAN_POINT('',(-39.88834031349,3.227123450391,
    29.434509759347));
#611 = CARTESIAN_POINT('',(-39.94387461255,2.422619989516,
    29.375718900007));
#612 = CARTESIAN_POINT('',(-39.98105749944,1.619862920042,
    29.334722847418));
#613 = CARTESIAN_POINT('',(-40.,0.814238842589,29.313835714722));
#614 = CARTESIAN_POINT('',(-40.,-0.26195989424,29.313835714722));
#615 = CARTESIAN_POINT('',(-39.99803934368,-0.523830301396,
    29.315997603938));
#616 = CARTESIAN_POINT('',(-39.99412037336,-0.785635016043,
    29.320318800839));
#617 = CARTESIAN_POINT('',(-39.9882438996,-1.047392027496,
    29.326772114259));
#618 = CARTESIAN_POINT('',(-39.98040957715,-1.309101707097,
    29.335305478106));
#619 = CARTESIAN_POINT('',(-39.9706175226,-1.570734999715,
    29.345842292654));
#620 = CARTESIAN_POINT('',(-39.95887117368,-1.832221619477,
    29.358282372396));
#621 = CARTESIAN_POINT('',(-39.94518139018,-2.093438249718,
    29.372503500474));
#622 = PCURVE('',#32,#623);
#623 = DEFINITIONAL_REPRESENTATION('',(#624),#683);
#624 = B_SPLINE_CURVE_WITH_KNOTS('',8,(#625,#626,#627,#628,#629,#630,
    #631,#632,#633,#634,#635,#636,#637,#638,#639,#640,#641,#642,#643,
    #644,#645,#646,#647,#648,#649,#650,#651,#652,#653,#654,#655,#656,
    #657,#658,#659,#660,#661,#662,#663,#664,#665,#666,#667,#668,#669,
    #670,#671,#672,#673,#674,#675,#676,#677,#678,#679,#680,#681,#682),
  .UNSPECIFIED.,.F.,.F.,(9,7,7,7,7,7,7,7,9),(0.,3.687708991263E-02,
    6.59326392436E-02,0.120469672468,0.191625576779,0.409250913752,
    0.624566929552,0.908615013136,1.),.UNSPECIFIED.);
#625 = CARTESIAN_POINT('',(8.935133226127,27.5));
#626 = CARTESIAN_POINT('',(8.935133226127,27.599454435603));
#627 = CARTESIAN_POINT('',(8.935355781731,27.698583782415));
#628 = CARTESIAN_POINT('',(8.935798327507,27.796813768626));
#629 = CARTESIAN_POINT('',(8.936453615664,27.893579522192));
#630 = CARTESIAN_POINT('',(8.937309775285,27.988333557906));
#631 = CARTESIAN_POINT('',(8.938350378698,28.080552968747));
#632 = CARTESIAN_POINT('',(8.939554515002,28.169745821503));
#633 = CARTESIAN_POINT('',(8.941954516117,28.322988612092));
#634 = CARTESIAN_POINT('',(8.943100813795,28.388540835657));
#635 = CARTESIAN_POINT('',(8.944327924644,28.45210670594));
#636 = CARTESIAN_POINT('',(8.945628353105,28.513686871704));
#637 = CARTESIAN_POINT('',(8.946994947783,28.573289217314));
#638 = CARTESIAN_POINT('',(8.948420902016,28.630928728156));
#639 = CARTESIAN_POINT('',(8.949899754459,28.68662735606));
#640 = CARTESIAN_POINT('',(8.954288994695,28.841370767925));
#641 = CARTESIAN_POINT('',(8.957321997354,28.935752181086));
#642 = CARTESIAN_POINT('',(8.960491038185,29.023922186046));
#643 = CARTESIAN_POINT('',(8.963769244539,29.106272583417));
#644 = CARTESIAN_POINT('',(8.967135710198,29.183208920644));
#645 = CARTESIAN_POINT('',(8.970574982544,29.25513722344));
#646 = CARTESIAN_POINT('',(8.974076557293,29.322451450609));
#647 = CARTESIAN_POINT('',(8.982276366798,29.467811052338));
#648 = CARTESIAN_POINT('',(8.987015135164,29.54289456772));
#649 = CARTESIAN_POINT('',(8.991824493021,29.611361851248));
#650 = CARTESIAN_POINT('',(8.996685112846,29.673774789973));
#651 = CARTESIAN_POINT('',(9.001583923605,29.730660589414));
#652 = CARTESIAN_POINT('',(9.006513524739,29.782505209529));
#653 = CARTESIAN_POINT('',(9.011471622952,29.829747172391));
#654 = CARTESIAN_POINT('',(9.031718596933,30.004359365327));
#655 = CARTESIAN_POINT('',(9.047342286536,30.097169739339));
#656 = CARTESIAN_POINT('',(9.063062130752,30.158604184817));
#657 = CARTESIAN_POINT('',(9.078736033699,30.194864160724));
#658 = CARTESIAN_POINT('',(9.094303047986,30.210924319959));
#659 = CARTESIAN_POINT('',(9.109770388224,30.210577941249));
#660 = CARTESIAN_POINT('',(9.125216130347,30.19653214347));
#661 = CARTESIAN_POINT('',(9.156198774469,30.144804352268));
#662 = CARTESIAN_POINT('',(9.17159203377,30.107610519045));
#663 = CARTESIAN_POINT('',(9.18694504495,30.061291801927));
#664 = CARTESIAN_POINT('',(9.2022456283,30.007915270221));
#665 = CARTESIAN_POINT('',(9.21749246868,29.94934840741));
#666 = CARTESIAN_POINT('',(9.23269493713,29.887315975392));
#667 = CARTESIAN_POINT('',(9.247874517027,29.823463095251));
#668 = CARTESIAN_POINT('',(9.283111109855,29.675003564203));
#669 = CARTESIAN_POINT('',(9.30342743242,29.589228119362));
#670 = CARTESIAN_POINT('',(9.323780763401,29.507282133078));
#671 = CARTESIAN_POINT('',(9.344049611033,29.434509759345));
#672 = CARTESIAN_POINT('',(9.364199606327,29.375718900008));
#673 = CARTESIAN_POINT('',(9.384281388025,29.334722847418));
#674 = CARTESIAN_POINT('',(9.404421989705,29.313835714722));
#675 = CARTESIAN_POINT('',(9.431326958125,29.313835714722));
#676 = CARTESIAN_POINT('',(9.437873718212,29.315997603938));
#677 = CARTESIAN_POINT('',(9.444419264306,29.320318800839));
#678 = CARTESIAN_POINT('',(9.450964472286,29.326772114259));
#679 = CARTESIAN_POINT('',(9.457509778644,29.335305478106));
#680 = CARTESIAN_POINT('',(9.464054885206,29.345842292654));
#681 = CARTESIAN_POINT('',(9.470598460583,29.358282372396));
#682 = CARTESIAN_POINT('',(9.477137838329,29.372503500474));
#683 = ( GEOMETRIC_REPRESENTATION_CONTEXT(2) 
PARAMETRIC_REPRESENTATION_CONTEXT() REPRESENTATION_CONTEXT('2D SPACE',''
  ) );
#684 = PCURVE('',#231,#685);
#685 = DEFINITIONAL_REPRESENTATION('',(#686),#745);
#686 = B_SPLINE_CURVE_WITH_KNOTS('',8,(#687,#688,#689,#690,#691,#692,
    #693,#694,#695,#696,#697,#698,#699,#700,#701,#702,#703,#704,#705,
    #706,#707,#708,#709,#710,#711,#712,#713,#714,#715,#716,#717,#718,
    #719,#720,#721,#722,#723,#724,#725,#726,#727,#728,#729,#730,#731,
    #732,#733,#734,#735,#736,#737,#738,#739,#740,#741,#742,#743,#744),
  .UNSPECIFIED.,.F.,.F.,(9,7,7,7,7,7,7,7,9),(0.,3.687708991263E-02,
    6.59326392436E-02,0.120469672468,0.191625576779,0.409250913752,
    0.624566929552,0.908615013136,1.),.UNSPECIFIED.);
#687 = CARTESIAN_POINT('',(0.,8.187504152824));
#688 = CARTESIAN_POINT('',(3.683497614909E-02,8.187504152824));
#689 = CARTESIAN_POINT('',(7.354956798007E-02,8.195360384073));
#690 = CARTESIAN_POINT('',(0.110007154771,8.210982204014));
#691 = CARTESIAN_POINT('',(0.146072725142,8.234119115348));
#692 = CARTESIAN_POINT('',(0.181609205583,8.264362165213));
#693 = CARTESIAN_POINT('',(0.21647447439,8.301144665279));
#694 = CARTESIAN_POINT('',(0.250519061041,8.343742232749));
#695 = CARTESIAN_POINT('',(0.309636895631,8.428721092101));
#696 = CARTESIAN_POINT('',(0.335151627099,8.469332788344));
#697 = CARTESIAN_POINT('',(0.360136742164,8.512836655075));
#698 = CARTESIAN_POINT('',(0.384598981733,8.558973938647));
#699 = CARTESIAN_POINT('',(0.408544245859,8.607497583292));
#700 = CARTESIAN_POINT('',(0.43197802875,8.65817209671));
#701 = CARTESIAN_POINT('',(0.454905853779,8.710773415671));
#702 = CARTESIAN_POINT('',(0.519430612038,8.867038259392));
#703 = CARTESIAN_POINT('',(0.559833238573,8.975189461654));
#704 = CARTESIAN_POINT('',(0.5986594607,9.088389003797));
#705 = CARTESIAN_POINT('',(0.636021225477,9.205705115734));
#706 = CARTESIAN_POINT('',(0.67202971648,9.326410769039));
#707 = CARTESIAN_POINT('',(0.706798131516,9.449967527695));
#708 = CARTESIAN_POINT('',(0.740442075978,9.576010112449));
#709 = CARTESIAN_POINT('',(0.815657963225,9.871756207641));
#710 = CARTESIAN_POINT('',(0.856531364978,10.043097338623));
#711 = CARTESIAN_POINT('',(0.895836853411,10.217436032026));
#712 = CARTESIAN_POINT('',(0.933704664393,10.394087074768));
#713 = CARTESIAN_POINT('',(0.970262033031,10.572582541824));
#714 = CARTESIAN_POINT('',(1.005636507748,10.752655419837));
#715 = CARTESIAN_POINT('',(1.039956738733,10.934223392878));
#716 = CARTESIAN_POINT('',(1.175483951161,11.677522362366));
#717 = CARTESIAN_POINT('',(1.269475615439,12.255319047629));
#718 = CARTESIAN_POINT('',(1.356562650806,12.84102709769));
#719 = CARTESIAN_POINT('',(1.437672002761,13.429137274834));
#720 = CARTESIAN_POINT('',(1.513628359338,14.017009238826));
#721 = CARTESIAN_POINT('',(1.585240610608,14.604577395256));
#722 = CARTESIAN_POINT('',(1.653319492444,15.19455352554));
#723 = CARTESIAN_POINT('',(1.78334465687,16.38421979889));
#724 = CARTESIAN_POINT('',(1.844756170565,16.978328647227));
#725 = CARTESIAN_POINT('',(1.903085886425,17.573708356366));
#726 = CARTESIAN_POINT('',(1.958436779729,18.169639614767));
#727 = CARTESIAN_POINT('',(2.010856256835,18.765821921046));
#728 = CARTESIAN_POINT('',(2.060338395956,19.362383440459));
#729 = CARTESIAN_POINT('',(2.106812928113,19.959945908654));
#730 = CARTESIAN_POINT('',(2.207249952528,21.351020894798));
#731 = CARTESIAN_POINT('',(2.259577320866,22.156028299915));
#732 = CARTESIAN_POINT('',(2.305575673987,22.965110181553));
#733 = CARTESIAN_POINT('',(2.344079070741,23.77287654958));
#734 = CARTESIAN_POINT('',(2.374026620129,24.577380010502));
#735 = CARTESIAN_POINT('',(2.394525163165,25.380137079953));
#736 = CARTESIAN_POINT('',(2.404968651571,26.185761157411));
#737 = CARTESIAN_POINT('',(2.404968651571,27.26195989424));
#738 = CARTESIAN_POINT('',(2.403887709973,27.523830301396));
#739 = CARTESIAN_POINT('',(2.401727104821,27.785635016043));
#740 = CARTESIAN_POINT('',(2.398494516346,28.047392027496));
#741 = CARTESIAN_POINT('',(2.394204138984,28.309101707097));
#742 = CARTESIAN_POINT('',(2.388876831628,28.570734999715));
#743 = CARTESIAN_POINT('',(2.382540306115,28.832221619477));
#744 = CARTESIAN_POINT('',(2.37522935396,29.093438249718));
#745 = ( GEOMETRIC_REPRESENTATION_CONTEXT(2) 
PARAMETRIC_REPRESENTATION_CONTEXT() REPRESENTATION_CONTEXT('2D SPACE',''
  ) );
#746 = ORIENTED_EDGE('',*,*,#747,.T.);
#747 = EDGE_CURVE('',#560,#748,#750,.T.);
#748 = VERTEX_POINT('',#749);
#749 = CARTESIAN_POINT('',(-38.15756805667,12.,51.15));
#750 = SURFACE_CURVE('',#751,(#755,#761),.PCURVE_S1.);
#751 = LINE('',#752,#753);
#752 = CARTESIAN_POINT('',(-38.15756805667,12.,0.));
#753 = VECTOR('',#754,1.);
#754 = DIRECTION('',(0.,0.,1.));
#755 = PCURVE('',#32,#756);
#756 = DEFINITIONAL_REPRESENTATION('',(#757),#760);
#757 = B_SPLINE_CURVE_WITH_KNOTS('',1,(#758,#759),.UNSPECIFIED.,.F.,.F.,
  (2,2),(-2.4E-06,55.0000024),.PIECEWISE_BEZIER_KNOTS.);
#758 = CARTESIAN_POINT('',(9.120085306754,-2.4E-06));
#759 = CARTESIAN_POINT('',(9.120085306754,55.0000024));
#760 = ( GEOMETRIC_REPRESENTATION_CONTEXT(2) 
PARAMETRIC_REPRESENTATION_CONTEXT() REPRESENTATION_CONTEXT('2D SPACE',''
  ) );
#761 = PCURVE('',#366,#762);
#762 = DEFINITIONAL_REPRESENTATION('',(#763),#766);
#763 = B_SPLINE_CURVE_WITH_KNOTS('',1,(#764,#765),.UNSPECIFIED.,.F.,.F.,
  (2,2),(-2.4E-06,55.0000024),.PIECEWISE_BEZIER_KNOTS.);
#764 = CARTESIAN_POINT('',(-3.8500024,8.342431943322));
#765 = CARTESIAN_POINT('',(51.1500024,8.342431943322));
#766 = ( GEOMETRIC_REPRESENTATION_CONTEXT(2) 
PARAMETRIC_REPRESENTATION_CONTEXT() REPRESENTATION_CONTEXT('2D SPACE',''
  ) );
#767 = ORIENTED_EDGE('',*,*,#768,.T.);
#768 = EDGE_CURVE('',#748,#769,#771,.T.);
#769 = VERTEX_POINT('',#770);
#770 = CARTESIAN_POINT('',(-39.94996871087,2.,51.15));
#771 = SURFACE_CURVE('',#772,(#777,#784),.PCURVE_S1.);
#772 = CIRCLE('',#773,40.);
#773 = AXIS2_PLACEMENT_3D('',#774,#775,#776);
#774 = CARTESIAN_POINT('',(0.,0.,51.15));
#775 = DIRECTION('',(0.,0.,1.));
#776 = DIRECTION('',(1.,0.,-0.));
#777 = PCURVE('',#32,#778);
#778 = DEFINITIONAL_REPRESENTATION('',(#779),#783);
#779 = LINE('',#780,#781);
#780 = CARTESIAN_POINT('',(6.28318530718,51.15));
#781 = VECTOR('',#782,1.);
#782 = DIRECTION('',(1.,0.));
#783 = ( GEOMETRIC_REPRESENTATION_CONTEXT(2) 
PARAMETRIC_REPRESENTATION_CONTEXT() REPRESENTATION_CONTEXT('2D SPACE',''
  ) );
#784 = PCURVE('',#785,#790);
#785 = PLANE('',#786);
#786 = AXIS2_PLACEMENT_3D('',#787,#788,#789);
#787 = CARTESIAN_POINT('',(-46.5,2.,51.15));
#788 = DIRECTION('',(0.,0.,1.));
#789 = DIRECTION('',(1.,0.,-0.));
#790 = DEFINITIONAL_REPRESENTATION('',(#791),#795);
#791 = CIRCLE('',#792,40.);
#792 = AXIS2_PLACEMENT_2D('',#793,#794);
#793 = CARTESIAN_POINT('',(46.5,-2.));
#794 = DIRECTION('',(1.,0.));
#795 = ( GEOMETRIC_REPRESENTATION_CONTEXT(2) 
PARAMETRIC_REPRESENTATION_CONTEXT() REPRESENTATION_CONTEXT('2D SPACE',''
  ) );
#796 = ORIENTED_EDGE('',*,*,#797,.F.);
#797 = EDGE_CURVE('',#798,#769,#800,.T.);
#798 = VERTEX_POINT('',#799);
#799 = CARTESIAN_POINT('',(-39.94996871087,2.,29.367517610788));
#800 = SURFACE_CURVE('',#801,(#805,#811),.PCURVE_S1.);
#801 = LINE('',#802,#803);
#802 = CARTESIAN_POINT('',(-39.94996871087,2.,0.));
#803 = VECTOR('',#804,1.);
#804 = DIRECTION('',(0.,0.,1.));
#805 = PCURVE('',#32,#806);
#806 = DEFINITIONAL_REPRESENTATION('',(#807),#810);
#807 = B_SPLINE_CURVE_WITH_KNOTS('',1,(#808,#809),.UNSPECIFIED.,.F.,.F.,
  (2,2),(-2.4E-06,55.0000024),.PIECEWISE_BEZIER_KNOTS.);
#808 = CARTESIAN_POINT('',(9.374757103964,-2.4E-06));
#809 = CARTESIAN_POINT('',(9.374757103964,55.0000024));
#810 = ( GEOMETRIC_REPRESENTATION_CONTEXT(2) 
PARAMETRIC_REPRESENTATION_CONTEXT() REPRESENTATION_CONTEXT('2D SPACE',''
  ) );
#811 = PCURVE('',#311,#812);
#812 = DEFINITIONAL_REPRESENTATION('',(#813),#816);
#813 = B_SPLINE_CURVE_WITH_KNOTS('',1,(#814,#815),.UNSPECIFIED.,.F.,.F.,
  (2,2),(-2.4E-06,55.0000024),.PIECEWISE_BEZIER_KNOTS.);
#814 = CARTESIAN_POINT('',(-3.8500024,6.550031289124));
#815 = CARTESIAN_POINT('',(51.1500024,6.550031289124));
#816 = ( GEOMETRIC_REPRESENTATION_CONTEXT(2) 
PARAMETRIC_REPRESENTATION_CONTEXT() REPRESENTATION_CONTEXT('2D SPACE',''
  ) );
#817 = ORIENTED_EDGE('',*,*,#818,.T.);
#818 = EDGE_CURVE('',#798,#819,#821,.T.);
#819 = VERTEX_POINT('',#820);
#820 = CARTESIAN_POINT('',(-39.94518139018,-2.093438249718,
    29.372503500474));
#821 = SURFACE_CURVE('',#822,(#881,#943),.PCURVE_S1.);
#822 = B_SPLINE_CURVE_WITH_KNOTS('',8,(#823,#824,#825,#826,#827,#828,
    #829,#830,#831,#832,#833,#834,#835,#836,#837,#838,#839,#840,#841,
    #842,#843,#844,#845,#846,#847,#848,#849,#850,#851,#852,#853,#854,
    #855,#856,#857,#858,#859,#860,#861,#862,#863,#864,#865,#866,#867,
    #868,#869,#870,#871,#872,#873,#874,#875,#876,#877,#878,#879,#880),
  .UNSPECIFIED.,.F.,.F.,(9,7,7,7,7,7,7,7,9),(0.,3.687708991263E-02,
    6.59326392436E-02,0.120469672468,0.191625576779,0.409250913752,
    0.624566929552,0.908615013136,1.),.UNSPECIFIED.);
#823 = CARTESIAN_POINT('',(-35.3,18.812495847176,27.5));
#824 = CARTESIAN_POINT('',(-35.3,18.812495847176,27.599454435603));
#825 = CARTESIAN_POINT('',(-35.30418679712,18.804639615927,
    27.698583782415));
#826 = CARTESIAN_POINT('',(-35.31251226045,18.789017795986,
    27.796813768626));
#827 = CARTESIAN_POINT('',(-35.32483004155,18.765880884652,
    27.893579522192));
#828 = CARTESIAN_POINT('',(-35.34089787093,18.735637834787,
    27.988333557906));
#829 = CARTESIAN_POINT('',(-35.36038175638,18.698855334721,
    28.080552968747));
#830 = CARTESIAN_POINT('',(-35.3828620831,18.656257767251,
    28.169745821503));
#831 = CARTESIAN_POINT('',(-35.42752305068,18.571278907899,
    28.322988612092));
#832 = CARTESIAN_POINT('',(-35.44880896119,18.530667211656,
    28.388540835657));
#833 = CARTESIAN_POINT('',(-35.47154004376,18.487163344925,
    28.45210670594));
#834 = CARTESIAN_POINT('',(-35.4955638932,18.441026061353,
    28.513686871704));
#835 = CARTESIAN_POINT('',(-35.52073531671,18.392502416708,
    28.573289217314));
#836 = CARTESIAN_POINT('',(-35.54691664784,18.34182790329,
    28.630928728156));
#837 = CARTESIAN_POINT('',(-35.57397806048,18.289226584329,
    28.68662735606));
#838 = CARTESIAN_POINT('',(-35.65401546653,18.132961740608,
    28.841370767925));
#839 = CARTESIAN_POINT('',(-35.70898841659,18.024810538346,
    28.935752181086));
#840 = CARTESIAN_POINT('',(-35.76603839315,17.911610996203,
    29.023922186045));
#841 = CARTESIAN_POINT('',(-35.82462190385,17.794294884266,
    29.106272583417));
#842 = CARTESIAN_POINT('',(-35.88431816895,17.673589230961,
    29.183208920644));
#843 = CARTESIAN_POINT('',(-35.9448160332,17.550032472305,29.25513722344
    ));
#844 = CARTESIAN_POINT('',(-36.00589992447,17.423989887551,
    29.322451450609));
#845 = CARTESIAN_POINT('',(-36.14772110997,17.128243792359,
    29.467811052338));
#846 = CARTESIAN_POINT('',(-36.22879310269,16.956902661377,
    29.54289456772));
#847 = CARTESIAN_POINT('',(-36.31013019034,16.782563967974,
    29.611361851248));
#848 = CARTESIAN_POINT('',(-36.39135672767,16.605912925232,
    29.673774789973));
#849 = CARTESIAN_POINT('',(-36.47222176181,16.427417458176,
    29.730660589414));
#850 = CARTESIAN_POINT('',(-36.55257963976,16.247344580163,
    29.782505209529));
#851 = CARTESIAN_POINT('',(-36.6323715327,16.065776607122,
    29.829747172391));
#852 = CARTESIAN_POINT('',(-36.95394667256,15.322477637634,
    30.004359365327));
#853 = CARTESIAN_POINT('',(-37.19232419976,14.744680952371,
    30.097169739339));
#854 = CARTESIAN_POINT('',(-37.4215553529,14.15897290231,30.158604184817
    ));
#855 = CARTESIAN_POINT('',(-37.63940754205,13.570862725166,
    30.194864160724));
#856 = CARTESIAN_POINT('',(-37.84526851977,12.982990761173,
    30.210924319959));
#857 = CARTESIAN_POINT('',(-38.03953382676,12.395422604744,
    30.210577941249));
#858 = CARTESIAN_POINT('',(-38.22328492382,11.80544647446,30.19653214347
    ));
#859 = CARTESIAN_POINT('',(-38.57052106377,10.61578020111,
    30.144804352268));
#860 = CARTESIAN_POINT('',(-38.73262102444,10.021671352773,
    30.107610519045));
#861 = CARTESIAN_POINT('',(-38.88382474431,9.426291643635,
    30.061291801927));
#862 = CARTESIAN_POINT('',(-39.02406983328,8.830360385233,
    30.007915270221));
#863 = CARTESIAN_POINT('',(-39.15344136717,8.234178078953,29.94934840741
    ));
#864 = CARTESIAN_POINT('',(-39.27211151781,7.637616559541,
    29.887315975392));
#865 = CARTESIAN_POINT('',(-39.38028666678,7.040054091346,
    29.823463095251));
#866 = CARTESIAN_POINT('',(-39.60721912712,5.648979105202,
    29.675003564203));
#867 = CARTESIAN_POINT('',(-39.71993614173,4.843971700078,
    29.589228119363));
#868 = CARTESIAN_POINT('',(-39.813822024,4.034889818469,29.507282133076)
  );
#869 = CARTESIAN_POINT('',(-39.88834031349,3.227123450391,
    29.434509759347));
#870 = CARTESIAN_POINT('',(-39.94387461255,2.422619989516,
    29.375718900007));
#871 = CARTESIAN_POINT('',(-39.98105749944,1.619862920042,
    29.334722847418));
#872 = CARTESIAN_POINT('',(-40.,0.814238842589,29.313835714722));
#873 = CARTESIAN_POINT('',(-40.,-0.26195989424,29.313835714722));
#874 = CARTESIAN_POINT('',(-39.99803934368,-0.523830301396,
    29.315997603938));
#875 = CARTESIAN_POINT('',(-39.99412037336,-0.785635016043,
    29.320318800839));
#876 = CARTESIAN_POINT('',(-39.9882438996,-1.047392027496,
    29.326772114259));
#877 = CARTESIAN_POINT('',(-39.98040957715,-1.309101707097,
    29.335305478106));
#878 = CARTESIAN_POINT('',(-39.9706175226,-1.570734999715,
    29.345842292654));
#879 = CARTESIAN_POINT('',(-39.95887117368,-1.832221619477,
    29.358282372396));
#880 = CARTESIAN_POINT('',(-39.94518139018,-2.093438249718,
    29.372503500474));
#881 = PCURVE('',#32,#882);
#882 = DEFINITIONAL_REPRESENTATION('',(#883),#942);
#883 = B_SPLINE_CURVE_WITH_KNOTS('',8,(#884,#885,#886,#887,#888,#889,
    #890,#891,#892,#893,#894,#895,#896,#897,#898,#899,#900,#901,#902,
    #903,#904,#905,#906,#907,#908,#909,#910,#911,#912,#913,#914,#915,
    #916,#917,#918,#919,#920,#921,#922,#923,#924,#925,#926,#927,#928,
    #929,#930,#931,#932,#933,#934,#935,#936,#937,#938,#939,#940,#941),
  .UNSPECIFIED.,.F.,.F.,(9,7,7,7,7,7,7,7,9),(0.,3.687708991263E-02,
    6.59326392436E-02,0.120469672468,0.191625576779,0.409250913752,
    0.624566929552,0.908615013136,1.),.UNSPECIFIED.);
#884 = CARTESIAN_POINT('',(8.935133226127,27.5));
#885 = CARTESIAN_POINT('',(8.935133226127,27.599454435603));
#886 = CARTESIAN_POINT('',(8.935355781731,27.698583782415));
#887 = CARTESIAN_POINT('',(8.935798327507,27.796813768626));
#888 = CARTESIAN_POINT('',(8.936453615664,27.893579522192));
#889 = CARTESIAN_POINT('',(8.937309775285,27.988333557906));
#890 = CARTESIAN_POINT('',(8.938350378698,28.080552968747));
#891 = CARTESIAN_POINT('',(8.939554515002,28.169745821503));
#892 = CARTESIAN_POINT('',(8.941954516117,28.322988612092));
#893 = CARTESIAN_POINT('',(8.943100813795,28.388540835657));
#894 = CARTESIAN_POINT('',(8.944327924644,28.45210670594));
#895 = CARTESIAN_POINT('',(8.945628353105,28.513686871704));
#896 = CARTESIAN_POINT('',(8.946994947783,28.573289217314));
#897 = CARTESIAN_POINT('',(8.948420902016,28.630928728156));
#898 = CARTESIAN_POINT('',(8.949899754459,28.68662735606));
#899 = CARTESIAN_POINT('',(8.954288994695,28.841370767925));
#900 = CARTESIAN_POINT('',(8.957321997354,28.935752181086));
#901 = CARTESIAN_POINT('',(8.960491038185,29.023922186046));
#902 = CARTESIAN_POINT('',(8.963769244539,29.106272583417));
#903 = CARTESIAN_POINT('',(8.967135710198,29.183208920644));
#904 = CARTESIAN_POINT('',(8.970574982544,29.25513722344));
#905 = CARTESIAN_POINT('',(8.974076557293,29.322451450609));
#906 = CARTESIAN_POINT('',(8.982276366798,29.467811052338));
#907 = CARTESIAN_POINT('',(8.987015135164,29.54289456772));
#908 = CARTESIAN_POINT('',(8.991824493021,29.611361851248));
#909 = CARTESIAN_POINT('',(8.996685112846,29.673774789973));
#910 = CARTESIAN_POINT('',(9.001583923605,29.730660589414));
#911 = CARTESIAN_POINT('',(9.006513524739,29.782505209529));
#912 = CARTESIAN_POINT('',(9.011471622952,29.829747172391));
#913 = CARTESIAN_POINT('',(9.031718596933,30.004359365327));
#914 = CARTESIAN_POINT('',(9.047342286536,30.097169739339));
#915 = CARTESIAN_POINT('',(9.063062130752,30.158604184817));
#916 = CARTESIAN_POINT('',(9.078736033699,30.194864160724));
#917 = CARTESIAN_POINT('',(9.094303047986,30.210924319959));
#918 = CARTESIAN_POINT('',(9.109770388224,30.210577941249));
#919 = CARTESIAN_POINT('',(9.125216130347,30.19653214347));
#920 = CARTESIAN_POINT('',(9.156198774469,30.144804352268));
#921 = CARTESIAN_POINT('',(9.17159203377,30.107610519045));
#922 = CARTESIAN_POINT('',(9.18694504495,30.061291801927));
#923 = CARTESIAN_POINT('',(9.2022456283,30.007915270221));
#924 = CARTESIAN_POINT('',(9.21749246868,29.94934840741));
#925 = CARTESIAN_POINT('',(9.23269493713,29.887315975392));
#926 = CARTESIAN_POINT('',(9.247874517027,29.823463095251));
#927 = CARTESIAN_POINT('',(9.283111109855,29.675003564203));
#928 = CARTESIAN_POINT('',(9.30342743242,29.589228119362));
#929 = CARTESIAN_POINT('',(9.323780763401,29.507282133078));
#930 = CARTESIAN_POINT('',(9.344049611033,29.434509759345));
#931 = CARTESIAN_POINT('',(9.364199606327,29.375718900008));
#932 = CARTESIAN_POINT('',(9.384281388025,29.334722847418));
#933 = CARTESIAN_POINT('',(9.404421989705,29.313835714722));
#934 = CARTESIAN_POINT('',(9.431326958125,29.313835714722));
#935 = CARTESIAN_POINT('',(9.437873718212,29.315997603938));
#936 = CARTESIAN_POINT('',(9.444419264306,29.320318800839));
#937 = CARTESIAN_POINT('',(9.450964472286,29.326772114259));
#938 = CARTESIAN_POINT('',(9.457509778644,29.335305478106));
#939 = CARTESIAN_POINT('',(9.464054885206,29.345842292654));
#940 = CARTESIAN_POINT('',(9.470598460583,29.358282372396));
#941 = CARTESIAN_POINT('',(9.477137838329,29.372503500474));
#942 = ( GEOMETRIC_REPRESENTATION_CONTEXT(2) 
PARAMETRIC_REPRESENTATION_CONTEXT() REPRESENTATION_CONTEXT('2D SPACE',''
  ) );
#943 = PCURVE('',#231,#944);
#944 = DEFINITIONAL_REPRESENTATION('',(#945),#1004);
#945 = B_SPLINE_CURVE_WITH_KNOTS('',8,(#946,#947,#948,#949,#950,#951,
    #952,#953,#954,#955,#956,#957,#958,#959,#960,#961,#962,#963,#964,
    #965,#966,#967,#968,#969,#970,#971,#972,#973,#974,#975,#976,#977,
    #978,#979,#980,#981,#982,#983,#984,#985,#986,#987,#988,#989,#990,
    #991,#992,#993,#994,#995,#996,#997,#998,#999,#1000,#1001,#1002,#1003
    ),.UNSPECIFIED.,.F.,.F.,(9,7,7,7,7,7,7,7,9),(0.,3.687708991263E-02,
    6.59326392436E-02,0.120469672468,0.191625576779,0.409250913752,
    0.624566929552,0.908615013136,1.),.UNSPECIFIED.);
#946 = CARTESIAN_POINT('',(0.,8.187504152824));
#947 = CARTESIAN_POINT('',(3.683497614909E-02,8.187504152824));
#948 = CARTESIAN_POINT('',(7.354956798007E-02,8.195360384073));
#949 = CARTESIAN_POINT('',(0.110007154771,8.210982204014));
#950 = CARTESIAN_POINT('',(0.146072725142,8.234119115348));
#951 = CARTESIAN_POINT('',(0.181609205583,8.264362165213));
#952 = CARTESIAN_POINT('',(0.21647447439,8.301144665279));
#953 = CARTESIAN_POINT('',(0.250519061041,8.343742232749));
#954 = CARTESIAN_POINT('',(0.309636895631,8.428721092101));
#955 = CARTESIAN_POINT('',(0.335151627099,8.469332788344));
#956 = CARTESIAN_POINT('',(0.360136742164,8.512836655075));
#957 = CARTESIAN_POINT('',(0.384598981733,8.558973938647));
#958 = CARTESIAN_POINT('',(0.408544245859,8.607497583292));
#959 = CARTESIAN_POINT('',(0.43197802875,8.65817209671));
#960 = CARTESIAN_POINT('',(0.454905853779,8.710773415671));
#961 = CARTESIAN_POINT('',(0.519430612038,8.867038259392));
#962 = CARTESIAN_POINT('',(0.559833238573,8.975189461654));
#963 = CARTESIAN_POINT('',(0.5986594607,9.088389003797));
#964 = CARTESIAN_POINT('',(0.636021225477,9.205705115734));
#965 = CARTESIAN_POINT('',(0.67202971648,9.326410769039));
#966 = CARTESIAN_POINT('',(0.706798131516,9.449967527695));
#967 = CARTESIAN_POINT('',(0.740442075978,9.576010112449));
#968 = CARTESIAN_POINT('',(0.815657963225,9.871756207641));
#969 = CARTESIAN_POINT('',(0.856531364978,10.043097338623));
#970 = CARTESIAN_POINT('',(0.895836853411,10.217436032026));
#971 = CARTESIAN_POINT('',(0.933704664393,10.394087074768));
#972 = CARTESIAN_POINT('',(0.970262033031,10.572582541824));
#973 = CARTESIAN_POINT('',(1.005636507748,10.752655419837));
#974 = CARTESIAN_POINT('',(1.039956738733,10.934223392878));
#975 = CARTESIAN_POINT('',(1.175483951161,11.677522362366));
#976 = CARTESIAN_POINT('',(1.269475615439,12.255319047629));
#977 = CARTESIAN_POINT('',(1.356562650806,12.84102709769));
#978 = CARTESIAN_POINT('',(1.437672002761,13.429137274834));
#979 = CARTESIAN_POINT('',(1.513628359338,14.017009238826));
#980 = CARTESIAN_POINT('',(1.585240610608,14.604577395256));
#981 = CARTESIAN_POINT('',(1.653319492444,15.19455352554));
#982 = CARTESIAN_POINT('',(1.78334465687,16.38421979889));
#983 = CARTESIAN_POINT('',(1.844756170565,16.978328647227));
#984 = CARTESIAN_POINT('',(1.903085886425,17.573708356366));
#985 = CARTESIAN_POINT('',(1.958436779729,18.169639614767));
#986 = CARTESIAN_POINT('',(2.010856256835,18.765821921046));
#987 = CARTESIAN_POINT('',(2.060338395956,19.362383440459));
#988 = CARTESIAN_POINT('',(2.106812928113,19.959945908654));
#989 = CARTESIAN_POINT('',(2.207249952528,21.351020894798));
#990 = CARTESIAN_POINT('',(2.259577320866,22.156028299915));
#991 = CARTESIAN_POINT('',(2.305575673987,22.965110181553));
#992 = CARTESIAN_POINT('',(2.344079070741,23.77287654958));
#993 = CARTESIAN_POINT('',(2.374026620129,24.577380010502));
#994 = CARTESIAN_POINT('',(2.394525163165,25.380137079953));
#995 = CARTESIAN_POINT('',(2.404968651571,26.185761157411));
#996 = CARTESIAN_POINT('',(2.404968651571,27.26195989424));
#997 = CARTESIAN_POINT('',(2.403887709973,27.523830301396));
#998 = CARTESIAN_POINT('',(2.401727104821,27.785635016043));
#999 = CARTESIAN_POINT('',(2.398494516346,28.047392027496));
#1000 = CARTESIAN_POINT('',(2.394204138984,28.309101707097));
#1001 = CARTESIAN_POINT('',(2.388876831628,28.570734999715));
#1002 = CARTESIAN_POINT('',(2.382540306115,28.832221619477));
#1003 = CARTESIAN_POINT('',(2.37522935396,29.093438249718));
#1004 = ( GEOMETRIC_REPRESENTATION_CONTEXT(2) 
PARAMETRIC_REPRESENTATION_CONTEXT() REPRESENTATION_CONTEXT('2D SPACE',''
  ) );
#1005 = ORIENTED_EDGE('',*,*,#1006,.T.);
#1006 = EDGE_CURVE('',#819,#1007,#1009,.T.);
#1007 = VERTEX_POINT('',#1008);
#1008 = CARTESIAN_POINT('',(-39.94518139018,-2.093438249718,55.));
#1009 = SURFACE_CURVE('',#1010,(#1014,#1020),.PCURVE_S1.);
#1010 = LINE('',#1011,#1012);
#1011 = CARTESIAN_POINT('',(-39.94518139018,-2.093438249718,0.));
#1012 = VECTOR('',#1013,1.);
#1013 = DIRECTION('',(0.,0.,1.));
#1014 = PCURVE('',#32,#1015);
#1015 = DEFINITIONAL_REPRESENTATION('',(#1016),#1019);
#1016 = B_SPLINE_CURVE_WITH_KNOTS('',1,(#1017,#1018),.UNSPECIFIED.,.F.,
  .F.,(2,2),(0.,55.),.PIECEWISE_BEZIER_KNOTS.);
#1017 = CARTESIAN_POINT('',(9.477137838329,0.));
#1018 = CARTESIAN_POINT('',(9.477137838329,55.));
#1019 = ( GEOMETRIC_REPRESENTATION_CONTEXT(2) 
PARAMETRIC_REPRESENTATION_CONTEXT() REPRESENTATION_CONTEXT('2D SPACE',''
  ) );
#1020 = PCURVE('',#98,#1021);
#1021 = DEFINITIONAL_REPRESENTATION('',(#1022),#1025);
#1022 = B_SPLINE_CURVE_WITH_KNOTS('',1,(#1023,#1024),.UNSPECIFIED.,.F.,
  .F.,(2,2),(-6.E-07,55.0000006),.PIECEWISE_BEZIER_KNOTS.);
#1023 = CARTESIAN_POINT('',(82.4999994,120.));
#1024 = CARTESIAN_POINT('',(137.5000006,120.));
#1025 = ( GEOMETRIC_REPRESENTATION_CONTEXT(2) 
PARAMETRIC_REPRESENTATION_CONTEXT() REPRESENTATION_CONTEXT('2D SPACE',''
  ) );
#1026 = ORIENTED_EDGE('',*,*,#1027,.T.);
#1027 = EDGE_CURVE('',#1007,#1028,#1030,.T.);
#1028 = VERTEX_POINT('',#1029);
#1029 = CARTESIAN_POINT('',(39.945181390183,-2.093438249718,55.));
#1030 = SURFACE_CURVE('',#1031,(#1036,#1043),.PCURVE_S1.);
#1031 = CIRCLE('',#1032,40.);
#1032 = AXIS2_PLACEMENT_3D('',#1033,#1034,#1035);
#1033 = CARTESIAN_POINT('',(0.,0.,55.));
#1034 = DIRECTION('',(-0.,0.,-1.));
#1035 = DIRECTION('',(-0.998629534755,-5.233595624294E-02,0.));
#1036 = PCURVE('',#32,#1037);
#1037 = DEFINITIONAL_REPRESENTATION('',(#1038),#1042);
#1038 = LINE('',#1039,#1040);
#1039 = CARTESIAN_POINT('',(9.477137838329,55.));
#1040 = VECTOR('',#1041,1.);
#1041 = DIRECTION('',(-1.,-0.));
#1042 = ( GEOMETRIC_REPRESENTATION_CONTEXT(2) 
PARAMETRIC_REPRESENTATION_CONTEXT() REPRESENTATION_CONTEXT('2D SPACE',''
  ) );
#1043 = PCURVE('',#1044,#1049);
#1044 = PLANE('',#1045);
#1045 = AXIS2_PLACEMENT_3D('',#1046,#1047,#1048);
#1046 = CARTESIAN_POINT('',(0.,0.,55.));
#1047 = DIRECTION('',(0.,0.,1.));
#1048 = DIRECTION('',(1.,0.,-0.));
#1049 = DEFINITIONAL_REPRESENTATION('',(#1050),#1058);
#1050 = ( BOUNDED_CURVE() B_SPLINE_CURVE(2,(#1051,#1052,#1053,#1054,
#1055,#1056,#1057),.UNSPECIFIED.,.T.,.F.) B_SPLINE_CURVE_WITH_KNOTS((1,2
    ,2,2,2,1),(-2.094395102393,0.,2.094395102393,4.188790204786,
6.28318530718,8.377580409573),.UNSPECIFIED.) CURVE() 
GEOMETRIC_REPRESENTATION_ITEM() RATIONAL_B_SPLINE_CURVE((1.,0.5,1.,0.5,
1.,0.5,1.)) REPRESENTATION_ITEM('') );
#1051 = CARTESIAN_POINT('',(-39.94518139018,-2.093438249718));
#1052 = CARTESIAN_POINT('',(-43.5711228012,67.093645435634));
#1053 = CARTESIAN_POINT('',(18.159619989582,35.640260967535));
#1054 = CARTESIAN_POINT('',(79.890362780366,4.186876499435));
#1055 = CARTESIAN_POINT('',(21.785561400601,-33.54682271781));
#1056 = CARTESIAN_POINT('',(-36.31923997916,-71.28052193506));
#1057 = CARTESIAN_POINT('',(-39.94518139018,-2.093438249718));
#1058 = ( GEOMETRIC_REPRESENTATION_CONTEXT(2) 
PARAMETRIC_REPRESENTATION_CONTEXT() REPRESENTATION_CONTEXT('2D SPACE',''
  ) );
#1059 = ORIENTED_EDGE('',*,*,#1060,.F.);
#1060 = EDGE_CURVE('',#1061,#1028,#1063,.T.);
#1061 = VERTEX_POINT('',#1062);
#1062 = CARTESIAN_POINT('',(39.945181390183,-2.093438249718,
    29.372503500474));
#1063 = SURFACE_CURVE('',#1064,(#1068,#1074),.PCURVE_S1.);
#1064 = LINE('',#1065,#1066);
#1065 = CARTESIAN_POINT('',(39.945181390183,-2.093438249718,0.));
#1066 = VECTOR('',#1067,1.);
#1067 = DIRECTION('',(0.,0.,1.));
#1068 = PCURVE('',#32,#1069);
#1069 = DEFINITIONAL_REPRESENTATION('',(#1070),#1073);
#1070 = B_SPLINE_CURVE_WITH_KNOTS('',1,(#1071,#1072),.UNSPECIFIED.,.F.,
  .F.,(2,2),(0.,55.),.PIECEWISE_BEZIER_KNOTS.);
#1071 = CARTESIAN_POINT('',(6.23082542962,0.));
#1072 = CARTESIAN_POINT('',(6.23082542962,55.));
#1073 = ( GEOMETRIC_REPRESENTATION_CONTEXT(2) 
PARAMETRIC_REPRESENTATION_CONTEXT() REPRESENTATION_CONTEXT('2D SPACE',''
  ) );
#1074 = PCURVE('',#43,#1075);
#1075 = DEFINITIONAL_REPRESENTATION('',(#1076),#1079);
#1076 = B_SPLINE_CURVE_WITH_KNOTS('',1,(#1077,#1078),.UNSPECIFIED.,.F.,
  .F.,(2,2),(-6.E-07,55.0000006),.PIECEWISE_BEZIER_KNOTS.);
#1077 = CARTESIAN_POINT('',(82.4999994,120.));
#1078 = CARTESIAN_POINT('',(137.5000006,120.));
#1079 = ( GEOMETRIC_REPRESENTATION_CONTEXT(2) 
PARAMETRIC_REPRESENTATION_CONTEXT() REPRESENTATION_CONTEXT('2D SPACE',''
  ) );
#1080 = ORIENTED_EDGE('',*,*,#1081,.T.);
#1081 = EDGE_CURVE('',#1061,#1082,#1084,.T.);
#1082 = VERTEX_POINT('',#1083);
#1083 = CARTESIAN_POINT('',(39.949968710876,2.,29.367517610788));
#1084 = SURFACE_CURVE('',#1085,(#1102,#1131),.PCURVE_S1.);
#1085 = B_SPLINE_CURVE_WITH_KNOTS('',8,(#1086,#1087,#1088,#1089,#1090,
    #1091,#1092,#1093,#1094,#1095,#1096,#1097,#1098,#1099,#1100,#1101),
  .UNSPECIFIED.,.F.,.F.,(9,7,9),(0.,1.,1.955296550805),.UNSPECIFIED.);
#1086 = CARTESIAN_POINT('',(39.945181390183,-2.093438249718,
    29.372503500474));
#1087 = CARTESIAN_POINT('',(39.958871326098,-1.832218711276,
    29.358282214069));
#1088 = CARTESIAN_POINT('',(39.970617596855,-1.57073275144,
    29.345842210435));
#1089 = CARTESIAN_POINT('',(39.980409538788,-1.309101730014,
    29.335305516781));
#1090 = CARTESIAN_POINT('',(39.988243801056,-1.047394493733,
    29.326772221816));
#1091 = CARTESIAN_POINT('',(39.994120281722,-0.785639117168,
    29.32031890236));
#1092 = CARTESIAN_POINT('',(39.998039299332,-0.52383464835,
    29.315997652419));
#1093 = CARTESIAN_POINT('',(40.,-0.261962859086,29.313835714722));
#1094 = CARTESIAN_POINT('',(40.,0.250252215724,29.313835714722));
#1095 = CARTESIAN_POINT('',(39.998210681243,0.500420719853,
    29.315808680663));
#1096 = CARTESIAN_POINT('',(39.994634136894,0.7505264385,29.319752307157
    ));
#1097 = CARTESIAN_POINT('',(39.989271177195,1.000585689283,
    29.325643796615));
#1098 = CARTESIAN_POINT('',(39.982121614436,1.250600839001,
    29.333439673439));
#1099 = CARTESIAN_POINT('',(39.973185485972,1.500550964932,
    29.343076055744));
#1100 = CARTESIAN_POINT('',(39.962465215249,1.750382519738,
    29.354469384606));
#1101 = CARTESIAN_POINT('',(39.949968710867,1.999999999997,
    29.367517610836));
#1102 = PCURVE('',#32,#1103);
#1103 = DEFINITIONAL_REPRESENTATION('',(#1104),#1130);
#1104 = B_SPLINE_CURVE_WITH_KNOTS('',3,(#1105,#1106,#1107,#1108,#1109,
    #1110,#1111,#1112,#1113,#1114,#1115,#1116,#1117,#1118,#1119,#1120,
    #1121,#1122,#1123,#1124,#1125,#1126,#1127,#1128,#1129),
  .UNSPECIFIED.,.F.,.F.,(4,1,1,1,1,1,1,1,1,1,1,1,1,1,1,1,1,1,1,1,1,1,4),
  (0.,8.887711594569E-02,0.177754231891,0.266631347837,0.355508463783,
    0.444385579728,0.533262695674,0.62213981162,0.711016927566,
    0.799894043511,0.888771159457,0.977648275403,1.066525391348,
    1.155402507294,1.24427962324,1.333156739185,1.422033855131,
    1.510910971077,1.599788087022,1.688665202968,1.777542318914,
    1.866419434859,1.955296550805),.QUASI_UNIFORM_KNOTS.);
#1105 = CARTESIAN_POINT('',(6.23082542962,29.372503500474));
#1106 = CARTESIAN_POINT('',(6.232375326733,29.36913277826));
#1107 = CARTESIAN_POINT('',(6.23547568681,29.362654732136));
#1108 = CARTESIAN_POINT('',(6.240127512609,29.353752889594));
#1109 = CARTESIAN_POINT('',(6.244780165686,29.345692244813));
#1110 = CARTESIAN_POINT('',(6.249433350512,29.338495481067));
#1111 = CARTESIAN_POINT('',(6.25408686425,29.332183069476));
#1112 = CARTESIAN_POINT('',(6.258740601314,29.326772931457));
#1113 = CARTESIAN_POINT('',(6.263394538846,29.322280487132));
#1114 = CARTESIAN_POINT('',(6.268048724008,29.318718609079));
#1115 = CARTESIAN_POINT('',(6.272703273291,29.316097604643));
#1116 = CARTESIAN_POINT('',(6.27735832215,29.314425214614));
#1117 = CARTESIAN_POINT('',(6.282014161436,29.313706553772));
#1118 = CARTESIAN_POINT('',(6.286670676443,29.313944303532));
#1119 = CARTESIAN_POINT('',(6.291325989327,29.315137468775));
#1120 = CARTESIAN_POINT('',(6.295980780718,29.317282133655));
#1121 = CARTESIAN_POINT('',(6.300635108712,29.3203718819));
#1122 = CARTESIAN_POINT('',(6.305289144577,29.324397693521));
#1123 = CARTESIAN_POINT('',(6.309942961841,29.329347985936));
#1124 = CARTESIAN_POINT('',(6.31459657866,29.335208617124));
#1125 = CARTESIAN_POINT('',(6.319249933561,29.341962932141));
#1126 = CARTESIAN_POINT('',(6.323902874228,29.349591710055));
#1127 = CARTESIAN_POINT('',(6.328555160547,29.358073501719));
#1128 = CARTESIAN_POINT('',(6.331655985099,29.364280193694));
#1129 = CARTESIAN_POINT('',(6.333206163985,29.367517610836));
#1130 = ( GEOMETRIC_REPRESENTATION_CONTEXT(2) 
PARAMETRIC_REPRESENTATION_CONTEXT() REPRESENTATION_CONTEXT('2D SPACE',''
  ) );
#1131 = PCURVE('',#1132,#1137);
#1132 = CYLINDRICAL_SURFACE('',#1133,2.7);
#1133 = AXIS2_PLACEMENT_3D('',#1134,#1135,#1136);
#1134 = CARTESIAN_POINT('',(38.,27.,27.5));
#1135 = DIRECTION('',(0.,-1.,2.22044604925E-16));
#1136 = DIRECTION('',(1.,0.,0.));
#1137 = DEFINITIONAL_REPRESENTATION('',(#1138),#1164);
#1138 = B_SPLINE_CURVE_WITH_KNOTS('',3,(#1139,#1140,#1141,#1142,#1143,
    #1144,#1145,#1146,#1147,#1148,#1149,#1150,#1151,#1152,#1153,#1154,
    #1155,#1156,#1157,#1158,#1159,#1160,#1161,#1162,#1163),
  .UNSPECIFIED.,.F.,.F.,(4,1,1,1,1,1,1,1,1,1,1,1,1,1,1,1,1,1,1,1,1,1,4),
  (0.,8.887711594569E-02,0.177754231891,0.266631347837,0.355508463783,
    0.444385579728,0.533262695674,0.62213981162,0.711016927566,
    0.799894043511,0.888771159457,0.977648275403,1.066525391348,
    1.155402507294,1.24427962324,1.333156739185,1.422033855131,
    1.510910971077,1.599788087022,1.688665202968,1.777542318914,
    1.866419434859,1.955296550805),.QUASI_UNIFORM_KNOTS.);
#1139 = CARTESIAN_POINT('',(0.76636329963,29.093438249718));
#1140 = CARTESIAN_POINT('',(0.764630482693,29.0315273302));
#1141 = CARTESIAN_POINT('',(0.761308777094,28.907667794756));
#1142 = CARTESIAN_POINT('',(0.756765020412,28.721785856678));
#1143 = CARTESIAN_POINT('',(0.752667366221,28.535833590344));
#1144 = CARTESIAN_POINT('',(0.749022121709,28.349826819205));
#1145 = CARTESIAN_POINT('',(0.745834952636,28.1637776699));
#1146 = CARTESIAN_POINT('',(0.743110797661,27.977694388183));
#1147 = CARTESIAN_POINT('',(0.740853898936,27.791581915072));
#1148 = CARTESIAN_POINT('',(0.739067801519,27.605442392842));
#1149 = CARTESIAN_POINT('',(0.737755358569,27.419275191707));
#1150 = CARTESIAN_POINT('',(0.736918743048,27.233078924178));
#1151 = CARTESIAN_POINT('',(0.736559426997,27.046845988318));
#1152 = CARTESIAN_POINT('',(0.736678284167,26.860585008008));
#1153 = CARTESIAN_POINT('',(0.737274971506,26.67437513467));
#1154 = CARTESIAN_POINT('',(0.738348306009,26.488193176496));
#1155 = CARTESIAN_POINT('',(0.739896470033,26.30204084097));
#1156 = CARTESIAN_POINT('',(0.741916952087,26.115915307519));
#1157 = CARTESIAN_POINT('',(0.744406556525,25.929817664347));
#1158 = CARTESIAN_POINT('',(0.747361392709,25.743751213157));
#1159 = CARTESIAN_POINT('',(0.750776877234,25.557722437864));
#1160 = CARTESIAN_POINT('',(0.754647703359,25.37174144916));
#1161 = CARTESIAN_POINT('',(0.758967926513,25.185821861401));
#1162 = CARTESIAN_POINT('',(0.762143052175,25.061929596514));
#1163 = CARTESIAN_POINT('',(0.763803250953,25.000000000003));
#1164 = ( GEOMETRIC_REPRESENTATION_CONTEXT(2) 
PARAMETRIC_REPRESENTATION_CONTEXT() REPRESENTATION_CONTEXT('2D SPACE',''
  ) );
#1165 = ORIENTED_EDGE('',*,*,#1166,.T.);
#1166 = EDGE_CURVE('',#1082,#1167,#1169,.T.);
#1167 = VERTEX_POINT('',#1168);
#1168 = CARTESIAN_POINT('',(39.949968710876,2.,51.15));
#1169 = SURFACE_CURVE('',#1170,(#1174,#1180),.PCURVE_S1.);
#1170 = LINE('',#1171,#1172);
#1171 = CARTESIAN_POINT('',(39.949968710876,2.,0.));
#1172 = VECTOR('',#1173,1.);
#1173 = DIRECTION('',(0.,0.,1.));
#1174 = PCURVE('',#32,#1175);
#1175 = DEFINITIONAL_REPRESENTATION('',(#1176),#1179);
#1176 = B_SPLINE_CURVE_WITH_KNOTS('',1,(#1177,#1178),.UNSPECIFIED.,.F.,
  .F.,(2,2),(-2.4E-06,55.0000024),.PIECEWISE_BEZIER_KNOTS.);
#1177 = CARTESIAN_POINT('',(6.333206163985,-2.4E-06));
#1178 = CARTESIAN_POINT('',(6.333206163985,55.0000024));
#1179 = ( GEOMETRIC_REPRESENTATION_CONTEXT(2) 
PARAMETRIC_REPRESENTATION_CONTEXT() REPRESENTATION_CONTEXT('2D SPACE',''
  ) );
#1180 = PCURVE('',#1181,#1186);
#1181 = PLANE('',#1182);
#1182 = AXIS2_PLACEMENT_3D('',#1183,#1184,#1185);
#1183 = CARTESIAN_POINT('',(29.5,2.,3.85));
#1184 = DIRECTION('',(-0.,1.,0.));
#1185 = DIRECTION('',(0.,0.,1.));
#1186 = DEFINITIONAL_REPRESENTATION('',(#1187),#1190);
#1187 = B_SPLINE_CURVE_WITH_KNOTS('',1,(#1188,#1189),.UNSPECIFIED.,.F.,
  .F.,(2,2),(-2.4E-06,55.0000024),.PIECEWISE_BEZIER_KNOTS.);
#1188 = CARTESIAN_POINT('',(-3.8500024,10.449968710876));
#1189 = CARTESIAN_POINT('',(51.1500024,10.449968710876));
#1190 = ( GEOMETRIC_REPRESENTATION_CONTEXT(2) 
PARAMETRIC_REPRESENTATION_CONTEXT() REPRESENTATION_CONTEXT('2D SPACE',''
  ) );
#1191 = ORIENTED_EDGE('',*,*,#1192,.T.);
#1192 = EDGE_CURVE('',#1167,#1193,#1195,.T.);
#1193 = VERTEX_POINT('',#1194);
#1194 = CARTESIAN_POINT('',(38.157568056678,12.,51.15));
#1195 = SURFACE_CURVE('',#1196,(#1201,#1208),.PCURVE_S1.);
#1196 = CIRCLE('',#1197,40.);
#1197 = AXIS2_PLACEMENT_3D('',#1198,#1199,#1200);
#1198 = CARTESIAN_POINT('',(0.,0.,51.15));
#1199 = DIRECTION('',(0.,0.,1.));
#1200 = DIRECTION('',(1.,0.,-0.));
#1201 = PCURVE('',#32,#1202);
#1202 = DEFINITIONAL_REPRESENTATION('',(#1203),#1207);
#1203 = LINE('',#1204,#1205);
#1204 = CARTESIAN_POINT('',(6.28318530718,51.15));
#1205 = VECTOR('',#1206,1.);
#1206 = DIRECTION('',(1.,0.));
#1207 = ( GEOMETRIC_REPRESENTATION_CONTEXT(2) 
PARAMETRIC_REPRESENTATION_CONTEXT() REPRESENTATION_CONTEXT('2D SPACE',''
  ) );
#1208 = PCURVE('',#1209,#1214);
#1209 = PLANE('',#1210);
#1210 = AXIS2_PLACEMENT_3D('',#1211,#1212,#1213);
#1211 = CARTESIAN_POINT('',(29.5,2.,51.15));
#1212 = DIRECTION('',(0.,0.,1.));
#1213 = DIRECTION('',(1.,0.,-0.));
#1214 = DEFINITIONAL_REPRESENTATION('',(#1215),#1219);
#1215 = CIRCLE('',#1216,40.);
#1216 = AXIS2_PLACEMENT_2D('',#1217,#1218);
#1217 = CARTESIAN_POINT('',(-29.5,-2.));
#1218 = DIRECTION('',(1.,0.));
#1219 = ( GEOMETRIC_REPRESENTATION_CONTEXT(2) 
PARAMETRIC_REPRESENTATION_CONTEXT() REPRESENTATION_CONTEXT('2D SPACE',''
  ) );
#1220 = ORIENTED_EDGE('',*,*,#1221,.F.);
#1221 = EDGE_CURVE('',#1222,#1193,#1224,.T.);
#1222 = VERTEX_POINT('',#1223);
#1223 = CARTESIAN_POINT('',(38.157568056678,12.,30.195398357853));
#1224 = SURFACE_CURVE('',#1225,(#1229,#1235),.PCURVE_S1.);
#1225 = LINE('',#1226,#1227);
#1226 = CARTESIAN_POINT('',(38.157568056678,12.,0.));
#1227 = VECTOR('',#1228,1.);
#1228 = DIRECTION('',(0.,0.,1.));
#1229 = PCURVE('',#32,#1230);
#1230 = DEFINITIONAL_REPRESENTATION('',(#1231),#1234);
#1231 = B_SPLINE_CURVE_WITH_KNOTS('',1,(#1232,#1233),.UNSPECIFIED.,.F.,
  .F.,(2,2),(-2.4E-06,55.0000024),.PIECEWISE_BEZIER_KNOTS.);
#1232 = CARTESIAN_POINT('',(6.587877961195,-2.4E-06));
#1233 = CARTESIAN_POINT('',(6.587877961195,55.0000024));
#1234 = ( GEOMETRIC_REPRESENTATION_CONTEXT(2) 
PARAMETRIC_REPRESENTATION_CONTEXT() REPRESENTATION_CONTEXT('2D SPACE',''
  ) );
#1235 = PCURVE('',#1236,#1241);
#1236 = PLANE('',#1237);
#1237 = AXIS2_PLACEMENT_3D('',#1238,#1239,#1240);
#1238 = CARTESIAN_POINT('',(29.5,12.,3.85));
#1239 = DIRECTION('',(-0.,1.,0.));
#1240 = DIRECTION('',(0.,0.,1.));
#1241 = DEFINITIONAL_REPRESENTATION('',(#1242),#1245);
#1242 = B_SPLINE_CURVE_WITH_KNOTS('',1,(#1243,#1244),.UNSPECIFIED.,.F.,
  .F.,(2,2),(-2.4E-06,55.0000024),.PIECEWISE_BEZIER_KNOTS.);
#1243 = CARTESIAN_POINT('',(-3.8500024,8.657568056678));
#1244 = CARTESIAN_POINT('',(51.1500024,8.657568056678));
#1245 = ( GEOMETRIC_REPRESENTATION_CONTEXT(2) 
PARAMETRIC_REPRESENTATION_CONTEXT() REPRESENTATION_CONTEXT('2D SPACE',''
  ) );
#1246 = ORIENTED_EDGE('',*,*,#1247,.T.);
#1247 = EDGE_CURVE('',#1222,#1248,#1250,.T.);
#1248 = VERTEX_POINT('',#1249);
#1249 = CARTESIAN_POINT('',(38.157568056678,12.,24.804601642147));
#1250 = SURFACE_CURVE('',#1251,(#1359,#1470),.PCURVE_S1.);
#1251 = B_SPLINE_CURVE_WITH_KNOTS('',8,(#1252,#1253,#1254,#1255,#1256,
    #1257,#1258,#1259,#1260,#1261,#1262,#1263,#1264,#1265,#1266,#1267,
    #1268,#1269,#1270,#1271,#1272,#1273,#1274,#1275,#1276,#1277,#1278,
    #1279,#1280,#1281,#1282,#1283,#1284,#1285,#1286,#1287,#1288,#1289,
    #1290,#1291,#1292,#1293,#1294,#1295,#1296,#1297,#1298,#1299,#1300,
    #1301,#1302,#1303,#1304,#1305,#1306,#1307,#1308,#1309,#1310,#1311,
    #1312,#1313,#1314,#1315,#1316,#1317,#1318,#1319,#1320,#1321,#1322,
    #1323,#1324,#1325,#1326,#1327,#1328,#1329,#1330,#1331,#1332,#1333,
    #1334,#1335,#1336,#1337,#1338,#1339,#1340,#1341,#1342,#1343,#1344,
    #1345,#1346,#1347,#1348,#1349,#1350,#1351,#1352,#1353,#1354,#1355,
    #1356,#1357,#1358),.UNSPECIFIED.,.F.,.F.,(9,7,7,7,7,7,7,7,7,7,7,7,7,
    7,7,9),(0.,5.101906039591E-02,0.158858575126,0.243275825902,
    0.342058372403,0.429778343139,0.471914282907,0.489469076156,
    0.509641679408,0.520880321864,0.536849668925,0.566824005384,
    0.605932311974,0.725542321627,0.843883095207,1.),.UNSPECIFIED.);
#1252 = CARTESIAN_POINT('',(40.,-1.022765771479E-14,29.313835714722));
#1253 = CARTESIAN_POINT('',(40.,0.262648114501,29.313835714722));
#1254 = CARTESIAN_POINT('',(39.998029028127,0.525204018936,
    29.316008977792));
#1255 = CARTESIAN_POINT('',(39.994089504255,0.787691905633,
    29.320352838713));
#1256 = CARTESIAN_POINT('',(39.988182291621,1.050130375208,
    29.32683976809));
#1257 = CARTESIAN_POINT('',(39.980307059734,1.312520539593,
    29.335417135739));
#1258 = CARTESIAN_POINT('',(39.970463900981,1.574834129888,
    29.346007585568));
#1259 = CARTESIAN_POINT('',(39.958656200932,1.837001609055,
    29.358510021961));
#1260 = CARTESIAN_POINT('',(39.915807067524,2.652478234258,
    29.403008634412));
#1261 = CARTESIAN_POINT('',(39.878032618784,3.204054482601,
    29.441163488259));
#1262 = CARTESIAN_POINT('',(39.831599673513,3.754718445302,
    29.486187026055));
#1263 = CARTESIAN_POINT('',(39.776459421291,4.304988961315,
    29.536770609518));
#1264 = CARTESIAN_POINT('',(39.712559147552,4.854916355288,
    29.591479852039));
#1265 = CARTESIAN_POINT('',(39.639892999006,5.404185954388,
    29.648834733183));
#1266 = CARTESIAN_POINT('',(39.55853035078,5.952223064377,
    29.707365680871));
#1267 = CARTESIAN_POINT('',(39.398240943403,6.925770388084,
    29.811267417233));
#1268 = CARTESIAN_POINT('',(39.322541607353,7.352536161173,
    29.85678818785));
#1269 = CARTESIAN_POINT('',(39.241481075583,7.778810923275,
    29.901582808448));
#1270 = CARTESIAN_POINT('',(39.155011592208,8.204722373123,
    29.945031855919));
#1271 = CARTESIAN_POINT('',(39.063089259819,8.630312122083,
    29.986508644537));
#1272 = CARTESIAN_POINT('',(38.965683312001,9.055536070934,
    30.025366352362));
#1273 = CARTESIAN_POINT('',(38.862785735601,9.480264750458,
    30.060925238221));
#1274 = CARTESIAN_POINT('',(38.627616348506,10.400457854288,
    30.129360926617));
#1275 = CARTESIAN_POINT('',(38.493646806457,10.894403526767,
    30.160658103664));
#1276 = CARTESIAN_POINT('',(38.352189010053,11.387465775585,
    30.185363034394));
#1277 = CARTESIAN_POINT('',(38.202985446066,11.880244377811,
    30.202277563782));
#1278 = CARTESIAN_POINT('',(38.045909695478,12.372714648764,
    30.209954132453));
#1279 = CARTESIAN_POINT('',(37.881031383208,12.864267936826,
    30.206667445591));
#1280 = CARTESIAN_POINT('',(37.708710809045,13.353676789429,
    30.190386284431));
#1281 = CARTESIAN_POINT('',(37.370836513362,14.269953120841,
    30.130626879276));
#1282 = CARTESIAN_POINT('',(37.208226093356,14.693510848411,
    30.090670536642));
#1283 = CARTESIAN_POINT('',(37.04074162608,15.113613757686,
    30.03727504903));
#1284 = CARTESIAN_POINT('',(36.867651505716,15.532101123619,
    29.968034801852));
#1285 = CARTESIAN_POINT('',(36.689032627347,15.948473030689,
    29.879765975307));
#1286 = CARTESIAN_POINT('',(36.506057401408,16.359897709552,
    29.76848828644));
#1287 = CARTESIAN_POINT('',(36.321485189531,16.760900835115,
    29.629506202039));
#1288 = CARTESIAN_POINT('',(36.053765172098,17.325331352044,
    29.375239594379));
#1289 = CARTESIAN_POINT('',(35.967582476678,17.504289977688,
    29.285008810039));
#1290 = CARTESIAN_POINT('',(35.882282199058,17.678840663035,
    29.186056119671));
#1291 = CARTESIAN_POINT('',(35.798374112326,17.848120549299,
    29.07730191462));
#1292 = CARTESIAN_POINT('',(35.716725552222,18.010602621546,
    28.957608613471));
#1293 = CARTESIAN_POINT('',(35.638634689705,18.164036954207,
    28.82583935132));
#1294 = CARTESIAN_POINT('',(35.565914326127,18.305343688065,
    28.680956756628));
#1295 = CARTESIAN_POINT('',(35.473906999128,18.482569384101,
    28.456014008779));
#1296 = CARTESIAN_POINT('',(35.448149005089,18.531970979744,
    28.387328263215));
#1297 = CARTESIAN_POINT('',(35.423934199746,18.578224439584,
    28.316185786956));
#1298 = CARTESIAN_POINT('',(35.401499470783,18.620919360381,
    28.242676080663));
#1299 = CARTESIAN_POINT('',(35.381074809009,18.659662913961,
    28.166903880601));
#1300 = CARTESIAN_POINT('',(35.362881739077,18.694079425059,
    28.088989193448));
#1301 = CARTESIAN_POINT('',(35.347131750196,18.72380994916,
    28.009067331103));
#1302 = CARTESIAN_POINT('',(35.318963154883,18.776897354243,
    27.833315584246));
#1303 = CARTESIAN_POINT('',(35.307403363777,18.798620377874,
    27.736964230171));
#1304 = CARTESIAN_POINT('',(35.299713209997,18.813039099151,
    27.638930920627));
#1305 = CARTESIAN_POINT('',(35.296131702251,18.819746206281,
    27.5399386729));
#1306 = CARTESIAN_POINT('',(35.296762272685,18.818567426322,
    27.440725542459));
#1307 = CARTESIAN_POINT('',(35.301570037963,18.809561116759,
    27.342032530075));
#1308 = CARTESIAN_POINT('',(35.310383050205,18.793018920079,
    27.244591337801));
#1309 = CARTESIAN_POINT('',(35.329869659846,18.756346408385,
    27.095918123688));
#1310 = CARTESIAN_POINT('',(35.337988958798,18.741052972146,
    27.043346314988));
#1311 = CARTESIAN_POINT('',(35.347209147466,18.723666534531,
    26.991463570813));
#1312 = CARTESIAN_POINT('',(35.357478584324,18.704275138922,
    26.940334244068));
#1313 = CARTESIAN_POINT('',(35.368740506273,18.682975566464,
    26.890019991223));
#1314 = CARTESIAN_POINT('',(35.380933261389,18.659873392343,
    26.840579746077));
#1315 = CARTESIAN_POINT('',(35.393990541671,18.635083042065,
    26.792069693529));
#1316 = CARTESIAN_POINT('',(35.427523050689,18.571278907896,
    26.677011387902));
#1317 = CARTESIAN_POINT('',(35.448808961197,18.530667211654,
    26.611459164341));
#1318 = CARTESIAN_POINT('',(35.471540043761,18.487163344927,
    26.547893294063));
#1319 = CARTESIAN_POINT('',(35.495563893204,18.441026061356,
    26.486313128301));
#1320 = CARTESIAN_POINT('',(35.520735316715,18.392502416711,
    26.426710782689));
#1321 = CARTESIAN_POINT('',(35.546916647842,18.341827903288,
    26.369071271841));
#1322 = CARTESIAN_POINT('',(35.573978060482,18.289226584324,
    26.313372643935));
#1323 = CARTESIAN_POINT('',(35.65401546655,18.132961740574,
    26.158629232042));
#1324 = CARTESIAN_POINT('',(35.708988416591,18.02481053836,
    26.064247818933));
#1325 = CARTESIAN_POINT('',(35.766038393137,17.911610996239,
    25.976077813981));
#1326 = CARTESIAN_POINT('',(35.824621903847,17.794294884273,
    25.89372741658));
#1327 = CARTESIAN_POINT('',(35.884318168969,17.673589230928,
    25.816791079333));
#1328 = CARTESIAN_POINT('',(35.944816033217,17.550032472281,
    25.744862776552));
#1329 = CARTESIAN_POINT('',(36.005899924454,17.423989887588,
    25.677548549409));
#1330 = CARTESIAN_POINT('',(36.147721109962,17.128243792384,
    25.532188947674));
#1331 = CARTESIAN_POINT('',(36.228793102698,16.956902661363,
    25.457105432271));
#1332 = CARTESIAN_POINT('',(36.310130190357,16.782563967948,
    25.388638148743));
#1333 = CARTESIAN_POINT('',(36.391356727674,16.605912925233,
    25.326225210031));
#1334 = CARTESIAN_POINT('',(36.472221761801,16.427417458205,
    25.269339410596));
#1335 = CARTESIAN_POINT('',(36.55257963976,16.247344580181,
    25.217494790473));
#1336 = CARTESIAN_POINT('',(36.632371532717,16.065776607093,
    25.170252827602));
#1337 = CARTESIAN_POINT('',(36.953946672568,15.322477637635,
    24.995640634674));
#1338 = CARTESIAN_POINT('',(37.192324199767,14.744680952372,
    24.902830260661));
#1339 = CARTESIAN_POINT('',(37.421555352906,14.158972902308,
    24.841395815183));
#1340 = CARTESIAN_POINT('',(37.639407542057,13.570862725166,
    24.805135839276));
#1341 = CARTESIAN_POINT('',(37.845268519777,12.982990761176,
    24.789075680041));
#1342 = CARTESIAN_POINT('',(38.039533826768,12.395422604743,
    24.789422058751));
#1343 = CARTESIAN_POINT('',(38.223284923826,11.80544647446,
    24.80346785653));
#1344 = CARTESIAN_POINT('',(38.570521063772,10.615780201119,
    24.855195647732));
#1345 = CARTESIAN_POINT('',(38.732621024447,10.021671352769,
    24.892389480954));
#1346 = CARTESIAN_POINT('',(38.883824744322,9.426291643617,
    24.938708198075));
#1347 = CARTESIAN_POINT('',(39.02406983328,8.830360385238,
    24.992084729779));
#1348 = CARTESIAN_POINT('',(39.153441367167,8.234178078974,
    25.050651592588));
#1349 = CARTESIAN_POINT('',(39.272111517815,7.637616559539,
    25.112684024608));
#1350 = CARTESIAN_POINT('',(39.380286666784,7.040054091334,
    25.17653690475));
#1351 = CARTESIAN_POINT('',(39.607219127099,5.648979105357,
    25.324996435781));
#1352 = CARTESIAN_POINT('',(39.71993614178,4.843971699812,
    25.410771880668));
#1353 = CARTESIAN_POINT('',(39.813822023986,4.034889818477,
    25.492717866919));
#1354 = CARTESIAN_POINT('',(39.888340313474,3.227123450604,
    25.565490240625));
#1355 = CARTESIAN_POINT('',(39.943874612569,2.422619989566,
    25.624281100014));
#1356 = CARTESIAN_POINT('',(39.981057499435,1.61986291984,
    25.665277152577));
#1357 = CARTESIAN_POINT('',(40.,0.814238842695,25.686164285278));
#1358 = CARTESIAN_POINT('',(40.,-1.022765771479E-14,25.686164285278));
#1359 = PCURVE('',#32,#1360);
#1360 = DEFINITIONAL_REPRESENTATION('',(#1361),#1469);
#1361 = B_SPLINE_CURVE_WITH_KNOTS('',8,(#1362,#1363,#1364,#1365,#1366,
    #1367,#1368,#1369,#1370,#1371,#1372,#1373,#1374,#1375,#1376,#1377,
    #1378,#1379,#1380,#1381,#1382,#1383,#1384,#1385,#1386,#1387,#1388,
    #1389,#1390,#1391,#1392,#1393,#1394,#1395,#1396,#1397,#1398,#1399,
    #1400,#1401,#1402,#1403,#1404,#1405,#1406,#1407,#1408,#1409,#1410,
    #1411,#1412,#1413,#1414,#1415,#1416,#1417,#1418,#1419,#1420,#1421,
    #1422,#1423,#1424,#1425,#1426,#1427,#1428,#1429,#1430,#1431,#1432,
    #1433,#1434,#1435,#1436,#1437,#1438,#1439,#1440,#1441,#1442,#1443,
    #1444,#1445,#1446,#1447,#1448,#1449,#1450,#1451,#1452,#1453,#1454,
    #1455,#1456,#1457,#1458,#1459,#1460,#1461,#1462,#1463,#1464,#1465,
    #1466,#1467,#1468),.UNSPECIFIED.,.F.,.F.,(9,7,7,7,7,7,7,7,7,7,7,7,7,
    7,7,9),(0.,5.101906039591E-02,0.158858575126,0.243275825902,
    0.342058372403,0.429778343139,0.471914282907,0.489469076156,
    0.509641679408,0.520880321864,0.536849668925,0.566824005384,
    0.605932311974,0.725542321627,0.843883095207,1.),.UNSPECIFIED.);
#1362 = CARTESIAN_POINT('',(6.28318530718,29.313835714722));
#1363 = CARTESIAN_POINT('',(6.289751510042,29.313835714722));
#1364 = CARTESIAN_POINT('',(6.296315407552,29.316008977792));
#1365 = CARTESIAN_POINT('',(6.302878036338,29.320352838713));
#1366 = CARTESIAN_POINT('',(6.30944029088,29.32683976809));
#1367 = CARTESIAN_POINT('',(6.316002629495,29.335417135739));
#1368 = CARTESIAN_POINT('',(6.322564777019,29.346007585568));
#1369 = CARTESIAN_POINT('',(6.329125424172,29.358510021961));
#1370 = CARTESIAN_POINT('',(6.349540464193,29.403008634412));
#1371 = CARTESIAN_POINT('',(6.363360429375,29.441163488259));
#1372 = CARTESIAN_POINT('',(6.377173022773,29.486187026055));
#1373 = CARTESIAN_POINT('',(6.390995245586,29.536770609518));
#1374 = CARTESIAN_POINT('',(6.404832465943,29.591479852039));
#1375 = CARTESIAN_POINT('',(6.418680944304,29.648834733183));
#1376 = CARTESIAN_POINT('',(6.432530314908,29.707365680871));
#1377 = CARTESIAN_POINT('',(6.457196677196,29.811267417233));
#1378 = CARTESIAN_POINT('',(6.468031535796,29.85678818785));
#1379 = CARTESIAN_POINT('',(6.478877992464,29.901582808448));
#1380 = CARTESIAN_POINT('',(6.489741333167,29.945031855919));
#1381 = CARTESIAN_POINT('',(6.500624738328,29.986508644537));
#1382 = CARTESIAN_POINT('',(6.511529261871,30.025366352362));
#1383 = CARTESIAN_POINT('',(6.52245378742,30.060925238221));
#1384 = CARTESIAN_POINT('',(6.546197997095,30.129360926617));
#1385 = CARTESIAN_POINT('',(6.558991404388,30.160658103664));
#1386 = CARTESIAN_POINT('',(6.571812963177,30.185363034394));
#1387 = CARTESIAN_POINT('',(6.58468198022,30.202277563782));
#1388 = CARTESIAN_POINT('',(6.597601981316,30.209954132453));
#1389 = CARTESIAN_POINT('',(6.610561292325,30.206667445591));
#1390 = CARTESIAN_POINT('',(6.623531376938,30.190386284431));
#1391 = CARTESIAN_POINT('',(6.647946041527,30.130626879276));
#1392 = CARTESIAN_POINT('',(6.659287529214,30.090670536642));
#1393 = CARTESIAN_POINT('',(6.670592446084,30.03727504903));
#1394 = CARTESIAN_POINT('',(6.681912331017,29.968034801852));
#1395 = CARTESIAN_POINT('',(6.693237064471,29.879765975307));
#1396 = CARTESIAN_POINT('',(6.704492440819,29.76848828644));
#1397 = CARTESIAN_POINT('',(6.715527740472,29.629506202039));
#1398 = CARTESIAN_POINT('',(6.73114535505,29.375239594379));
#1399 = CARTESIAN_POINT('',(6.736111003639,29.285008810039));
#1400 = CARTESIAN_POINT('',(6.740967831345,29.18605611967));
#1401 = CARTESIAN_POINT('',(6.745691047982,29.07730191462));
#1402 = CARTESIAN_POINT('',(6.750237001923,28.957608613471));
#1403 = CARTESIAN_POINT('',(6.754541015839,28.82583935132));
#1404 = CARTESIAN_POINT('',(6.758514012512,28.680956756628));
#1405 = CARTESIAN_POINT('',(6.763506149802,28.456014008779));
#1406 = CARTESIAN_POINT('',(6.764898984514,28.387328263215));
#1407 = CARTESIAN_POINT('',(6.766204197125,28.316185786956));
#1408 = CARTESIAN_POINT('',(6.767409955264,28.242676080663));
#1409 = CARTESIAN_POINT('',(6.768504893658,28.166903880601));
#1410 = CARTESIAN_POINT('',(6.769478123346,28.088989193448));
#1411 = CARTESIAN_POINT('',(6.770319240899,28.009067331103));
#1412 = CARTESIAN_POINT('',(6.771821685228,27.833315584246));
#1413 = CARTESIAN_POINT('',(6.772436866915,27.736964230171));
#1414 = CARTESIAN_POINT('',(6.772845399278,27.638930920627));
#1415 = CARTESIAN_POINT('',(6.773035485637,27.5399386729));
#1416 = CARTESIAN_POINT('',(6.773002064607,27.440725542459));
#1417 = CARTESIAN_POINT('',(6.772746834046,27.342032530075));
#1418 = CARTESIAN_POINT('',(6.772278250381,27.244591337801));
#1419 = CARTESIAN_POINT('',(6.771240042469,27.095918123688));
#1420 = CARTESIAN_POINT('',(6.770807165339,27.043346314988));
#1421 = CARTESIAN_POINT('',(6.7703151669,26.991463570813));
#1422 = CARTESIAN_POINT('',(6.769766596476,26.940334244068));
#1423 = CARTESIAN_POINT('',(6.769164256192,26.890019991223));
#1424 = CARTESIAN_POINT('',(6.76851119944,26.840579746077));
#1425 = CARTESIAN_POINT('',(6.767810729339,26.792069693529));
#1426 = CARTESIAN_POINT('',(6.766008751832,26.677011387902));
#1427 = CARTESIAN_POINT('',(6.764862454154,26.611459164341));
#1428 = CARTESIAN_POINT('',(6.763635343305,26.547893294063));
#1429 = CARTESIAN_POINT('',(6.762334914844,26.486313128301));
#1430 = CARTESIAN_POINT('',(6.760968320166,26.426710782689));
#1431 = CARTESIAN_POINT('',(6.759542365933,26.369071271841));
#1432 = CARTESIAN_POINT('',(6.75806351349,26.313372643935));
#1433 = CARTESIAN_POINT('',(6.753674273253,26.158629232042));
#1434 = CARTESIAN_POINT('',(6.750641270595,26.064247818933));
#1435 = CARTESIAN_POINT('',(6.747472229765,25.976077813981));
#1436 = CARTESIAN_POINT('',(6.74419402341,25.89372741658));
#1437 = CARTESIAN_POINT('',(6.74082755775,25.816791079333));
#1438 = CARTESIAN_POINT('',(6.737388285404,25.744862776552));
#1439 = CARTESIAN_POINT('',(6.733886710657,25.677548549409));
#1440 = CARTESIAN_POINT('',(6.725686901152,25.532188947674));
#1441 = CARTESIAN_POINT('',(6.720948132785,25.457105432271));
#1442 = CARTESIAN_POINT('',(6.716138774927,25.388638148743));
#1443 = CARTESIAN_POINT('',(6.711278155103,25.326225210031));
#1444 = CARTESIAN_POINT('',(6.706379344345,25.269339410596));
#1445 = CARTESIAN_POINT('',(6.701449743211,25.217494790473));
#1446 = CARTESIAN_POINT('',(6.696491644996,25.170252827602));
#1447 = CARTESIAN_POINT('',(6.676244671016,24.995640634674));
#1448 = CARTESIAN_POINT('',(6.660620981413,24.902830260661));
#1449 = CARTESIAN_POINT('',(6.644901137197,24.841395815183));
#1450 = CARTESIAN_POINT('',(6.62922723425,24.805135839276));
#1451 = CARTESIAN_POINT('',(6.613660219963,24.789075680041));
#1452 = CARTESIAN_POINT('',(6.598192879725,24.789422058751));
#1453 = CARTESIAN_POINT('',(6.582747137602,24.80346785653));
#1454 = CARTESIAN_POINT('',(6.55176449348,24.855195647732));
#1455 = CARTESIAN_POINT('',(6.536371234179,24.892389480954));
#1456 = CARTESIAN_POINT('',(6.521018222999,24.938708198075));
#1457 = CARTESIAN_POINT('',(6.505717639649,24.992084729779));
#1458 = CARTESIAN_POINT('',(6.490470799269,25.050651592588));
#1459 = CARTESIAN_POINT('',(6.475268330819,25.112684024608));
#1460 = CARTESIAN_POINT('',(6.460088750922,25.17653690475));
#1461 = CARTESIAN_POINT('',(6.424852158098,25.324996435781));
#1462 = CARTESIAN_POINT('',(6.404535835523,25.410771880668));
#1463 = CARTESIAN_POINT('',(6.384182504548,25.492717866919));
#1464 = CARTESIAN_POINT('',(6.363913656922,25.565490240625));
#1465 = CARTESIAN_POINT('',(6.343763661623,25.624281100014));
#1466 = CARTESIAN_POINT('',(6.323681879919,25.665277152577));
#1467 = CARTESIAN_POINT('',(6.303541278247,25.686164285278));
#1468 = CARTESIAN_POINT('',(6.28318530718,25.686164285278));
#1469 = ( GEOMETRIC_REPRESENTATION_CONTEXT(2) 
PARAMETRIC_REPRESENTATION_CONTEXT() REPRESENTATION_CONTEXT('2D SPACE',''
  ) );
#1470 = PCURVE('',#1132,#1471);
#1471 = DEFINITIONAL_REPRESENTATION('',(#1472),#1580);
#1472 = B_SPLINE_CURVE_WITH_KNOTS('',8,(#1473,#1474,#1475,#1476,#1477,
    #1478,#1479,#1480,#1481,#1482,#1483,#1484,#1485,#1486,#1487,#1488,
    #1489,#1490,#1491,#1492,#1493,#1494,#1495,#1496,#1497,#1498,#1499,
    #1500,#1501,#1502,#1503,#1504,#1505,#1506,#1507,#1508,#1509,#1510,
    #1511,#1512,#1513,#1514,#1515,#1516,#1517,#1518,#1519,#1520,#1521,
    #1522,#1523,#1524,#1525,#1526,#1527,#1528,#1529,#1530,#1531,#1532,
    #1533,#1534,#1535,#1536,#1537,#1538,#1539,#1540,#1541,#1542,#1543,
    #1544,#1545,#1546,#1547,#1548,#1549,#1550,#1551,#1552,#1553,#1554,
    #1555,#1556,#1557,#1558,#1559,#1560,#1561,#1562,#1563,#1564,#1565,
    #1566,#1567,#1568,#1569,#1570,#1571,#1572,#1573,#1574,#1575,#1576,
    #1577,#1578,#1579),.UNSPECIFIED.,.F.,.F.,(9,7,7,7,7,7,7,7,7,7,7,7,7,
    7,7,9),(0.,5.101906039591E-02,0.158858575126,0.243275825902,
    0.342058372403,0.429778343139,0.471914282907,0.489469076156,
    0.509641679408,0.520880321864,0.536849668925,0.566824005384,
    0.605932311974,0.725542321627,0.843883095207,1.),.UNSPECIFIED.);
#1473 = CARTESIAN_POINT('',(0.736624002019,27.));
#1474 = CARTESIAN_POINT('',(0.736624002019,26.737351885499));
#1475 = CARTESIAN_POINT('',(0.73771063035,26.474795981064));
#1476 = CARTESIAN_POINT('',(0.739882567623,26.212308094367));
#1477 = CARTESIAN_POINT('',(0.743132026939,25.949869624792));
#1478 = CARTESIAN_POINT('',(0.747444655197,25.687479460407));
#1479 = CARTESIAN_POINT('',(0.752799395196,25.425165870112));
#1480 = CARTESIAN_POINT('',(0.759168308559,25.162998390945));
#1481 = CARTESIAN_POINT('',(0.782048010491,24.347521765742));
#1482 = CARTESIAN_POINT('',(0.801931524825,23.795945517399));
#1483 = CARTESIAN_POINT('',(0.82587787711,23.245281554698));
#1484 = CARTESIAN_POINT('',(0.853568788955,22.695011038685));
#1485 = CARTESIAN_POINT('',(0.884683159015,22.145083644712));
#1486 = CARTESIAN_POINT('',(0.918916686676,21.595814045612));
#1487 = CARTESIAN_POINT('',(0.955994689316,21.047776935623));
#1488 = CARTESIAN_POINT('',(1.026742473468,20.074229611916));
#1489 = CARTESIAN_POINT('',(1.059439437323,19.647463838827));
#1490 = CARTESIAN_POINT('',(1.093701889605,19.221189076725));
#1491 = CARTESIAN_POINT('',(1.129485940317,18.795277626877));
#1492 = CARTESIAN_POINT('',(1.16676731162,18.369687877917));
#1493 = CARTESIAN_POINT('',(1.205539166695,17.944463929066));
#1494 = CARTESIAN_POINT('',(1.245811380437,17.519735249542));
#1495 = CARTESIAN_POINT('',(1.336524213691,16.599542145712));
#1496 = CARTESIAN_POINT('',(1.387405085118,16.105596473233));
#1497 = CARTESIAN_POINT('',(1.440445284094,15.612534224416));
#1498 = CARTESIAN_POINT('',(1.495850182781,15.119755622189));
#1499 = CARTESIAN_POINT('',(1.553838788383,14.627285351236));
#1500 = CARTESIAN_POINT('',(1.614647949168,14.135732063174));
#1501 = CARTESIAN_POINT('',(1.678545234621,13.646323210571));
#1502 = CARTESIAN_POINT('',(1.805626117989,12.730046879159));
#1503 = CARTESIAN_POINT('',(1.86750864175,12.306489151589));
#1504 = CARTESIAN_POINT('',(1.932363447737,11.886386242314));
#1505 = CARTESIAN_POINT('',(2.00102745566,11.467898876381));
#1506 = CARTESIAN_POINT('',(2.074314930776,11.051526969311));
#1507 = CARTESIAN_POINT('',(2.153034091457,10.640102290448));
#1508 = CARTESIAN_POINT('',(2.238050205332,10.239099164885));
#1509 = CARTESIAN_POINT('',(2.374799410311,9.674668647956));
#1510 = CARTESIAN_POINT('',(2.420957914068,9.495710022313));
#1511 = CARTESIAN_POINT('',(2.469237234712,9.321159336965));
#1512 = CARTESIAN_POINT('',(2.519953750743,9.151879450701));
#1513 = CARTESIAN_POINT('',(2.573416217323,8.989397378454));
#1514 = CARTESIAN_POINT('',(2.629927471796,8.835963045793));
#1515 = CARTESIAN_POINT('',(2.68979017751,8.694656311935));
#1516 = CARTESIAN_POINT('',(2.779802056036,8.517430615899));
#1517 = CARTESIAN_POINT('',(2.806959429785,8.468029020256));
#1518 = CARTESIAN_POINT('',(2.834770799744,8.421775560416));
#1519 = CARTESIAN_POINT('',(2.8632067644,8.379080639619));
#1520 = CARTESIAN_POINT('',(2.892239706315,8.340337086039));
#1521 = CARTESIAN_POINT('',(2.921843714656,8.305920574941));
#1522 = CARTESIAN_POINT('',(2.951994507722,8.27619005084));
#1523 = CARTESIAN_POINT('',(3.017918505077,8.223102645757));
#1524 = CARTESIAN_POINT('',(3.053832083731,8.201379622126));
#1525 = CARTESIAN_POINT('',(3.090200542527,8.186960900849));
#1526 = CARTESIAN_POINT('',(3.126823082133,8.180253793719));
#1527 = CARTESIAN_POINT('',(3.163503696315,8.181432573678));
#1528 = CARTESIAN_POINT('',(3.2000471109,8.190438883241));
#1529 = CARTESIAN_POINT('',(3.236254618168,8.206981079921));
#1530 = CARTESIAN_POINT('',(3.291789741016,8.243653591615));
#1531 = CARTESIAN_POINT('',(3.311486455631,8.258947027854));
#1532 = CARTESIAN_POINT('',(3.33099507879,8.276333465469));
#1533 = CARTESIAN_POINT('',(3.350300559751,8.295724861078));
#1534 = CARTESIAN_POINT('',(3.369387550969,8.317024433536));
#1535 = CARTESIAN_POINT('',(3.388240290278,8.340126607657));
#1536 = CARTESIAN_POINT('',(3.40684248309,8.364916957935));
#1537 = CARTESIAN_POINT('',(3.451229549223,8.428721092104));
#1538 = CARTESIAN_POINT('',(3.47674428069,8.469332788346));
#1539 = CARTESIAN_POINT('',(3.501729395753,8.512836655073));
#1540 = CARTESIAN_POINT('',(3.526191635321,8.558973938644));
#1541 = CARTESIAN_POINT('',(3.550136899447,8.607497583289));
#1542 = CARTESIAN_POINT('',(3.57357068234,8.658172096712));
#1543 = CARTESIAN_POINT('',(3.59649850737,8.710773415676));
#1544 = CARTESIAN_POINT('',(3.661023265642,8.867038259426));
#1545 = CARTESIAN_POINT('',(3.701425892155,8.97518946164));
#1546 = CARTESIAN_POINT('',(3.740252114278,9.088389003761));
#1547 = CARTESIAN_POINT('',(3.777613879067,9.205705115727));
#1548 = CARTESIAN_POINT('',(3.81362237008,9.326410769072));
#1549 = CARTESIAN_POINT('',(3.848390785111,9.449967527719));
#1550 = CARTESIAN_POINT('',(3.882034729558,9.576010112412));
#1551 = CARTESIAN_POINT('',(3.957250616809,9.871756207616));
#1552 = CARTESIAN_POINT('',(3.998124018572,10.043097338637));
#1553 = CARTESIAN_POINT('',(4.037429507007,10.217436032052));
#1554 = CARTESIAN_POINT('',(4.075297317981,10.394087074767));
#1555 = CARTESIAN_POINT('',(4.111854686614,10.572582541795));
#1556 = CARTESIAN_POINT('',(4.147229161335,10.752655419819));
#1557 = CARTESIAN_POINT('',(4.181549392328,10.934223392907));
#1558 = CARTESIAN_POINT('',(4.317076604751,11.677522362365));
#1559 = CARTESIAN_POINT('',(4.411068269029,12.255319047628));
#1560 = CARTESIAN_POINT('',(4.498155304397,12.841027097693));
#1561 = CARTESIAN_POINT('',(4.579264656351,13.429137274834));
#1562 = CARTESIAN_POINT('',(4.655221012927,14.017009238824));
#1563 = CARTESIAN_POINT('',(4.726833264198,14.604577395257));
#1564 = CARTESIAN_POINT('',(4.794912146034,15.19455352554));
#1565 = CARTESIAN_POINT('',(4.924937310458,16.384219798881));
#1566 = CARTESIAN_POINT('',(4.986348824156,16.978328647232));
#1567 = CARTESIAN_POINT('',(5.044678540016,17.573708356383));
#1568 = CARTESIAN_POINT('',(5.100029433318,18.169639614762));
#1569 = CARTESIAN_POINT('',(5.152448910423,18.765821921026));
#1570 = CARTESIAN_POINT('',(5.201931049547,19.362383440461));
#1571 = CARTESIAN_POINT('',(5.248405581704,19.959945908666));
#1572 = CARTESIAN_POINT('',(5.348842606107,21.351020894643));
#1573 = CARTESIAN_POINT('',(5.401169974477,22.156028300183));
#1574 = CARTESIAN_POINT('',(5.447168327567,22.965110181539));
#1575 = CARTESIAN_POINT('',(5.485671724321,23.772876549377));
#1576 = CARTESIAN_POINT('',(5.515619273728,24.577380010445));
#1577 = CARTESIAN_POINT('',(5.536117816753,25.380137080157));
#1578 = CARTESIAN_POINT('',(5.54656130516,26.185761157305));
#1579 = CARTESIAN_POINT('',(5.54656130516,27.));
#1580 = ( GEOMETRIC_REPRESENTATION_CONTEXT(2) 
PARAMETRIC_REPRESENTATION_CONTEXT() REPRESENTATION_CONTEXT('2D SPACE',''
  ) );
#1581 = ORIENTED_EDGE('',*,*,#1582,.F.);
#1582 = EDGE_CURVE('',#1583,#1248,#1585,.T.);
#1583 = VERTEX_POINT('',#1584);
#1584 = CARTESIAN_POINT('',(38.157568056678,12.,3.85));
#1585 = SURFACE_CURVE('',#1586,(#1590,#1596),.PCURVE_S1.);
#1586 = LINE('',#1587,#1588);
#1587 = CARTESIAN_POINT('',(38.157568056678,12.,0.));
#1588 = VECTOR('',#1589,1.);
#1589 = DIRECTION('',(0.,0.,1.));
#1590 = PCURVE('',#32,#1591);
#1591 = DEFINITIONAL_REPRESENTATION('',(#1592),#1595);
#1592 = B_SPLINE_CURVE_WITH_KNOTS('',1,(#1593,#1594),.UNSPECIFIED.,.F.,
  .F.,(2,2),(-2.4E-06,55.0000024),.PIECEWISE_BEZIER_KNOTS.);
#1593 = CARTESIAN_POINT('',(6.587877961195,-2.4E-06));
#1594 = CARTESIAN_POINT('',(6.587877961195,55.0000024));
#1595 = ( GEOMETRIC_REPRESENTATION_CONTEXT(2) 
PARAMETRIC_REPRESENTATION_CONTEXT() REPRESENTATION_CONTEXT('2D SPACE',''
  ) );
#1596 = PCURVE('',#1236,#1597);
#1597 = DEFINITIONAL_REPRESENTATION('',(#1598),#1601);
#1598 = B_SPLINE_CURVE_WITH_KNOTS('',1,(#1599,#1600),.UNSPECIFIED.,.F.,
  .F.,(2,2),(-2.4E-06,55.0000024),.PIECEWISE_BEZIER_KNOTS.);
#1599 = CARTESIAN_POINT('',(-3.8500024,8.657568056678));
#1600 = CARTESIAN_POINT('',(51.1500024,8.657568056678));
#1601 = ( GEOMETRIC_REPRESENTATION_CONTEXT(2) 
PARAMETRIC_REPRESENTATION_CONTEXT() REPRESENTATION_CONTEXT('2D SPACE',''
  ) );
#1602 = ORIENTED_EDGE('',*,*,#1603,.F.);
#1603 = EDGE_CURVE('',#1604,#1583,#1606,.T.);
#1604 = VERTEX_POINT('',#1605);
#1605 = CARTESIAN_POINT('',(39.949968710876,2.,3.85));
#1606 = SURFACE_CURVE('',#1607,(#1612,#1619),.PCURVE_S1.);
#1607 = CIRCLE('',#1608,40.);
#1608 = AXIS2_PLACEMENT_3D('',#1609,#1610,#1611);
#1609 = CARTESIAN_POINT('',(0.,0.,3.85));
#1610 = DIRECTION('',(0.,0.,1.));
#1611 = DIRECTION('',(1.,0.,-0.));
#1612 = PCURVE('',#32,#1613);
#1613 = DEFINITIONAL_REPRESENTATION('',(#1614),#1618);
#1614 = LINE('',#1615,#1616);
#1615 = CARTESIAN_POINT('',(6.28318530718,3.85));
#1616 = VECTOR('',#1617,1.);
#1617 = DIRECTION('',(1.,0.));
#1618 = ( GEOMETRIC_REPRESENTATION_CONTEXT(2) 
PARAMETRIC_REPRESENTATION_CONTEXT() REPRESENTATION_CONTEXT('2D SPACE',''
  ) );
#1619 = PCURVE('',#1620,#1625);
#1620 = PLANE('',#1621);
#1621 = AXIS2_PLACEMENT_3D('',#1622,#1623,#1624);
#1622 = CARTESIAN_POINT('',(29.5,2.,3.85));
#1623 = DIRECTION('',(0.,0.,1.));
#1624 = DIRECTION('',(1.,0.,-0.));
#1625 = DEFINITIONAL_REPRESENTATION('',(#1626),#1630);
#1626 = CIRCLE('',#1627,40.);
#1627 = AXIS2_PLACEMENT_2D('',#1628,#1629);
#1628 = CARTESIAN_POINT('',(-29.5,-2.));
#1629 = DIRECTION('',(1.,0.));
#1630 = ( GEOMETRIC_REPRESENTATION_CONTEXT(2) 
PARAMETRIC_REPRESENTATION_CONTEXT() REPRESENTATION_CONTEXT('2D SPACE',''
  ) );
#1631 = ORIENTED_EDGE('',*,*,#1632,.T.);
#1632 = EDGE_CURVE('',#1604,#1633,#1635,.T.);
#1633 = VERTEX_POINT('',#1634);
#1634 = CARTESIAN_POINT('',(39.949968710876,2.,25.632482389212));
#1635 = SURFACE_CURVE('',#1636,(#1640,#1646),.PCURVE_S1.);
#1636 = LINE('',#1637,#1638);
#1637 = CARTESIAN_POINT('',(39.949968710876,2.,0.));
#1638 = VECTOR('',#1639,1.);
#1639 = DIRECTION('',(0.,0.,1.));
#1640 = PCURVE('',#32,#1641);
#1641 = DEFINITIONAL_REPRESENTATION('',(#1642),#1645);
#1642 = B_SPLINE_CURVE_WITH_KNOTS('',1,(#1643,#1644),.UNSPECIFIED.,.F.,
  .F.,(2,2),(-2.4E-06,55.0000024),.PIECEWISE_BEZIER_KNOTS.);
#1643 = CARTESIAN_POINT('',(6.333206163985,-2.4E-06));
#1644 = CARTESIAN_POINT('',(6.333206163985,55.0000024));
#1645 = ( GEOMETRIC_REPRESENTATION_CONTEXT(2) 
PARAMETRIC_REPRESENTATION_CONTEXT() REPRESENTATION_CONTEXT('2D SPACE',''
  ) );
#1646 = PCURVE('',#1181,#1647);
#1647 = DEFINITIONAL_REPRESENTATION('',(#1648),#1651);
#1648 = B_SPLINE_CURVE_WITH_KNOTS('',1,(#1649,#1650),.UNSPECIFIED.,.F.,
  .F.,(2,2),(-2.4E-06,55.0000024),.PIECEWISE_BEZIER_KNOTS.);
#1649 = CARTESIAN_POINT('',(-3.8500024,10.449968710876));
#1650 = CARTESIAN_POINT('',(51.1500024,10.449968710876));
#1651 = ( GEOMETRIC_REPRESENTATION_CONTEXT(2) 
PARAMETRIC_REPRESENTATION_CONTEXT() REPRESENTATION_CONTEXT('2D SPACE',''
  ) );
#1652 = ORIENTED_EDGE('',*,*,#1653,.T.);
#1653 = EDGE_CURVE('',#1633,#24,#1654,.T.);
#1654 = SURFACE_CURVE('',#1655,(#1672,#1701),.PCURVE_S1.);
#1655 = B_SPLINE_CURVE_WITH_KNOTS('',8,(#1656,#1657,#1658,#1659,#1660,
    #1661,#1662,#1663,#1664,#1665,#1666,#1667,#1668,#1669,#1670,#1671),
  .UNSPECIFIED.,.F.,.F.,(9,7,9),(0.951717871998,1.,1.050226500782),
  .UNSPECIFIED.);
#1656 = CARTESIAN_POINT('',(39.949968709681,1.999999999495,
    25.632482380693));
#1657 = CARTESIAN_POINT('',(39.962438857067,1.750909020214,
    25.645503091733));
#1658 = CARTESIAN_POINT('',(39.973132166749,1.501766462537,
    25.656867437611));
#1659 = CARTESIAN_POINT('',(39.982053321252,1.252497392573,
    25.666486649065));
#1660 = CARTESIAN_POINT('',(39.989204837487,1.003001355563,
    25.674283623517));
#1661 = CARTESIAN_POINT('',(39.994585369138,0.753154722934,
    25.680193908739));
#1662 = CARTESIAN_POINT('',(39.99818820002,0.502813779393,
    25.684166486388));
#1663 = CARTESIAN_POINT('',(40.,0.251818879444,25.686164285278));
#1664 = CARTESIAN_POINT('',(40.,-0.261959894244,25.686164285278));
#1665 = CARTESIAN_POINT('',(39.998039343683,-0.523830301399,
    25.684002396062));
#1666 = CARTESIAN_POINT('',(39.994120373367,-0.785635016043,
    25.679681199161));
#1667 = CARTESIAN_POINT('',(39.988243899604,-1.047392027494,
    25.673227885741));
#1668 = CARTESIAN_POINT('',(39.980409577152,-1.309101707096,
    25.664694521894));
#1669 = CARTESIAN_POINT('',(39.970617522606,-1.570734999718,
    25.654157707346));
#1670 = CARTESIAN_POINT('',(39.958871173685,-1.832221619481,
    25.641717627603));
#1671 = CARTESIAN_POINT('',(39.945181390183,-2.093438249718,
    25.627496499526));
#1672 = PCURVE('',#32,#1673);
#1673 = DEFINITIONAL_REPRESENTATION('',(#1674),#1700);
#1674 = B_SPLINE_CURVE_WITH_KNOTS('',3,(#1675,#1676,#1677,#1678,#1679,
    #1680,#1681,#1682,#1683,#1684,#1685,#1686,#1687,#1688,#1689,#1690,
    #1691,#1692,#1693,#1694,#1695,#1696,#1697,#1698,#1699),
  .UNSPECIFIED.,.F.,.F.,(4,1,1,1,1,1,1,1,1,1,1,1,1,1,1,1,1,1,1,1,1,1,4),
  (0.951717871998,0.956195536943,0.960673201887,0.965150866832,
    0.969628531777,0.974106196722,0.978583861666,0.983061526611,
    0.987539191556,0.9920168565,0.996494521445,1.00097218639,
    1.005449851335,1.009927516279,1.014405181224,1.018882846169,
    1.023360511114,1.027838176058,1.032315841003,1.036793505948,
    1.041271170893,1.045748835837,1.050226500782),
  .QUASI_UNIFORM_KNOTS.);
#1675 = CARTESIAN_POINT('',(6.333206163974,25.632482380693));
#1676 = CARTESIAN_POINT('',(6.331664189272,25.635702600408));
#1677 = CARTESIAN_POINT('',(6.328580413626,25.6418766443));
#1678 = CARTESIAN_POINT('',(6.323954547554,25.650317112517));
#1679 = CARTESIAN_POINT('',(6.319327783805,25.65791497326));
#1680 = CARTESIAN_POINT('',(6.314699326512,25.664650312611));
#1681 = CARTESIAN_POINT('',(6.310068316388,25.670504639776));
#1682 = CARTESIAN_POINT('',(6.305433830427,25.675461113503));
#1683 = CARTESIAN_POINT('',(6.300794866917,25.679504520332));
#1684 = CARTESIAN_POINT('',(6.296150428631,25.682621326131));
#1685 = CARTESIAN_POINT('',(6.291499229872,25.684799661102));
#1686 = CARTESIAN_POINT('',(6.286840811894,25.686029474524));
#1687 = CARTESIAN_POINT('',(6.282171403116,25.686302052429));
#1688 = CARTESIAN_POINT('',(6.277500948169,25.685611960924));
#1689 = CARTESIAN_POINT('',(6.27283173761,25.683962273968));
#1690 = CARTESIAN_POINT('',(6.268162895163,25.681357943378));
#1691 = CARTESIAN_POINT('',(6.263494441105,25.677806738185));
#1692 = CARTESIAN_POINT('',(6.25882621764,25.673318986548));
#1693 = CARTESIAN_POINT('',(6.254158190935,25.667907628893));
#1694 = CARTESIAN_POINT('',(6.249490384668,25.661588186771));
#1695 = CARTESIAN_POINT('',(6.24482291099,25.654378720765));
#1696 = CARTESIAN_POINT('',(6.240155980533,25.646299879663));
#1697 = CARTESIAN_POINT('',(6.235489899018,25.637374558682));
#1698 = CARTESIAN_POINT('',(6.232380058776,25.630877515149));
#1699 = CARTESIAN_POINT('',(6.23082542962,25.627496499526));
#1700 = ( GEOMETRIC_REPRESENTATION_CONTEXT(2) 
PARAMETRIC_REPRESENTATION_CONTEXT() REPRESENTATION_CONTEXT('2D SPACE',''
  ) );
#1701 = PCURVE('',#1132,#1702);
#1702 = DEFINITIONAL_REPRESENTATION('',(#1703),#1729);
#1703 = B_SPLINE_CURVE_WITH_KNOTS('',3,(#1704,#1705,#1706,#1707,#1708,
    #1709,#1710,#1711,#1712,#1713,#1714,#1715,#1716,#1717,#1718,#1719,
    #1720,#1721,#1722,#1723,#1724,#1725,#1726,#1727,#1728),
  .UNSPECIFIED.,.F.,.F.,(4,1,1,1,1,1,1,1,1,1,1,1,1,1,1,1,1,1,1,1,1,1,4),
  (0.951717871998,0.956195536943,0.960673201887,0.965150866832,
    0.969628531777,0.974106196722,0.978583861666,0.983061526611,
    0.987539191556,0.9920168565,0.996494521445,1.00097218639,
    1.005449851335,1.009927516279,1.014405181224,1.018882846169,
    1.023360511114,1.027838176058,1.032315841003,1.036793505948,
    1.041271170893,1.045748835837,1.050226500782),
  .QUASI_UNIFORM_KNOTS.);
#1704 = CARTESIAN_POINT('',(5.519382053657,25.000000000505));
#1705 = CARTESIAN_POINT('',(5.521033432046,25.06160184334));
#1706 = CARTESIAN_POINT('',(5.52419189928,25.184812846689));
#1707 = CARTESIAN_POINT('',(5.528491224817,25.369676291128));
#1708 = CARTESIAN_POINT('',(5.532346565404,25.55461050342));
#1709 = CARTESIAN_POINT('',(5.535752671707,25.739643364822));
#1710 = CARTESIAN_POINT('',(5.538704534479,25.924805302689));
#1711 = CARTESIAN_POINT('',(5.541197420009,26.110129299379));
#1712 = CARTESIAN_POINT('',(5.543226861106,26.295651485111));
#1713 = CARTESIAN_POINT('',(5.544788664133,26.48140780363));
#1714 = CARTESIAN_POINT('',(5.545878889285,26.667445722304));
#1715 = CARTESIAN_POINT('',(5.546493914058,26.853779606586));
#1716 = CARTESIAN_POINT('',(5.546630182221,27.040556302821));
#1717 = CARTESIAN_POINT('',(5.546285154412,27.227373962427));
#1718 = CARTESIAN_POINT('',(5.545459914996,27.414136888373));
#1719 = CARTESIAN_POINT('',(5.544155863032,27.600876062733));
#1720 = CARTESIAN_POINT('',(5.542375185838,27.78758660636));
#1721 = CARTESIAN_POINT('',(5.540120739626,27.974270763967));
#1722 = CARTESIAN_POINT('',(5.537396088383,28.160925822798));
#1723 = CARTESIAN_POINT('',(5.534205502569,28.347546771777));
#1724 = CARTESIAN_POINT('',(5.530553960917,28.534125065429));
#1725 = CARTESIAN_POINT('',(5.5264471816,28.720648228472));
#1726 = CARTESIAN_POINT('',(5.521891535561,28.907099993234));
#1727 = CARTESIAN_POINT('',(5.518560115753,29.031338307967));
#1728 = CARTESIAN_POINT('',(5.516822007549,29.093438249718));
#1729 = ( GEOMETRIC_REPRESENTATION_CONTEXT(2) 
PARAMETRIC_REPRESENTATION_CONTEXT() REPRESENTATION_CONTEXT('2D SPACE',''
  ) );
#1730 = ADVANCED_FACE('',(#1731),#1620,.F.);
#1731 = FACE_BOUND('',#1732,.F.);
#1732 = EDGE_LOOP('',(#1733,#1756,#1757,#1780));
#1733 = ORIENTED_EDGE('',*,*,#1734,.F.);
#1734 = EDGE_CURVE('',#1583,#1735,#1737,.T.);
#1735 = VERTEX_POINT('',#1736);
#1736 = CARTESIAN_POINT('',(46.5,12.,3.85));
#1737 = SURFACE_CURVE('',#1738,(#1742,#1749),.PCURVE_S1.);
#1738 = LINE('',#1739,#1740);
#1739 = CARTESIAN_POINT('',(29.5,12.,3.85));
#1740 = VECTOR('',#1741,1.);
#1741 = DIRECTION('',(1.,0.,-0.));
#1742 = PCURVE('',#1620,#1743);
#1743 = DEFINITIONAL_REPRESENTATION('',(#1744),#1748);
#1744 = LINE('',#1745,#1746);
#1745 = CARTESIAN_POINT('',(0.,10.));
#1746 = VECTOR('',#1747,1.);
#1747 = DIRECTION('',(1.,0.));
#1748 = ( GEOMETRIC_REPRESENTATION_CONTEXT(2) 
PARAMETRIC_REPRESENTATION_CONTEXT() REPRESENTATION_CONTEXT('2D SPACE',''
  ) );
#1749 = PCURVE('',#1236,#1750);
#1750 = DEFINITIONAL_REPRESENTATION('',(#1751),#1755);
#1751 = LINE('',#1752,#1753);
#1752 = CARTESIAN_POINT('',(0.,0.));
#1753 = VECTOR('',#1754,1.);
#1754 = DIRECTION('',(0.,1.));
#1755 = ( GEOMETRIC_REPRESENTATION_CONTEXT(2) 
PARAMETRIC_REPRESENTATION_CONTEXT() REPRESENTATION_CONTEXT('2D SPACE',''
  ) );
#1756 = ORIENTED_EDGE('',*,*,#1603,.F.);
#1757 = ORIENTED_EDGE('',*,*,#1758,.T.);
#1758 = EDGE_CURVE('',#1604,#1759,#1761,.T.);
#1759 = VERTEX_POINT('',#1760);
#1760 = CARTESIAN_POINT('',(46.5,2.,3.85));
#1761 = SURFACE_CURVE('',#1762,(#1766,#1773),.PCURVE_S1.);
#1762 = LINE('',#1763,#1764);
#1763 = CARTESIAN_POINT('',(29.5,2.,3.85));
#1764 = VECTOR('',#1765,1.);
#1765 = DIRECTION('',(1.,0.,-0.));
#1766 = PCURVE('',#1620,#1767);
#1767 = DEFINITIONAL_REPRESENTATION('',(#1768),#1772);
#1768 = LINE('',#1769,#1770);
#1769 = CARTESIAN_POINT('',(0.,0.));
#1770 = VECTOR('',#1771,1.);
#1771 = DIRECTION('',(1.,0.));
#1772 = ( GEOMETRIC_REPRESENTATION_CONTEXT(2) 
PARAMETRIC_REPRESENTATION_CONTEXT() REPRESENTATION_CONTEXT('2D SPACE',''
  ) );
#1773 = PCURVE('',#1181,#1774);
#1774 = DEFINITIONAL_REPRESENTATION('',(#1775),#1779);
#1775 = LINE('',#1776,#1777);
#1776 = CARTESIAN_POINT('',(0.,0.));
#1777 = VECTOR('',#1778,1.);
#1778 = DIRECTION('',(0.,1.));
#1779 = ( GEOMETRIC_REPRESENTATION_CONTEXT(2) 
PARAMETRIC_REPRESENTATION_CONTEXT() REPRESENTATION_CONTEXT('2D SPACE',''
  ) );
#1780 = ORIENTED_EDGE('',*,*,#1781,.T.);
#1781 = EDGE_CURVE('',#1759,#1735,#1782,.T.);
#1782 = SURFACE_CURVE('',#1783,(#1787,#1794),.PCURVE_S1.);
#1783 = LINE('',#1784,#1785);
#1784 = CARTESIAN_POINT('',(46.5,2.,3.85));
#1785 = VECTOR('',#1786,1.);
#1786 = DIRECTION('',(-0.,1.,0.));
#1787 = PCURVE('',#1620,#1788);
#1788 = DEFINITIONAL_REPRESENTATION('',(#1789),#1793);
#1789 = LINE('',#1790,#1791);
#1790 = CARTESIAN_POINT('',(17.,0.));
#1791 = VECTOR('',#1792,1.);
#1792 = DIRECTION('',(0.,1.));
#1793 = ( GEOMETRIC_REPRESENTATION_CONTEXT(2) 
PARAMETRIC_REPRESENTATION_CONTEXT() REPRESENTATION_CONTEXT('2D SPACE',''
  ) );
#1794 = PCURVE('',#1795,#1800);
#1795 = PLANE('',#1796);
#1796 = AXIS2_PLACEMENT_3D('',#1797,#1798,#1799);
#1797 = CARTESIAN_POINT('',(46.5,2.,3.85));
#1798 = DIRECTION('',(1.,0.,-0.));
#1799 = DIRECTION('',(0.,0.,1.));
#1800 = DEFINITIONAL_REPRESENTATION('',(#1801),#1805);
#1801 = LINE('',#1802,#1803);
#1802 = CARTESIAN_POINT('',(0.,0.));
#1803 = VECTOR('',#1804,1.);
#1804 = DIRECTION('',(0.,-1.));
#1805 = ( GEOMETRIC_REPRESENTATION_CONTEXT(2) 
PARAMETRIC_REPRESENTATION_CONTEXT() REPRESENTATION_CONTEXT('2D SPACE',''
  ) );
#1806 = ADVANCED_FACE('',(#1807),#1795,.T.);
#1807 = FACE_BOUND('',#1808,.T.);
#1808 = EDGE_LOOP('',(#1809,#1832,#1833,#1856));
#1809 = ORIENTED_EDGE('',*,*,#1810,.F.);
#1810 = EDGE_CURVE('',#1759,#1811,#1813,.T.);
#1811 = VERTEX_POINT('',#1812);
#1812 = CARTESIAN_POINT('',(46.5,2.,51.15));
#1813 = SURFACE_CURVE('',#1814,(#1818,#1825),.PCURVE_S1.);
#1814 = LINE('',#1815,#1816);
#1815 = CARTESIAN_POINT('',(46.5,2.,3.85));
#1816 = VECTOR('',#1817,1.);
#1817 = DIRECTION('',(0.,0.,1.));
#1818 = PCURVE('',#1795,#1819);
#1819 = DEFINITIONAL_REPRESENTATION('',(#1820),#1824);
#1820 = LINE('',#1821,#1822);
#1821 = CARTESIAN_POINT('',(0.,0.));
#1822 = VECTOR('',#1823,1.);
#1823 = DIRECTION('',(1.,0.));
#1824 = ( GEOMETRIC_REPRESENTATION_CONTEXT(2) 
PARAMETRIC_REPRESENTATION_CONTEXT() REPRESENTATION_CONTEXT('2D SPACE',''
  ) );
#1825 = PCURVE('',#1181,#1826);
#1826 = DEFINITIONAL_REPRESENTATION('',(#1827),#1831);
#1827 = LINE('',#1828,#1829);
#1828 = CARTESIAN_POINT('',(0.,17.));
#1829 = VECTOR('',#1830,1.);
#1830 = DIRECTION('',(1.,0.));
#1831 = ( GEOMETRIC_REPRESENTATION_CONTEXT(2) 
PARAMETRIC_REPRESENTATION_CONTEXT() REPRESENTATION_CONTEXT('2D SPACE',''
  ) );
#1832 = ORIENTED_EDGE('',*,*,#1781,.T.);
#1833 = ORIENTED_EDGE('',*,*,#1834,.T.);
#1834 = EDGE_CURVE('',#1735,#1835,#1837,.T.);
#1835 = VERTEX_POINT('',#1836);
#1836 = CARTESIAN_POINT('',(46.5,12.,51.15));
#1837 = SURFACE_CURVE('',#1838,(#1842,#1849),.PCURVE_S1.);
#1838 = LINE('',#1839,#1840);
#1839 = CARTESIAN_POINT('',(46.5,12.,3.85));
#1840 = VECTOR('',#1841,1.);
#1841 = DIRECTION('',(0.,0.,1.));
#1842 = PCURVE('',#1795,#1843);
#1843 = DEFINITIONAL_REPRESENTATION('',(#1844),#1848);
#1844 = LINE('',#1845,#1846);
#1845 = CARTESIAN_POINT('',(0.,-10.));
#1846 = VECTOR('',#1847,1.);
#1847 = DIRECTION('',(1.,0.));
#1848 = ( GEOMETRIC_REPRESENTATION_CONTEXT(2) 
PARAMETRIC_REPRESENTATION_CONTEXT() REPRESENTATION_CONTEXT('2D SPACE',''
  ) );
#1849 = PCURVE('',#1236,#1850);
#1850 = DEFINITIONAL_REPRESENTATION('',(#1851),#1855);
#1851 = LINE('',#1852,#1853);
#1852 = CARTESIAN_POINT('',(0.,17.));
#1853 = VECTOR('',#1854,1.);
#1854 = DIRECTION('',(1.,0.));
#1855 = ( GEOMETRIC_REPRESENTATION_CONTEXT(2) 
PARAMETRIC_REPRESENTATION_CONTEXT() REPRESENTATION_CONTEXT('2D SPACE',''
  ) );
#1856 = ORIENTED_EDGE('',*,*,#1857,.F.);
#1857 = EDGE_CURVE('',#1811,#1835,#1858,.T.);
#1858 = SURFACE_CURVE('',#1859,(#1863,#1870),.PCURVE_S1.);
#1859 = LINE('',#1860,#1861);
#1860 = CARTESIAN_POINT('',(46.5,2.,51.15));
#1861 = VECTOR('',#1862,1.);
#1862 = DIRECTION('',(-0.,1.,0.));
#1863 = PCURVE('',#1795,#1864);
#1864 = DEFINITIONAL_REPRESENTATION('',(#1865),#1869);
#1865 = LINE('',#1866,#1867);
#1866 = CARTESIAN_POINT('',(47.3,0.));
#1867 = VECTOR('',#1868,1.);
#1868 = DIRECTION('',(0.,-1.));
#1869 = ( GEOMETRIC_REPRESENTATION_CONTEXT(2) 
PARAMETRIC_REPRESENTATION_CONTEXT() REPRESENTATION_CONTEXT('2D SPACE',''
  ) );
#1870 = PCURVE('',#1209,#1871);
#1871 = DEFINITIONAL_REPRESENTATION('',(#1872),#1876);
#1872 = LINE('',#1873,#1874);
#1873 = CARTESIAN_POINT('',(17.,0.));
#1874 = VECTOR('',#1875,1.);
#1875 = DIRECTION('',(0.,1.));
#1876 = ( GEOMETRIC_REPRESENTATION_CONTEXT(2) 
PARAMETRIC_REPRESENTATION_CONTEXT() REPRESENTATION_CONTEXT('2D SPACE',''
  ) );
#1877 = ADVANCED_FACE('',(#1878),#1236,.T.);
#1878 = FACE_BOUND('',#1879,.T.);
#1879 = EDGE_LOOP('',(#1880,#1881,#1882,#1910,#1936,#1937,#1958));
#1880 = ORIENTED_EDGE('',*,*,#1734,.F.);
#1881 = ORIENTED_EDGE('',*,*,#1582,.T.);
#1882 = ORIENTED_EDGE('',*,*,#1883,.T.);
#1883 = EDGE_CURVE('',#1248,#1884,#1886,.T.);
#1884 = VERTEX_POINT('',#1885);
#1885 = CARTESIAN_POINT('',(40.7,12.,27.5));
#1886 = SURFACE_CURVE('',#1887,(#1892,#1903),.PCURVE_S1.);
#1887 = CIRCLE('',#1888,2.7);
#1888 = AXIS2_PLACEMENT_3D('',#1889,#1890,#1891);
#1889 = CARTESIAN_POINT('',(38.,12.,27.5));
#1890 = DIRECTION('',(0.,-1.,2.22044604925E-16));
#1891 = DIRECTION('',(1.,0.,0.));
#1892 = PCURVE('',#1236,#1893);
#1893 = DEFINITIONAL_REPRESENTATION('',(#1894),#1902);
#1894 = ( BOUNDED_CURVE() B_SPLINE_CURVE(2,(#1895,#1896,#1897,#1898,
#1899,#1900,#1901),.UNSPECIFIED.,.T.,.F.) B_SPLINE_CURVE_WITH_KNOTS((1,2
    ,2,2,2,1),(-2.094395102393,0.,2.094395102393,4.188790204786,
6.28318530718,8.377580409573),.UNSPECIFIED.) CURVE() 
GEOMETRIC_REPRESENTATION_ITEM() RATIONAL_B_SPLINE_CURVE((1.,0.5,1.,0.5,
1.,0.5,1.)) REPRESENTATION_ITEM('') );
#1895 = CARTESIAN_POINT('',(23.65,11.2));
#1896 = CARTESIAN_POINT('',(28.326537180436,11.2));
#1897 = CARTESIAN_POINT('',(25.988268590218,7.15));
#1898 = CARTESIAN_POINT('',(23.65,3.1));
#1899 = CARTESIAN_POINT('',(21.311731409782,7.15));
#1900 = CARTESIAN_POINT('',(18.973462819564,11.2));
#1901 = CARTESIAN_POINT('',(23.65,11.2));
#1902 = ( GEOMETRIC_REPRESENTATION_CONTEXT(2) 
PARAMETRIC_REPRESENTATION_CONTEXT() REPRESENTATION_CONTEXT('2D SPACE',''
  ) );
#1903 = PCURVE('',#1132,#1904);
#1904 = DEFINITIONAL_REPRESENTATION('',(#1905),#1909);
#1905 = LINE('',#1906,#1907);
#1906 = CARTESIAN_POINT('',(0.,15.));
#1907 = VECTOR('',#1908,1.);
#1908 = DIRECTION('',(1.,0.));
#1909 = ( GEOMETRIC_REPRESENTATION_CONTEXT(2) 
PARAMETRIC_REPRESENTATION_CONTEXT() REPRESENTATION_CONTEXT('2D SPACE',''
  ) );
#1910 = ORIENTED_EDGE('',*,*,#1911,.T.);
#1911 = EDGE_CURVE('',#1884,#1222,#1912,.T.);
#1912 = SURFACE_CURVE('',#1913,(#1918,#1929),.PCURVE_S1.);
#1913 = CIRCLE('',#1914,2.7);
#1914 = AXIS2_PLACEMENT_3D('',#1915,#1916,#1917);
#1915 = CARTESIAN_POINT('',(38.,12.,27.5));
#1916 = DIRECTION('',(0.,-1.,2.22044604925E-16));
#1917 = DIRECTION('',(1.,0.,0.));
#1918 = PCURVE('',#1236,#1919);
#1919 = DEFINITIONAL_REPRESENTATION('',(#1920),#1928);
#1920 = ( BOUNDED_CURVE() B_SPLINE_CURVE(2,(#1921,#1922,#1923,#1924,
#1925,#1926,#1927),.UNSPECIFIED.,.T.,.F.) B_SPLINE_CURVE_WITH_KNOTS((1,2
    ,2,2,2,1),(-2.094395102393,0.,2.094395102393,4.188790204786,
6.28318530718,8.377580409573),.UNSPECIFIED.) CURVE() 
GEOMETRIC_REPRESENTATION_ITEM() RATIONAL_B_SPLINE_CURVE((1.,0.5,1.,0.5,
1.,0.5,1.)) REPRESENTATION_ITEM('') );
#1921 = CARTESIAN_POINT('',(23.65,11.2));
#1922 = CARTESIAN_POINT('',(28.326537180436,11.2));
#1923 = CARTESIAN_POINT('',(25.988268590218,7.15));
#1924 = CARTESIAN_POINT('',(23.65,3.1));
#1925 = CARTESIAN_POINT('',(21.311731409782,7.15));
#1926 = CARTESIAN_POINT('',(18.973462819564,11.2));
#1927 = CARTESIAN_POINT('',(23.65,11.2));
#1928 = ( GEOMETRIC_REPRESENTATION_CONTEXT(2) 
PARAMETRIC_REPRESENTATION_CONTEXT() REPRESENTATION_CONTEXT('2D SPACE',''
  ) );
#1929 = PCURVE('',#1132,#1930);
#1930 = DEFINITIONAL_REPRESENTATION('',(#1931),#1935);
#1931 = LINE('',#1932,#1933);
#1932 = CARTESIAN_POINT('',(0.,15.));
#1933 = VECTOR('',#1934,1.);
#1934 = DIRECTION('',(1.,0.));
#1935 = ( GEOMETRIC_REPRESENTATION_CONTEXT(2) 
PARAMETRIC_REPRESENTATION_CONTEXT() REPRESENTATION_CONTEXT('2D SPACE',''
  ) );
#1936 = ORIENTED_EDGE('',*,*,#1221,.T.);
#1937 = ORIENTED_EDGE('',*,*,#1938,.T.);
#1938 = EDGE_CURVE('',#1193,#1835,#1939,.T.);
#1939 = SURFACE_CURVE('',#1940,(#1944,#1951),.PCURVE_S1.);
#1940 = LINE('',#1941,#1942);
#1941 = CARTESIAN_POINT('',(29.5,12.,51.15));
#1942 = VECTOR('',#1943,1.);
#1943 = DIRECTION('',(1.,0.,-0.));
#1944 = PCURVE('',#1236,#1945);
#1945 = DEFINITIONAL_REPRESENTATION('',(#1946),#1950);
#1946 = LINE('',#1947,#1948);
#1947 = CARTESIAN_POINT('',(47.3,0.));
#1948 = VECTOR('',#1949,1.);
#1949 = DIRECTION('',(0.,1.));
#1950 = ( GEOMETRIC_REPRESENTATION_CONTEXT(2) 
PARAMETRIC_REPRESENTATION_CONTEXT() REPRESENTATION_CONTEXT('2D SPACE',''
  ) );
#1951 = PCURVE('',#1209,#1952);
#1952 = DEFINITIONAL_REPRESENTATION('',(#1953),#1957);
#1953 = LINE('',#1954,#1955);
#1954 = CARTESIAN_POINT('',(0.,10.));
#1955 = VECTOR('',#1956,1.);
#1956 = DIRECTION('',(1.,0.));
#1957 = ( GEOMETRIC_REPRESENTATION_CONTEXT(2) 
PARAMETRIC_REPRESENTATION_CONTEXT() REPRESENTATION_CONTEXT('2D SPACE',''
  ) );
#1958 = ORIENTED_EDGE('',*,*,#1834,.F.);
#1959 = ADVANCED_FACE('',(#1960),#1209,.T.);
#1960 = FACE_BOUND('',#1961,.T.);
#1961 = EDGE_LOOP('',(#1962,#1963,#1964,#1985));
#1962 = ORIENTED_EDGE('',*,*,#1938,.F.);
#1963 = ORIENTED_EDGE('',*,*,#1192,.F.);
#1964 = ORIENTED_EDGE('',*,*,#1965,.T.);
#1965 = EDGE_CURVE('',#1167,#1811,#1966,.T.);
#1966 = SURFACE_CURVE('',#1967,(#1971,#1978),.PCURVE_S1.);
#1967 = LINE('',#1968,#1969);
#1968 = CARTESIAN_POINT('',(29.5,2.,51.15));
#1969 = VECTOR('',#1970,1.);
#1970 = DIRECTION('',(1.,0.,-0.));
#1971 = PCURVE('',#1209,#1972);
#1972 = DEFINITIONAL_REPRESENTATION('',(#1973),#1977);
#1973 = LINE('',#1974,#1975);
#1974 = CARTESIAN_POINT('',(0.,0.));
#1975 = VECTOR('',#1976,1.);
#1976 = DIRECTION('',(1.,0.));
#1977 = ( GEOMETRIC_REPRESENTATION_CONTEXT(2) 
PARAMETRIC_REPRESENTATION_CONTEXT() REPRESENTATION_CONTEXT('2D SPACE',''
  ) );
#1978 = PCURVE('',#1181,#1979);
#1979 = DEFINITIONAL_REPRESENTATION('',(#1980),#1984);
#1980 = LINE('',#1981,#1982);
#1981 = CARTESIAN_POINT('',(47.3,0.));
#1982 = VECTOR('',#1983,1.);
#1983 = DIRECTION('',(0.,1.));
#1984 = ( GEOMETRIC_REPRESENTATION_CONTEXT(2) 
PARAMETRIC_REPRESENTATION_CONTEXT() REPRESENTATION_CONTEXT('2D SPACE',''
  ) );
#1985 = ORIENTED_EDGE('',*,*,#1857,.T.);
#1986 = ADVANCED_FACE('',(#1987),#1181,.F.);
#1987 = FACE_BOUND('',#1988,.F.);
#1988 = EDGE_LOOP('',(#1989,#1990,#1991,#2019,#2045,#2046,#2047));
#1989 = ORIENTED_EDGE('',*,*,#1758,.F.);
#1990 = ORIENTED_EDGE('',*,*,#1632,.T.);
#1991 = ORIENTED_EDGE('',*,*,#1992,.T.);
#1992 = EDGE_CURVE('',#1633,#1993,#1995,.T.);
#1993 = VERTEX_POINT('',#1994);
#1994 = CARTESIAN_POINT('',(40.7,2.,27.5));
#1995 = SURFACE_CURVE('',#1996,(#2001,#2012),.PCURVE_S1.);
#1996 = CIRCLE('',#1997,2.7);
#1997 = AXIS2_PLACEMENT_3D('',#1998,#1999,#2000);
#1998 = CARTESIAN_POINT('',(38.,2.,27.5));
#1999 = DIRECTION('',(0.,-1.,2.22044604925E-16));
#2000 = DIRECTION('',(1.,0.,0.));
#2001 = PCURVE('',#1181,#2002);
#2002 = DEFINITIONAL_REPRESENTATION('',(#2003),#2011);
#2003 = ( BOUNDED_CURVE() B_SPLINE_CURVE(2,(#2004,#2005,#2006,#2007,
#2008,#2009,#2010),.UNSPECIFIED.,.T.,.F.) B_SPLINE_CURVE_WITH_KNOTS((1,2
    ,2,2,2,1),(-2.094395102393,0.,2.094395102393,4.188790204786,
6.28318530718,8.377580409573),.UNSPECIFIED.) CURVE() 
GEOMETRIC_REPRESENTATION_ITEM() RATIONAL_B_SPLINE_CURVE((1.,0.5,1.,0.5,
1.,0.5,1.)) REPRESENTATION_ITEM('') );
#2004 = CARTESIAN_POINT('',(23.65,11.2));
#2005 = CARTESIAN_POINT('',(28.326537180436,11.2));
#2006 = CARTESIAN_POINT('',(25.988268590218,7.15));
#2007 = CARTESIAN_POINT('',(23.65,3.1));
#2008 = CARTESIAN_POINT('',(21.311731409782,7.15));
#2009 = CARTESIAN_POINT('',(18.973462819564,11.2));
#2010 = CARTESIAN_POINT('',(23.65,11.2));
#2011 = ( GEOMETRIC_REPRESENTATION_CONTEXT(2) 
PARAMETRIC_REPRESENTATION_CONTEXT() REPRESENTATION_CONTEXT('2D SPACE',''
  ) );
#2012 = PCURVE('',#1132,#2013);
#2013 = DEFINITIONAL_REPRESENTATION('',(#2014),#2018);
#2014 = LINE('',#2015,#2016);
#2015 = CARTESIAN_POINT('',(0.,25.));
#2016 = VECTOR('',#2017,1.);
#2017 = DIRECTION('',(1.,0.));
#2018 = ( GEOMETRIC_REPRESENTATION_CONTEXT(2) 
PARAMETRIC_REPRESENTATION_CONTEXT() REPRESENTATION_CONTEXT('2D SPACE',''
  ) );
#2019 = ORIENTED_EDGE('',*,*,#2020,.T.);
#2020 = EDGE_CURVE('',#1993,#1082,#2021,.T.);
#2021 = SURFACE_CURVE('',#2022,(#2027,#2038),.PCURVE_S1.);
#2022 = CIRCLE('',#2023,2.7);
#2023 = AXIS2_PLACEMENT_3D('',#2024,#2025,#2026);
#2024 = CARTESIAN_POINT('',(38.,2.,27.5));
#2025 = DIRECTION('',(0.,-1.,2.22044604925E-16));
#2026 = DIRECTION('',(1.,0.,0.));
#2027 = PCURVE('',#1181,#2028);
#2028 = DEFINITIONAL_REPRESENTATION('',(#2029),#2037);
#2029 = ( BOUNDED_CURVE() B_SPLINE_CURVE(2,(#2030,#2031,#2032,#2033,
#2034,#2035,#2036),.UNSPECIFIED.,.T.,.F.) B_SPLINE_CURVE_WITH_KNOTS((1,2
    ,2,2,2,1),(-2.094395102393,0.,2.094395102393,4.188790204786,
6.28318530718,8.377580409573),.UNSPECIFIED.) CURVE() 
GEOMETRIC_REPRESENTATION_ITEM() RATIONAL_B_SPLINE_CURVE((1.,0.5,1.,0.5,
1.,0.5,1.)) REPRESENTATION_ITEM('') );
#2030 = CARTESIAN_POINT('',(23.65,11.2));
#2031 = CARTESIAN_POINT('',(28.326537180436,11.2));
#2032 = CARTESIAN_POINT('',(25.988268590218,7.15));
#2033 = CARTESIAN_POINT('',(23.65,3.1));
#2034 = CARTESIAN_POINT('',(21.311731409782,7.15));
#2035 = CARTESIAN_POINT('',(18.973462819564,11.2));
#2036 = CARTESIAN_POINT('',(23.65,11.2));
#2037 = ( GEOMETRIC_REPRESENTATION_CONTEXT(2) 
PARAMETRIC_REPRESENTATION_CONTEXT() REPRESENTATION_CONTEXT('2D SPACE',''
  ) );
#2038 = PCURVE('',#1132,#2039);
#2039 = DEFINITIONAL_REPRESENTATION('',(#2040),#2044);
#2040 = LINE('',#2041,#2042);
#2041 = CARTESIAN_POINT('',(0.,25.));
#2042 = VECTOR('',#2043,1.);
#2043 = DIRECTION('',(1.,0.));
#2044 = ( GEOMETRIC_REPRESENTATION_CONTEXT(2) 
PARAMETRIC_REPRESENTATION_CONTEXT() REPRESENTATION_CONTEXT('2D SPACE',''
  ) );
#2045 = ORIENTED_EDGE('',*,*,#1166,.T.);
#2046 = ORIENTED_EDGE('',*,*,#1965,.T.);
#2047 = ORIENTED_EDGE('',*,*,#1810,.F.);
#2048 = ADVANCED_FACE('',(#2049),#1132,.F.);
#2049 = FACE_BOUND('',#2050,.F.);
#2050 = EDGE_LOOP('',(#2051,#2052,#2073,#2074,#2075,#2076,#2077,#2078,
    #2079,#2114));
#2051 = ORIENTED_EDGE('',*,*,#2020,.F.);
#2052 = ORIENTED_EDGE('',*,*,#2053,.F.);
#2053 = EDGE_CURVE('',#1884,#1993,#2054,.T.);
#2054 = SEAM_CURVE('',#2055,(#2059,#2066),.PCURVE_S1.);
#2055 = LINE('',#2056,#2057);
#2056 = CARTESIAN_POINT('',(40.7,27.,27.5));
#2057 = VECTOR('',#2058,1.);
#2058 = DIRECTION('',(0.,-1.,2.22044604925E-16));
#2059 = PCURVE('',#1132,#2060);
#2060 = DEFINITIONAL_REPRESENTATION('',(#2061),#2065);
#2061 = LINE('',#2062,#2063);
#2062 = CARTESIAN_POINT('',(0.,-0.));
#2063 = VECTOR('',#2064,1.);
#2064 = DIRECTION('',(0.,1.));
#2065 = ( GEOMETRIC_REPRESENTATION_CONTEXT(2) 
PARAMETRIC_REPRESENTATION_CONTEXT() REPRESENTATION_CONTEXT('2D SPACE',''
  ) );
#2066 = PCURVE('',#1132,#2067);
#2067 = DEFINITIONAL_REPRESENTATION('',(#2068),#2072);
#2068 = LINE('',#2069,#2070);
#2069 = CARTESIAN_POINT('',(6.28318530718,-0.));
#2070 = VECTOR('',#2071,1.);
#2071 = DIRECTION('',(0.,1.));
#2072 = ( GEOMETRIC_REPRESENTATION_CONTEXT(2) 
PARAMETRIC_REPRESENTATION_CONTEXT() REPRESENTATION_CONTEXT('2D SPACE',''
  ) );
#2073 = ORIENTED_EDGE('',*,*,#1911,.T.);
#2074 = ORIENTED_EDGE('',*,*,#1247,.T.);
#2075 = ORIENTED_EDGE('',*,*,#1883,.T.);
#2076 = ORIENTED_EDGE('',*,*,#2053,.T.);
#2077 = ORIENTED_EDGE('',*,*,#1992,.F.);
#2078 = ORIENTED_EDGE('',*,*,#1653,.T.);
#2079 = ORIENTED_EDGE('',*,*,#2080,.T.);
#2080 = EDGE_CURVE('',#24,#1061,#2081,.T.);
#2081 = SURFACE_CURVE('',#2082,(#2087,#2107),.PCURVE_S1.);
#2082 = ELLIPSE('',#2083,2.703705334194,2.7);
#2083 = AXIS2_PLACEMENT_3D('',#2084,#2085,#2086);
#2084 = CARTESIAN_POINT('',(38.,-1.991495612756,27.5));
#2085 = DIRECTION('',(5.233595624294E-02,0.998629534755,0.));
#2086 = DIRECTION('',(0.998629534755,-5.233595624294E-02,
    4.242677899957E-15));
#2087 = PCURVE('',#1132,#2088);
#2088 = DEFINITIONAL_REPRESENTATION('',(#2089),#2106);
#2089 = B_SPLINE_CURVE_WITH_KNOTS('',8,(#2090,#2091,#2092,#2093,#2094,
    #2095,#2096,#2097,#2098,#2099,#2100,#2101,#2102,#2103,#2104,#2105),
  .UNSPECIFIED.,.F.,.F.,(9,7,9),(0.438548532506,3.14159265359,
    5.844636774674),.UNSPECIFIED.);
#2090 = CARTESIAN_POINT('',(5.844636774674,29.119606227839));
#2091 = CARTESIAN_POINT('',(5.506756259538,29.099304684878));
#2092 = CARTESIAN_POINT('',(5.168875744407,29.062287135781));
#2093 = CARTESIAN_POINT('',(4.830995229247,29.012095484126));
#2094 = CARTESIAN_POINT('',(4.493114714161,28.956288371061));
#2095 = CARTESIAN_POINT('',(4.155234198975,28.905374046852));
#2096 = CARTESIAN_POINT('',(3.817353683864,28.868457645673));
#2097 = CARTESIAN_POINT('',(3.479473168725,28.849994608691));
#2098 = CARTESIAN_POINT('',(2.803712138454,28.849994608691));
#2099 = CARTESIAN_POINT('',(2.465831623317,28.86845764568));
#2100 = CARTESIAN_POINT('',(2.127951108185,28.905374046968));
#2101 = CARTESIAN_POINT('',(1.790070593041,28.956288370944));
#2102 = CARTESIAN_POINT('',(1.452190077914,29.012095484271));
#2103 = CARTESIAN_POINT('',(1.114309562776,29.062287135759));
#2104 = CARTESIAN_POINT('',(0.776429047642,29.099304684878));
#2105 = CARTESIAN_POINT('',(0.438548532506,29.119606227839));
#2106 = ( GEOMETRIC_REPRESENTATION_CONTEXT(2) 
PARAMETRIC_REPRESENTATION_CONTEXT() REPRESENTATION_CONTEXT('2D SPACE',''
  ) );
#2107 = PCURVE('',#43,#2108);
#2108 = DEFINITIONAL_REPRESENTATION('',(#2109),#2113);
#2109 = ELLIPSE('',#2110,2.703705334194,2.7);
#2110 = AXIS2_PLACEMENT_2D('',#2111,#2112);
#2111 = CARTESIAN_POINT('',(110.,118.05214914792));
#2112 = DIRECTION('',(4.242677899957E-15,1.));
#2113 = ( GEOMETRIC_REPRESENTATION_CONTEXT(2) 
PARAMETRIC_REPRESENTATION_CONTEXT() REPRESENTATION_CONTEXT('2D SPACE',''
  ) );
#2114 = ORIENTED_EDGE('',*,*,#1081,.T.);
#2115 = ADVANCED_FACE('',(#2116),#1044,.T.);
#2116 = FACE_BOUND('',#2117,.T.);
#2117 = EDGE_LOOP('',(#2118,#2140,#2141,#2163));
#2118 = ORIENTED_EDGE('',*,*,#2119,.F.);
#2119 = EDGE_CURVE('',#1028,#2120,#2122,.T.);
#2120 = VERTEX_POINT('',#2121);
#2121 = CARTESIAN_POINT('',(34.95203371641,-1.831758468503,55.));
#2122 = SURFACE_CURVE('',#2123,(#2127,#2134),.PCURVE_S1.);
#2123 = LINE('',#2124,#2125);
#2124 = CARTESIAN_POINT('',(-39.94518139018,2.093438249718,55.));
#2125 = VECTOR('',#2126,1.);
#2126 = DIRECTION('',(-0.998629534755,5.233595624294E-02,0.));
#2127 = PCURVE('',#1044,#2128);
#2128 = DEFINITIONAL_REPRESENTATION('',(#2129),#2133);
#2129 = LINE('',#2130,#2131);
#2130 = CARTESIAN_POINT('',(-39.94518139018,2.093438249718));
#2131 = VECTOR('',#2132,1.);
#2132 = DIRECTION('',(-0.998629534755,5.233595624294E-02));
#2133 = ( GEOMETRIC_REPRESENTATION_CONTEXT(2) 
PARAMETRIC_REPRESENTATION_CONTEXT() REPRESENTATION_CONTEXT('2D SPACE',''
  ) );
#2134 = PCURVE('',#43,#2135);
#2135 = DEFINITIONAL_REPRESENTATION('',(#2136),#2139);
#2136 = B_SPLINE_CURVE_WITH_KNOTS('',1,(#2137,#2138),.UNSPECIFIED.,.F.,
  .F.,(2,2),(-80.05489383991,5.489383991684E-02),
  .PIECEWISE_BEZIER_KNOTS.);
#2137 = CARTESIAN_POINT('',(137.5,120.05489383991));
#2138 = CARTESIAN_POINT('',(137.5,39.945106160083));
#2139 = ( GEOMETRIC_REPRESENTATION_CONTEXT(2) 
PARAMETRIC_REPRESENTATION_CONTEXT() REPRESENTATION_CONTEXT('2D SPACE',''
  ) );
#2140 = ORIENTED_EDGE('',*,*,#1027,.F.);
#2141 = ORIENTED_EDGE('',*,*,#2142,.T.);
#2142 = EDGE_CURVE('',#1007,#2143,#2145,.T.);
#2143 = VERTEX_POINT('',#2144);
#2144 = CARTESIAN_POINT('',(-34.95203371641,-1.831758468503,55.));
#2145 = SURFACE_CURVE('',#2146,(#2150,#2157),.PCURVE_S1.);
#2146 = LINE('',#2147,#2148);
#2147 = CARTESIAN_POINT('',(39.945181390183,2.093438249718,55.));
#2148 = VECTOR('',#2149,1.);
#2149 = DIRECTION('',(0.998629534755,5.233595624294E-02,-0.));
#2150 = PCURVE('',#1044,#2151);
#2151 = DEFINITIONAL_REPRESENTATION('',(#2152),#2156);
#2152 = LINE('',#2153,#2154);
#2153 = CARTESIAN_POINT('',(39.945181390183,2.093438249718));
#2154 = VECTOR('',#2155,1.);
#2155 = DIRECTION('',(0.998629534755,5.233595624294E-02));
#2156 = ( GEOMETRIC_REPRESENTATION_CONTEXT(2) 
PARAMETRIC_REPRESENTATION_CONTEXT() REPRESENTATION_CONTEXT('2D SPACE',''
  ) );
#2157 = PCURVE('',#98,#2158);
#2158 = DEFINITIONAL_REPRESENTATION('',(#2159),#2162);
#2159 = B_SPLINE_CURVE_WITH_KNOTS('',1,(#2160,#2161),.UNSPECIFIED.,.F.,
  .F.,(2,2),(-80.05489383991,-38.60210436451),.PIECEWISE_BEZIER_KNOTS.);
#2160 = CARTESIAN_POINT('',(137.5,120.05489383991));
#2161 = CARTESIAN_POINT('',(137.5,78.602104364515));
#2162 = ( GEOMETRIC_REPRESENTATION_CONTEXT(2) 
PARAMETRIC_REPRESENTATION_CONTEXT() REPRESENTATION_CONTEXT('2D SPACE',''
  ) );
#2163 = ORIENTED_EDGE('',*,*,#2164,.T.);
#2164 = EDGE_CURVE('',#2143,#2120,#2165,.T.);
#2165 = SURFACE_CURVE('',#2166,(#2171,#2182),.PCURVE_S1.);
#2166 = CIRCLE('',#2167,35.);
#2167 = AXIS2_PLACEMENT_3D('',#2168,#2169,#2170);
#2168 = CARTESIAN_POINT('',(0.,0.,55.));
#2169 = DIRECTION('',(-0.,0.,-1.));
#2170 = DIRECTION('',(-0.998629534755,-5.233595624294E-02,0.));
#2171 = PCURVE('',#1044,#2172);
#2172 = DEFINITIONAL_REPRESENTATION('',(#2173),#2181);
#2173 = ( BOUNDED_CURVE() B_SPLINE_CURVE(2,(#2174,#2175,#2176,#2177,
#2178,#2179,#2180),.UNSPECIFIED.,.T.,.F.) B_SPLINE_CURVE_WITH_KNOTS((1,2
    ,2,2,2,1),(-2.094395102393,0.,2.094395102393,4.188790204786,
6.28318530718,8.377580409573),.UNSPECIFIED.) CURVE() 
GEOMETRIC_REPRESENTATION_ITEM() RATIONAL_B_SPLINE_CURVE((1.,0.5,1.,0.5,
1.,0.5,1.)) REPRESENTATION_ITEM('') );
#2174 = CARTESIAN_POINT('',(-34.95203371641,-1.831758468503));
#2175 = CARTESIAN_POINT('',(-38.12473245105,58.70693975618));
#2176 = CARTESIAN_POINT('',(15.889667490884,31.185228346593));
#2177 = CARTESIAN_POINT('',(69.90406743282,3.663516937006));
#2178 = CARTESIAN_POINT('',(19.062366225526,-29.35346987809));
#2179 = CARTESIAN_POINT('',(-31.77933498176,-62.37045669318));
#2180 = CARTESIAN_POINT('',(-34.95203371641,-1.831758468503));
#2181 = ( GEOMETRIC_REPRESENTATION_CONTEXT(2) 
PARAMETRIC_REPRESENTATION_CONTEXT() REPRESENTATION_CONTEXT('2D SPACE',''
  ) );
#2182 = PCURVE('',#2183,#2188);
#2183 = CYLINDRICAL_SURFACE('',#2184,35.);
#2184 = AXIS2_PLACEMENT_3D('',#2185,#2186,#2187);
#2185 = CARTESIAN_POINT('',(0.,0.,-82.5));
#2186 = DIRECTION('',(0.,0.,1.));
#2187 = DIRECTION('',(1.,0.,-0.));
#2188 = DEFINITIONAL_REPRESENTATION('',(#2189),#2193);
#2189 = LINE('',#2190,#2191);
#2190 = CARTESIAN_POINT('',(9.477137838329,137.5));
#2191 = VECTOR('',#2192,1.);
#2192 = DIRECTION('',(-1.,-0.));
#2193 = ( GEOMETRIC_REPRESENTATION_CONTEXT(2) 
PARAMETRIC_REPRESENTATION_CONTEXT() REPRESENTATION_CONTEXT('2D SPACE',''
  ) );
#2194 = ADVANCED_FACE('',(#2195,#2262,#2374),#2183,.F.);
#2195 = FACE_BOUND('',#2196,.F.);
#2196 = EDGE_LOOP('',(#2197,#2218,#2242,#2261));
#2197 = ORIENTED_EDGE('',*,*,#2198,.F.);
#2198 = EDGE_CURVE('',#2199,#2120,#2201,.T.);
#2199 = VERTEX_POINT('',#2200);
#2200 = CARTESIAN_POINT('',(34.95203371641,-1.831758468503,0.));
#2201 = SURFACE_CURVE('',#2202,(#2206,#2212),.PCURVE_S1.);
#2202 = LINE('',#2203,#2204);
#2203 = CARTESIAN_POINT('',(34.95203371641,-1.831758468503,-82.5));
#2204 = VECTOR('',#2205,1.);
#2205 = DIRECTION('',(0.,0.,1.));
#2206 = PCURVE('',#2183,#2207);
#2207 = DEFINITIONAL_REPRESENTATION('',(#2208),#2211);
#2208 = B_SPLINE_CURVE_WITH_KNOTS('',1,(#2209,#2210),.UNSPECIFIED.,.F.,
  .F.,(2,2),(82.5,137.5),.PIECEWISE_BEZIER_KNOTS.);
#2209 = CARTESIAN_POINT('',(6.23082542962,82.5));
#2210 = CARTESIAN_POINT('',(6.23082542962,137.5));
#2211 = ( GEOMETRIC_REPRESENTATION_CONTEXT(2) 
PARAMETRIC_REPRESENTATION_CONTEXT() REPRESENTATION_CONTEXT('2D SPACE',''
  ) );
#2212 = PCURVE('',#43,#2213);
#2213 = DEFINITIONAL_REPRESENTATION('',(#2214),#2217);
#2214 = B_SPLINE_CURVE_WITH_KNOTS('',1,(#2215,#2216),.UNSPECIFIED.,.F.,
  .F.,(2,2),(82.4999994,137.5000006),.PIECEWISE_BEZIER_KNOTS.);
#2215 = CARTESIAN_POINT('',(82.4999994,115.));
#2216 = CARTESIAN_POINT('',(137.5000006,115.));
#2217 = ( GEOMETRIC_REPRESENTATION_CONTEXT(2) 
PARAMETRIC_REPRESENTATION_CONTEXT() REPRESENTATION_CONTEXT('2D SPACE',''
  ) );
#2218 = ORIENTED_EDGE('',*,*,#2219,.T.);
#2219 = EDGE_CURVE('',#2199,#2220,#2222,.T.);
#2220 = VERTEX_POINT('',#2221);
#2221 = CARTESIAN_POINT('',(-34.95203371641,-1.831758468503,0.));
#2222 = SURFACE_CURVE('',#2223,(#2228,#2235),.PCURVE_S1.);
#2223 = CIRCLE('',#2224,35.);
#2224 = AXIS2_PLACEMENT_3D('',#2225,#2226,#2227);
#2225 = CARTESIAN_POINT('',(0.,0.,0.));
#2226 = DIRECTION('',(-0.,0.,1.));
#2227 = DIRECTION('',(0.998629534755,-5.233595624294E-02,0.));
#2228 = PCURVE('',#2183,#2229);
#2229 = DEFINITIONAL_REPRESENTATION('',(#2230),#2234);
#2230 = LINE('',#2231,#2232);
#2231 = CARTESIAN_POINT('',(6.23082542962,82.5));
#2232 = VECTOR('',#2233,1.);
#2233 = DIRECTION('',(1.,0.));
#2234 = ( GEOMETRIC_REPRESENTATION_CONTEXT(2) 
PARAMETRIC_REPRESENTATION_CONTEXT() REPRESENTATION_CONTEXT('2D SPACE',''
  ) );
#2235 = PCURVE('',#71,#2236);
#2236 = DEFINITIONAL_REPRESENTATION('',(#2237),#2241);
#2237 = CIRCLE('',#2238,35.);
#2238 = AXIS2_PLACEMENT_2D('',#2239,#2240);
#2239 = CARTESIAN_POINT('',(0.,0.));
#2240 = DIRECTION('',(0.998629534755,-5.233595624294E-02));
#2241 = ( GEOMETRIC_REPRESENTATION_CONTEXT(2) 
PARAMETRIC_REPRESENTATION_CONTEXT() REPRESENTATION_CONTEXT('2D SPACE',''
  ) );
#2242 = ORIENTED_EDGE('',*,*,#2243,.T.);
#2243 = EDGE_CURVE('',#2220,#2143,#2244,.T.);
#2244 = SURFACE_CURVE('',#2245,(#2249,#2255),.PCURVE_S1.);
#2245 = LINE('',#2246,#2247);
#2246 = CARTESIAN_POINT('',(-34.95203371641,-1.831758468503,-82.5));
#2247 = VECTOR('',#2248,1.);
#2248 = DIRECTION('',(0.,0.,1.));
#2249 = PCURVE('',#2183,#2250);
#2250 = DEFINITIONAL_REPRESENTATION('',(#2251),#2254);
#2251 = B_SPLINE_CURVE_WITH_KNOTS('',1,(#2252,#2253),.UNSPECIFIED.,.F.,
  .F.,(2,2),(82.5,137.5),.PIECEWISE_BEZIER_KNOTS.);
#2252 = CARTESIAN_POINT('',(9.477137838329,82.5));
#2253 = CARTESIAN_POINT('',(9.477137838329,137.5));
#2254 = ( GEOMETRIC_REPRESENTATION_CONTEXT(2) 
PARAMETRIC_REPRESENTATION_CONTEXT() REPRESENTATION_CONTEXT('2D SPACE',''
  ) );
#2255 = PCURVE('',#98,#2256);
#2256 = DEFINITIONAL_REPRESENTATION('',(#2257),#2260);
#2257 = B_SPLINE_CURVE_WITH_KNOTS('',1,(#2258,#2259),.UNSPECIFIED.,.F.,
  .F.,(2,2),(82.4999994,137.5000006),.PIECEWISE_BEZIER_KNOTS.);
#2258 = CARTESIAN_POINT('',(82.4999994,115.));
#2259 = CARTESIAN_POINT('',(137.5000006,115.));
#2260 = ( GEOMETRIC_REPRESENTATION_CONTEXT(2) 
PARAMETRIC_REPRESENTATION_CONTEXT() REPRESENTATION_CONTEXT('2D SPACE',''
  ) );
#2261 = ORIENTED_EDGE('',*,*,#2164,.T.);
#2262 = FACE_BOUND('',#2263,.F.);
#2263 = EDGE_LOOP('',(#2264,#2295,#2321,#2350));
#2264 = ORIENTED_EDGE('',*,*,#2265,.F.);
#2265 = EDGE_CURVE('',#2266,#2268,#2270,.T.);
#2266 = VERTEX_POINT('',#2267);
#2267 = CARTESIAN_POINT('',(34.942810419312,2.,3.85));
#2268 = VERTEX_POINT('',#2269);
#2269 = CARTESIAN_POINT('',(32.878564445547,12.,3.85));
#2270 = SURFACE_CURVE('',#2271,(#2276,#2283),.PCURVE_S1.);
#2271 = CIRCLE('',#2272,35.);
#2272 = AXIS2_PLACEMENT_3D('',#2273,#2274,#2275);
#2273 = CARTESIAN_POINT('',(0.,0.,3.85));
#2274 = DIRECTION('',(0.,0.,1.));
#2275 = DIRECTION('',(1.,0.,-0.));
#2276 = PCURVE('',#2183,#2277);
#2277 = DEFINITIONAL_REPRESENTATION('',(#2278),#2282);
#2278 = LINE('',#2279,#2280);
#2279 = CARTESIAN_POINT('',(6.28318530718,86.35));
#2280 = VECTOR('',#2281,1.);
#2281 = DIRECTION('',(1.,0.));
#2282 = ( GEOMETRIC_REPRESENTATION_CONTEXT(2) 
PARAMETRIC_REPRESENTATION_CONTEXT() REPRESENTATION_CONTEXT('2D SPACE',''
  ) );
#2283 = PCURVE('',#2284,#2289);
#2284 = PLANE('',#2285);
#2285 = AXIS2_PLACEMENT_3D('',#2286,#2287,#2288);
#2286 = CARTESIAN_POINT('',(29.5,2.,3.85));
#2287 = DIRECTION('',(0.,0.,1.));
#2288 = DIRECTION('',(1.,0.,-0.));
#2289 = DEFINITIONAL_REPRESENTATION('',(#2290),#2294);
#2290 = CIRCLE('',#2291,35.);
#2291 = AXIS2_PLACEMENT_2D('',#2292,#2293);
#2292 = CARTESIAN_POINT('',(-29.5,-2.));
#2293 = DIRECTION('',(1.,0.));
#2294 = ( GEOMETRIC_REPRESENTATION_CONTEXT(2) 
PARAMETRIC_REPRESENTATION_CONTEXT() REPRESENTATION_CONTEXT('2D SPACE',''
  ) );
#2295 = ORIENTED_EDGE('',*,*,#2296,.T.);
#2296 = EDGE_CURVE('',#2266,#2297,#2299,.T.);
#2297 = VERTEX_POINT('',#2298);
#2298 = CARTESIAN_POINT('',(34.942810419312,2.,51.15));
#2299 = SURFACE_CURVE('',#2300,(#2304,#2310),.PCURVE_S1.);
#2300 = LINE('',#2301,#2302);
#2301 = CARTESIAN_POINT('',(34.942810419312,2.,-82.5));
#2302 = VECTOR('',#2303,1.);
#2303 = DIRECTION('',(0.,0.,1.));
#2304 = PCURVE('',#2183,#2305);
#2305 = DEFINITIONAL_REPRESENTATION('',(#2306),#2309);
#2306 = B_SPLINE_CURVE_WITH_KNOTS('',1,(#2307,#2308),.UNSPECIFIED.,.F.,
  .F.,(2,2),(82.4999976,137.5000024),.PIECEWISE_BEZIER_KNOTS.);
#2307 = CARTESIAN_POINT('',(6.34035930826,82.4999976));
#2308 = CARTESIAN_POINT('',(6.34035930826,137.5000024));
#2309 = ( GEOMETRIC_REPRESENTATION_CONTEXT(2) 
PARAMETRIC_REPRESENTATION_CONTEXT() REPRESENTATION_CONTEXT('2D SPACE',''
  ) );
#2310 = PCURVE('',#2311,#2316);
#2311 = PLANE('',#2312);
#2312 = AXIS2_PLACEMENT_3D('',#2313,#2314,#2315);
#2313 = CARTESIAN_POINT('',(29.5,2.,3.85));
#2314 = DIRECTION('',(-0.,1.,0.));
#2315 = DIRECTION('',(0.,0.,1.));
#2316 = DEFINITIONAL_REPRESENTATION('',(#2317),#2320);
#2317 = B_SPLINE_CURVE_WITH_KNOTS('',1,(#2318,#2319),.UNSPECIFIED.,.F.,
  .F.,(2,2),(82.4999976,137.5000024),.PIECEWISE_BEZIER_KNOTS.);
#2318 = CARTESIAN_POINT('',(-3.8500024,5.442810419312));
#2319 = CARTESIAN_POINT('',(51.1500024,5.442810419312));
#2320 = ( GEOMETRIC_REPRESENTATION_CONTEXT(2) 
PARAMETRIC_REPRESENTATION_CONTEXT() REPRESENTATION_CONTEXT('2D SPACE',''
  ) );
#2321 = ORIENTED_EDGE('',*,*,#2322,.T.);
#2322 = EDGE_CURVE('',#2297,#2323,#2325,.T.);
#2323 = VERTEX_POINT('',#2324);
#2324 = CARTESIAN_POINT('',(32.878564445547,12.,51.15));
#2325 = SURFACE_CURVE('',#2326,(#2331,#2338),.PCURVE_S1.);
#2326 = CIRCLE('',#2327,35.);
#2327 = AXIS2_PLACEMENT_3D('',#2328,#2329,#2330);
#2328 = CARTESIAN_POINT('',(0.,0.,51.15));
#2329 = DIRECTION('',(0.,0.,1.));
#2330 = DIRECTION('',(1.,0.,-0.));
#2331 = PCURVE('',#2183,#2332);
#2332 = DEFINITIONAL_REPRESENTATION('',(#2333),#2337);
#2333 = LINE('',#2334,#2335);
#2334 = CARTESIAN_POINT('',(6.28318530718,133.65));
#2335 = VECTOR('',#2336,1.);
#2336 = DIRECTION('',(1.,0.));
#2337 = ( GEOMETRIC_REPRESENTATION_CONTEXT(2) 
PARAMETRIC_REPRESENTATION_CONTEXT() REPRESENTATION_CONTEXT('2D SPACE',''
  ) );
#2338 = PCURVE('',#2339,#2344);
#2339 = PLANE('',#2340);
#2340 = AXIS2_PLACEMENT_3D('',#2341,#2342,#2343);
#2341 = CARTESIAN_POINT('',(29.5,2.,51.15));
#2342 = DIRECTION('',(0.,0.,1.));
#2343 = DIRECTION('',(1.,0.,-0.));
#2344 = DEFINITIONAL_REPRESENTATION('',(#2345),#2349);
#2345 = CIRCLE('',#2346,35.);
#2346 = AXIS2_PLACEMENT_2D('',#2347,#2348);
#2347 = CARTESIAN_POINT('',(-29.5,-2.));
#2348 = DIRECTION('',(1.,0.));
#2349 = ( GEOMETRIC_REPRESENTATION_CONTEXT(2) 
PARAMETRIC_REPRESENTATION_CONTEXT() REPRESENTATION_CONTEXT('2D SPACE',''
  ) );
#2350 = ORIENTED_EDGE('',*,*,#2351,.F.);
#2351 = EDGE_CURVE('',#2268,#2323,#2352,.T.);
#2352 = SURFACE_CURVE('',#2353,(#2357,#2363),.PCURVE_S1.);
#2353 = LINE('',#2354,#2355);
#2354 = CARTESIAN_POINT('',(32.878564445547,12.,-82.5));
#2355 = VECTOR('',#2356,1.);
#2356 = DIRECTION('',(0.,0.,1.));
#2357 = PCURVE('',#2183,#2358);
#2358 = DEFINITIONAL_REPRESENTATION('',(#2359),#2362);
#2359 = B_SPLINE_CURVE_WITH_KNOTS('',1,(#2360,#2361),.UNSPECIFIED.,.F.,
  .F.,(2,2),(82.4999976,137.5000024),.PIECEWISE_BEZIER_KNOTS.);
#2360 = CARTESIAN_POINT('',(6.633142018423,82.4999976));
#2361 = CARTESIAN_POINT('',(6.633142018423,137.5000024));
#2362 = ( GEOMETRIC_REPRESENTATION_CONTEXT(2) 
PARAMETRIC_REPRESENTATION_CONTEXT() REPRESENTATION_CONTEXT('2D SPACE',''
  ) );
#2363 = PCURVE('',#2364,#2369);
#2364 = PLANE('',#2365);
#2365 = AXIS2_PLACEMENT_3D('',#2366,#2367,#2368);
#2366 = CARTESIAN_POINT('',(29.5,12.,3.85));
#2367 = DIRECTION('',(-0.,1.,0.));
#2368 = DIRECTION('',(0.,0.,1.));
#2369 = DEFINITIONAL_REPRESENTATION('',(#2370),#2373);
#2370 = B_SPLINE_CURVE_WITH_KNOTS('',1,(#2371,#2372),.UNSPECIFIED.,.F.,
  .F.,(2,2),(82.4999976,137.5000024),.PIECEWISE_BEZIER_KNOTS.);
#2371 = CARTESIAN_POINT('',(-3.8500024,3.378564445547));
#2372 = CARTESIAN_POINT('',(51.1500024,3.378564445547));
#2373 = ( GEOMETRIC_REPRESENTATION_CONTEXT(2) 
PARAMETRIC_REPRESENTATION_CONTEXT() REPRESENTATION_CONTEXT('2D SPACE',''
  ) );
#2374 = FACE_BOUND('',#2375,.F.);
#2375 = EDGE_LOOP('',(#2376,#2404,#2433,#2459));
#2376 = ORIENTED_EDGE('',*,*,#2377,.F.);
#2377 = EDGE_CURVE('',#2378,#2380,#2382,.T.);
#2378 = VERTEX_POINT('',#2379);
#2379 = CARTESIAN_POINT('',(-34.94281041931,2.,3.85));
#2380 = VERTEX_POINT('',#2381);
#2381 = CARTESIAN_POINT('',(-34.94281041931,2.,51.15));
#2382 = SURFACE_CURVE('',#2383,(#2387,#2393),.PCURVE_S1.);
#2383 = LINE('',#2384,#2385);
#2384 = CARTESIAN_POINT('',(-34.94281041931,2.,-82.5));
#2385 = VECTOR('',#2386,1.);
#2386 = DIRECTION('',(0.,0.,1.));
#2387 = PCURVE('',#2183,#2388);
#2388 = DEFINITIONAL_REPRESENTATION('',(#2389),#2392);
#2389 = B_SPLINE_CURVE_WITH_KNOTS('',1,(#2390,#2391),.UNSPECIFIED.,.F.,
  .F.,(2,2),(82.4999976,137.5000024),.PIECEWISE_BEZIER_KNOTS.);
#2390 = CARTESIAN_POINT('',(9.367603959689,82.4999976));
#2391 = CARTESIAN_POINT('',(9.367603959689,137.5000024));
#2392 = ( GEOMETRIC_REPRESENTATION_CONTEXT(2) 
PARAMETRIC_REPRESENTATION_CONTEXT() REPRESENTATION_CONTEXT('2D SPACE',''
  ) );
#2393 = PCURVE('',#2394,#2399);
#2394 = PLANE('',#2395);
#2395 = AXIS2_PLACEMENT_3D('',#2396,#2397,#2398);
#2396 = CARTESIAN_POINT('',(-46.5,2.,3.85));
#2397 = DIRECTION('',(-0.,1.,0.));
#2398 = DIRECTION('',(0.,0.,1.));
#2399 = DEFINITIONAL_REPRESENTATION('',(#2400),#2403);
#2400 = B_SPLINE_CURVE_WITH_KNOTS('',1,(#2401,#2402),.UNSPECIFIED.,.F.,
  .F.,(2,2),(82.4999976,137.5000024),.PIECEWISE_BEZIER_KNOTS.);
#2401 = CARTESIAN_POINT('',(-3.8500024,11.557189580688));
#2402 = CARTESIAN_POINT('',(51.1500024,11.557189580688));
#2403 = ( GEOMETRIC_REPRESENTATION_CONTEXT(2) 
PARAMETRIC_REPRESENTATION_CONTEXT() REPRESENTATION_CONTEXT('2D SPACE',''
  ) );
#2404 = ORIENTED_EDGE('',*,*,#2405,.F.);
#2405 = EDGE_CURVE('',#2406,#2378,#2408,.T.);
#2406 = VERTEX_POINT('',#2407);
#2407 = CARTESIAN_POINT('',(-32.87856444554,12.,3.85));
#2408 = SURFACE_CURVE('',#2409,(#2414,#2421),.PCURVE_S1.);
#2409 = CIRCLE('',#2410,35.);
#2410 = AXIS2_PLACEMENT_3D('',#2411,#2412,#2413);
#2411 = CARTESIAN_POINT('',(0.,0.,3.85));
#2412 = DIRECTION('',(0.,0.,1.));
#2413 = DIRECTION('',(1.,0.,-0.));
#2414 = PCURVE('',#2183,#2415);
#2415 = DEFINITIONAL_REPRESENTATION('',(#2416),#2420);
#2416 = LINE('',#2417,#2418);
#2417 = CARTESIAN_POINT('',(6.28318530718,86.35));
#2418 = VECTOR('',#2419,1.);
#2419 = DIRECTION('',(1.,0.));
#2420 = ( GEOMETRIC_REPRESENTATION_CONTEXT(2) 
PARAMETRIC_REPRESENTATION_CONTEXT() REPRESENTATION_CONTEXT('2D SPACE',''
  ) );
#2421 = PCURVE('',#2422,#2427);
#2422 = PLANE('',#2423);
#2423 = AXIS2_PLACEMENT_3D('',#2424,#2425,#2426);
#2424 = CARTESIAN_POINT('',(-46.5,2.,3.85));
#2425 = DIRECTION('',(0.,0.,1.));
#2426 = DIRECTION('',(1.,0.,-0.));
#2427 = DEFINITIONAL_REPRESENTATION('',(#2428),#2432);
#2428 = CIRCLE('',#2429,35.);
#2429 = AXIS2_PLACEMENT_2D('',#2430,#2431);
#2430 = CARTESIAN_POINT('',(46.5,-2.));
#2431 = DIRECTION('',(1.,0.));
#2432 = ( GEOMETRIC_REPRESENTATION_CONTEXT(2) 
PARAMETRIC_REPRESENTATION_CONTEXT() REPRESENTATION_CONTEXT('2D SPACE',''
  ) );
#2433 = ORIENTED_EDGE('',*,*,#2434,.T.);
#2434 = EDGE_CURVE('',#2406,#2435,#2437,.T.);
#2435 = VERTEX_POINT('',#2436);
#2436 = CARTESIAN_POINT('',(-32.87856444554,12.,51.15));
#2437 = SURFACE_CURVE('',#2438,(#2442,#2448),.PCURVE_S1.);
#2438 = LINE('',#2439,#2440);
#2439 = CARTESIAN_POINT('',(-32.87856444554,12.,-82.5));
#2440 = VECTOR('',#2441,1.);
#2441 = DIRECTION('',(0.,0.,1.));
#2442 = PCURVE('',#2183,#2443);
#2443 = DEFINITIONAL_REPRESENTATION('',(#2444),#2447);
#2444 = B_SPLINE_CURVE_WITH_KNOTS('',1,(#2445,#2446),.UNSPECIFIED.,.F.,
  .F.,(2,2),(82.4999976,137.5000024),.PIECEWISE_BEZIER_KNOTS.);
#2445 = CARTESIAN_POINT('',(9.074821249526,82.4999976));
#2446 = CARTESIAN_POINT('',(9.074821249526,137.5000024));
#2447 = ( GEOMETRIC_REPRESENTATION_CONTEXT(2) 
PARAMETRIC_REPRESENTATION_CONTEXT() REPRESENTATION_CONTEXT('2D SPACE',''
  ) );
#2448 = PCURVE('',#2449,#2454);
#2449 = PLANE('',#2450);
#2450 = AXIS2_PLACEMENT_3D('',#2451,#2452,#2453);
#2451 = CARTESIAN_POINT('',(-46.5,12.,3.85));
#2452 = DIRECTION('',(-0.,1.,0.));
#2453 = DIRECTION('',(0.,0.,1.));
#2454 = DEFINITIONAL_REPRESENTATION('',(#2455),#2458);
#2455 = B_SPLINE_CURVE_WITH_KNOTS('',1,(#2456,#2457),.UNSPECIFIED.,.F.,
  .F.,(2,2),(82.4999976,137.5000024),.PIECEWISE_BEZIER_KNOTS.);
#2456 = CARTESIAN_POINT('',(-3.8500024,13.621435554453));
#2457 = CARTESIAN_POINT('',(51.1500024,13.621435554453));
#2458 = ( GEOMETRIC_REPRESENTATION_CONTEXT(2) 
PARAMETRIC_REPRESENTATION_CONTEXT() REPRESENTATION_CONTEXT('2D SPACE',''
  ) );
#2459 = ORIENTED_EDGE('',*,*,#2460,.T.);
#2460 = EDGE_CURVE('',#2435,#2380,#2461,.T.);
#2461 = SURFACE_CURVE('',#2462,(#2467,#2474),.PCURVE_S1.);
#2462 = CIRCLE('',#2463,35.);
#2463 = AXIS2_PLACEMENT_3D('',#2464,#2465,#2466);
#2464 = CARTESIAN_POINT('',(0.,0.,51.15));
#2465 = DIRECTION('',(0.,0.,1.));
#2466 = DIRECTION('',(1.,0.,-0.));
#2467 = PCURVE('',#2183,#2468);
#2468 = DEFINITIONAL_REPRESENTATION('',(#2469),#2473);
#2469 = LINE('',#2470,#2471);
#2470 = CARTESIAN_POINT('',(6.28318530718,133.65));
#2471 = VECTOR('',#2472,1.);
#2472 = DIRECTION('',(1.,0.));
#2473 = ( GEOMETRIC_REPRESENTATION_CONTEXT(2) 
PARAMETRIC_REPRESENTATION_CONTEXT() REPRESENTATION_CONTEXT('2D SPACE',''
  ) );
#2474 = PCURVE('',#2475,#2480);
#2475 = PLANE('',#2476);
#2476 = AXIS2_PLACEMENT_3D('',#2477,#2478,#2479);
#2477 = CARTESIAN_POINT('',(-46.5,2.,51.15));
#2478 = DIRECTION('',(0.,0.,1.));
#2479 = DIRECTION('',(1.,0.,-0.));
#2480 = DEFINITIONAL_REPRESENTATION('',(#2481),#2485);
#2481 = CIRCLE('',#2482,35.);
#2482 = AXIS2_PLACEMENT_2D('',#2483,#2484);
#2483 = CARTESIAN_POINT('',(46.5,-2.));
#2484 = DIRECTION('',(1.,0.));
#2485 = ( GEOMETRIC_REPRESENTATION_CONTEXT(2) 
PARAMETRIC_REPRESENTATION_CONTEXT() REPRESENTATION_CONTEXT('2D SPACE',''
  ) );
#2486 = ADVANCED_FACE('',(#2487),#2449,.T.);
#2487 = FACE_BOUND('',#2488,.T.);
#2488 = EDGE_LOOP('',(#2489,#2512,#2513,#2536));
#2489 = ORIENTED_EDGE('',*,*,#2490,.F.);
#2490 = EDGE_CURVE('',#2406,#2491,#2493,.T.);
#2491 = VERTEX_POINT('',#2492);
#2492 = CARTESIAN_POINT('',(-29.5,12.,3.85));
#2493 = SURFACE_CURVE('',#2494,(#2498,#2505),.PCURVE_S1.);
#2494 = LINE('',#2495,#2496);
#2495 = CARTESIAN_POINT('',(-46.5,12.,3.85));
#2496 = VECTOR('',#2497,1.);
#2497 = DIRECTION('',(1.,0.,-0.));
#2498 = PCURVE('',#2449,#2499);
#2499 = DEFINITIONAL_REPRESENTATION('',(#2500),#2504);
#2500 = LINE('',#2501,#2502);
#2501 = CARTESIAN_POINT('',(0.,0.));
#2502 = VECTOR('',#2503,1.);
#2503 = DIRECTION('',(0.,1.));
#2504 = ( GEOMETRIC_REPRESENTATION_CONTEXT(2) 
PARAMETRIC_REPRESENTATION_CONTEXT() REPRESENTATION_CONTEXT('2D SPACE',''
  ) );
#2505 = PCURVE('',#2422,#2506);
#2506 = DEFINITIONAL_REPRESENTATION('',(#2507),#2511);
#2507 = LINE('',#2508,#2509);
#2508 = CARTESIAN_POINT('',(0.,10.));
#2509 = VECTOR('',#2510,1.);
#2510 = DIRECTION('',(1.,0.));
#2511 = ( GEOMETRIC_REPRESENTATION_CONTEXT(2) 
PARAMETRIC_REPRESENTATION_CONTEXT() REPRESENTATION_CONTEXT('2D SPACE',''
  ) );
#2512 = ORIENTED_EDGE('',*,*,#2434,.T.);
#2513 = ORIENTED_EDGE('',*,*,#2514,.T.);
#2514 = EDGE_CURVE('',#2435,#2515,#2517,.T.);
#2515 = VERTEX_POINT('',#2516);
#2516 = CARTESIAN_POINT('',(-29.5,12.,51.15));
#2517 = SURFACE_CURVE('',#2518,(#2522,#2529),.PCURVE_S1.);
#2518 = LINE('',#2519,#2520);
#2519 = CARTESIAN_POINT('',(-46.5,12.,51.15));
#2520 = VECTOR('',#2521,1.);
#2521 = DIRECTION('',(1.,0.,-0.));
#2522 = PCURVE('',#2449,#2523);
#2523 = DEFINITIONAL_REPRESENTATION('',(#2524),#2528);
#2524 = LINE('',#2525,#2526);
#2525 = CARTESIAN_POINT('',(47.3,0.));
#2526 = VECTOR('',#2527,1.);
#2527 = DIRECTION('',(0.,1.));
#2528 = ( GEOMETRIC_REPRESENTATION_CONTEXT(2) 
PARAMETRIC_REPRESENTATION_CONTEXT() REPRESENTATION_CONTEXT('2D SPACE',''
  ) );
#2529 = PCURVE('',#2475,#2530);
#2530 = DEFINITIONAL_REPRESENTATION('',(#2531),#2535);
#2531 = LINE('',#2532,#2533);
#2532 = CARTESIAN_POINT('',(0.,10.));
#2533 = VECTOR('',#2534,1.);
#2534 = DIRECTION('',(1.,0.));
#2535 = ( GEOMETRIC_REPRESENTATION_CONTEXT(2) 
PARAMETRIC_REPRESENTATION_CONTEXT() REPRESENTATION_CONTEXT('2D SPACE',''
  ) );
#2536 = ORIENTED_EDGE('',*,*,#2537,.F.);
#2537 = EDGE_CURVE('',#2491,#2515,#2538,.T.);
#2538 = SURFACE_CURVE('',#2539,(#2543,#2550),.PCURVE_S1.);
#2539 = LINE('',#2540,#2541);
#2540 = CARTESIAN_POINT('',(-29.5,12.,3.85));
#2541 = VECTOR('',#2542,1.);
#2542 = DIRECTION('',(0.,0.,1.));
#2543 = PCURVE('',#2449,#2544);
#2544 = DEFINITIONAL_REPRESENTATION('',(#2545),#2549);
#2545 = LINE('',#2546,#2547);
#2546 = CARTESIAN_POINT('',(0.,17.));
#2547 = VECTOR('',#2548,1.);
#2548 = DIRECTION('',(1.,0.));
#2549 = ( GEOMETRIC_REPRESENTATION_CONTEXT(2) 
PARAMETRIC_REPRESENTATION_CONTEXT() REPRESENTATION_CONTEXT('2D SPACE',''
  ) );
#2550 = PCURVE('',#2551,#2556);
#2551 = PLANE('',#2552);
#2552 = AXIS2_PLACEMENT_3D('',#2553,#2554,#2555);
#2553 = CARTESIAN_POINT('',(-29.5,2.,3.85));
#2554 = DIRECTION('',(1.,0.,-0.));
#2555 = DIRECTION('',(0.,0.,1.));
#2556 = DEFINITIONAL_REPRESENTATION('',(#2557),#2561);
#2557 = LINE('',#2558,#2559);
#2558 = CARTESIAN_POINT('',(0.,-10.));
#2559 = VECTOR('',#2560,1.);
#2560 = DIRECTION('',(1.,0.));
#2561 = ( GEOMETRIC_REPRESENTATION_CONTEXT(2) 
PARAMETRIC_REPRESENTATION_CONTEXT() REPRESENTATION_CONTEXT('2D SPACE',''
  ) );
#2562 = ADVANCED_FACE('',(#2563),#2551,.T.);
#2563 = FACE_BOUND('',#2564,.T.);
#2564 = EDGE_LOOP('',(#2565,#2590,#2611,#2612));
#2565 = ORIENTED_EDGE('',*,*,#2566,.F.);
#2566 = EDGE_CURVE('',#2567,#2569,#2571,.T.);
#2567 = VERTEX_POINT('',#2568);
#2568 = CARTESIAN_POINT('',(-29.5,2.,3.85));
#2569 = VERTEX_POINT('',#2570);
#2570 = CARTESIAN_POINT('',(-29.5,2.,51.15));
#2571 = SURFACE_CURVE('',#2572,(#2576,#2583),.PCURVE_S1.);
#2572 = LINE('',#2573,#2574);
#2573 = CARTESIAN_POINT('',(-29.5,2.,3.85));
#2574 = VECTOR('',#2575,1.);
#2575 = DIRECTION('',(0.,0.,1.));
#2576 = PCURVE('',#2551,#2577);
#2577 = DEFINITIONAL_REPRESENTATION('',(#2578),#2582);
#2578 = LINE('',#2579,#2580);
#2579 = CARTESIAN_POINT('',(0.,0.));
#2580 = VECTOR('',#2581,1.);
#2581 = DIRECTION('',(1.,0.));
#2582 = ( GEOMETRIC_REPRESENTATION_CONTEXT(2) 
PARAMETRIC_REPRESENTATION_CONTEXT() REPRESENTATION_CONTEXT('2D SPACE',''
  ) );
#2583 = PCURVE('',#2394,#2584);
#2584 = DEFINITIONAL_REPRESENTATION('',(#2585),#2589);
#2585 = LINE('',#2586,#2587);
#2586 = CARTESIAN_POINT('',(0.,17.));
#2587 = VECTOR('',#2588,1.);
#2588 = DIRECTION('',(1.,0.));
#2589 = ( GEOMETRIC_REPRESENTATION_CONTEXT(2) 
PARAMETRIC_REPRESENTATION_CONTEXT() REPRESENTATION_CONTEXT('2D SPACE',''
  ) );
#2590 = ORIENTED_EDGE('',*,*,#2591,.T.);
#2591 = EDGE_CURVE('',#2567,#2491,#2592,.T.);
#2592 = SURFACE_CURVE('',#2593,(#2597,#2604),.PCURVE_S1.);
#2593 = LINE('',#2594,#2595);
#2594 = CARTESIAN_POINT('',(-29.5,2.,3.85));
#2595 = VECTOR('',#2596,1.);
#2596 = DIRECTION('',(-0.,1.,0.));
#2597 = PCURVE('',#2551,#2598);
#2598 = DEFINITIONAL_REPRESENTATION('',(#2599),#2603);
#2599 = LINE('',#2600,#2601);
#2600 = CARTESIAN_POINT('',(0.,0.));
#2601 = VECTOR('',#2602,1.);
#2602 = DIRECTION('',(0.,-1.));
#2603 = ( GEOMETRIC_REPRESENTATION_CONTEXT(2) 
PARAMETRIC_REPRESENTATION_CONTEXT() REPRESENTATION_CONTEXT('2D SPACE',''
  ) );
#2604 = PCURVE('',#2422,#2605);
#2605 = DEFINITIONAL_REPRESENTATION('',(#2606),#2610);
#2606 = LINE('',#2607,#2608);
#2607 = CARTESIAN_POINT('',(17.,0.));
#2608 = VECTOR('',#2609,1.);
#2609 = DIRECTION('',(0.,1.));
#2610 = ( GEOMETRIC_REPRESENTATION_CONTEXT(2) 
PARAMETRIC_REPRESENTATION_CONTEXT() REPRESENTATION_CONTEXT('2D SPACE',''
  ) );
#2611 = ORIENTED_EDGE('',*,*,#2537,.T.);
#2612 = ORIENTED_EDGE('',*,*,#2613,.F.);
#2613 = EDGE_CURVE('',#2569,#2515,#2614,.T.);
#2614 = SURFACE_CURVE('',#2615,(#2619,#2626),.PCURVE_S1.);
#2615 = LINE('',#2616,#2617);
#2616 = CARTESIAN_POINT('',(-29.5,2.,51.15));
#2617 = VECTOR('',#2618,1.);
#2618 = DIRECTION('',(-0.,1.,0.));
#2619 = PCURVE('',#2551,#2620);
#2620 = DEFINITIONAL_REPRESENTATION('',(#2621),#2625);
#2621 = LINE('',#2622,#2623);
#2622 = CARTESIAN_POINT('',(47.3,0.));
#2623 = VECTOR('',#2624,1.);
#2624 = DIRECTION('',(0.,-1.));
#2625 = ( GEOMETRIC_REPRESENTATION_CONTEXT(2) 
PARAMETRIC_REPRESENTATION_CONTEXT() REPRESENTATION_CONTEXT('2D SPACE',''
  ) );
#2626 = PCURVE('',#2475,#2627);
#2627 = DEFINITIONAL_REPRESENTATION('',(#2628),#2632);
#2628 = LINE('',#2629,#2630);
#2629 = CARTESIAN_POINT('',(17.,0.));
#2630 = VECTOR('',#2631,1.);
#2631 = DIRECTION('',(0.,1.));
#2632 = ( GEOMETRIC_REPRESENTATION_CONTEXT(2) 
PARAMETRIC_REPRESENTATION_CONTEXT() REPRESENTATION_CONTEXT('2D SPACE',''
  ) );
#2633 = ADVANCED_FACE('',(#2634),#2475,.T.);
#2634 = FACE_BOUND('',#2635,.T.);
#2635 = EDGE_LOOP('',(#2636,#2637,#2638,#2659));
#2636 = ORIENTED_EDGE('',*,*,#2514,.F.);
#2637 = ORIENTED_EDGE('',*,*,#2460,.T.);
#2638 = ORIENTED_EDGE('',*,*,#2639,.T.);
#2639 = EDGE_CURVE('',#2380,#2569,#2640,.T.);
#2640 = SURFACE_CURVE('',#2641,(#2645,#2652),.PCURVE_S1.);
#2641 = LINE('',#2642,#2643);
#2642 = CARTESIAN_POINT('',(-46.5,2.,51.15));
#2643 = VECTOR('',#2644,1.);
#2644 = DIRECTION('',(1.,0.,-0.));
#2645 = PCURVE('',#2475,#2646);
#2646 = DEFINITIONAL_REPRESENTATION('',(#2647),#2651);
#2647 = LINE('',#2648,#2649);
#2648 = CARTESIAN_POINT('',(0.,0.));
#2649 = VECTOR('',#2650,1.);
#2650 = DIRECTION('',(1.,0.));
#2651 = ( GEOMETRIC_REPRESENTATION_CONTEXT(2) 
PARAMETRIC_REPRESENTATION_CONTEXT() REPRESENTATION_CONTEXT('2D SPACE',''
  ) );
#2652 = PCURVE('',#2394,#2653);
#2653 = DEFINITIONAL_REPRESENTATION('',(#2654),#2658);
#2654 = LINE('',#2655,#2656);
#2655 = CARTESIAN_POINT('',(47.3,0.));
#2656 = VECTOR('',#2657,1.);
#2657 = DIRECTION('',(0.,1.));
#2658 = ( GEOMETRIC_REPRESENTATION_CONTEXT(2) 
PARAMETRIC_REPRESENTATION_CONTEXT() REPRESENTATION_CONTEXT('2D SPACE',''
  ) );
#2659 = ORIENTED_EDGE('',*,*,#2613,.T.);
#2660 = ADVANCED_FACE('',(#2661),#2422,.F.);
#2661 = FACE_BOUND('',#2662,.F.);
#2662 = EDGE_LOOP('',(#2663,#2664,#2665,#2686));
#2663 = ORIENTED_EDGE('',*,*,#2490,.F.);
#2664 = ORIENTED_EDGE('',*,*,#2405,.T.);
#2665 = ORIENTED_EDGE('',*,*,#2666,.T.);
#2666 = EDGE_CURVE('',#2378,#2567,#2667,.T.);
#2667 = SURFACE_CURVE('',#2668,(#2672,#2679),.PCURVE_S1.);
#2668 = LINE('',#2669,#2670);
#2669 = CARTESIAN_POINT('',(-46.5,2.,3.85));
#2670 = VECTOR('',#2671,1.);
#2671 = DIRECTION('',(1.,0.,-0.));
#2672 = PCURVE('',#2422,#2673);
#2673 = DEFINITIONAL_REPRESENTATION('',(#2674),#2678);
#2674 = LINE('',#2675,#2676);
#2675 = CARTESIAN_POINT('',(0.,0.));
#2676 = VECTOR('',#2677,1.);
#2677 = DIRECTION('',(1.,0.));
#2678 = ( GEOMETRIC_REPRESENTATION_CONTEXT(2) 
PARAMETRIC_REPRESENTATION_CONTEXT() REPRESENTATION_CONTEXT('2D SPACE',''
  ) );
#2679 = PCURVE('',#2394,#2680);
#2680 = DEFINITIONAL_REPRESENTATION('',(#2681),#2685);
#2681 = LINE('',#2682,#2683);
#2682 = CARTESIAN_POINT('',(0.,0.));
#2683 = VECTOR('',#2684,1.);
#2684 = DIRECTION('',(0.,1.));
#2685 = ( GEOMETRIC_REPRESENTATION_CONTEXT(2) 
PARAMETRIC_REPRESENTATION_CONTEXT() REPRESENTATION_CONTEXT('2D SPACE',''
  ) );
#2686 = ORIENTED_EDGE('',*,*,#2591,.T.);
#2687 = ADVANCED_FACE('',(#2688),#2394,.F.);
#2688 = FACE_BOUND('',#2689,.F.);
#2689 = EDGE_LOOP('',(#2690,#2691,#2692,#2693));
#2690 = ORIENTED_EDGE('',*,*,#2666,.F.);
#2691 = ORIENTED_EDGE('',*,*,#2377,.T.);
#2692 = ORIENTED_EDGE('',*,*,#2639,.T.);
#2693 = ORIENTED_EDGE('',*,*,#2566,.F.);
#2694 = ADVANCED_FACE('',(#2695),#2311,.F.);
#2695 = FACE_BOUND('',#2696,.F.);
#2696 = EDGE_LOOP('',(#2697,#2720,#2748,#2769));
#2697 = ORIENTED_EDGE('',*,*,#2698,.F.);
#2698 = EDGE_CURVE('',#2699,#2266,#2701,.T.);
#2699 = VERTEX_POINT('',#2700);
#2700 = CARTESIAN_POINT('',(29.5,2.,3.85));
#2701 = SURFACE_CURVE('',#2702,(#2706,#2713),.PCURVE_S1.);
#2702 = LINE('',#2703,#2704);
#2703 = CARTESIAN_POINT('',(29.5,2.,3.85));
#2704 = VECTOR('',#2705,1.);
#2705 = DIRECTION('',(1.,0.,-0.));
#2706 = PCURVE('',#2311,#2707);
#2707 = DEFINITIONAL_REPRESENTATION('',(#2708),#2712);
#2708 = LINE('',#2709,#2710);
#2709 = CARTESIAN_POINT('',(0.,0.));
#2710 = VECTOR('',#2711,1.);
#2711 = DIRECTION('',(0.,1.));
#2712 = ( GEOMETRIC_REPRESENTATION_CONTEXT(2) 
PARAMETRIC_REPRESENTATION_CONTEXT() REPRESENTATION_CONTEXT('2D SPACE',''
  ) );
#2713 = PCURVE('',#2284,#2714);
#2714 = DEFINITIONAL_REPRESENTATION('',(#2715),#2719);
#2715 = LINE('',#2716,#2717);
#2716 = CARTESIAN_POINT('',(0.,0.));
#2717 = VECTOR('',#2718,1.);
#2718 = DIRECTION('',(1.,0.));
#2719 = ( GEOMETRIC_REPRESENTATION_CONTEXT(2) 
PARAMETRIC_REPRESENTATION_CONTEXT() REPRESENTATION_CONTEXT('2D SPACE',''
  ) );
#2720 = ORIENTED_EDGE('',*,*,#2721,.T.);
#2721 = EDGE_CURVE('',#2699,#2722,#2724,.T.);
#2722 = VERTEX_POINT('',#2723);
#2723 = CARTESIAN_POINT('',(29.5,2.,51.15));
#2724 = SURFACE_CURVE('',#2725,(#2729,#2736),.PCURVE_S1.);
#2725 = LINE('',#2726,#2727);
#2726 = CARTESIAN_POINT('',(29.5,2.,3.85));
#2727 = VECTOR('',#2728,1.);
#2728 = DIRECTION('',(0.,0.,1.));
#2729 = PCURVE('',#2311,#2730);
#2730 = DEFINITIONAL_REPRESENTATION('',(#2731),#2735);
#2731 = LINE('',#2732,#2733);
#2732 = CARTESIAN_POINT('',(0.,0.));
#2733 = VECTOR('',#2734,1.);
#2734 = DIRECTION('',(1.,0.));
#2735 = ( GEOMETRIC_REPRESENTATION_CONTEXT(2) 
PARAMETRIC_REPRESENTATION_CONTEXT() REPRESENTATION_CONTEXT('2D SPACE',''
  ) );
#2736 = PCURVE('',#2737,#2742);
#2737 = PLANE('',#2738);
#2738 = AXIS2_PLACEMENT_3D('',#2739,#2740,#2741);
#2739 = CARTESIAN_POINT('',(29.5,2.,3.85));
#2740 = DIRECTION('',(1.,0.,-0.));
#2741 = DIRECTION('',(0.,0.,1.));
#2742 = DEFINITIONAL_REPRESENTATION('',(#2743),#2747);
#2743 = LINE('',#2744,#2745);
#2744 = CARTESIAN_POINT('',(0.,0.));
#2745 = VECTOR('',#2746,1.);
#2746 = DIRECTION('',(1.,0.));
#2747 = ( GEOMETRIC_REPRESENTATION_CONTEXT(2) 
PARAMETRIC_REPRESENTATION_CONTEXT() REPRESENTATION_CONTEXT('2D SPACE',''
  ) );
#2748 = ORIENTED_EDGE('',*,*,#2749,.T.);
#2749 = EDGE_CURVE('',#2722,#2297,#2750,.T.);
#2750 = SURFACE_CURVE('',#2751,(#2755,#2762),.PCURVE_S1.);
#2751 = LINE('',#2752,#2753);
#2752 = CARTESIAN_POINT('',(29.5,2.,51.15));
#2753 = VECTOR('',#2754,1.);
#2754 = DIRECTION('',(1.,0.,-0.));
#2755 = PCURVE('',#2311,#2756);
#2756 = DEFINITIONAL_REPRESENTATION('',(#2757),#2761);
#2757 = LINE('',#2758,#2759);
#2758 = CARTESIAN_POINT('',(47.3,0.));
#2759 = VECTOR('',#2760,1.);
#2760 = DIRECTION('',(0.,1.));
#2761 = ( GEOMETRIC_REPRESENTATION_CONTEXT(2) 
PARAMETRIC_REPRESENTATION_CONTEXT() REPRESENTATION_CONTEXT('2D SPACE',''
  ) );
#2762 = PCURVE('',#2339,#2763);
#2763 = DEFINITIONAL_REPRESENTATION('',(#2764),#2768);
#2764 = LINE('',#2765,#2766);
#2765 = CARTESIAN_POINT('',(0.,0.));
#2766 = VECTOR('',#2767,1.);
#2767 = DIRECTION('',(1.,0.));
#2768 = ( GEOMETRIC_REPRESENTATION_CONTEXT(2) 
PARAMETRIC_REPRESENTATION_CONTEXT() REPRESENTATION_CONTEXT('2D SPACE',''
  ) );
#2769 = ORIENTED_EDGE('',*,*,#2296,.F.);
#2770 = ADVANCED_FACE('',(#2771),#2737,.F.);
#2771 = FACE_BOUND('',#2772,.F.);
#2772 = EDGE_LOOP('',(#2773,#2774,#2797,#2820));
#2773 = ORIENTED_EDGE('',*,*,#2721,.F.);
#2774 = ORIENTED_EDGE('',*,*,#2775,.T.);
#2775 = EDGE_CURVE('',#2699,#2776,#2778,.T.);
#2776 = VERTEX_POINT('',#2777);
#2777 = CARTESIAN_POINT('',(29.5,12.,3.85));
#2778 = SURFACE_CURVE('',#2779,(#2783,#2790),.PCURVE_S1.);
#2779 = LINE('',#2780,#2781);
#2780 = CARTESIAN_POINT('',(29.5,2.,3.85));
#2781 = VECTOR('',#2782,1.);
#2782 = DIRECTION('',(-0.,1.,0.));
#2783 = PCURVE('',#2737,#2784);
#2784 = DEFINITIONAL_REPRESENTATION('',(#2785),#2789);
#2785 = LINE('',#2786,#2787);
#2786 = CARTESIAN_POINT('',(0.,0.));
#2787 = VECTOR('',#2788,1.);
#2788 = DIRECTION('',(0.,-1.));
#2789 = ( GEOMETRIC_REPRESENTATION_CONTEXT(2) 
PARAMETRIC_REPRESENTATION_CONTEXT() REPRESENTATION_CONTEXT('2D SPACE',''
  ) );
#2790 = PCURVE('',#2284,#2791);
#2791 = DEFINITIONAL_REPRESENTATION('',(#2792),#2796);
#2792 = LINE('',#2793,#2794);
#2793 = CARTESIAN_POINT('',(0.,0.));
#2794 = VECTOR('',#2795,1.);
#2795 = DIRECTION('',(0.,1.));
#2796 = ( GEOMETRIC_REPRESENTATION_CONTEXT(2) 
PARAMETRIC_REPRESENTATION_CONTEXT() REPRESENTATION_CONTEXT('2D SPACE',''
  ) );
#2797 = ORIENTED_EDGE('',*,*,#2798,.T.);
#2798 = EDGE_CURVE('',#2776,#2799,#2801,.T.);
#2799 = VERTEX_POINT('',#2800);
#2800 = CARTESIAN_POINT('',(29.5,12.,51.15));
#2801 = SURFACE_CURVE('',#2802,(#2806,#2813),.PCURVE_S1.);
#2802 = LINE('',#2803,#2804);
#2803 = CARTESIAN_POINT('',(29.5,12.,3.85));
#2804 = VECTOR('',#2805,1.);
#2805 = DIRECTION('',(0.,0.,1.));
#2806 = PCURVE('',#2737,#2807);
#2807 = DEFINITIONAL_REPRESENTATION('',(#2808),#2812);
#2808 = LINE('',#2809,#2810);
#2809 = CARTESIAN_POINT('',(0.,-10.));
#2810 = VECTOR('',#2811,1.);
#2811 = DIRECTION('',(1.,0.));
#2812 = ( GEOMETRIC_REPRESENTATION_CONTEXT(2) 
PARAMETRIC_REPRESENTATION_CONTEXT() REPRESENTATION_CONTEXT('2D SPACE',''
  ) );
#2813 = PCURVE('',#2364,#2814);
#2814 = DEFINITIONAL_REPRESENTATION('',(#2815),#2819);
#2815 = LINE('',#2816,#2817);
#2816 = CARTESIAN_POINT('',(0.,0.));
#2817 = VECTOR('',#2818,1.);
#2818 = DIRECTION('',(1.,0.));
#2819 = ( GEOMETRIC_REPRESENTATION_CONTEXT(2) 
PARAMETRIC_REPRESENTATION_CONTEXT() REPRESENTATION_CONTEXT('2D SPACE',''
  ) );
#2820 = ORIENTED_EDGE('',*,*,#2821,.F.);
#2821 = EDGE_CURVE('',#2722,#2799,#2822,.T.);
#2822 = SURFACE_CURVE('',#2823,(#2827,#2834),.PCURVE_S1.);
#2823 = LINE('',#2824,#2825);
#2824 = CARTESIAN_POINT('',(29.5,2.,51.15));
#2825 = VECTOR('',#2826,1.);
#2826 = DIRECTION('',(-0.,1.,0.));
#2827 = PCURVE('',#2737,#2828);
#2828 = DEFINITIONAL_REPRESENTATION('',(#2829),#2833);
#2829 = LINE('',#2830,#2831);
#2830 = CARTESIAN_POINT('',(47.3,0.));
#2831 = VECTOR('',#2832,1.);
#2832 = DIRECTION('',(0.,-1.));
#2833 = ( GEOMETRIC_REPRESENTATION_CONTEXT(2) 
PARAMETRIC_REPRESENTATION_CONTEXT() REPRESENTATION_CONTEXT('2D SPACE',''
  ) );
#2834 = PCURVE('',#2339,#2835);
#2835 = DEFINITIONAL_REPRESENTATION('',(#2836),#2840);
#2836 = LINE('',#2837,#2838);
#2837 = CARTESIAN_POINT('',(0.,0.));
#2838 = VECTOR('',#2839,1.);
#2839 = DIRECTION('',(0.,1.));
#2840 = ( GEOMETRIC_REPRESENTATION_CONTEXT(2) 
PARAMETRIC_REPRESENTATION_CONTEXT() REPRESENTATION_CONTEXT('2D SPACE',''
  ) );
#2841 = ADVANCED_FACE('',(#2842),#2339,.T.);
#2842 = FACE_BOUND('',#2843,.T.);
#2843 = EDGE_LOOP('',(#2844,#2865,#2866,#2867));
#2844 = ORIENTED_EDGE('',*,*,#2845,.F.);
#2845 = EDGE_CURVE('',#2799,#2323,#2846,.T.);
#2846 = SURFACE_CURVE('',#2847,(#2851,#2858),.PCURVE_S1.);
#2847 = LINE('',#2848,#2849);
#2848 = CARTESIAN_POINT('',(29.5,12.,51.15));
#2849 = VECTOR('',#2850,1.);
#2850 = DIRECTION('',(1.,0.,-0.));
#2851 = PCURVE('',#2339,#2852);
#2852 = DEFINITIONAL_REPRESENTATION('',(#2853),#2857);
#2853 = LINE('',#2854,#2855);
#2854 = CARTESIAN_POINT('',(0.,10.));
#2855 = VECTOR('',#2856,1.);
#2856 = DIRECTION('',(1.,0.));
#2857 = ( GEOMETRIC_REPRESENTATION_CONTEXT(2) 
PARAMETRIC_REPRESENTATION_CONTEXT() REPRESENTATION_CONTEXT('2D SPACE',''
  ) );
#2858 = PCURVE('',#2364,#2859);
#2859 = DEFINITIONAL_REPRESENTATION('',(#2860),#2864);
#2860 = LINE('',#2861,#2862);
#2861 = CARTESIAN_POINT('',(47.3,0.));
#2862 = VECTOR('',#2863,1.);
#2863 = DIRECTION('',(0.,1.));
#2864 = ( GEOMETRIC_REPRESENTATION_CONTEXT(2) 
PARAMETRIC_REPRESENTATION_CONTEXT() REPRESENTATION_CONTEXT('2D SPACE',''
  ) );
#2865 = ORIENTED_EDGE('',*,*,#2821,.F.);
#2866 = ORIENTED_EDGE('',*,*,#2749,.T.);
#2867 = ORIENTED_EDGE('',*,*,#2322,.T.);
#2868 = ADVANCED_FACE('',(#2869),#2364,.T.);
#2869 = FACE_BOUND('',#2870,.T.);
#2870 = EDGE_LOOP('',(#2871,#2892,#2893,#2894));
#2871 = ORIENTED_EDGE('',*,*,#2872,.F.);
#2872 = EDGE_CURVE('',#2776,#2268,#2873,.T.);
#2873 = SURFACE_CURVE('',#2874,(#2878,#2885),.PCURVE_S1.);
#2874 = LINE('',#2875,#2876);
#2875 = CARTESIAN_POINT('',(29.5,12.,3.85));
#2876 = VECTOR('',#2877,1.);
#2877 = DIRECTION('',(1.,0.,-0.));
#2878 = PCURVE('',#2364,#2879);
#2879 = DEFINITIONAL_REPRESENTATION('',(#2880),#2884);
#2880 = LINE('',#2881,#2882);
#2881 = CARTESIAN_POINT('',(0.,0.));
#2882 = VECTOR('',#2883,1.);
#2883 = DIRECTION('',(0.,1.));
#2884 = ( GEOMETRIC_REPRESENTATION_CONTEXT(2) 
PARAMETRIC_REPRESENTATION_CONTEXT() REPRESENTATION_CONTEXT('2D SPACE',''
  ) );
#2885 = PCURVE('',#2284,#2886);
#2886 = DEFINITIONAL_REPRESENTATION('',(#2887),#2891);
#2887 = LINE('',#2888,#2889);
#2888 = CARTESIAN_POINT('',(0.,10.));
#2889 = VECTOR('',#2890,1.);
#2890 = DIRECTION('',(1.,0.));
#2891 = ( GEOMETRIC_REPRESENTATION_CONTEXT(2) 
PARAMETRIC_REPRESENTATION_CONTEXT() REPRESENTATION_CONTEXT('2D SPACE',''
  ) );
#2892 = ORIENTED_EDGE('',*,*,#2798,.T.);
#2893 = ORIENTED_EDGE('',*,*,#2845,.T.);
#2894 = ORIENTED_EDGE('',*,*,#2351,.F.);
#2895 = ADVANCED_FACE('',(#2896),#2284,.F.);
#2896 = FACE_BOUND('',#2897,.F.);
#2897 = EDGE_LOOP('',(#2898,#2899,#2900,#2901));
#2898 = ORIENTED_EDGE('',*,*,#2872,.F.);
#2899 = ORIENTED_EDGE('',*,*,#2775,.F.);
#2900 = ORIENTED_EDGE('',*,*,#2698,.T.);
#2901 = ORIENTED_EDGE('',*,*,#2265,.T.);
#2902 = ADVANCED_FACE('',(#2903),#785,.T.);
#2903 = FACE_BOUND('',#2904,.T.);
#2904 = EDGE_LOOP('',(#2905,#2928,#2956,#2977));
#2905 = ORIENTED_EDGE('',*,*,#2906,.F.);
#2906 = EDGE_CURVE('',#2907,#748,#2909,.T.);
#2907 = VERTEX_POINT('',#2908);
#2908 = CARTESIAN_POINT('',(-46.5,12.,51.15));
#2909 = SURFACE_CURVE('',#2910,(#2914,#2921),.PCURVE_S1.);
#2910 = LINE('',#2911,#2912);
#2911 = CARTESIAN_POINT('',(-46.5,12.,51.15));
#2912 = VECTOR('',#2913,1.);
#2913 = DIRECTION('',(1.,0.,-0.));
#2914 = PCURVE('',#785,#2915);
#2915 = DEFINITIONAL_REPRESENTATION('',(#2916),#2920);
#2916 = LINE('',#2917,#2918);
#2917 = CARTESIAN_POINT('',(0.,10.));
#2918 = VECTOR('',#2919,1.);
#2919 = DIRECTION('',(1.,0.));
#2920 = ( GEOMETRIC_REPRESENTATION_CONTEXT(2) 
PARAMETRIC_REPRESENTATION_CONTEXT() REPRESENTATION_CONTEXT('2D SPACE',''
  ) );
#2921 = PCURVE('',#366,#2922);
#2922 = DEFINITIONAL_REPRESENTATION('',(#2923),#2927);
#2923 = LINE('',#2924,#2925);
#2924 = CARTESIAN_POINT('',(47.3,0.));
#2925 = VECTOR('',#2926,1.);
#2926 = DIRECTION('',(0.,1.));
#2927 = ( GEOMETRIC_REPRESENTATION_CONTEXT(2) 
PARAMETRIC_REPRESENTATION_CONTEXT() REPRESENTATION_CONTEXT('2D SPACE',''
  ) );
#2928 = ORIENTED_EDGE('',*,*,#2929,.F.);
#2929 = EDGE_CURVE('',#2930,#2907,#2932,.T.);
#2930 = VERTEX_POINT('',#2931);
#2931 = CARTESIAN_POINT('',(-46.5,2.,51.15));
#2932 = SURFACE_CURVE('',#2933,(#2937,#2944),.PCURVE_S1.);
#2933 = LINE('',#2934,#2935);
#2934 = CARTESIAN_POINT('',(-46.5,2.,51.15));
#2935 = VECTOR('',#2936,1.);
#2936 = DIRECTION('',(-0.,1.,0.));
#2937 = PCURVE('',#785,#2938);
#2938 = DEFINITIONAL_REPRESENTATION('',(#2939),#2943);
#2939 = LINE('',#2940,#2941);
#2940 = CARTESIAN_POINT('',(0.,0.));
#2941 = VECTOR('',#2942,1.);
#2942 = DIRECTION('',(0.,1.));
#2943 = ( GEOMETRIC_REPRESENTATION_CONTEXT(2) 
PARAMETRIC_REPRESENTATION_CONTEXT() REPRESENTATION_CONTEXT('2D SPACE',''
  ) );
#2944 = PCURVE('',#2945,#2950);
#2945 = PLANE('',#2946);
#2946 = AXIS2_PLACEMENT_3D('',#2947,#2948,#2949);
#2947 = CARTESIAN_POINT('',(-46.5,2.,3.85));
#2948 = DIRECTION('',(1.,0.,-0.));
#2949 = DIRECTION('',(0.,0.,1.));
#2950 = DEFINITIONAL_REPRESENTATION('',(#2951),#2955);
#2951 = LINE('',#2952,#2953);
#2952 = CARTESIAN_POINT('',(47.3,0.));
#2953 = VECTOR('',#2954,1.);
#2954 = DIRECTION('',(0.,-1.));
#2955 = ( GEOMETRIC_REPRESENTATION_CONTEXT(2) 
PARAMETRIC_REPRESENTATION_CONTEXT() REPRESENTATION_CONTEXT('2D SPACE',''
  ) );
#2956 = ORIENTED_EDGE('',*,*,#2957,.T.);
#2957 = EDGE_CURVE('',#2930,#769,#2958,.T.);
#2958 = SURFACE_CURVE('',#2959,(#2963,#2970),.PCURVE_S1.);
#2959 = LINE('',#2960,#2961);
#2960 = CARTESIAN_POINT('',(-46.5,2.,51.15));
#2961 = VECTOR('',#2962,1.);
#2962 = DIRECTION('',(1.,0.,-0.));
#2963 = PCURVE('',#785,#2964);
#2964 = DEFINITIONAL_REPRESENTATION('',(#2965),#2969);
#2965 = LINE('',#2966,#2967);
#2966 = CARTESIAN_POINT('',(0.,0.));
#2967 = VECTOR('',#2968,1.);
#2968 = DIRECTION('',(1.,0.));
#2969 = ( GEOMETRIC_REPRESENTATION_CONTEXT(2) 
PARAMETRIC_REPRESENTATION_CONTEXT() REPRESENTATION_CONTEXT('2D SPACE',''
  ) );
#2970 = PCURVE('',#311,#2971);
#2971 = DEFINITIONAL_REPRESENTATION('',(#2972),#2976);
#2972 = LINE('',#2973,#2974);
#2973 = CARTESIAN_POINT('',(47.3,0.));
#2974 = VECTOR('',#2975,1.);
#2975 = DIRECTION('',(0.,1.));
#2976 = ( GEOMETRIC_REPRESENTATION_CONTEXT(2) 
PARAMETRIC_REPRESENTATION_CONTEXT() REPRESENTATION_CONTEXT('2D SPACE',''
  ) );
#2977 = ORIENTED_EDGE('',*,*,#768,.F.);
#2978 = ADVANCED_FACE('',(#2979),#2945,.F.);
#2979 = FACE_BOUND('',#2980,.F.);
#2980 = EDGE_LOOP('',(#2981,#3004,#3027,#3048));
#2981 = ORIENTED_EDGE('',*,*,#2982,.F.);
#2982 = EDGE_CURVE('',#2983,#2930,#2985,.T.);
#2983 = VERTEX_POINT('',#2984);
#2984 = CARTESIAN_POINT('',(-46.5,2.,3.85));
#2985 = SURFACE_CURVE('',#2986,(#2990,#2997),.PCURVE_S1.);
#2986 = LINE('',#2987,#2988);
#2987 = CARTESIAN_POINT('',(-46.5,2.,3.85));
#2988 = VECTOR('',#2989,1.);
#2989 = DIRECTION('',(0.,0.,1.));
#2990 = PCURVE('',#2945,#2991);
#2991 = DEFINITIONAL_REPRESENTATION('',(#2992),#2996);
#2992 = LINE('',#2993,#2994);
#2993 = CARTESIAN_POINT('',(0.,0.));
#2994 = VECTOR('',#2995,1.);
#2995 = DIRECTION('',(1.,0.));
#2996 = ( GEOMETRIC_REPRESENTATION_CONTEXT(2) 
PARAMETRIC_REPRESENTATION_CONTEXT() REPRESENTATION_CONTEXT('2D SPACE',''
  ) );
#2997 = PCURVE('',#311,#2998);
#2998 = DEFINITIONAL_REPRESENTATION('',(#2999),#3003);
#2999 = LINE('',#3000,#3001);
#3000 = CARTESIAN_POINT('',(0.,0.));
#3001 = VECTOR('',#3002,1.);
#3002 = DIRECTION('',(1.,0.));
#3003 = ( GEOMETRIC_REPRESENTATION_CONTEXT(2) 
PARAMETRIC_REPRESENTATION_CONTEXT() REPRESENTATION_CONTEXT('2D SPACE',''
  ) );
#3004 = ORIENTED_EDGE('',*,*,#3005,.T.);
#3005 = EDGE_CURVE('',#2983,#3006,#3008,.T.);
#3006 = VERTEX_POINT('',#3007);
#3007 = CARTESIAN_POINT('',(-46.5,12.,3.85));
#3008 = SURFACE_CURVE('',#3009,(#3013,#3020),.PCURVE_S1.);
#3009 = LINE('',#3010,#3011);
#3010 = CARTESIAN_POINT('',(-46.5,2.,3.85));
#3011 = VECTOR('',#3012,1.);
#3012 = DIRECTION('',(-0.,1.,0.));
#3013 = PCURVE('',#2945,#3014);
#3014 = DEFINITIONAL_REPRESENTATION('',(#3015),#3019);
#3015 = LINE('',#3016,#3017);
#3016 = CARTESIAN_POINT('',(0.,0.));
#3017 = VECTOR('',#3018,1.);
#3018 = DIRECTION('',(0.,-1.));
#3019 = ( GEOMETRIC_REPRESENTATION_CONTEXT(2) 
PARAMETRIC_REPRESENTATION_CONTEXT() REPRESENTATION_CONTEXT('2D SPACE',''
  ) );
#3020 = PCURVE('',#339,#3021);
#3021 = DEFINITIONAL_REPRESENTATION('',(#3022),#3026);
#3022 = LINE('',#3023,#3024);
#3023 = CARTESIAN_POINT('',(0.,0.));
#3024 = VECTOR('',#3025,1.);
#3025 = DIRECTION('',(0.,1.));
#3026 = ( GEOMETRIC_REPRESENTATION_CONTEXT(2) 
PARAMETRIC_REPRESENTATION_CONTEXT() REPRESENTATION_CONTEXT('2D SPACE',''
  ) );
#3027 = ORIENTED_EDGE('',*,*,#3028,.T.);
#3028 = EDGE_CURVE('',#3006,#2907,#3029,.T.);
#3029 = SURFACE_CURVE('',#3030,(#3034,#3041),.PCURVE_S1.);
#3030 = LINE('',#3031,#3032);
#3031 = CARTESIAN_POINT('',(-46.5,12.,3.85));
#3032 = VECTOR('',#3033,1.);
#3033 = DIRECTION('',(0.,0.,1.));
#3034 = PCURVE('',#2945,#3035);
#3035 = DEFINITIONAL_REPRESENTATION('',(#3036),#3040);
#3036 = LINE('',#3037,#3038);
#3037 = CARTESIAN_POINT('',(0.,-10.));
#3038 = VECTOR('',#3039,1.);
#3039 = DIRECTION('',(1.,0.));
#3040 = ( GEOMETRIC_REPRESENTATION_CONTEXT(2) 
PARAMETRIC_REPRESENTATION_CONTEXT() REPRESENTATION_CONTEXT('2D SPACE',''
  ) );
#3041 = PCURVE('',#366,#3042);
#3042 = DEFINITIONAL_REPRESENTATION('',(#3043),#3047);
#3043 = LINE('',#3044,#3045);
#3044 = CARTESIAN_POINT('',(0.,0.));
#3045 = VECTOR('',#3046,1.);
#3046 = DIRECTION('',(1.,0.));
#3047 = ( GEOMETRIC_REPRESENTATION_CONTEXT(2) 
PARAMETRIC_REPRESENTATION_CONTEXT() REPRESENTATION_CONTEXT('2D SPACE',''
  ) );
#3048 = ORIENTED_EDGE('',*,*,#2929,.F.);
#3049 = ADVANCED_FACE('',(#3050),#366,.T.);
#3050 = FACE_BOUND('',#3051,.T.);
#3051 = EDGE_LOOP('',(#3052,#3073,#3074,#3075,#3076,#3102));
#3052 = ORIENTED_EDGE('',*,*,#3053,.F.);
#3053 = EDGE_CURVE('',#3006,#323,#3054,.T.);
#3054 = SURFACE_CURVE('',#3055,(#3059,#3066),.PCURVE_S1.);
#3055 = LINE('',#3056,#3057);
#3056 = CARTESIAN_POINT('',(-46.5,12.,3.85));
#3057 = VECTOR('',#3058,1.);
#3058 = DIRECTION('',(1.,0.,-0.));
#3059 = PCURVE('',#366,#3060);
#3060 = DEFINITIONAL_REPRESENTATION('',(#3061),#3065);
#3061 = LINE('',#3062,#3063);
#3062 = CARTESIAN_POINT('',(0.,0.));
#3063 = VECTOR('',#3064,1.);
#3064 = DIRECTION('',(0.,1.));
#3065 = ( GEOMETRIC_REPRESENTATION_CONTEXT(2) 
PARAMETRIC_REPRESENTATION_CONTEXT() REPRESENTATION_CONTEXT('2D SPACE',''
  ) );
#3066 = PCURVE('',#339,#3067);
#3067 = DEFINITIONAL_REPRESENTATION('',(#3068),#3072);
#3068 = LINE('',#3069,#3070);
#3069 = CARTESIAN_POINT('',(0.,10.));
#3070 = VECTOR('',#3071,1.);
#3071 = DIRECTION('',(1.,0.));
#3072 = ( GEOMETRIC_REPRESENTATION_CONTEXT(2) 
PARAMETRIC_REPRESENTATION_CONTEXT() REPRESENTATION_CONTEXT('2D SPACE',''
  ) );
#3073 = ORIENTED_EDGE('',*,*,#3028,.T.);
#3074 = ORIENTED_EDGE('',*,*,#2906,.T.);
#3075 = ORIENTED_EDGE('',*,*,#747,.F.);
#3076 = ORIENTED_EDGE('',*,*,#3077,.T.);
#3077 = EDGE_CURVE('',#560,#352,#3078,.T.);
#3078 = SURFACE_CURVE('',#3079,(#3084,#3095),.PCURVE_S1.);
#3079 = CIRCLE('',#3080,2.7);
#3080 = AXIS2_PLACEMENT_3D('',#3081,#3082,#3083);
#3081 = CARTESIAN_POINT('',(-38.,12.,27.5));
#3082 = DIRECTION('',(0.,-1.,2.22044604925E-16));
#3083 = DIRECTION('',(1.,0.,0.));
#3084 = PCURVE('',#366,#3085);
#3085 = DEFINITIONAL_REPRESENTATION('',(#3086),#3094);
#3086 = ( BOUNDED_CURVE() B_SPLINE_CURVE(2,(#3087,#3088,#3089,#3090,
#3091,#3092,#3093),.UNSPECIFIED.,.T.,.F.) B_SPLINE_CURVE_WITH_KNOTS((1,2
    ,2,2,2,1),(-2.094395102393,0.,2.094395102393,4.188790204786,
6.28318530718,8.377580409573),.UNSPECIFIED.) CURVE() 
GEOMETRIC_REPRESENTATION_ITEM() RATIONAL_B_SPLINE_CURVE((1.,0.5,1.,0.5,
1.,0.5,1.)) REPRESENTATION_ITEM('') );
#3087 = CARTESIAN_POINT('',(23.65,11.2));
#3088 = CARTESIAN_POINT('',(28.326537180436,11.2));
#3089 = CARTESIAN_POINT('',(25.988268590218,7.15));
#3090 = CARTESIAN_POINT('',(23.65,3.1));
#3091 = CARTESIAN_POINT('',(21.311731409782,7.15));
#3092 = CARTESIAN_POINT('',(18.973462819564,11.2));
#3093 = CARTESIAN_POINT('',(23.65,11.2));
#3094 = ( GEOMETRIC_REPRESENTATION_CONTEXT(2) 
PARAMETRIC_REPRESENTATION_CONTEXT() REPRESENTATION_CONTEXT('2D SPACE',''
  ) );
#3095 = PCURVE('',#231,#3096);
#3096 = DEFINITIONAL_REPRESENTATION('',(#3097),#3101);
#3097 = LINE('',#3098,#3099);
#3098 = CARTESIAN_POINT('',(0.,15.));
#3099 = VECTOR('',#3100,1.);
#3100 = DIRECTION('',(1.,0.));
#3101 = ( GEOMETRIC_REPRESENTATION_CONTEXT(2) 
PARAMETRIC_REPRESENTATION_CONTEXT() REPRESENTATION_CONTEXT('2D SPACE',''
  ) );
#3102 = ORIENTED_EDGE('',*,*,#351,.F.);
#3103 = ADVANCED_FACE('',(#3104),#339,.F.);
#3104 = FACE_BOUND('',#3105,.F.);
#3105 = EDGE_LOOP('',(#3106,#3107,#3108,#3129));
#3106 = ORIENTED_EDGE('',*,*,#3053,.F.);
#3107 = ORIENTED_EDGE('',*,*,#3005,.F.);
#3108 = ORIENTED_EDGE('',*,*,#3109,.T.);
#3109 = EDGE_CURVE('',#2983,#297,#3110,.T.);
#3110 = SURFACE_CURVE('',#3111,(#3115,#3122),.PCURVE_S1.);
#3111 = LINE('',#3112,#3113);
#3112 = CARTESIAN_POINT('',(-46.5,2.,3.85));
#3113 = VECTOR('',#3114,1.);
#3114 = DIRECTION('',(1.,0.,-0.));
#3115 = PCURVE('',#339,#3116);
#3116 = DEFINITIONAL_REPRESENTATION('',(#3117),#3121);
#3117 = LINE('',#3118,#3119);
#3118 = CARTESIAN_POINT('',(0.,0.));
#3119 = VECTOR('',#3120,1.);
#3120 = DIRECTION('',(1.,0.));
#3121 = ( GEOMETRIC_REPRESENTATION_CONTEXT(2) 
PARAMETRIC_REPRESENTATION_CONTEXT() REPRESENTATION_CONTEXT('2D SPACE',''
  ) );
#3122 = PCURVE('',#311,#3123);
#3123 = DEFINITIONAL_REPRESENTATION('',(#3124),#3128);
#3124 = LINE('',#3125,#3126);
#3125 = CARTESIAN_POINT('',(0.,0.));
#3126 = VECTOR('',#3127,1.);
#3127 = DIRECTION('',(0.,1.));
#3128 = ( GEOMETRIC_REPRESENTATION_CONTEXT(2) 
PARAMETRIC_REPRESENTATION_CONTEXT() REPRESENTATION_CONTEXT('2D SPACE',''
  ) );
#3129 = ORIENTED_EDGE('',*,*,#322,.F.);
#3130 = ADVANCED_FACE('',(#3131),#311,.F.);
#3131 = FACE_BOUND('',#3132,.F.);
#3132 = EDGE_LOOP('',(#3133,#3134,#3135,#3136,#3137,#3163));
#3133 = ORIENTED_EDGE('',*,*,#3109,.F.);
#3134 = ORIENTED_EDGE('',*,*,#2982,.T.);
#3135 = ORIENTED_EDGE('',*,*,#2957,.T.);
#3136 = ORIENTED_EDGE('',*,*,#797,.F.);
#3137 = ORIENTED_EDGE('',*,*,#3138,.T.);
#3138 = EDGE_CURVE('',#798,#110,#3139,.T.);
#3139 = SURFACE_CURVE('',#3140,(#3145,#3156),.PCURVE_S1.);
#3140 = CIRCLE('',#3141,2.7);
#3141 = AXIS2_PLACEMENT_3D('',#3142,#3143,#3144);
#3142 = CARTESIAN_POINT('',(-38.,2.,27.5));
#3143 = DIRECTION('',(0.,-1.,2.22044604925E-16));
#3144 = DIRECTION('',(1.,0.,0.));
#3145 = PCURVE('',#311,#3146);
#3146 = DEFINITIONAL_REPRESENTATION('',(#3147),#3155);
#3147 = ( BOUNDED_CURVE() B_SPLINE_CURVE(2,(#3148,#3149,#3150,#3151,
#3152,#3153,#3154),.UNSPECIFIED.,.T.,.F.) B_SPLINE_CURVE_WITH_KNOTS((1,2
    ,2,2,2,1),(-2.094395102393,0.,2.094395102393,4.188790204786,
6.28318530718,8.377580409573),.UNSPECIFIED.) CURVE() 
GEOMETRIC_REPRESENTATION_ITEM() RATIONAL_B_SPLINE_CURVE((1.,0.5,1.,0.5,
1.,0.5,1.)) REPRESENTATION_ITEM('') );
#3148 = CARTESIAN_POINT('',(23.65,11.2));
#3149 = CARTESIAN_POINT('',(28.326537180436,11.2));
#3150 = CARTESIAN_POINT('',(25.988268590218,7.15));
#3151 = CARTESIAN_POINT('',(23.65,3.1));
#3152 = CARTESIAN_POINT('',(21.311731409782,7.15));
#3153 = CARTESIAN_POINT('',(18.973462819564,11.2));
#3154 = CARTESIAN_POINT('',(23.65,11.2));
#3155 = ( GEOMETRIC_REPRESENTATION_CONTEXT(2) 
PARAMETRIC_REPRESENTATION_CONTEXT() REPRESENTATION_CONTEXT('2D SPACE',''
  ) );
#3156 = PCURVE('',#231,#3157);
#3157 = DEFINITIONAL_REPRESENTATION('',(#3158),#3162);
#3158 = LINE('',#3159,#3160);
#3159 = CARTESIAN_POINT('',(0.,25.));
#3160 = VECTOR('',#3161,1.);
#3161 = DIRECTION('',(1.,0.));
#3162 = ( GEOMETRIC_REPRESENTATION_CONTEXT(2) 
PARAMETRIC_REPRESENTATION_CONTEXT() REPRESENTATION_CONTEXT('2D SPACE',''
  ) );
#3163 = ORIENTED_EDGE('',*,*,#296,.F.);
#3164 = ADVANCED_FACE('',(#3165),#231,.F.);
#3165 = FACE_BOUND('',#3166,.F.);
#3166 = EDGE_LOOP('',(#3167,#3197,#3218,#3219,#3220,#3221,#3222,#3250,
    #3251,#3252));
#3167 = ORIENTED_EDGE('',*,*,#3168,.F.);
#3168 = EDGE_CURVE('',#3169,#819,#3171,.T.);
#3169 = VERTEX_POINT('',#3170);
#3170 = CARTESIAN_POINT('',(-35.3,-1.849994608691,27.5));
#3171 = SURFACE_CURVE('',#3172,(#3177,#3190),.PCURVE_S1.);
#3172 = ELLIPSE('',#3173,2.703705334194,2.7);
#3173 = AXIS2_PLACEMENT_3D('',#3174,#3175,#3176);
#3174 = CARTESIAN_POINT('',(-38.,-1.991495612756,27.5));
#3175 = DIRECTION('',(5.233595624294E-02,-0.998629534755,
    2.465190328816E-32));
#3176 = DIRECTION('',(-0.998629534755,-5.233595624294E-02,
    4.242677899957E-15));
#3177 = PCURVE('',#231,#3178);
#3178 = DEFINITIONAL_REPRESENTATION('',(#3179),#3189);
#3179 = B_SPLINE_CURVE_WITH_KNOTS('',8,(#3180,#3181,#3182,#3183,#3184,
    #3185,#3186,#3187,#3188),.UNSPECIFIED.,.F.,.F.,(9,9),(3.14159265359,
    5.844636774674),.PIECEWISE_BEZIER_KNOTS.);
#3180 = CARTESIAN_POINT('',(0.,28.849994608691));
#3181 = CARTESIAN_POINT('',(0.337880515135,28.849994608691));
#3182 = CARTESIAN_POINT('',(0.67576103027,28.868457645673));
#3183 = CARTESIAN_POINT('',(1.013641545407,28.905374046823));
#3184 = CARTESIAN_POINT('',(1.351522060538,28.956288371031));
#3185 = CARTESIAN_POINT('',(1.689402575674,29.01209548414));
#3186 = CARTESIAN_POINT('',(2.027283090812,29.062287135788));
#3187 = CARTESIAN_POINT('',(2.365163605948,29.099304684878));
#3188 = CARTESIAN_POINT('',(2.703044121084,29.119606227839));
#3189 = ( GEOMETRIC_REPRESENTATION_CONTEXT(2) 
PARAMETRIC_REPRESENTATION_CONTEXT() REPRESENTATION_CONTEXT('2D SPACE',''
  ) );
#3190 = PCURVE('',#98,#3191);
#3191 = DEFINITIONAL_REPRESENTATION('',(#3192),#3196);
#3192 = ELLIPSE('',#3193,2.703705334194,2.7);
#3193 = AXIS2_PLACEMENT_2D('',#3194,#3195);
#3194 = CARTESIAN_POINT('',(110.,118.05214914792));
#3195 = DIRECTION('',(4.242677899957E-15,1.));
#3196 = ( GEOMETRIC_REPRESENTATION_CONTEXT(2) 
PARAMETRIC_REPRESENTATION_CONTEXT() REPRESENTATION_CONTEXT('2D SPACE',''
  ) );
#3197 = ORIENTED_EDGE('',*,*,#3198,.F.);
#3198 = EDGE_CURVE('',#378,#3169,#3199,.T.);
#3199 = SEAM_CURVE('',#3200,(#3204,#3211),.PCURVE_S1.);
#3200 = LINE('',#3201,#3202);
#3201 = CARTESIAN_POINT('',(-35.3,27.,27.5));
#3202 = VECTOR('',#3203,1.);
#3203 = DIRECTION('',(0.,-1.,2.22044604925E-16));
#3204 = PCURVE('',#231,#3205);
#3205 = DEFINITIONAL_REPRESENTATION('',(#3206),#3210);
#3206 = LINE('',#3207,#3208);
#3207 = CARTESIAN_POINT('',(6.28318530718,-0.));
#3208 = VECTOR('',#3209,1.);
#3209 = DIRECTION('',(0.,1.));
#3210 = ( GEOMETRIC_REPRESENTATION_CONTEXT(2) 
PARAMETRIC_REPRESENTATION_CONTEXT() REPRESENTATION_CONTEXT('2D SPACE',''
  ) );
#3211 = PCURVE('',#231,#3212);
#3212 = DEFINITIONAL_REPRESENTATION('',(#3213),#3217);
#3213 = LINE('',#3214,#3215);
#3214 = CARTESIAN_POINT('',(0.,-0.));
#3215 = VECTOR('',#3216,1.);
#3216 = DIRECTION('',(0.,1.));
#3217 = ( GEOMETRIC_REPRESENTATION_CONTEXT(2) 
PARAMETRIC_REPRESENTATION_CONTEXT() REPRESENTATION_CONTEXT('2D SPACE',''
  ) );
#3218 = ORIENTED_EDGE('',*,*,#559,.T.);
#3219 = ORIENTED_EDGE('',*,*,#3077,.T.);
#3220 = ORIENTED_EDGE('',*,*,#377,.F.);
#3221 = ORIENTED_EDGE('',*,*,#3198,.T.);
#3222 = ORIENTED_EDGE('',*,*,#3223,.F.);
#3223 = EDGE_CURVE('',#84,#3169,#3224,.T.);
#3224 = SURFACE_CURVE('',#3225,(#3230,#3243),.PCURVE_S1.);
#3225 = ELLIPSE('',#3226,2.703705334194,2.7);
#3226 = AXIS2_PLACEMENT_3D('',#3227,#3228,#3229);
#3227 = CARTESIAN_POINT('',(-38.,-1.991495612756,27.5));
#3228 = DIRECTION('',(5.233595624294E-02,-0.998629534755,
    2.465190328816E-32));
#3229 = DIRECTION('',(-0.998629534755,-5.233595624294E-02,
    4.242677899957E-15));
#3230 = PCURVE('',#231,#3231);
#3231 = DEFINITIONAL_REPRESENTATION('',(#3232),#3242);
#3232 = B_SPLINE_CURVE_WITH_KNOTS('',8,(#3233,#3234,#3235,#3236,#3237,
    #3238,#3239,#3240,#3241),.UNSPECIFIED.,.F.,.F.,(9,9),(0.438548532506
    ,3.14159265359),.PIECEWISE_BEZIER_KNOTS.);
#3233 = CARTESIAN_POINT('',(3.580141186096,29.119606227839));
#3234 = CARTESIAN_POINT('',(3.918021701231,29.099304684878));
#3235 = CARTESIAN_POINT('',(4.255902216367,29.062287135785));
#3236 = CARTESIAN_POINT('',(4.593782731504,29.012095484126));
#3237 = CARTESIAN_POINT('',(4.931663246643,28.956288371061));
#3238 = CARTESIAN_POINT('',(5.269543761773,28.905374046779));
#3239 = CARTESIAN_POINT('',(5.607424276909,28.868457645702));
#3240 = CARTESIAN_POINT('',(5.945304792044,28.849994608691));
#3241 = CARTESIAN_POINT('',(6.28318530718,28.849994608691));
#3242 = ( GEOMETRIC_REPRESENTATION_CONTEXT(2) 
PARAMETRIC_REPRESENTATION_CONTEXT() REPRESENTATION_CONTEXT('2D SPACE',''
  ) );
#3243 = PCURVE('',#98,#3244);
#3244 = DEFINITIONAL_REPRESENTATION('',(#3245),#3249);
#3245 = ELLIPSE('',#3246,2.703705334194,2.7);
#3246 = AXIS2_PLACEMENT_2D('',#3247,#3248);
#3247 = CARTESIAN_POINT('',(110.,118.05214914792));
#3248 = DIRECTION('',(4.242677899957E-15,1.));
#3249 = ( GEOMETRIC_REPRESENTATION_CONTEXT(2) 
PARAMETRIC_REPRESENTATION_CONTEXT() REPRESENTATION_CONTEXT('2D SPACE',''
  ) );
#3250 = ORIENTED_EDGE('',*,*,#109,.F.);
#3251 = ORIENTED_EDGE('',*,*,#3138,.F.);
#3252 = ORIENTED_EDGE('',*,*,#818,.T.);
#3253 = ADVANCED_FACE('',(#3254),#98,.T.);
#3254 = FACE_BOUND('',#3255,.T.);
#3255 = EDGE_LOOP('',(#3256,#3257,#3277,#3278,#3279,#3280,#3281));
#3256 = ORIENTED_EDGE('',*,*,#83,.F.);
#3257 = ORIENTED_EDGE('',*,*,#3258,.T.);
#3258 = EDGE_CURVE('',#55,#2220,#3259,.T.);
#3259 = SURFACE_CURVE('',#3260,(#3264,#3270),.PCURVE_S1.);
#3260 = LINE('',#3261,#3262);
#3261 = CARTESIAN_POINT('',(39.945181390183,2.093438249718,0.));
#3262 = VECTOR('',#3263,1.);
#3263 = DIRECTION('',(0.998629534755,5.233595624294E-02,-0.));
#3264 = PCURVE('',#98,#3265);
#3265 = DEFINITIONAL_REPRESENTATION('',(#3266),#3269);
#3266 = B_SPLINE_CURVE_WITH_KNOTS('',1,(#3267,#3268),.UNSPECIFIED.,.F.,
  .F.,(2,2),(-80.05489383991,-38.60210436451),.PIECEWISE_BEZIER_KNOTS.);
#3267 = CARTESIAN_POINT('',(82.5,120.05489383991));
#3268 = CARTESIAN_POINT('',(82.5,78.602104364515));
#3269 = ( GEOMETRIC_REPRESENTATION_CONTEXT(2) 
PARAMETRIC_REPRESENTATION_CONTEXT() REPRESENTATION_CONTEXT('2D SPACE',''
  ) );
#3270 = PCURVE('',#71,#3271);
#3271 = DEFINITIONAL_REPRESENTATION('',(#3272),#3276);
#3272 = LINE('',#3273,#3274);
#3273 = CARTESIAN_POINT('',(39.945181390183,2.093438249718));
#3274 = VECTOR('',#3275,1.);
#3275 = DIRECTION('',(0.998629534755,5.233595624294E-02));
#3276 = ( GEOMETRIC_REPRESENTATION_CONTEXT(2) 
PARAMETRIC_REPRESENTATION_CONTEXT() REPRESENTATION_CONTEXT('2D SPACE',''
  ) );
#3277 = ORIENTED_EDGE('',*,*,#2243,.T.);
#3278 = ORIENTED_EDGE('',*,*,#2142,.F.);
#3279 = ORIENTED_EDGE('',*,*,#1006,.F.);
#3280 = ORIENTED_EDGE('',*,*,#3168,.F.);
#3281 = ORIENTED_EDGE('',*,*,#3223,.F.);
#3282 = ADVANCED_FACE('',(#3283),#71,.F.);
#3283 = FACE_BOUND('',#3284,.F.);
#3284 = EDGE_LOOP('',(#3285,#3305,#3306,#3307));
#3285 = ORIENTED_EDGE('',*,*,#3286,.F.);
#3286 = EDGE_CURVE('',#22,#2199,#3287,.T.);
#3287 = SURFACE_CURVE('',#3288,(#3292,#3299),.PCURVE_S1.);
#3288 = LINE('',#3289,#3290);
#3289 = CARTESIAN_POINT('',(-39.94518139018,2.093438249718,0.));
#3290 = VECTOR('',#3291,1.);
#3291 = DIRECTION('',(-0.998629534755,5.233595624294E-02,0.));
#3292 = PCURVE('',#71,#3293);
#3293 = DEFINITIONAL_REPRESENTATION('',(#3294),#3298);
#3294 = LINE('',#3295,#3296);
#3295 = CARTESIAN_POINT('',(-39.94518139018,2.093438249718));
#3296 = VECTOR('',#3297,1.);
#3297 = DIRECTION('',(-0.998629534755,5.233595624294E-02));
#3298 = ( GEOMETRIC_REPRESENTATION_CONTEXT(2) 
PARAMETRIC_REPRESENTATION_CONTEXT() REPRESENTATION_CONTEXT('2D SPACE',''
  ) );
#3299 = PCURVE('',#43,#3300);
#3300 = DEFINITIONAL_REPRESENTATION('',(#3301),#3304);
#3301 = B_SPLINE_CURVE_WITH_KNOTS('',1,(#3302,#3303),.UNSPECIFIED.,.F.,
  .F.,(2,2),(-80.05489383991,5.489383991684E-02),
  .PIECEWISE_BEZIER_KNOTS.);
#3302 = CARTESIAN_POINT('',(82.5,120.05489383991));
#3303 = CARTESIAN_POINT('',(82.5,39.945106160083));
#3304 = ( GEOMETRIC_REPRESENTATION_CONTEXT(2) 
PARAMETRIC_REPRESENTATION_CONTEXT() REPRESENTATION_CONTEXT('2D SPACE',''
  ) );
#3305 = ORIENTED_EDGE('',*,*,#54,.T.);
#3306 = ORIENTED_EDGE('',*,*,#3258,.T.);
#3307 = ORIENTED_EDGE('',*,*,#2219,.F.);
#3308 = ADVANCED_FACE('',(#3309),#43,.F.);
#3309 = FACE_BOUND('',#3310,.F.);
#3310 = EDGE_LOOP('',(#3311,#3312,#3313,#3314,#3315,#3316));
#3311 = ORIENTED_EDGE('',*,*,#21,.F.);
#3312 = ORIENTED_EDGE('',*,*,#3286,.T.);
#3313 = ORIENTED_EDGE('',*,*,#2198,.T.);
#3314 = ORIENTED_EDGE('',*,*,#2119,.F.);
#3315 = ORIENTED_EDGE('',*,*,#1060,.F.);
#3316 = ORIENTED_EDGE('',*,*,#2080,.F.);
#3317 = ( GEOMETRIC_REPRESENTATION_CONTEXT(3) 
GLOBAL_UNCERTAINTY_ASSIGNED_CONTEXT((#3321)) 
GLOBAL_UNIT_ASSIGNED_CONTEXT((#3318,#3319,#3320)) REPRESENTATION_CONTEXT
('Context #1','3D Context with UNIT and UNCERTAINTY') );
#3318 = ( LENGTH_UNIT() NAMED_UNIT(*) SI_UNIT(.MILLI.,.METRE.) );
#3319 = ( NAMED_UNIT(*) PLANE_ANGLE_UNIT() SI_UNIT($,.RADIAN.) );
#3320 = ( NAMED_UNIT(*) SI_UNIT($,.STERADIAN.) SOLID_ANGLE_UNIT() );
#3321 = UNCERTAINTY_MEASURE_WITH_UNIT(LENGTH_MEASURE(1.E-07),#3318,
  'distance_accuracy_value','confusion accuracy');
#3322 = PRODUCT_RELATED_PRODUCT_CATEGORY('part',$,(#7));
ENDSEC;
END-ISO-10303-21;
