ISO-10303-21;
HEADER;
FILE_DESCRIPTION(('Open CASCADE Model'),'2;1');
FILE_NAME('Open CASCADE Shape Model','2026-08-05T18:26:51',('Author'),(
    'Open CASCADE'),'Open CASCADE STEP processor 7.9','build123d',
  'Unknown');
FILE_SCHEMA(('AUTOMOTIVE_DESIGN { 1 0 10303 214 1 1 1 1 }'));
ENDSEC;
DATA;
#1 = APPLICATION_PROTOCOL_DEFINITION('international standard',
  'automotive_design',2000,#2);
#2 = APPLICATION_CONTEXT(
  'core data for automotive mechanical design processes');
#3 = SHAPE_DEFINITION_REPRESENTATION(#4,#10);
#4 = PRODUCT_DEFINITION_SHAPE('','',#5);
#5 = PRODUCT_DEFINITION('design','',#6,#9);
#6 = PRODUCT_DEFINITION_FORMATION('','',#7);
#7 = PRODUCT('SOLID','SOLID','',(#8));
#8 = PRODUCT_CONTEXT('',#2,'mechanical');
#9 = PRODUCT_DEFINITION_CONTEXT('part definition',#2,'design');
#10 = ADVANCED_BREP_SHAPE_REPRESENTATION('',(#11,#15),#7973);
#11 = AXIS2_PLACEMENT_3D('',#12,#13,#14);
#12 = CARTESIAN_POINT('',(0.,0.,0.));
#13 = DIRECTION('',(0.,0.,1.));
#14 = DIRECTION('',(1.,0.,-0.));
#15 = MANIFOLD_SOLID_BREP('',#16);
#16 = CLOSED_SHELL('',(#17,#857,#937,#1023,#1352,#1407,#1411,#1438,#1465
    ,#1490,#1515,#1522,#1595,#1929,#1984,#1988,#2068,#2095,#2122,#2149,
    #2176,#2183,#2218,#2273,#2277,#2351,#2685,#2740,#2744,#2828,#2855,
    #2882,#2968,#3171,#3406,#4056,#4099,#4122,#4129,#4200,#4359,#4435,
    #4506,#4702,#5030,#5101,#5172,#5541,#5613,#5665,#5717,#5769,#5821,
    #5873,#5925,#5977,#6029,#6057,#6126,#6185,#6553,#6625,#6677,#6729,
    #6781,#6833,#6885,#6937,#6989,#7041,#7069,#7137,#7217,#7244,#7318,
    #7394,#7470,#7544,#7613,#7648,#7702,#7729,#7763,#7817,#7844,#7876,
    #7882,#7897,#7903,#7911,#7939,#7966));
#17 = ADVANCED_FACE('',(#18,#497,#677),#32,.T.);
#18 = FACE_BOUND('',#19,.T.);
#19 = EDGE_LOOP('',(#20,#53,#85,#114,#137,#166,#195,#224,#253,#286,#312,
    #313,#337,#369,#395,#424,#447,#474,#475));
#20 = ORIENTED_EDGE('',*,*,#21,.T.);
#21 = EDGE_CURVE('',#22,#24,#26,.T.);
#22 = VERTEX_POINT('',#23);
#23 = CARTESIAN_POINT('',(18.169790363298,-5.555062389732,14.));
#24 = VERTEX_POINT('',#25);
#25 = CARTESIAN_POINT('',(18.169790363298,-5.555062389732,18.6));
#26 = SURFACE_CURVE('',#27,(#31,#42),.PCURVE_S1.);
#27 = LINE('',#28,#29);
#28 = CARTESIAN_POINT('',(18.169790363298,-5.555062389732,0.));
#29 = VECTOR('',#30,1.);
#30 = DIRECTION('',(0.,0.,1.));
#31 = PCURVE('',#32,#37);
#32 = CYLINDRICAL_SURFACE('',#33,19.);
#33 = AXIS2_PLACEMENT_3D('',#34,#35,#36);
#34 = CARTESIAN_POINT('',(0.,0.,0.));
#35 = DIRECTION('',(0.,0.,1.));
#36 = DIRECTION('',(1.,0.,-0.));
#37 = DEFINITIONAL_REPRESENTATION('',(#38),#41);
#38 = B_SPLINE_CURVE_WITH_KNOTS('',1,(#39,#40),.UNSPECIFIED.,.F.,.F.,(2,
    2),(13.5,19.5),.PIECEWISE_BEZIER_KNOTS.);
#39 = CARTESIAN_POINT('',(5.986479334341,13.5));
#40 = CARTESIAN_POINT('',(5.986479334341,19.5));
#41 = ( GEOMETRIC_REPRESENTATION_CONTEXT(2) 
PARAMETRIC_REPRESENTATION_CONTEXT() REPRESENTATION_CONTEXT('2D SPACE',''
  ) );
#42 = PCURVE('',#43,#48);
#43 = PLANE('',#44);
#44 = AXIS2_PLACEMENT_3D('',#45,#46,#47);
#45 = CARTESIAN_POINT('',(-43.9900187743,13.449098417246,6.5));
#46 = DIRECTION('',(0.292371704723,0.956304755963,0.));
#47 = DIRECTION('',(0.,0.,1.));
#48 = DEFINITIONAL_REPRESENTATION('',(#49),#52);
#49 = B_SPLINE_CURVE_WITH_KNOTS('',1,(#50,#51),.UNSPECIFIED.,.F.,.F.,(2,
    2),(13.5,19.5),.PIECEWISE_BEZIER_KNOTS.);
#50 = CARTESIAN_POINT('',(7.,65.));
#51 = CARTESIAN_POINT('',(13.,65.));
#52 = ( GEOMETRIC_REPRESENTATION_CONTEXT(2) 
PARAMETRIC_REPRESENTATION_CONTEXT() REPRESENTATION_CONTEXT('2D SPACE',''
  ) );
#53 = ORIENTED_EDGE('',*,*,#54,.F.);
#54 = EDGE_CURVE('',#55,#24,#57,.T.);
#55 = VERTEX_POINT('',#56);
#56 = CARTESIAN_POINT('',(18.282712052592,-5.171309312157,19.));
#57 = SURFACE_CURVE('',#58,(#63,#73),.PCURVE_S1.);
#58 = ELLIPSE('',#59,26.870057685089,19.);
#59 = AXIS2_PLACEMENT_3D('',#60,#61,#62);
#60 = CARTESIAN_POINT('',(0.,0.,18.6));
#61 = DIRECTION('',(0.206738015037,0.676209577822,-0.707106781187));
#62 = DIRECTION('',(0.206738015037,0.676209577822,0.707106781187));
#63 = PCURVE('',#32,#64);
#64 = DEFINITIONAL_REPRESENTATION('',(#65),#72);
#65 = B_SPLINE_CURVE_WITH_KNOTS('',5,(#66,#67,#68,#69,#70,#71),
  .UNSPECIFIED.,.F.,.F.,(6,6),(1.549742139771,1.570796326795),
  .PIECEWISE_BEZIER_KNOTS.);
#66 = CARTESIAN_POINT('',(6.007533521364,19.));
#67 = CARTESIAN_POINT('',(6.003322683959,18.920011821117));
#68 = CARTESIAN_POINT('',(5.999111846555,18.840014776658));
#69 = CARTESIAN_POINT('',(5.99490100915,18.760011821379));
#70 = CARTESIAN_POINT('',(5.990690171745,18.68000591069));
#71 = CARTESIAN_POINT('',(5.986479334341,18.6));
#72 = ( GEOMETRIC_REPRESENTATION_CONTEXT(2) 
PARAMETRIC_REPRESENTATION_CONTEXT() REPRESENTATION_CONTEXT('2D SPACE',''
  ) );
#73 = PCURVE('',#74,#79);
#74 = PLANE('',#75);
#75 = AXIS2_PLACEMENT_3D('',#76,#77,#78);
#76 = CARTESIAN_POINT('',(22.053483728094,-6.53328825743,18.8));
#77 = DIRECTION('',(0.206738015037,0.676209577822,-0.707106781187));
#78 = DIRECTION('',(0.956304755963,-0.292371704723,-5.551115123126E-17)
  );
#79 = DEFINITIONAL_REPRESENTATION('',(#80),#84);
#80 = ELLIPSE('',#81,26.870057685089,19.);
#81 = AXIS2_PLACEMENT_2D('',#82,#83);
#82 = CARTESIAN_POINT('',(-23.,0.282842712475));
#83 = DIRECTION('',(-1.502746139296E-16,-1.));
#84 = ( GEOMETRIC_REPRESENTATION_CONTEXT(2) 
PARAMETRIC_REPRESENTATION_CONTEXT() REPRESENTATION_CONTEXT('2D SPACE',''
  ) );
#85 = ORIENTED_EDGE('',*,*,#86,.T.);
#86 = EDGE_CURVE('',#55,#87,#89,.T.);
#87 = VERTEX_POINT('',#88);
#88 = CARTESIAN_POINT('',(19.,-4.65365783676E-15,19.));
#89 = SURFACE_CURVE('',#90,(#95,#102),.PCURVE_S1.);
#90 = CIRCLE('',#91,19.);
#91 = AXIS2_PLACEMENT_3D('',#92,#93,#94);
#92 = CARTESIAN_POINT('',(0.,0.,19.));
#93 = DIRECTION('',(0.,0.,1.));
#94 = DIRECTION('',(1.,0.,-0.));
#95 = PCURVE('',#32,#96);
#96 = DEFINITIONAL_REPRESENTATION('',(#97),#101);
#97 = LINE('',#98,#99);
#98 = CARTESIAN_POINT('',(0.,19.));
#99 = VECTOR('',#100,1.);
#100 = DIRECTION('',(1.,0.));
#101 = ( GEOMETRIC_REPRESENTATION_CONTEXT(2) 
PARAMETRIC_REPRESENTATION_CONTEXT() REPRESENTATION_CONTEXT('2D SPACE',''
  ) );
#102 = PCURVE('',#103,#108);
#103 = PLANE('',#104);
#104 = AXIS2_PLACEMENT_3D('',#105,#106,#107);
#105 = CARTESIAN_POINT('',(0.,0.,19.));
#106 = DIRECTION('',(0.,0.,1.));
#107 = DIRECTION('',(1.,0.,-0.));
#108 = DEFINITIONAL_REPRESENTATION('',(#109),#113);
#109 = CIRCLE('',#110,19.);
#110 = AXIS2_PLACEMENT_2D('',#111,#112);
#111 = CARTESIAN_POINT('',(0.,0.));
#112 = DIRECTION('',(1.,0.));
#113 = ( GEOMETRIC_REPRESENTATION_CONTEXT(2) 
PARAMETRIC_REPRESENTATION_CONTEXT() REPRESENTATION_CONTEXT('2D SPACE',''
  ) );
#114 = ORIENTED_EDGE('',*,*,#115,.T.);
#115 = EDGE_CURVE('',#87,#116,#118,.T.);
#116 = VERTEX_POINT('',#117);
#117 = CARTESIAN_POINT('',(19.,-4.65365783676E-15,27.));
#118 = SEAM_CURVE('',#119,(#123,#130),.PCURVE_S1.);
#119 = LINE('',#120,#121);
#120 = CARTESIAN_POINT('',(19.,-4.65365783676E-15,0.));
#121 = VECTOR('',#122,1.);
#122 = DIRECTION('',(0.,0.,1.));
#123 = PCURVE('',#32,#124);
#124 = DEFINITIONAL_REPRESENTATION('',(#125),#129);
#125 = LINE('',#126,#127);
#126 = CARTESIAN_POINT('',(6.28318530718,-0.));
#127 = VECTOR('',#128,1.);
#128 = DIRECTION('',(0.,1.));
#129 = ( GEOMETRIC_REPRESENTATION_CONTEXT(2) 
PARAMETRIC_REPRESENTATION_CONTEXT() REPRESENTATION_CONTEXT('2D SPACE',''
  ) );
#130 = PCURVE('',#32,#131);
#131 = DEFINITIONAL_REPRESENTATION('',(#132),#136);
#132 = LINE('',#133,#134);
#133 = CARTESIAN_POINT('',(0.,-0.));
#134 = VECTOR('',#135,1.);
#135 = DIRECTION('',(0.,1.));
#136 = ( GEOMETRIC_REPRESENTATION_CONTEXT(2) 
PARAMETRIC_REPRESENTATION_CONTEXT() REPRESENTATION_CONTEXT('2D SPACE',''
  ) );
#137 = ORIENTED_EDGE('',*,*,#138,.F.);
#138 = EDGE_CURVE('',#139,#116,#141,.T.);
#139 = VERTEX_POINT('',#140);
#140 = CARTESIAN_POINT('',(17.663521732656,-7.,27.));
#141 = SURFACE_CURVE('',#142,(#147,#154),.PCURVE_S1.);
#142 = CIRCLE('',#143,19.);
#143 = AXIS2_PLACEMENT_3D('',#144,#145,#146);
#144 = CARTESIAN_POINT('',(0.,0.,27.));
#145 = DIRECTION('',(0.,0.,1.));
#146 = DIRECTION('',(1.,0.,-0.));
#147 = PCURVE('',#32,#148);
#148 = DEFINITIONAL_REPRESENTATION('',(#149),#153);
#149 = LINE('',#150,#151);
#150 = CARTESIAN_POINT('',(0.,27.));
#151 = VECTOR('',#152,1.);
#152 = DIRECTION('',(1.,0.));
#153 = ( GEOMETRIC_REPRESENTATION_CONTEXT(2) 
PARAMETRIC_REPRESENTATION_CONTEXT() REPRESENTATION_CONTEXT('2D SPACE',''
  ) );
#154 = PCURVE('',#155,#160);
#155 = PLANE('',#156);
#156 = AXIS2_PLACEMENT_3D('',#157,#158,#159);
#157 = CARTESIAN_POINT('',(-22.,-7.,27.));
#158 = DIRECTION('',(0.,0.,1.));
#159 = DIRECTION('',(1.,0.,-0.));
#160 = DEFINITIONAL_REPRESENTATION('',(#161),#165);
#161 = CIRCLE('',#162,19.);
#162 = AXIS2_PLACEMENT_2D('',#163,#164);
#163 = CARTESIAN_POINT('',(22.,7.));
#164 = DIRECTION('',(1.,0.));
#165 = ( GEOMETRIC_REPRESENTATION_CONTEXT(2) 
PARAMETRIC_REPRESENTATION_CONTEXT() REPRESENTATION_CONTEXT('2D SPACE',''
  ) );
#166 = ORIENTED_EDGE('',*,*,#167,.F.);
#167 = EDGE_CURVE('',#168,#139,#170,.T.);
#168 = VERTEX_POINT('',#169);
#169 = CARTESIAN_POINT('',(15.,-11.66190378969,27.));
#170 = SURFACE_CURVE('',#171,(#176,#183),.PCURVE_S1.);
#171 = CIRCLE('',#172,19.);
#172 = AXIS2_PLACEMENT_3D('',#173,#174,#175);
#173 = CARTESIAN_POINT('',(0.,0.,27.));
#174 = DIRECTION('',(0.,0.,1.));
#175 = DIRECTION('',(1.,0.,-0.));
#176 = PCURVE('',#32,#177);
#177 = DEFINITIONAL_REPRESENTATION('',(#178),#182);
#178 = LINE('',#179,#180);
#179 = CARTESIAN_POINT('',(0.,27.));
#180 = VECTOR('',#181,1.);
#181 = DIRECTION('',(1.,0.));
#182 = ( GEOMETRIC_REPRESENTATION_CONTEXT(2) 
PARAMETRIC_REPRESENTATION_CONTEXT() REPRESENTATION_CONTEXT('2D SPACE',''
  ) );
#183 = PCURVE('',#184,#189);
#184 = PLANE('',#185);
#185 = AXIS2_PLACEMENT_3D('',#186,#187,#188);
#186 = CARTESIAN_POINT('',(0.,0.,27.));
#187 = DIRECTION('',(0.,0.,1.));
#188 = DIRECTION('',(1.,0.,-0.));
#189 = DEFINITIONAL_REPRESENTATION('',(#190),#194);
#190 = CIRCLE('',#191,19.);
#191 = AXIS2_PLACEMENT_2D('',#192,#193);
#192 = CARTESIAN_POINT('',(0.,0.));
#193 = DIRECTION('',(1.,0.));
#194 = ( GEOMETRIC_REPRESENTATION_CONTEXT(2) 
PARAMETRIC_REPRESENTATION_CONTEXT() REPRESENTATION_CONTEXT('2D SPACE',''
  ) );
#195 = ORIENTED_EDGE('',*,*,#196,.F.);
#196 = EDGE_CURVE('',#197,#168,#199,.T.);
#197 = VERTEX_POINT('',#198);
#198 = CARTESIAN_POINT('',(-15.,-11.66190378969,27.));
#199 = SURFACE_CURVE('',#200,(#205,#212),.PCURVE_S1.);
#200 = CIRCLE('',#201,19.);
#201 = AXIS2_PLACEMENT_3D('',#202,#203,#204);
#202 = CARTESIAN_POINT('',(0.,0.,27.));
#203 = DIRECTION('',(0.,0.,1.));
#204 = DIRECTION('',(1.,0.,-0.));
#205 = PCURVE('',#32,#206);
#206 = DEFINITIONAL_REPRESENTATION('',(#207),#211);
#207 = LINE('',#208,#209);
#208 = CARTESIAN_POINT('',(0.,27.));
#209 = VECTOR('',#210,1.);
#210 = DIRECTION('',(1.,0.));
#211 = ( GEOMETRIC_REPRESENTATION_CONTEXT(2) 
PARAMETRIC_REPRESENTATION_CONTEXT() REPRESENTATION_CONTEXT('2D SPACE',''
  ) );
#212 = PCURVE('',#213,#218);
#213 = PLANE('',#214);
#214 = AXIS2_PLACEMENT_3D('',#215,#216,#217);
#215 = CARTESIAN_POINT('',(-15.,-50.95,27.));
#216 = DIRECTION('',(0.,0.,1.));
#217 = DIRECTION('',(1.,0.,-0.));
#218 = DEFINITIONAL_REPRESENTATION('',(#219),#223);
#219 = CIRCLE('',#220,19.);
#220 = AXIS2_PLACEMENT_2D('',#221,#222);
#221 = CARTESIAN_POINT('',(15.,50.95));
#222 = DIRECTION('',(1.,0.));
#223 = ( GEOMETRIC_REPRESENTATION_CONTEXT(2) 
PARAMETRIC_REPRESENTATION_CONTEXT() REPRESENTATION_CONTEXT('2D SPACE',''
  ) );
#224 = ORIENTED_EDGE('',*,*,#225,.F.);
#225 = EDGE_CURVE('',#226,#197,#228,.T.);
#226 = VERTEX_POINT('',#227);
#227 = CARTESIAN_POINT('',(-17.66352173265,-7.,27.));
#228 = SURFACE_CURVE('',#229,(#234,#241),.PCURVE_S1.);
#229 = CIRCLE('',#230,19.);
#230 = AXIS2_PLACEMENT_3D('',#231,#232,#233);
#231 = CARTESIAN_POINT('',(0.,0.,27.));
#232 = DIRECTION('',(0.,0.,1.));
#233 = DIRECTION('',(1.,0.,-0.));
#234 = PCURVE('',#32,#235);
#235 = DEFINITIONAL_REPRESENTATION('',(#236),#240);
#236 = LINE('',#237,#238);
#237 = CARTESIAN_POINT('',(0.,27.));
#238 = VECTOR('',#239,1.);
#239 = DIRECTION('',(1.,0.));
#240 = ( GEOMETRIC_REPRESENTATION_CONTEXT(2) 
PARAMETRIC_REPRESENTATION_CONTEXT() REPRESENTATION_CONTEXT('2D SPACE',''
  ) );
#241 = PCURVE('',#242,#247);
#242 = PLANE('',#243);
#243 = AXIS2_PLACEMENT_3D('',#244,#245,#246);
#244 = CARTESIAN_POINT('',(0.,0.,27.));
#245 = DIRECTION('',(0.,0.,1.));
#246 = DIRECTION('',(1.,0.,-0.));
#247 = DEFINITIONAL_REPRESENTATION('',(#248),#252);
#248 = CIRCLE('',#249,19.);
#249 = AXIS2_PLACEMENT_2D('',#250,#251);
#250 = CARTESIAN_POINT('',(0.,0.));
#251 = DIRECTION('',(1.,0.));
#252 = ( GEOMETRIC_REPRESENTATION_CONTEXT(2) 
PARAMETRIC_REPRESENTATION_CONTEXT() REPRESENTATION_CONTEXT('2D SPACE',''
  ) );
#253 = ORIENTED_EDGE('',*,*,#254,.T.);
#254 = EDGE_CURVE('',#226,#255,#257,.T.);
#255 = VERTEX_POINT('',#256);
#256 = CARTESIAN_POINT('',(1.047744064056E-12,19.,27.));
#257 = SURFACE_CURVE('',#258,(#263,#270),.PCURVE_S1.);
#258 = CIRCLE('',#259,19.);
#259 = AXIS2_PLACEMENT_3D('',#260,#261,#262);
#260 = CARTESIAN_POINT('',(0.,0.,27.));
#261 = DIRECTION('',(-0.,0.,-1.));
#262 = DIRECTION('',(-0.929659038561,-0.368421052632,0.));
#263 = PCURVE('',#32,#264);
#264 = DEFINITIONAL_REPRESENTATION('',(#265),#269);
#265 = LINE('',#266,#267);
#266 = CARTESIAN_POINT('',(3.51890268595,27.));
#267 = VECTOR('',#268,1.);
#268 = DIRECTION('',(-1.,-0.));
#269 = ( GEOMETRIC_REPRESENTATION_CONTEXT(2) 
PARAMETRIC_REPRESENTATION_CONTEXT() REPRESENTATION_CONTEXT('2D SPACE',''
  ) );
#270 = PCURVE('',#271,#276);
#271 = PLANE('',#272);
#272 = AXIS2_PLACEMENT_3D('',#273,#274,#275);
#273 = CARTESIAN_POINT('',(-15.,-50.95,27.));
#274 = DIRECTION('',(0.,0.,1.));
#275 = DIRECTION('',(1.,0.,-0.));
#276 = DEFINITIONAL_REPRESENTATION('',(#277),#285);
#277 = ( BOUNDED_CURVE() B_SPLINE_CURVE(2,(#278,#279,#280,#281,#282,#283
,#284),.UNSPECIFIED.,.T.,.F.) B_SPLINE_CURVE_WITH_KNOTS((1,2,2,2,2,1),(
    -2.094395102393,0.,2.094395102393,4.188790204786,6.28318530718,
8.377580409573),.UNSPECIFIED.) CURVE() GEOMETRIC_REPRESENTATION_ITEM() 
RATIONAL_B_SPLINE_CURVE((1.,0.5,1.,0.5,1.,0.5,1.)) REPRESENTATION_ITEM(
  '') );
#278 = CARTESIAN_POINT('',(-2.663521732656,43.95));
#279 = CARTESIAN_POINT('',(-14.78787738563,74.544117081556));
#280 = CARTESIAN_POINT('',(17.769583039836,69.747058540778));
#281 = CARTESIAN_POINT('',(50.327043465311,64.950000000001));
#282 = CARTESIAN_POINT('',(29.893938692819,39.152941459222));
#283 = CARTESIAN_POINT('',(9.460833920327,13.355882918443));
#284 = CARTESIAN_POINT('',(-2.663521732656,43.95));
#285 = ( GEOMETRIC_REPRESENTATION_CONTEXT(2) 
PARAMETRIC_REPRESENTATION_CONTEXT() REPRESENTATION_CONTEXT('2D SPACE',''
  ) );
#286 = ORIENTED_EDGE('',*,*,#287,.T.);
#287 = EDGE_CURVE('',#255,#116,#288,.T.);
#288 = SURFACE_CURVE('',#289,(#294,#301),.PCURVE_S1.);
#289 = CIRCLE('',#290,19.);
#290 = AXIS2_PLACEMENT_3D('',#291,#292,#293);
#291 = CARTESIAN_POINT('',(0.,0.,27.));
#292 = DIRECTION('',(0.,0.,-1.));
#293 = DIRECTION('',(5.5144424424E-14,1.,0.));
#294 = PCURVE('',#32,#295);
#295 = DEFINITIONAL_REPRESENTATION('',(#296),#300);
#296 = LINE('',#297,#298);
#297 = CARTESIAN_POINT('',(1.570796326795,27.));
#298 = VECTOR('',#299,1.);
#299 = DIRECTION('',(-1.,-0.));
#300 = ( GEOMETRIC_REPRESENTATION_CONTEXT(2) 
PARAMETRIC_REPRESENTATION_CONTEXT() REPRESENTATION_CONTEXT('2D SPACE',''
  ) );
#301 = PCURVE('',#155,#302);
#302 = DEFINITIONAL_REPRESENTATION('',(#303),#311);
#303 = ( BOUNDED_CURVE() B_SPLINE_CURVE(2,(#304,#305,#306,#307,#308,#309
,#310),.UNSPECIFIED.,.T.,.F.) B_SPLINE_CURVE_WITH_KNOTS((1,2,2,2,2,1),(
    -2.094395102393,0.,2.094395102393,4.188790204786,6.28318530718,
8.377580409573),.UNSPECIFIED.) CURVE() GEOMETRIC_REPRESENTATION_ITEM() 
RATIONAL_B_SPLINE_CURVE((1.,0.5,1.,0.5,1.,0.5,1.)) REPRESENTATION_ITEM(
  '') );
#304 = CARTESIAN_POINT('',(22.000000000001,26.));
#305 = CARTESIAN_POINT('',(54.90896534381,25.999999999998));
#306 = CARTESIAN_POINT('',(38.454482671904,-2.500000000001));
#307 = CARTESIAN_POINT('',(21.999999999998,-31.));
#308 = CARTESIAN_POINT('',(5.545517328095,-2.499999999999));
#309 = CARTESIAN_POINT('',(-10.9089653438,26.000000000002));
#310 = CARTESIAN_POINT('',(22.000000000001,26.));
#311 = ( GEOMETRIC_REPRESENTATION_CONTEXT(2) 
PARAMETRIC_REPRESENTATION_CONTEXT() REPRESENTATION_CONTEXT('2D SPACE',''
  ) );
#312 = ORIENTED_EDGE('',*,*,#115,.F.);
#313 = ORIENTED_EDGE('',*,*,#314,.T.);
#314 = EDGE_CURVE('',#87,#315,#317,.T.);
#315 = VERTEX_POINT('',#316);
#316 = CARTESIAN_POINT('',(18.282712052592,5.171309312157,19.));
#317 = SURFACE_CURVE('',#318,(#323,#330),.PCURVE_S1.);
#318 = CIRCLE('',#319,19.);
#319 = AXIS2_PLACEMENT_3D('',#320,#321,#322);
#320 = CARTESIAN_POINT('',(0.,0.,19.));
#321 = DIRECTION('',(0.,0.,1.));
#322 = DIRECTION('',(1.,0.,-0.));
#323 = PCURVE('',#32,#324);
#324 = DEFINITIONAL_REPRESENTATION('',(#325),#329);
#325 = LINE('',#326,#327);
#326 = CARTESIAN_POINT('',(0.,19.));
#327 = VECTOR('',#328,1.);
#328 = DIRECTION('',(1.,0.));
#329 = ( GEOMETRIC_REPRESENTATION_CONTEXT(2) 
PARAMETRIC_REPRESENTATION_CONTEXT() REPRESENTATION_CONTEXT('2D SPACE',''
  ) );
#330 = PCURVE('',#103,#331);
#331 = DEFINITIONAL_REPRESENTATION('',(#332),#336);
#332 = CIRCLE('',#333,19.);
#333 = AXIS2_PLACEMENT_2D('',#334,#335);
#334 = CARTESIAN_POINT('',(0.,0.));
#335 = DIRECTION('',(1.,0.));
#336 = ( GEOMETRIC_REPRESENTATION_CONTEXT(2) 
PARAMETRIC_REPRESENTATION_CONTEXT() REPRESENTATION_CONTEXT('2D SPACE',''
  ) );
#337 = ORIENTED_EDGE('',*,*,#338,.T.);
#338 = EDGE_CURVE('',#315,#339,#341,.T.);
#339 = VERTEX_POINT('',#340);
#340 = CARTESIAN_POINT('',(18.169790363298,5.555062389732,18.6));
#341 = SURFACE_CURVE('',#342,(#347,#357),.PCURVE_S1.);
#342 = ELLIPSE('',#343,26.870057685089,19.);
#343 = AXIS2_PLACEMENT_3D('',#344,#345,#346);
#344 = CARTESIAN_POINT('',(0.,0.,18.6));
#345 = DIRECTION('',(-0.206738015037,0.676209577822,0.707106781187));
#346 = DIRECTION('',(0.206738015037,-0.676209577822,0.707106781187));
#347 = PCURVE('',#32,#348);
#348 = DEFINITIONAL_REPRESENTATION('',(#349),#356);
#349 = B_SPLINE_CURVE_WITH_KNOTS('',5,(#350,#351,#352,#353,#354,#355),
  .UNSPECIFIED.,.F.,.F.,(6,6),(1.549742139771,1.570796326795),
  .PIECEWISE_BEZIER_KNOTS.);
#350 = CARTESIAN_POINT('',(0.275651785815,19.));
#351 = CARTESIAN_POINT('',(0.27986262322,18.920011821117));
#352 = CARTESIAN_POINT('',(0.284073460625,18.840014776658));
#353 = CARTESIAN_POINT('',(0.28828429803,18.760011821379));
#354 = CARTESIAN_POINT('',(0.292495135434,18.68000591069));
#355 = CARTESIAN_POINT('',(0.296705972839,18.6));
#356 = ( GEOMETRIC_REPRESENTATION_CONTEXT(2) 
PARAMETRIC_REPRESENTATION_CONTEXT() REPRESENTATION_CONTEXT('2D SPACE',''
  ) );
#357 = PCURVE('',#358,#363);
#358 = PLANE('',#359);
#359 = AXIS2_PLACEMENT_3D('',#360,#361,#362);
#360 = CARTESIAN_POINT('',(22.053483728094,6.53328825743,18.8));
#361 = DIRECTION('',(-0.206738015037,0.676209577822,0.707106781187));
#362 = DIRECTION('',(0.956304755963,0.292371704723,2.775557561563E-17));
#363 = DEFINITIONAL_REPRESENTATION('',(#364),#368);
#364 = ELLIPSE('',#365,26.870057685089,19.);
#365 = AXIS2_PLACEMENT_2D('',#366,#367);
#366 = CARTESIAN_POINT('',(-23.,0.282842712475));
#367 = DIRECTION('',(1.962615573355E-17,-1.));
#368 = ( GEOMETRIC_REPRESENTATION_CONTEXT(2) 
PARAMETRIC_REPRESENTATION_CONTEXT() REPRESENTATION_CONTEXT('2D SPACE',''
  ) );
#369 = ORIENTED_EDGE('',*,*,#370,.F.);
#370 = EDGE_CURVE('',#371,#339,#373,.T.);
#371 = VERTEX_POINT('',#372);
#372 = CARTESIAN_POINT('',(18.169790363298,5.555062389732,14.));
#373 = SURFACE_CURVE('',#374,(#378,#384),.PCURVE_S1.);
#374 = LINE('',#375,#376);
#375 = CARTESIAN_POINT('',(18.169790363298,5.555062389732,0.));
#376 = VECTOR('',#377,1.);
#377 = DIRECTION('',(0.,0.,1.));
#378 = PCURVE('',#32,#379);
#379 = DEFINITIONAL_REPRESENTATION('',(#380),#383);
#380 = B_SPLINE_CURVE_WITH_KNOTS('',1,(#381,#382),.UNSPECIFIED.,.F.,.F.,
  (2,2),(13.5,19.5),.PIECEWISE_BEZIER_KNOTS.);
#381 = CARTESIAN_POINT('',(0.296705972839,13.5));
#382 = CARTESIAN_POINT('',(0.296705972839,19.5));
#383 = ( GEOMETRIC_REPRESENTATION_CONTEXT(2) 
PARAMETRIC_REPRESENTATION_CONTEXT() REPRESENTATION_CONTEXT('2D SPACE',''
  ) );
#384 = PCURVE('',#385,#390);
#385 = PLANE('',#386);
#386 = AXIS2_PLACEMENT_3D('',#387,#388,#389);
#387 = CARTESIAN_POINT('',(-43.9900187743,-13.44909841724,6.5));
#388 = DIRECTION('',(-0.292371704723,0.956304755963,0.));
#389 = DIRECTION('',(0.,0.,1.));
#390 = DEFINITIONAL_REPRESENTATION('',(#391),#394);
#391 = B_SPLINE_CURVE_WITH_KNOTS('',1,(#392,#393),.UNSPECIFIED.,.F.,.F.,
  (2,2),(13.5,19.5),.PIECEWISE_BEZIER_KNOTS.);
#392 = CARTESIAN_POINT('',(7.,65.));
#393 = CARTESIAN_POINT('',(13.,65.));
#394 = ( GEOMETRIC_REPRESENTATION_CONTEXT(2) 
PARAMETRIC_REPRESENTATION_CONTEXT() REPRESENTATION_CONTEXT('2D SPACE',''
  ) );
#395 = ORIENTED_EDGE('',*,*,#396,.F.);
#396 = EDGE_CURVE('',#397,#371,#399,.T.);
#397 = VERTEX_POINT('',#398);
#398 = CARTESIAN_POINT('',(19.,-4.65365783676E-15,14.));
#399 = SURFACE_CURVE('',#400,(#405,#412),.PCURVE_S1.);
#400 = CIRCLE('',#401,19.);
#401 = AXIS2_PLACEMENT_3D('',#402,#403,#404);
#402 = CARTESIAN_POINT('',(0.,0.,14.));
#403 = DIRECTION('',(0.,0.,1.));
#404 = DIRECTION('',(1.,0.,-0.));
#405 = PCURVE('',#32,#406);
#406 = DEFINITIONAL_REPRESENTATION('',(#407),#411);
#407 = LINE('',#408,#409);
#408 = CARTESIAN_POINT('',(0.,14.));
#409 = VECTOR('',#410,1.);
#410 = DIRECTION('',(1.,0.));
#411 = ( GEOMETRIC_REPRESENTATION_CONTEXT(2) 
PARAMETRIC_REPRESENTATION_CONTEXT() REPRESENTATION_CONTEXT('2D SPACE',''
  ) );
#412 = PCURVE('',#413,#418);
#413 = PLANE('',#414);
#414 = AXIS2_PLACEMENT_3D('',#415,#416,#417);
#415 = CARTESIAN_POINT('',(0.,0.,14.));
#416 = DIRECTION('',(0.,0.,1.));
#417 = DIRECTION('',(1.,0.,-0.));
#418 = DEFINITIONAL_REPRESENTATION('',(#419),#423);
#419 = CIRCLE('',#420,19.);
#420 = AXIS2_PLACEMENT_2D('',#421,#422);
#421 = CARTESIAN_POINT('',(0.,0.));
#422 = DIRECTION('',(1.,0.));
#423 = ( GEOMETRIC_REPRESENTATION_CONTEXT(2) 
PARAMETRIC_REPRESENTATION_CONTEXT() REPRESENTATION_CONTEXT('2D SPACE',''
  ) );
#424 = ORIENTED_EDGE('',*,*,#425,.F.);
#425 = EDGE_CURVE('',#426,#397,#428,.T.);
#426 = VERTEX_POINT('',#427);
#427 = CARTESIAN_POINT('',(19.,-4.65365783676E-15,0.));
#428 = SEAM_CURVE('',#429,(#433,#440),.PCURVE_S1.);
#429 = LINE('',#430,#431);
#430 = CARTESIAN_POINT('',(19.,-4.65365783676E-15,0.));
#431 = VECTOR('',#432,1.);
#432 = DIRECTION('',(0.,0.,1.));
#433 = PCURVE('',#32,#434);
#434 = DEFINITIONAL_REPRESENTATION('',(#435),#439);
#435 = LINE('',#436,#437);
#436 = CARTESIAN_POINT('',(0.,-0.));
#437 = VECTOR('',#438,1.);
#438 = DIRECTION('',(0.,1.));
#439 = ( GEOMETRIC_REPRESENTATION_CONTEXT(2) 
PARAMETRIC_REPRESENTATION_CONTEXT() REPRESENTATION_CONTEXT('2D SPACE',''
  ) );
#440 = PCURVE('',#32,#441);
#441 = DEFINITIONAL_REPRESENTATION('',(#442),#446);
#442 = LINE('',#443,#444);
#443 = CARTESIAN_POINT('',(6.28318530718,-0.));
#444 = VECTOR('',#445,1.);
#445 = DIRECTION('',(0.,1.));
#446 = ( GEOMETRIC_REPRESENTATION_CONTEXT(2) 
PARAMETRIC_REPRESENTATION_CONTEXT() REPRESENTATION_CONTEXT('2D SPACE',''
  ) );
#447 = ORIENTED_EDGE('',*,*,#448,.T.);
#448 = EDGE_CURVE('',#426,#426,#449,.T.);
#449 = SURFACE_CURVE('',#450,(#455,#462),.PCURVE_S1.);
#450 = CIRCLE('',#451,19.);
#451 = AXIS2_PLACEMENT_3D('',#452,#453,#454);
#452 = CARTESIAN_POINT('',(0.,0.,0.));
#453 = DIRECTION('',(0.,0.,1.));
#454 = DIRECTION('',(1.,0.,-0.));
#455 = PCURVE('',#32,#456);
#456 = DEFINITIONAL_REPRESENTATION('',(#457),#461);
#457 = LINE('',#458,#459);
#458 = CARTESIAN_POINT('',(0.,0.));
#459 = VECTOR('',#460,1.);
#460 = DIRECTION('',(1.,0.));
#461 = ( GEOMETRIC_REPRESENTATION_CONTEXT(2) 
PARAMETRIC_REPRESENTATION_CONTEXT() REPRESENTATION_CONTEXT('2D SPACE',''
  ) );
#462 = PCURVE('',#463,#468);
#463 = PLANE('',#464);
#464 = AXIS2_PLACEMENT_3D('',#465,#466,#467);
#465 = CARTESIAN_POINT('',(0.,0.,0.));
#466 = DIRECTION('',(0.,0.,1.));
#467 = DIRECTION('',(1.,0.,-0.));
#468 = DEFINITIONAL_REPRESENTATION('',(#469),#473);
#469 = CIRCLE('',#470,19.);
#470 = AXIS2_PLACEMENT_2D('',#471,#472);
#471 = CARTESIAN_POINT('',(0.,0.));
#472 = DIRECTION('',(1.,0.));
#473 = ( GEOMETRIC_REPRESENTATION_CONTEXT(2) 
PARAMETRIC_REPRESENTATION_CONTEXT() REPRESENTATION_CONTEXT('2D SPACE',''
  ) );
#474 = ORIENTED_EDGE('',*,*,#425,.T.);
#475 = ORIENTED_EDGE('',*,*,#476,.F.);
#476 = EDGE_CURVE('',#22,#397,#477,.T.);
#477 = SURFACE_CURVE('',#478,(#483,#490),.PCURVE_S1.);
#478 = CIRCLE('',#479,19.);
#479 = AXIS2_PLACEMENT_3D('',#480,#481,#482);
#480 = CARTESIAN_POINT('',(0.,0.,14.));
#481 = DIRECTION('',(0.,0.,1.));
#482 = DIRECTION('',(1.,0.,-0.));
#483 = PCURVE('',#32,#484);
#484 = DEFINITIONAL_REPRESENTATION('',(#485),#489);
#485 = LINE('',#486,#487);
#486 = CARTESIAN_POINT('',(0.,14.));
#487 = VECTOR('',#488,1.);
#488 = DIRECTION('',(1.,0.));
#489 = ( GEOMETRIC_REPRESENTATION_CONTEXT(2) 
PARAMETRIC_REPRESENTATION_CONTEXT() REPRESENTATION_CONTEXT('2D SPACE',''
  ) );
#490 = PCURVE('',#413,#491);
#491 = DEFINITIONAL_REPRESENTATION('',(#492),#496);
#492 = CIRCLE('',#493,19.);
#493 = AXIS2_PLACEMENT_2D('',#494,#495);
#494 = CARTESIAN_POINT('',(0.,0.));
#495 = DIRECTION('',(1.,0.));
#496 = ( GEOMETRIC_REPRESENTATION_CONTEXT(2) 
PARAMETRIC_REPRESENTATION_CONTEXT() REPRESENTATION_CONTEXT('2D SPACE',''
  ) );
#497 = FACE_BOUND('',#498,.T.);
#498 = EDGE_LOOP('',(#499,#527,#559,#588,#624,#650));
#499 = ORIENTED_EDGE('',*,*,#500,.T.);
#500 = EDGE_CURVE('',#501,#503,#505,.T.);
#501 = VERTEX_POINT('',#502);
#502 = CARTESIAN_POINT('',(-4.274070032533,18.513031230919,14.));
#503 = VERTEX_POINT('',#504);
#504 = CARTESIAN_POINT('',(-4.274070032533,18.513031230919,18.6));
#505 = SURFACE_CURVE('',#506,(#510,#516),.PCURVE_S1.);
#506 = LINE('',#507,#508);
#507 = CARTESIAN_POINT('',(-4.274070032533,18.513031230919,0.));
#508 = VECTOR('',#509,1.);
#509 = DIRECTION('',(0.,0.,1.));
#510 = PCURVE('',#32,#511);
#511 = DEFINITIONAL_REPRESENTATION('',(#512),#515);
#512 = B_SPLINE_CURVE_WITH_KNOTS('',1,(#513,#514),.UNSPECIFIED.,.F.,.F.,
  (2,2),(13.5,19.5),.PIECEWISE_BEZIER_KNOTS.);
#513 = CARTESIAN_POINT('',(1.797689129554,13.5));
#514 = CARTESIAN_POINT('',(1.797689129554,19.5));
#515 = ( GEOMETRIC_REPRESENTATION_CONTEXT(2) 
PARAMETRIC_REPRESENTATION_CONTEXT() REPRESENTATION_CONTEXT('2D SPACE',''
  ) );
#516 = PCURVE('',#517,#522);
#517 = PLANE('',#518);
#518 = AXIS2_PLACEMENT_3D('',#519,#520,#521);
#519 = CARTESIAN_POINT('',(10.347748499818,-44.82102298012,6.5));
#520 = DIRECTION('',(-0.974370064785,-0.224951054344,0.));
#521 = DIRECTION('',(0.,0.,1.));
#522 = DEFINITIONAL_REPRESENTATION('',(#523),#526);
#523 = B_SPLINE_CURVE_WITH_KNOTS('',1,(#524,#525),.UNSPECIFIED.,.F.,.F.,
  (2,2),(13.5,19.5),.PIECEWISE_BEZIER_KNOTS.);
#524 = CARTESIAN_POINT('',(7.,65.));
#525 = CARTESIAN_POINT('',(13.,65.));
#526 = ( GEOMETRIC_REPRESENTATION_CONTEXT(2) 
PARAMETRIC_REPRESENTATION_CONTEXT() REPRESENTATION_CONTEXT('2D SPACE',''
  ) );
#527 = ORIENTED_EDGE('',*,*,#528,.F.);
#528 = EDGE_CURVE('',#529,#503,#531,.T.);
#529 = VERTEX_POINT('',#530);
#530 = CARTESIAN_POINT('',(-4.662870791141,18.418947743699,19.));
#531 = SURFACE_CURVE('',#532,(#537,#547),.PCURVE_S1.);
#532 = ELLIPSE('',#533,26.870057685089,19.);
#533 = AXIS2_PLACEMENT_3D('',#534,#535,#536);
#534 = CARTESIAN_POINT('',(0.,0.,18.6));
#535 = DIRECTION('',(-0.688983680195,-0.159064415962,-0.707106781187));
#536 = DIRECTION('',(-0.688983680195,-0.159064415962,0.707106781187));
#537 = PCURVE('',#32,#538);
#538 = DEFINITIONAL_REPRESENTATION('',(#539),#546);
#539 = B_SPLINE_CURVE_WITH_KNOTS('',5,(#540,#541,#542,#543,#544,#545),
  .UNSPECIFIED.,.F.,.F.,(6,6),(1.549742139771,1.570796326795),
  .PIECEWISE_BEZIER_KNOTS.);
#540 = CARTESIAN_POINT('',(1.818743316578,19.));
#541 = CARTESIAN_POINT('',(1.814532479173,18.920011821117));
#542 = CARTESIAN_POINT('',(1.810321641768,18.840014776658));
#543 = CARTESIAN_POINT('',(1.806110804364,18.760011821379));
#544 = CARTESIAN_POINT('',(1.801899966959,18.68000591069));
#545 = CARTESIAN_POINT('',(1.797689129554,18.6));
#546 = ( GEOMETRIC_REPRESENTATION_CONTEXT(2) 
PARAMETRIC_REPRESENTATION_CONTEXT() REPRESENTATION_CONTEXT('2D SPACE',''
  ) );
#547 = PCURVE('',#548,#553);
#548 = PLANE('',#549);
#549 = AXIS2_PLACEMENT_3D('',#550,#551,#552);
#550 = CARTESIAN_POINT('',(-5.368748262866,22.365521279192,18.8));
#551 = DIRECTION('',(-0.688983680195,-0.159064415962,-0.707106781187));
#552 = DIRECTION('',(-0.224951054344,0.974370064785,6.938893903907E-17)
  );
#553 = DEFINITIONAL_REPRESENTATION('',(#554),#558);
#554 = ELLIPSE('',#555,26.870057685089,19.);
#555 = AXIS2_PLACEMENT_2D('',#556,#557);
#556 = CARTESIAN_POINT('',(-23.,0.282842712475));
#557 = DIRECTION('',(1.045765405651E-16,-1.));
#558 = ( GEOMETRIC_REPRESENTATION_CONTEXT(2) 
PARAMETRIC_REPRESENTATION_CONTEXT() REPRESENTATION_CONTEXT('2D SPACE',''
  ) );
#559 = ORIENTED_EDGE('',*,*,#560,.T.);
#560 = EDGE_CURVE('',#529,#561,#563,.T.);
#561 = VERTEX_POINT('',#562);
#562 = CARTESIAN_POINT('',(-13.61984126145,13.247638431543,19.));
#563 = SURFACE_CURVE('',#564,(#569,#576),.PCURVE_S1.);
#564 = CIRCLE('',#565,19.);
#565 = AXIS2_PLACEMENT_3D('',#566,#567,#568);
#566 = CARTESIAN_POINT('',(0.,0.,19.));
#567 = DIRECTION('',(0.,0.,1.));
#568 = DIRECTION('',(1.,0.,-0.));
#569 = PCURVE('',#32,#570);
#570 = DEFINITIONAL_REPRESENTATION('',(#571),#575);
#571 = LINE('',#572,#573);
#572 = CARTESIAN_POINT('',(0.,19.));
#573 = VECTOR('',#574,1.);
#574 = DIRECTION('',(1.,0.));
#575 = ( GEOMETRIC_REPRESENTATION_CONTEXT(2) 
PARAMETRIC_REPRESENTATION_CONTEXT() REPRESENTATION_CONTEXT('2D SPACE',''
  ) );
#576 = PCURVE('',#577,#582);
#577 = PLANE('',#578);
#578 = AXIS2_PLACEMENT_3D('',#579,#580,#581);
#579 = CARTESIAN_POINT('',(0.,0.,19.));
#580 = DIRECTION('',(0.,0.,1.));
#581 = DIRECTION('',(1.,0.,-0.));
#582 = DEFINITIONAL_REPRESENTATION('',(#583),#587);
#583 = CIRCLE('',#584,19.);
#584 = AXIS2_PLACEMENT_2D('',#585,#586);
#585 = CARTESIAN_POINT('',(0.,0.));
#586 = DIRECTION('',(1.,0.));
#587 = ( GEOMETRIC_REPRESENTATION_CONTEXT(2) 
PARAMETRIC_REPRESENTATION_CONTEXT() REPRESENTATION_CONTEXT('2D SPACE',''
  ) );
#588 = ORIENTED_EDGE('',*,*,#589,.F.);
#589 = EDGE_CURVE('',#590,#561,#592,.T.);
#590 = VERTEX_POINT('',#591);
#591 = CARTESIAN_POINT('',(-13.89572033076,12.957968841187,18.6));
#592 = SURFACE_CURVE('',#593,(#598,#608),.PCURVE_S1.);
#593 = ELLIPSE('',#594,26.870057685089,19.);
#594 = AXIS2_PLACEMENT_3D('',#595,#596,#597);
#595 = CARTESIAN_POINT('',(0.,0.,18.6));
#596 = DIRECTION('',(0.482245665158,0.517145161861,-0.707106781187));
#597 = DIRECTION('',(0.482245665158,0.517145161861,0.707106781187));
#598 = PCURVE('',#32,#599);
#599 = DEFINITIONAL_REPRESENTATION('',(#600),#607);
#600 = B_SPLINE_CURVE_WITH_KNOTS('',5,(#601,#602,#603,#604,#605,#606),
  .UNSPECIFIED.,.F.,.F.,(6,6),(4.712388980385,4.733443167408),
  .PIECEWISE_BEZIER_KNOTS.);
#601 = CARTESIAN_POINT('',(2.391101075232,18.6));
#602 = CARTESIAN_POINT('',(2.386890237828,18.68000591069));
#603 = CARTESIAN_POINT('',(2.382679400423,18.760011821379));
#604 = CARTESIAN_POINT('',(2.378468563018,18.840014776658));
#605 = CARTESIAN_POINT('',(2.374257725613,18.920011821117));
#606 = CARTESIAN_POINT('',(2.370046888209,19.));
#607 = ( GEOMETRIC_REPRESENTATION_CONTEXT(2) 
PARAMETRIC_REPRESENTATION_CONTEXT() REPRESENTATION_CONTEXT('2D SPACE',''
  ) );
#608 = PCURVE('',#609,#614);
#609 = PLANE('',#610);
#610 = AXIS2_PLACEMENT_3D('',#611,#612,#613);
#611 = CARTESIAN_POINT('',(-16.68473546522,15.832233021761,18.8));
#612 = DIRECTION('',(-0.482245665158,-0.517145161861,0.707106781187));
#613 = DIRECTION('',(0.731353701619,-0.681998360062,8.326672684689E-17)
  );
#614 = DEFINITIONAL_REPRESENTATION('',(#615),#623);
#615 = ( BOUNDED_CURVE() B_SPLINE_CURVE(2,(#616,#617,#618,#619,#620,#621
,#622),.UNSPECIFIED.,.T.,.F.) B_SPLINE_CURVE_WITH_KNOTS((1,2,2,2,2,1),(
    -2.094395102393,0.,2.094395102393,4.188790204786,6.28318530718,
8.377580409573),.UNSPECIFIED.) CURVE() GEOMETRIC_REPRESENTATION_ITEM() 
RATIONAL_B_SPLINE_CURVE((1.,0.5,1.,0.5,1.,0.5,1.)) REPRESENTATION_ITEM(
  '') );
#616 = CARTESIAN_POINT('',(23.,26.587214972614));
#617 = CARTESIAN_POINT('',(55.908965343809,26.587214972614));
#618 = CARTESIAN_POINT('',(39.454482671904,-13.71787155501));
#619 = CARTESIAN_POINT('',(23.,-54.02295808265));
#620 = CARTESIAN_POINT('',(6.545517328096,-13.71787155501));
#621 = CARTESIAN_POINT('',(-9.908965343809,26.587214972614));
#622 = CARTESIAN_POINT('',(23.,26.587214972614));
#623 = ( GEOMETRIC_REPRESENTATION_CONTEXT(2) 
PARAMETRIC_REPRESENTATION_CONTEXT() REPRESENTATION_CONTEXT('2D SPACE',''
  ) );
#624 = ORIENTED_EDGE('',*,*,#625,.F.);
#625 = EDGE_CURVE('',#626,#590,#628,.T.);
#626 = VERTEX_POINT('',#627);
#627 = CARTESIAN_POINT('',(-13.89572033076,12.957968841187,14.));
#628 = SURFACE_CURVE('',#629,(#633,#639),.PCURVE_S1.);
#629 = LINE('',#630,#631);
#630 = CARTESIAN_POINT('',(-13.89572033076,12.957968841187,0.));
#631 = VECTOR('',#632,1.);
#632 = DIRECTION('',(0.,0.,1.));
#633 = PCURVE('',#32,#634);
#634 = DEFINITIONAL_REPRESENTATION('',(#635),#638);
#635 = B_SPLINE_CURVE_WITH_KNOTS('',1,(#636,#637),.UNSPECIFIED.,.F.,.F.,
  (2,2),(13.5,19.5),.PIECEWISE_BEZIER_KNOTS.);
#636 = CARTESIAN_POINT('',(2.391101075232,13.5));
#637 = CARTESIAN_POINT('',(2.391101075232,19.5));
#638 = ( GEOMETRIC_REPRESENTATION_CONTEXT(2) 
PARAMETRIC_REPRESENTATION_CONTEXT() REPRESENTATION_CONTEXT('2D SPACE',''
  ) );
#639 = PCURVE('',#640,#645);
#640 = PLANE('',#641);
#641 = AXIS2_PLACEMENT_3D('',#642,#643,#644);
#642 = CARTESIAN_POINT('',(33.642270274482,-31.37192456287,6.5));
#643 = DIRECTION('',(-0.681998360062,-0.731353701619,0.));
#644 = DIRECTION('',(0.,0.,1.));
#645 = DEFINITIONAL_REPRESENTATION('',(#646),#649);
#646 = B_SPLINE_CURVE_WITH_KNOTS('',1,(#647,#648),.UNSPECIFIED.,.F.,.F.,
  (2,2),(13.5,19.5),.PIECEWISE_BEZIER_KNOTS.);
#647 = CARTESIAN_POINT('',(7.,65.));
#648 = CARTESIAN_POINT('',(13.,65.));
#649 = ( GEOMETRIC_REPRESENTATION_CONTEXT(2) 
PARAMETRIC_REPRESENTATION_CONTEXT() REPRESENTATION_CONTEXT('2D SPACE',''
  ) );
#650 = ORIENTED_EDGE('',*,*,#651,.F.);
#651 = EDGE_CURVE('',#501,#626,#652,.T.);
#652 = SURFACE_CURVE('',#653,(#658,#665),.PCURVE_S1.);
#653 = CIRCLE('',#654,19.);
#654 = AXIS2_PLACEMENT_3D('',#655,#656,#657);
#655 = CARTESIAN_POINT('',(0.,0.,14.));
#656 = DIRECTION('',(0.,0.,1.));
#657 = DIRECTION('',(1.,0.,-0.));
#658 = PCURVE('',#32,#659);
#659 = DEFINITIONAL_REPRESENTATION('',(#660),#664);
#660 = LINE('',#661,#662);
#661 = CARTESIAN_POINT('',(0.,14.));
#662 = VECTOR('',#663,1.);
#663 = DIRECTION('',(1.,0.));
#664 = ( GEOMETRIC_REPRESENTATION_CONTEXT(2) 
PARAMETRIC_REPRESENTATION_CONTEXT() REPRESENTATION_CONTEXT('2D SPACE',''
  ) );
#665 = PCURVE('',#666,#671);
#666 = PLANE('',#667);
#667 = AXIS2_PLACEMENT_3D('',#668,#669,#670);
#668 = CARTESIAN_POINT('',(0.,0.,14.));
#669 = DIRECTION('',(0.,0.,1.));
#670 = DIRECTION('',(1.,0.,-0.));
#671 = DEFINITIONAL_REPRESENTATION('',(#672),#676);
#672 = CIRCLE('',#673,19.);
#673 = AXIS2_PLACEMENT_2D('',#674,#675);
#674 = CARTESIAN_POINT('',(0.,0.));
#675 = DIRECTION('',(1.,0.));
#676 = ( GEOMETRIC_REPRESENTATION_CONTEXT(2) 
PARAMETRIC_REPRESENTATION_CONTEXT() REPRESENTATION_CONTEXT('2D SPACE',''
  ) );
#677 = FACE_BOUND('',#678,.T.);
#678 = EDGE_LOOP('',(#679,#707,#736,#762,#798,#827));
#679 = ORIENTED_EDGE('',*,*,#680,.F.);
#680 = EDGE_CURVE('',#681,#683,#685,.T.);
#681 = VERTEX_POINT('',#682);
#682 = CARTESIAN_POINT('',(-4.274070032533,-18.51303123091,14.));
#683 = VERTEX_POINT('',#684);
#684 = CARTESIAN_POINT('',(-4.274070032533,-18.51303123091,18.6));
#685 = SURFACE_CURVE('',#686,(#690,#696),.PCURVE_S1.);
#686 = LINE('',#687,#688);
#687 = CARTESIAN_POINT('',(-4.274070032533,-18.51303123091,0.));
#688 = VECTOR('',#689,1.);
#689 = DIRECTION('',(0.,0.,1.));
#690 = PCURVE('',#32,#691);
#691 = DEFINITIONAL_REPRESENTATION('',(#692),#695);
#692 = B_SPLINE_CURVE_WITH_KNOTS('',1,(#693,#694),.UNSPECIFIED.,.F.,.F.,
  (2,2),(13.5,19.5),.PIECEWISE_BEZIER_KNOTS.);
#693 = CARTESIAN_POINT('',(4.485496177625,13.5));
#694 = CARTESIAN_POINT('',(4.485496177625,19.5));
#695 = ( GEOMETRIC_REPRESENTATION_CONTEXT(2) 
PARAMETRIC_REPRESENTATION_CONTEXT() REPRESENTATION_CONTEXT('2D SPACE',''
  ) );
#696 = PCURVE('',#697,#702);
#697 = PLANE('',#698);
#698 = AXIS2_PLACEMENT_3D('',#699,#700,#701);
#699 = CARTESIAN_POINT('',(10.347748499818,44.821022980121,6.5));
#700 = DIRECTION('',(0.974370064785,-0.224951054344,0.));
#701 = DIRECTION('',(0.,0.,1.));
#702 = DEFINITIONAL_REPRESENTATION('',(#703),#706);
#703 = B_SPLINE_CURVE_WITH_KNOTS('',1,(#704,#705),.UNSPECIFIED.,.F.,.F.,
  (2,2),(13.5,19.5),.PIECEWISE_BEZIER_KNOTS.);
#704 = CARTESIAN_POINT('',(7.,65.));
#705 = CARTESIAN_POINT('',(13.,65.));
#706 = ( GEOMETRIC_REPRESENTATION_CONTEXT(2) 
PARAMETRIC_REPRESENTATION_CONTEXT() REPRESENTATION_CONTEXT('2D SPACE',''
  ) );
#707 = ORIENTED_EDGE('',*,*,#708,.F.);
#708 = EDGE_CURVE('',#709,#681,#711,.T.);
#709 = VERTEX_POINT('',#710);
#710 = CARTESIAN_POINT('',(-13.89572033076,-12.95796884118,14.));
#711 = SURFACE_CURVE('',#712,(#717,#724),.PCURVE_S1.);
#712 = CIRCLE('',#713,19.);
#713 = AXIS2_PLACEMENT_3D('',#714,#715,#716);
#714 = CARTESIAN_POINT('',(0.,0.,14.));
#715 = DIRECTION('',(0.,0.,1.));
#716 = DIRECTION('',(1.,0.,-0.));
#717 = PCURVE('',#32,#718);
#718 = DEFINITIONAL_REPRESENTATION('',(#719),#723);
#719 = LINE('',#720,#721);
#720 = CARTESIAN_POINT('',(0.,14.));
#721 = VECTOR('',#722,1.);
#722 = DIRECTION('',(1.,0.));
#723 = ( GEOMETRIC_REPRESENTATION_CONTEXT(2) 
PARAMETRIC_REPRESENTATION_CONTEXT() REPRESENTATION_CONTEXT('2D SPACE',''
  ) );
#724 = PCURVE('',#725,#730);
#725 = PLANE('',#726);
#726 = AXIS2_PLACEMENT_3D('',#727,#728,#729);
#727 = CARTESIAN_POINT('',(0.,0.,14.));
#728 = DIRECTION('',(0.,0.,1.));
#729 = DIRECTION('',(1.,0.,-0.));
#730 = DEFINITIONAL_REPRESENTATION('',(#731),#735);
#731 = CIRCLE('',#732,19.);
#732 = AXIS2_PLACEMENT_2D('',#733,#734);
#733 = CARTESIAN_POINT('',(0.,0.));
#734 = DIRECTION('',(1.,0.));
#735 = ( GEOMETRIC_REPRESENTATION_CONTEXT(2) 
PARAMETRIC_REPRESENTATION_CONTEXT() REPRESENTATION_CONTEXT('2D SPACE',''
  ) );
#736 = ORIENTED_EDGE('',*,*,#737,.T.);
#737 = EDGE_CURVE('',#709,#738,#740,.T.);
#738 = VERTEX_POINT('',#739);
#739 = CARTESIAN_POINT('',(-13.89572033076,-12.95796884118,18.6));
#740 = SURFACE_CURVE('',#741,(#745,#751),.PCURVE_S1.);
#741 = LINE('',#742,#743);
#742 = CARTESIAN_POINT('',(-13.89572033076,-12.95796884118,0.));
#743 = VECTOR('',#744,1.);
#744 = DIRECTION('',(0.,0.,1.));
#745 = PCURVE('',#32,#746);
#746 = DEFINITIONAL_REPRESENTATION('',(#747),#750);
#747 = B_SPLINE_CURVE_WITH_KNOTS('',1,(#748,#749),.UNSPECIFIED.,.F.,.F.,
  (2,2),(13.5,19.5),.PIECEWISE_BEZIER_KNOTS.);
#748 = CARTESIAN_POINT('',(3.892084231947,13.5));
#749 = CARTESIAN_POINT('',(3.892084231947,19.5));
#750 = ( GEOMETRIC_REPRESENTATION_CONTEXT(2) 
PARAMETRIC_REPRESENTATION_CONTEXT() REPRESENTATION_CONTEXT('2D SPACE',''
  ) );
#751 = PCURVE('',#752,#757);
#752 = PLANE('',#753);
#753 = AXIS2_PLACEMENT_3D('',#754,#755,#756);
#754 = CARTESIAN_POINT('',(33.642270274482,31.371924562875,6.5));
#755 = DIRECTION('',(0.681998360062,-0.731353701619,0.));
#756 = DIRECTION('',(0.,0.,1.));
#757 = DEFINITIONAL_REPRESENTATION('',(#758),#761);
#758 = B_SPLINE_CURVE_WITH_KNOTS('',1,(#759,#760),.UNSPECIFIED.,.F.,.F.,
  (2,2),(13.5,19.5),.PIECEWISE_BEZIER_KNOTS.);
#759 = CARTESIAN_POINT('',(7.,65.));
#760 = CARTESIAN_POINT('',(13.,65.));
#761 = ( GEOMETRIC_REPRESENTATION_CONTEXT(2) 
PARAMETRIC_REPRESENTATION_CONTEXT() REPRESENTATION_CONTEXT('2D SPACE',''
  ) );
#762 = ORIENTED_EDGE('',*,*,#763,.T.);
#763 = EDGE_CURVE('',#738,#764,#766,.T.);
#764 = VERTEX_POINT('',#765);
#765 = CARTESIAN_POINT('',(-13.61984126145,-13.24763843154,19.));
#766 = SURFACE_CURVE('',#767,(#772,#782),.PCURVE_S1.);
#767 = ELLIPSE('',#768,26.870057685089,19.);
#768 = AXIS2_PLACEMENT_3D('',#769,#770,#771);
#769 = CARTESIAN_POINT('',(0.,0.,18.6));
#770 = DIRECTION('',(-0.482245665158,0.517145161861,0.707106781187));
#771 = DIRECTION('',(0.482245665158,-0.517145161861,0.707106781187));
#772 = PCURVE('',#32,#773);
#773 = DEFINITIONAL_REPRESENTATION('',(#774),#781);
#774 = B_SPLINE_CURVE_WITH_KNOTS('',5,(#775,#776,#777,#778,#779,#780),
  .UNSPECIFIED.,.F.,.F.,(6,6),(4.712388980385,4.733443167408),
  .PIECEWISE_BEZIER_KNOTS.);
#775 = CARTESIAN_POINT('',(3.892084231947,18.6));
#776 = CARTESIAN_POINT('',(3.896295069352,18.68000591069));
#777 = CARTESIAN_POINT('',(3.900505906757,18.760011821379));
#778 = CARTESIAN_POINT('',(3.904716744162,18.840014776658));
#779 = CARTESIAN_POINT('',(3.908927581566,18.920011821117));
#780 = CARTESIAN_POINT('',(3.913138418971,19.));
#781 = ( GEOMETRIC_REPRESENTATION_CONTEXT(2) 
PARAMETRIC_REPRESENTATION_CONTEXT() REPRESENTATION_CONTEXT('2D SPACE',''
  ) );
#782 = PCURVE('',#783,#788);
#783 = PLANE('',#784);
#784 = AXIS2_PLACEMENT_3D('',#785,#786,#787);
#785 = CARTESIAN_POINT('',(-16.68473546522,-15.83223302176,18.8));
#786 = DIRECTION('',(0.482245665158,-0.517145161861,-0.707106781187));
#787 = DIRECTION('',(0.731353701619,0.681998360062,-1.665334536938E-16)
  );
#788 = DEFINITIONAL_REPRESENTATION('',(#789),#797);
#789 = ( BOUNDED_CURVE() B_SPLINE_CURVE(2,(#790,#791,#792,#793,#794,#795
,#796),.UNSPECIFIED.,.T.,.F.) B_SPLINE_CURVE_WITH_KNOTS((1,2,2,2,2,1),(
    -2.094395102393,0.,2.094395102393,4.188790204786,6.28318530718,
8.377580409573),.UNSPECIFIED.) CURVE() GEOMETRIC_REPRESENTATION_ITEM() 
RATIONAL_B_SPLINE_CURVE((1.,0.5,1.,0.5,1.,0.5,1.)) REPRESENTATION_ITEM(
  '') );
#790 = CARTESIAN_POINT('',(23.,26.587214972614));
#791 = CARTESIAN_POINT('',(55.908965343809,26.587214972614));
#792 = CARTESIAN_POINT('',(39.454482671904,-13.71787155501));
#793 = CARTESIAN_POINT('',(23.,-54.02295808265));
#794 = CARTESIAN_POINT('',(6.545517328096,-13.71787155501));
#795 = CARTESIAN_POINT('',(-9.908965343809,26.587214972614));
#796 = CARTESIAN_POINT('',(23.,26.587214972614));
#797 = ( GEOMETRIC_REPRESENTATION_CONTEXT(2) 
PARAMETRIC_REPRESENTATION_CONTEXT() REPRESENTATION_CONTEXT('2D SPACE',''
  ) );
#798 = ORIENTED_EDGE('',*,*,#799,.T.);
#799 = EDGE_CURVE('',#764,#800,#802,.T.);
#800 = VERTEX_POINT('',#801);
#801 = CARTESIAN_POINT('',(-4.662870791141,-18.41894774369,19.));
#802 = SURFACE_CURVE('',#803,(#808,#815),.PCURVE_S1.);
#803 = CIRCLE('',#804,19.);
#804 = AXIS2_PLACEMENT_3D('',#805,#806,#807);
#805 = CARTESIAN_POINT('',(0.,0.,19.));
#806 = DIRECTION('',(0.,0.,1.));
#807 = DIRECTION('',(1.,0.,-0.));
#808 = PCURVE('',#32,#809);
#809 = DEFINITIONAL_REPRESENTATION('',(#810),#814);
#810 = LINE('',#811,#812);
#811 = CARTESIAN_POINT('',(0.,19.));
#812 = VECTOR('',#813,1.);
#813 = DIRECTION('',(1.,0.));
#814 = ( GEOMETRIC_REPRESENTATION_CONTEXT(2) 
PARAMETRIC_REPRESENTATION_CONTEXT() REPRESENTATION_CONTEXT('2D SPACE',''
  ) );
#815 = PCURVE('',#816,#821);
#816 = PLANE('',#817);
#817 = AXIS2_PLACEMENT_3D('',#818,#819,#820);
#818 = CARTESIAN_POINT('',(0.,0.,19.));
#819 = DIRECTION('',(0.,0.,1.));
#820 = DIRECTION('',(1.,0.,-0.));
#821 = DEFINITIONAL_REPRESENTATION('',(#822),#826);
#822 = CIRCLE('',#823,19.);
#823 = AXIS2_PLACEMENT_2D('',#824,#825);
#824 = CARTESIAN_POINT('',(0.,0.));
#825 = DIRECTION('',(1.,0.));
#826 = ( GEOMETRIC_REPRESENTATION_CONTEXT(2) 
PARAMETRIC_REPRESENTATION_CONTEXT() REPRESENTATION_CONTEXT('2D SPACE',''
  ) );
#827 = ORIENTED_EDGE('',*,*,#828,.T.);
#828 = EDGE_CURVE('',#800,#683,#829,.T.);
#829 = SURFACE_CURVE('',#830,(#835,#845),.PCURVE_S1.);
#830 = ELLIPSE('',#831,26.870057685089,19.);
#831 = AXIS2_PLACEMENT_3D('',#832,#833,#834);
#832 = CARTESIAN_POINT('',(0.,0.,18.6));
#833 = DIRECTION('',(0.688983680195,-0.159064415962,0.707106781187));
#834 = DIRECTION('',(-0.688983680195,0.159064415962,0.707106781187));
#835 = PCURVE('',#32,#836);
#836 = DEFINITIONAL_REPRESENTATION('',(#837),#844);
#837 = B_SPLINE_CURVE_WITH_KNOTS('',5,(#838,#839,#840,#841,#842,#843),
  .UNSPECIFIED.,.F.,.F.,(6,6),(1.549742139771,1.570796326795),
  .PIECEWISE_BEZIER_KNOTS.);
#838 = CARTESIAN_POINT('',(4.464441990602,19.));
#839 = CARTESIAN_POINT('',(4.468652828007,18.920011821117));
#840 = CARTESIAN_POINT('',(4.472863665411,18.840014776658));
#841 = CARTESIAN_POINT('',(4.477074502816,18.760011821379));
#842 = CARTESIAN_POINT('',(4.481285340221,18.68000591069));
#843 = CARTESIAN_POINT('',(4.485496177625,18.6));
#844 = ( GEOMETRIC_REPRESENTATION_CONTEXT(2) 
PARAMETRIC_REPRESENTATION_CONTEXT() REPRESENTATION_CONTEXT('2D SPACE',''
  ) );
#845 = PCURVE('',#846,#851);
#846 = PLANE('',#847);
#847 = AXIS2_PLACEMENT_3D('',#848,#849,#850);
#848 = CARTESIAN_POINT('',(-5.368748262866,-22.36552127919,18.8));
#849 = DIRECTION('',(0.688983680195,-0.159064415962,0.707106781187));
#850 = DIRECTION('',(-0.224951054344,-0.974370064785,9.71445146547E-17)
  );
#851 = DEFINITIONAL_REPRESENTATION('',(#852),#856);
#852 = ELLIPSE('',#853,26.870057685089,19.);
#853 = AXIS2_PLACEMENT_2D('',#854,#855);
#854 = CARTESIAN_POINT('',(-23.,0.282842712475));
#855 = DIRECTION('',(1.242026962987E-16,-1.));
#856 = ( GEOMETRIC_REPRESENTATION_CONTEXT(2) 
PARAMETRIC_REPRESENTATION_CONTEXT() REPRESENTATION_CONTEXT('2D SPACE',''
  ) );
#857 = ADVANCED_FACE('',(#858),#846,.T.);
#858 = FACE_BOUND('',#859,.F.);
#859 = EDGE_LOOP('',(#860,#894,#915,#916));
#860 = ORIENTED_EDGE('',*,*,#861,.T.);
#861 = EDGE_CURVE('',#862,#864,#866,.T.);
#862 = VERTEX_POINT('',#863);
#863 = CARTESIAN_POINT('',(-5.173874249909,-22.41051149006,18.6));
#864 = VERTEX_POINT('',#865);
#865 = CARTESIAN_POINT('',(-5.472845504797,-21.92733367467,19.));
#866 = SURFACE_CURVE('',#867,(#872,#879),.PCURVE_S1.);
#867 = PARABOLA('',#868,8.131727983645);
#868 = AXIS2_PLACEMENT_3D('',#869,#870,#871);
#869 = CARTESIAN_POINT('',(-11.20525574503,2.586937124954,30.1));
#870 = DIRECTION('',(0.688983680195,-0.159064415962,0.707106781187));
#871 = DIRECTION('',(0.688983680195,-0.159064415962,-0.707106781187));
#872 = PCURVE('',#846,#873);
#873 = DEFINITIONAL_REPRESENTATION('',(#874),#878);
#874 = B_SPLINE_CURVE_WITH_KNOTS('',2,(#875,#876,#877),.UNSPECIFIED.,.F.
  ,.F.,(3,3),(-23.,-22.59645989972),.PIECEWISE_BEZIER_KNOTS.);
#875 = CARTESIAN_POINT('',(-3.19744231092E-14,0.282842712475));
#876 = CARTESIAN_POINT('',(-0.201770050136,-2.503228908655E-03));
#877 = CARTESIAN_POINT('',(-0.403540100272,-0.282842712475));
#878 = ( GEOMETRIC_REPRESENTATION_CONTEXT(2) 
PARAMETRIC_REPRESENTATION_CONTEXT() REPRESENTATION_CONTEXT('2D SPACE',''
  ) );
#879 = PCURVE('',#880,#885);
#880 = CONICAL_SURFACE('',#881,23.,0.785398163397);
#881 = AXIS2_PLACEMENT_3D('',#882,#883,#884);
#882 = CARTESIAN_POINT('',(0.,0.,18.6));
#883 = DIRECTION('',(-0.,-0.,-1.));
#884 = DIRECTION('',(-0.224951054344,-0.974370064785,0.));
#885 = DEFINITIONAL_REPRESENTATION('',(#886),#893);
#886 = B_SPLINE_CURVE_WITH_KNOTS('',5,(#887,#888,#889,#890,#891,#892),
  .UNSPECIFIED.,.F.,.F.,(6,6),(-23.,-22.59645989972),
  .PIECEWISE_BEZIER_KNOTS.);
#887 = CARTESIAN_POINT('',(0.,3.5527136788E-15));
#888 = CARTESIAN_POINT('',(3.509044350194E-03,-8.070802005447E-02));
#889 = CARTESIAN_POINT('',(7.033480440732E-03,-0.161062030082));
#890 = CARTESIAN_POINT('',(1.057339828861E-02,-0.241062030082));
#891 = CARTESIAN_POINT('',(1.412888791157E-02,-0.320708020054));
#892 = CARTESIAN_POINT('',(1.770003924142E-02,-0.4));
#893 = ( GEOMETRIC_REPRESENTATION_CONTEXT(2) 
PARAMETRIC_REPRESENTATION_CONTEXT() REPRESENTATION_CONTEXT('2D SPACE',''
  ) );
#894 = ORIENTED_EDGE('',*,*,#895,.T.);
#895 = EDGE_CURVE('',#864,#800,#896,.T.);
#896 = SURFACE_CURVE('',#897,(#901,#908),.PCURVE_S1.);
#897 = LINE('',#898,#899);
#898 = CARTESIAN_POINT('',(-5.563622275823,-22.32053106832,19.));
#899 = VECTOR('',#900,1.);
#900 = DIRECTION('',(0.224951054344,0.974370064785,-0.));
#901 = PCURVE('',#846,#902);
#902 = DEFINITIONAL_REPRESENTATION('',(#903),#907);
#903 = LINE('',#904,#905);
#904 = CARTESIAN_POINT('',(3.552713678801E-15,-0.282842712475));
#905 = VECTOR('',#906,1.);
#906 = DIRECTION('',(-1.,0.));
#907 = ( GEOMETRIC_REPRESENTATION_CONTEXT(2) 
PARAMETRIC_REPRESENTATION_CONTEXT() REPRESENTATION_CONTEXT('2D SPACE',''
  ) );
#908 = PCURVE('',#816,#909);
#909 = DEFINITIONAL_REPRESENTATION('',(#910),#914);
#910 = LINE('',#911,#912);
#911 = CARTESIAN_POINT('',(-5.563622275823,-22.32053106832));
#912 = VECTOR('',#913,1.);
#913 = DIRECTION('',(0.224951054344,0.974370064785));
#914 = ( GEOMETRIC_REPRESENTATION_CONTEXT(2) 
PARAMETRIC_REPRESENTATION_CONTEXT() REPRESENTATION_CONTEXT('2D SPACE',''
  ) );
#915 = ORIENTED_EDGE('',*,*,#828,.T.);
#916 = ORIENTED_EDGE('',*,*,#917,.F.);
#917 = EDGE_CURVE('',#862,#683,#918,.T.);
#918 = SURFACE_CURVE('',#919,(#923,#930),.PCURVE_S1.);
#919 = LINE('',#920,#921);
#920 = CARTESIAN_POINT('',(-5.173874249909,-22.41051149006,18.6));
#921 = VECTOR('',#922,1.);
#922 = DIRECTION('',(0.224951054344,0.974370064785,-0.));
#923 = PCURVE('',#846,#924);
#924 = DEFINITIONAL_REPRESENTATION('',(#925),#929);
#925 = LINE('',#926,#927);
#926 = CARTESIAN_POINT('',(3.552713678801E-15,0.282842712475));
#927 = VECTOR('',#928,1.);
#928 = DIRECTION('',(-1.,0.));
#929 = ( GEOMETRIC_REPRESENTATION_CONTEXT(2) 
PARAMETRIC_REPRESENTATION_CONTEXT() REPRESENTATION_CONTEXT('2D SPACE',''
  ) );
#930 = PCURVE('',#697,#931);
#931 = DEFINITIONAL_REPRESENTATION('',(#932),#936);
#932 = LINE('',#933,#934);
#933 = CARTESIAN_POINT('',(12.1,69.));
#934 = VECTOR('',#935,1.);
#935 = DIRECTION('',(0.,-1.));
#936 = ( GEOMETRIC_REPRESENTATION_CONTEXT(2) 
PARAMETRIC_REPRESENTATION_CONTEXT() REPRESENTATION_CONTEXT('2D SPACE',''
  ) );
#937 = ADVANCED_FACE('',(#938),#880,.T.);
#938 = FACE_BOUND('',#939,.F.);
#939 = EDGE_LOOP('',(#940,#941,#970,#997));
#940 = ORIENTED_EDGE('',*,*,#861,.F.);
#941 = ORIENTED_EDGE('',*,*,#942,.T.);
#942 = EDGE_CURVE('',#862,#943,#945,.T.);
#943 = VERTEX_POINT('',#944);
#944 = CARTESIAN_POINT('',(-16.82113513724,-15.68596228143,18.6));
#945 = SURFACE_CURVE('',#946,(#951,#958),.PCURVE_S1.);
#946 = CIRCLE('',#947,23.);
#947 = AXIS2_PLACEMENT_3D('',#948,#949,#950);
#948 = CARTESIAN_POINT('',(0.,0.,18.6));
#949 = DIRECTION('',(-0.,0.,-1.));
#950 = DIRECTION('',(-0.224951054344,-0.974370064785,0.));
#951 = PCURVE('',#880,#952);
#952 = DEFINITIONAL_REPRESENTATION('',(#953),#957);
#953 = LINE('',#954,#955);
#954 = CARTESIAN_POINT('',(0.,-0.));
#955 = VECTOR('',#956,1.);
#956 = DIRECTION('',(1.,-0.));
#957 = ( GEOMETRIC_REPRESENTATION_CONTEXT(2) 
PARAMETRIC_REPRESENTATION_CONTEXT() REPRESENTATION_CONTEXT('2D SPACE',''
  ) );
#958 = PCURVE('',#959,#964);
#959 = CYLINDRICAL_SURFACE('',#960,23.);
#960 = AXIS2_PLACEMENT_3D('',#961,#962,#963);
#961 = CARTESIAN_POINT('',(0.,0.,14.));
#962 = DIRECTION('',(0.,0.,1.));
#963 = DIRECTION('',(1.,0.,-0.));
#964 = DEFINITIONAL_REPRESENTATION('',(#965),#969);
#965 = LINE('',#966,#967);
#966 = CARTESIAN_POINT('',(4.485496177625,4.6));
#967 = VECTOR('',#968,1.);
#968 = DIRECTION('',(-1.,-0.));
#969 = ( GEOMETRIC_REPRESENTATION_CONTEXT(2) 
PARAMETRIC_REPRESENTATION_CONTEXT() REPRESENTATION_CONTEXT('2D SPACE',''
  ) );
#970 = ORIENTED_EDGE('',*,*,#971,.T.);
#971 = EDGE_CURVE('',#943,#972,#974,.T.);
#972 = VERTEX_POINT('',#973);
#973 = CARTESIAN_POINT('',(-16.25320524713,-15.70329007548,19.));
#974 = SURFACE_CURVE('',#975,(#980,#990),.PCURVE_S1.);
#975 = PARABOLA('',#976,8.131727983645);
#976 = AXIS2_PLACEMENT_3D('',#977,#978,#979);
#977 = CARTESIAN_POINT('',(7.842981140719,-8.41056756862,30.1));
#978 = DIRECTION('',(0.482245665158,-0.517145161861,-0.707106781187));
#979 = DIRECTION('',(-0.482245665158,0.517145161861,-0.707106781187));
#980 = PCURVE('',#880,#981);
#981 = DEFINITIONAL_REPRESENTATION('',(#982),#989);
#982 = B_SPLINE_CURVE_WITH_KNOTS('',5,(#983,#984,#985,#986,#987,#988),
  .UNSPECIFIED.,.F.,.F.,(6,6),(-23.,-22.59645989972),
  .PIECEWISE_BEZIER_KNOTS.);
#983 = CARTESIAN_POINT('',(0.593411945678,1.42108547152E-14));
#984 = CARTESIAN_POINT('',(0.589902901328,-8.070802005446E-02));
#985 = CARTESIAN_POINT('',(0.586378465237,-0.161062030082));
#986 = CARTESIAN_POINT('',(0.582838547389,-0.241062030082));
#987 = CARTESIAN_POINT('',(0.579283057766,-0.320708020054));
#988 = CARTESIAN_POINT('',(0.575711906437,-0.4));
#989 = ( GEOMETRIC_REPRESENTATION_CONTEXT(2) 
PARAMETRIC_REPRESENTATION_CONTEXT() REPRESENTATION_CONTEXT('2D SPACE',''
  ) );
#990 = PCURVE('',#783,#991);
#991 = DEFINITIONAL_REPRESENTATION('',(#992),#996);
#992 = B_SPLINE_CURVE_WITH_KNOTS('',2,(#993,#994,#995),.UNSPECIFIED.,.F.
  ,.F.,(3,3),(-23.,-22.59645989972),.PIECEWISE_BEZIER_KNOTS.);
#993 = CARTESIAN_POINT('',(3.552713678801E-15,-0.282842712475));
#994 = CARTESIAN_POINT('',(0.201770050136,2.503228908633E-03));
#995 = CARTESIAN_POINT('',(0.403540100272,0.282842712475));
#996 = ( GEOMETRIC_REPRESENTATION_CONTEXT(2) 
PARAMETRIC_REPRESENTATION_CONTEXT() REPRESENTATION_CONTEXT('2D SPACE',''
  ) );
#997 = ORIENTED_EDGE('',*,*,#998,.F.);
#998 = EDGE_CURVE('',#864,#972,#999,.T.);
#999 = SURFACE_CURVE('',#1000,(#1005,#1012),.PCURVE_S1.);
#1000 = CIRCLE('',#1001,22.6);
#1001 = AXIS2_PLACEMENT_3D('',#1002,#1003,#1004);
#1002 = CARTESIAN_POINT('',(0.,0.,19.));
#1003 = DIRECTION('',(-0.,0.,-1.));
#1004 = DIRECTION('',(-0.224951054344,-0.974370064785,0.));
#1005 = PCURVE('',#880,#1006);
#1006 = DEFINITIONAL_REPRESENTATION('',(#1007),#1011);
#1007 = LINE('',#1008,#1009);
#1008 = CARTESIAN_POINT('',(0.,-0.4));
#1009 = VECTOR('',#1010,1.);
#1010 = DIRECTION('',(1.,-0.));
#1011 = ( GEOMETRIC_REPRESENTATION_CONTEXT(2) 
PARAMETRIC_REPRESENTATION_CONTEXT() REPRESENTATION_CONTEXT('2D SPACE',''
  ) );
#1012 = PCURVE('',#816,#1013);
#1013 = DEFINITIONAL_REPRESENTATION('',(#1014),#1022);
#1014 = ( BOUNDED_CURVE() B_SPLINE_CURVE(2,(#1015,#1016,#1017,#1018,
#1019,#1020,#1021),.UNSPECIFIED.,.T.,.F.) B_SPLINE_CURVE_WITH_KNOTS((1,2
    ,2,2,2,1),(-2.094395102393,0.,2.094395102393,4.188790204786,
6.28318530718,8.377580409573),.UNSPECIFIED.) CURVE() 
GEOMETRIC_REPRESENTATION_ITEM() RATIONAL_B_SPLINE_CURVE((1.,0.5,1.,0.5,
1.,0.5,1.)) REPRESENTATION_ITEM('') );
#1015 = CARTESIAN_POINT('',(-5.083893828171,-22.02076346414));
#1016 = CARTESIAN_POINT('',(-43.22497496952,-13.21520105346));
#1017 = CARTESIAN_POINT('',(-16.52859365659,15.413162937412));
#1018 = CARTESIAN_POINT('',(10.167787656343,44.041526928293));
#1019 = CARTESIAN_POINT('',(21.612487484765,6.607600526734));
#1020 = CARTESIAN_POINT('',(33.057187313187,-30.82632587482));
#1021 = CARTESIAN_POINT('',(-5.083893828171,-22.02076346414));
#1022 = ( GEOMETRIC_REPRESENTATION_CONTEXT(2) 
PARAMETRIC_REPRESENTATION_CONTEXT() REPRESENTATION_CONTEXT('2D SPACE',''
  ) );
#1023 = ADVANCED_FACE('',(#1024,#1091),#959,.T.);
#1024 = FACE_BOUND('',#1025,.T.);
#1025 = EDGE_LOOP('',(#1026,#1047,#1071,#1090));
#1026 = ORIENTED_EDGE('',*,*,#1027,.F.);
#1027 = EDGE_CURVE('',#1028,#943,#1030,.T.);
#1028 = VERTEX_POINT('',#1029);
#1029 = CARTESIAN_POINT('',(-16.82113513724,-15.68596228143,14.));
#1030 = SURFACE_CURVE('',#1031,(#1035,#1041),.PCURVE_S1.);
#1031 = LINE('',#1032,#1033);
#1032 = CARTESIAN_POINT('',(-16.82113513724,-15.68596228143,14.));
#1033 = VECTOR('',#1034,1.);
#1034 = DIRECTION('',(0.,0.,1.));
#1035 = PCURVE('',#959,#1036);
#1036 = DEFINITIONAL_REPRESENTATION('',(#1037),#1040);
#1037 = B_SPLINE_CURVE_WITH_KNOTS('',1,(#1038,#1039),.UNSPECIFIED.,.F.,
  .F.,(2,2),(0.,5.),.PIECEWISE_BEZIER_KNOTS.);
#1038 = CARTESIAN_POINT('',(3.892084231947,0.));
#1039 = CARTESIAN_POINT('',(3.892084231947,5.));
#1040 = ( GEOMETRIC_REPRESENTATION_CONTEXT(2) 
PARAMETRIC_REPRESENTATION_CONTEXT() REPRESENTATION_CONTEXT('2D SPACE',''
  ) );
#1041 = PCURVE('',#752,#1042);
#1042 = DEFINITIONAL_REPRESENTATION('',(#1043),#1046);
#1043 = B_SPLINE_CURVE_WITH_KNOTS('',1,(#1044,#1045),.UNSPECIFIED.,.F.,
  .F.,(2,2),(-6.E-07,5.0000006),.PIECEWISE_BEZIER_KNOTS.);
#1044 = CARTESIAN_POINT('',(7.4999994,69.));
#1045 = CARTESIAN_POINT('',(12.5000006,69.));
#1046 = ( GEOMETRIC_REPRESENTATION_CONTEXT(2) 
PARAMETRIC_REPRESENTATION_CONTEXT() REPRESENTATION_CONTEXT('2D SPACE',''
  ) );
#1047 = ORIENTED_EDGE('',*,*,#1048,.T.);
#1048 = EDGE_CURVE('',#1028,#1049,#1051,.T.);
#1049 = VERTEX_POINT('',#1050);
#1050 = CARTESIAN_POINT('',(-5.173874249909,-22.41051149006,14.));
#1051 = SURFACE_CURVE('',#1052,(#1057,#1064),.PCURVE_S1.);
#1052 = CIRCLE('',#1053,23.);
#1053 = AXIS2_PLACEMENT_3D('',#1054,#1055,#1056);
#1054 = CARTESIAN_POINT('',(0.,0.,14.));
#1055 = DIRECTION('',(0.,0.,1.));
#1056 = DIRECTION('',(-0.731353701619,-0.681998360062,0.));
#1057 = PCURVE('',#959,#1058);
#1058 = DEFINITIONAL_REPRESENTATION('',(#1059),#1063);
#1059 = LINE('',#1060,#1061);
#1060 = CARTESIAN_POINT('',(3.892084231947,0.));
#1061 = VECTOR('',#1062,1.);
#1062 = DIRECTION('',(1.,0.));
#1063 = ( GEOMETRIC_REPRESENTATION_CONTEXT(2) 
PARAMETRIC_REPRESENTATION_CONTEXT() REPRESENTATION_CONTEXT('2D SPACE',''
  ) );
#1064 = PCURVE('',#725,#1065);
#1065 = DEFINITIONAL_REPRESENTATION('',(#1066),#1070);
#1066 = CIRCLE('',#1067,23.);
#1067 = AXIS2_PLACEMENT_2D('',#1068,#1069);
#1068 = CARTESIAN_POINT('',(0.,0.));
#1069 = DIRECTION('',(-0.731353701619,-0.681998360062));
#1070 = ( GEOMETRIC_REPRESENTATION_CONTEXT(2) 
PARAMETRIC_REPRESENTATION_CONTEXT() REPRESENTATION_CONTEXT('2D SPACE',''
  ) );
#1071 = ORIENTED_EDGE('',*,*,#1072,.T.);
#1072 = EDGE_CURVE('',#1049,#862,#1073,.T.);
#1073 = SURFACE_CURVE('',#1074,(#1078,#1084),.PCURVE_S1.);
#1074 = LINE('',#1075,#1076);
#1075 = CARTESIAN_POINT('',(-5.173874249909,-22.41051149006,14.));
#1076 = VECTOR('',#1077,1.);
#1077 = DIRECTION('',(0.,0.,1.));
#1078 = PCURVE('',#959,#1079);
#1079 = DEFINITIONAL_REPRESENTATION('',(#1080),#1083);
#1080 = B_SPLINE_CURVE_WITH_KNOTS('',1,(#1081,#1082),.UNSPECIFIED.,.F.,
  .F.,(2,2),(-6.E-07,5.0000006),.PIECEWISE_BEZIER_KNOTS.);
#1081 = CARTESIAN_POINT('',(4.485496177625,-6.E-07));
#1082 = CARTESIAN_POINT('',(4.485496177625,5.0000006));
#1083 = ( GEOMETRIC_REPRESENTATION_CONTEXT(2) 
PARAMETRIC_REPRESENTATION_CONTEXT() REPRESENTATION_CONTEXT('2D SPACE',''
  ) );
#1084 = PCURVE('',#697,#1085);
#1085 = DEFINITIONAL_REPRESENTATION('',(#1086),#1089);
#1086 = B_SPLINE_CURVE_WITH_KNOTS('',1,(#1087,#1088),.UNSPECIFIED.,.F.,
  .F.,(2,2),(-6.E-07,5.0000006),.PIECEWISE_BEZIER_KNOTS.);
#1087 = CARTESIAN_POINT('',(7.4999994,69.));
#1088 = CARTESIAN_POINT('',(12.5000006,69.));
#1089 = ( GEOMETRIC_REPRESENTATION_CONTEXT(2) 
PARAMETRIC_REPRESENTATION_CONTEXT() REPRESENTATION_CONTEXT('2D SPACE',''
  ) );
#1090 = ORIENTED_EDGE('',*,*,#942,.T.);
#1091 = FACE_BOUND('',#1092,.T.);
#1092 = EDGE_LOOP('',(#1093));
#1093 = ORIENTED_EDGE('',*,*,#1094,.T.);
#1094 = EDGE_CURVE('',#1095,#1095,#1097,.T.);
#1095 = VERTEX_POINT('',#1096);
#1096 = CARTESIAN_POINT('',(-7.488067552515,-21.74692723878,14.5));
#1097 = SURFACE_CURVE('',#1098,(#1157,#1252),.PCURVE_S1.);
#1098 = B_SPLINE_CURVE_WITH_KNOTS('',8,(#1099,#1100,#1101,#1102,#1103,
    #1104,#1105,#1106,#1107,#1108,#1109,#1110,#1111,#1112,#1113,#1114,
    #1115,#1116,#1117,#1118,#1119,#1120,#1121,#1122,#1123,#1124,#1125,
    #1126,#1127,#1128,#1129,#1130,#1131,#1132,#1133,#1134,#1135,#1136,
    #1137,#1138,#1139,#1140,#1141,#1142,#1143,#1144,#1145,#1146,#1147,
    #1148,#1149,#1150,#1151,#1152,#1153,#1154,#1155,#1156),
  .UNSPECIFIED.,.T.,.F.,(9,7,7,7,7,7,7,7,9),(0.557484902177,
    0.658778536181,0.763702775854,0.867832735761,0.962391741207,
    1.108534823318,1.278487104876,1.420415250164,1.557484902177),
  .UNSPECIFIED.);
#1099 = CARTESIAN_POINT('',(-7.488067552515,-21.74692723878,14.5));
#1100 = CARTESIAN_POINT('',(-7.70728455685,-21.67144477088,14.5));
#1101 = CARTESIAN_POINT('',(-7.920839570049,-21.59508695344,
    14.530716115132));
#1102 = CARTESIAN_POINT('',(-8.124379342455,-21.5195690999,14.5897997675
    ));
#1103 = CARTESIAN_POINT('',(-8.314213919827,-21.44668773114,
    14.674142075027));
#1104 = CARTESIAN_POINT('',(-8.487388660052,-21.37820479835,
    14.779907132067));
#1105 = CARTESIAN_POINT('',(-8.641778872558,-21.31565411591,
    14.902573174545));
#1106 = CARTESIAN_POINT('',(-8.776210370688,-21.2601391719,
    15.036979407061));
#1107 = CARTESIAN_POINT('',(-9.009108412038,-21.16252523715,
    15.322805290369));
#1108 = CARTESIAN_POINT('',(-9.108834802339,-21.11983771015,
    15.47800241256));
#1109 = CARTESIAN_POINT('',(-9.190577865199,-21.08428299438,
    15.640293963363));
#1110 = CARTESIAN_POINT('',(-9.255093659329,-21.05589686094,
    15.807650165241));
#1111 = CARTESIAN_POINT('',(-9.303020853224,-21.0346507683,
    15.978491839954));
#1112 = CARTESIAN_POINT('',(-9.33482288032,-21.02049915499,
    16.151543676275));
#1113 = CARTESIAN_POINT('',(-9.350740709534,-21.01341590943,
    16.325716376861));
#1114 = CARTESIAN_POINT('',(-9.350740709534,-21.01341590943,
    16.672964290677));
#1115 = CARTESIAN_POINT('',(-9.335062580304,-21.02039236517,
    16.845783378123));
#1116 = CARTESIAN_POINT('',(-9.303752846382,-21.03432521128,
    17.016522622382));
#1117 = CARTESIAN_POINT('',(-9.257064626182,-21.0550222959,
    17.183276987346));
#1118 = CARTESIAN_POINT('',(-9.195445723277,-21.08212899762,
    17.344196877455));
#1119 = CARTESIAN_POINT('',(-9.119532329139,-21.11514587906,
    17.497514690739));
#1120 = CARTESIAN_POINT('',(-9.030148337364,-21.15345437693,
    17.641572088193));
#1121 = CARTESIAN_POINT('',(-8.835832499895,-21.23530394273,
    17.895874010267));
#1122 = CARTESIAN_POINT('',(-8.733149591368,-21.27801296073,
    18.007925390945));
#1123 = CARTESIAN_POINT('',(-8.621072684132,-21.32393056156,
    18.109848958305));
#1124 = CARTESIAN_POINT('',(-8.500550097009,-21.37244877876,
    18.200622312702));
#1125 = CARTESIAN_POINT('',(-8.372642891365,-21.42293191891,
    18.279370527201));
#1126 = CARTESIAN_POINT('',(-8.238507439006,-21.47474317406,
    18.345378866635));
#1127 = CARTESIAN_POINT('',(-8.099384993881,-21.52726462824,
    18.398101516581));
#1128 = CARTESIAN_POINT('',(-7.735918151921,-21.66127628802,
    18.497541863187));
#1129 = CARTESIAN_POINT('',(-7.50393374819,-21.74388010589,
    18.525992869492));
#1130 = CARTESIAN_POINT('',(-7.267503953269,-21.82471239765,
    18.519198945346));
#1131 = CARTESIAN_POINT('',(-7.034304600237,-21.90094902827,
    18.476809473989));
#1132 = CARTESIAN_POINT('',(-6.812031495432,-21.97043130349,
    18.401299487966));
#1133 = CARTESIAN_POINT('',(-6.607654105489,-22.03184030566,
    18.297858512245));
#1134 = CARTESIAN_POINT('',(-6.426393213284,-22.08455346575,
    18.174295713165));
#1135 = CARTESIAN_POINT('',(-6.090644283722,-22.17970370882,
    17.88604542888));
#1136 = CARTESIAN_POINT('',(-5.938162111631,-22.22109832373,
    17.711783892183));
#1137 = CARTESIAN_POINT('',(-5.813116005492,-22.25390573033,
    17.524132573056));
#1138 = CARTESIAN_POINT('',(-5.714511704226,-22.27913717828,
    17.327232378527));
#1139 = CARTESIAN_POINT('',(-5.641366350986,-22.29754739769,
    17.124172881144));
#1140 = CARTESIAN_POINT('',(-5.592903897559,-22.30964013898,
    16.917347254432));
#1141 = CARTESIAN_POINT('',(-5.568666407136,-22.31568852726,
    16.708687027676));
#1142 = CARTESIAN_POINT('',(-5.568666407136,-22.31568852726,
    16.325724241461));
#1143 = CARTESIAN_POINT('',(-5.585569214402,-22.31147058127,
    16.151551070664));
#1144 = CARTESIAN_POINT('',(-5.619341862588,-22.30304299109,
    15.978495424145));
#1145 = CARTESIAN_POINT('',(-5.670190531885,-22.29027794979,
    15.807650147598));
#1146 = CARTESIAN_POINT('',(-5.73850725639,-22.27292629993,
    15.640292438441));
#1147 = CARTESIAN_POINT('',(-5.824811517215,-22.2506176667,
    15.478001510339));
#1148 = CARTESIAN_POINT('',(-5.929676953926,-22.22285850381,
    15.3228055791));
#1149 = CARTESIAN_POINT('',(-6.173346614031,-22.15638033439,
    15.036925304965));
#1150 = CARTESIAN_POINT('',(-6.313462184563,-22.11736079528,
    14.902537885487));
#1151 = CARTESIAN_POINT('',(-6.473598337719,-22.07160843133,
    14.779914078457));
#1152 = CARTESIAN_POINT('',(-6.652166449593,-22.0189733589,
    14.674181820883));
#1153 = CARTESIAN_POINT('',(-6.846572168813,-21.95954909815,
    14.589846401706));
#1154 = CARTESIAN_POINT('',(-7.053430129885,-21.89375743677,
    14.530743743002));
#1155 = CARTESIAN_POINT('',(-7.268751997178,-21.82244364051,14.5));
#1156 = CARTESIAN_POINT('',(-7.488067552515,-21.74692723878,14.5));
#1157 = PCURVE('',#959,#1158);
#1158 = DEFINITIONAL_REPRESENTATION('',(#1159),#1251);
#1159 = B_SPLINE_CURVE_WITH_KNOTS('',3,(#1160,#1161,#1162,#1163,#1164,
    #1165,#1166,#1167,#1168,#1169,#1170,#1171,#1172,#1173,#1174,#1175,
    #1176,#1177,#1178,#1179,#1180,#1181,#1182,#1183,#1184,#1185,#1186,
    #1187,#1188,#1189,#1190,#1191,#1192,#1193,#1194,#1195,#1196,#1197,
    #1198,#1199,#1200,#1201,#1202,#1203,#1204,#1205,#1206,#1207,#1208,
    #1209,#1210,#1211,#1212,#1213,#1214,#1215,#1216,#1217,#1218,#1219,
    #1220,#1221,#1222,#1223,#1224,#1225,#1226,#1227,#1228,#1229,#1230,
    #1231,#1232,#1233,#1234,#1235,#1236,#1237,#1238,#1239,#1240,#1241,
    #1242,#1243,#1244,#1245,#1246,#1247,#1248,#1249,#1250),
  .UNSPECIFIED.,.T.,.F.,(4,1,1,1,1,1,1,1,1,1,1,1,1,1,1,1,1,1,1,1,1,1,1,1
    ,1,1,1,1,1,1,1,1,1,1,1,1,1,1,1,1,1,1,1,1,1,1,1,1,1,1,1,1,1,1,1,1,1,1
    ,1,1,1,1,1,1,1,1,1,1,1,1,1,1,1,1,1,1,1,1,1,1,1,1,1,1,1,1,1,1,4),(
    0.557484902177,0.568848538541,0.580212174904,0.591575811268,
    0.602939447631,0.614303083995,0.625666720359,0.637030356722,
    0.648393993086,0.65975762945,0.671121265813,0.682484902177,
    0.693848538541,0.705212174904,0.716575811268,0.727939447631,
    0.739303083995,0.750666720359,0.762030356722,0.773393993086,
    0.78475762945,0.796121265813,0.807484902177,0.818848538541,
    0.830212174904,0.841575811268,0.852939447631,0.864303083995,
    0.875666720359,0.887030356722,0.898393993086,0.90975762945,
    0.921121265813,0.932484902177,0.943848538541,0.955212174904,
    0.966575811268,0.977939447631,0.989303083995,1.000666720359,
    1.012030356722,1.023393993086,1.03475762945,1.046121265813,
    1.057484902177,1.068848538541,1.080212174904,1.091575811268,
    1.102939447631,1.114303083995,1.125666720359,1.137030356722,
    1.148393993086,1.15975762945,1.171121265813,1.182484902177,
    1.193848538541,1.205212174904,1.216575811268,1.227939447631,
    1.239303083995,1.250666720359,1.262030356722,1.273393993086,
    1.28475762945,1.296121265813,1.307484902177,1.318848538541,
    1.330212174904,1.341575811268,1.352939447631,1.364303083995,
    1.375666720359,1.387030356722,1.398393993086,1.40975762945,
    1.421121265813,1.432484902177,1.443848538541,1.455212174904,
    1.466575811268,1.477939447631,1.489303083995,1.500666720359,
    1.512030356722,1.523393993086,1.53475762945,1.546121265813,
    1.557484902177),.QUASI_UNIFORM_KNOTS.);
#1160 = CARTESIAN_POINT('',(4.380776422506,0.5));
#1161 = CARTESIAN_POINT('',(4.377760150359,0.499983558753));
#1162 = CARTESIAN_POINT('',(4.371781743577,0.507229332834));
#1163 = CARTESIAN_POINT('',(4.363060471331,0.538502482496));
#1164 = CARTESIAN_POINT('',(4.354672564311,0.588824777886));
#1165 = CARTESIAN_POINT('',(4.346694193138,0.6565743919));
#1166 = CARTESIAN_POINT('',(4.339193679863,0.739956988095));
#1167 = CARTESIAN_POINT('',(4.332229190995,0.837000640202));
#1168 = CARTESIAN_POINT('',(4.325850234629,0.945511916234));
#1169 = CARTESIAN_POINT('',(4.32008882368,1.063287779891));
#1170 = CARTESIAN_POINT('',(4.314987805497,1.187344358123));
#1171 = CARTESIAN_POINT('',(4.310488682,1.31687349018));
#1172 = CARTESIAN_POINT('',(4.306539040149,1.451875716856));
#1173 = CARTESIAN_POINT('',(4.303137410705,1.591139990236));
#1174 = CARTESIAN_POINT('',(4.300269468988,1.733925932193));
#1175 = CARTESIAN_POINT('',(4.297925552097,1.879492687121));
#1176 = CARTESIAN_POINT('',(4.296096361982,2.027205971342));
#1177 = CARTESIAN_POINT('',(4.294774475191,2.176492523322));
#1178 = CARTESIAN_POINT('',(4.293954327078,2.326832788026));
#1179 = CARTESIAN_POINT('',(4.293632399099,2.477758550198));
#1180 = CARTESIAN_POINT('',(4.293808047788,2.628797076371));
#1181 = CARTESIAN_POINT('',(4.294479803202,2.778999968113));
#1182 = CARTESIAN_POINT('',(4.295643020235,2.927560137744));
#1183 = CARTESIAN_POINT('',(4.297290642248,3.073649814048));
#1184 = CARTESIAN_POINT('',(4.299413079965,3.216464831616));
#1185 = CARTESIAN_POINT('',(4.301998323528,3.355216226429));
#1186 = CARTESIAN_POINT('',(4.305031992182,3.489136178609));
#1187 = CARTESIAN_POINT('',(4.308497388709,3.617479406638));
#1188 = CARTESIAN_POINT('',(4.312375582805,3.739528554896));
#1189 = CARTESIAN_POINT('',(4.316645356118,3.854588302787));
#1190 = CARTESIAN_POINT('',(4.321279672859,3.961921927034));
#1191 = CARTESIAN_POINT('',(4.326252211976,4.060927594763));
#1192 = CARTESIAN_POINT('',(4.331534261177,4.151035570462));
#1193 = CARTESIAN_POINT('',(4.337095585397,4.231733353307));
#1194 = CARTESIAN_POINT('',(4.342904622947,4.302562240774));
#1195 = CARTESIAN_POINT('',(4.348927911711,4.363118186843));
#1196 = CARTESIAN_POINT('',(4.355133107147,4.413062601734));
#1197 = CARTESIAN_POINT('',(4.361478242907,4.452087637106));
#1198 = CARTESIAN_POINT('',(4.367967812041,4.480133618448));
#1199 = CARTESIAN_POINT('',(4.374548371488,4.496800549438));
#1200 = CARTESIAN_POINT('',(4.381166900761,4.501908938982));
#1201 = CARTESIAN_POINT('',(4.387769882877,4.495444363431));
#1202 = CARTESIAN_POINT('',(4.394304416335,4.477569302045));
#1203 = CARTESIAN_POINT('',(4.400718772318,4.448617063167));
#1204 = CARTESIAN_POINT('',(4.40696308443,4.409090879056));
#1205 = CARTESIAN_POINT('',(4.412990025345,4.359661073089));
#1206 = CARTESIAN_POINT('',(4.418755369421,4.301165666012));
#1207 = CARTESIAN_POINT('',(4.424218979907,4.234600136699));
#1208 = CARTESIAN_POINT('',(4.429344141217,4.161148221185));
#1209 = CARTESIAN_POINT('',(4.434102974147,4.08206063829));
#1210 = CARTESIAN_POINT('',(4.438459004568,3.999102469984));
#1211 = CARTESIAN_POINT('',(4.442500411381,3.911547241262));
#1212 = CARTESIAN_POINT('',(4.446224073885,3.820015837475));
#1213 = CARTESIAN_POINT('',(4.449636633984,3.724970663345));
#1214 = CARTESIAN_POINT('',(4.452742293786,3.626858367093));
#1215 = CARTESIAN_POINT('',(4.455545942642,3.52607763227));
#1216 = CARTESIAN_POINT('',(4.458052192105,3.422993282792));
#1217 = CARTESIAN_POINT('',(4.460265520942,3.317937486702));
#1218 = CARTESIAN_POINT('',(4.462190134469,3.21121399393));
#1219 = CARTESIAN_POINT('',(4.463829910344,3.103101204195));
#1220 = CARTESIAN_POINT('',(4.465188329393,2.993855268127));
#1221 = CARTESIAN_POINT('',(4.466268416428,2.88371293588));
#1222 = CARTESIAN_POINT('',(4.467072684035,2.772894415994));
#1223 = CARTESIAN_POINT('',(4.46760307385,2.661605801962));
#1224 = CARTESIAN_POINT('',(4.467860915701,2.550042896775));
#1225 = CARTESIAN_POINT('',(4.467846819875,2.438389879733));
#1226 = CARTESIAN_POINT('',(4.467560871596,2.326876421763));
#1227 = CARTESIAN_POINT('',(4.467002543817,2.215677052469));
#1228 = CARTESIAN_POINT('',(4.466170561952,2.104984764888));
#1229 = CARTESIAN_POINT('',(4.465063002593,1.995001675048));
#1230 = CARTESIAN_POINT('',(4.463677335592,1.885944771172));
#1231 = CARTESIAN_POINT('',(4.462010489567,1.778047919448));
#1232 = CARTESIAN_POINT('',(4.460058890003,1.67156443952));
#1233 = CARTESIAN_POINT('',(4.457818595734,1.566771922552));
#1234 = CARTESIAN_POINT('',(4.455285084034,1.46396837963));
#1235 = CARTESIAN_POINT('',(4.45245436008,1.363501788978));
#1236 = CARTESIAN_POINT('',(4.449319140009,1.265675772629));
#1237 = CARTESIAN_POINT('',(4.44588343736,1.171118503927));
#1238 = CARTESIAN_POINT('',(4.442107967258,1.079410377142));
#1239 = CARTESIAN_POINT('',(4.437974654375,0.991054280336));
#1240 = CARTESIAN_POINT('',(4.433498047324,0.907219826452));
#1241 = CARTESIAN_POINT('',(4.42868875313,0.828837348413));
#1242 = CARTESIAN_POINT('',(4.423562963108,0.756839063299));
#1243 = CARTESIAN_POINT('',(4.418139637061,0.692092883006));
#1244 = CARTESIAN_POINT('',(4.412441002834,0.635418669336));
#1245 = CARTESIAN_POINT('',(4.406492186018,0.587582280732));
#1246 = CARTESIAN_POINT('',(4.400321063045,0.549296240268));
#1247 = CARTESIAN_POINT('',(4.393958158584,0.521216375634));
#1248 = CARTESIAN_POINT('',(4.387436218291,0.503948214986));
#1249 = CARTESIAN_POINT('',(4.383006151908,0.499995184201));
#1250 = CARTESIAN_POINT('',(4.380776422506,0.5));
#1251 = ( GEOMETRIC_REPRESENTATION_CONTEXT(2) 
PARAMETRIC_REPRESENTATION_CONTEXT() REPRESENTATION_CONTEXT('2D SPACE',''
  ) );
#1252 = PCURVE('',#1253,#1258);
#1253 = CYLINDRICAL_SURFACE('',#1254,2.);
#1254 = AXIS2_PLACEMENT_3D('',#1255,#1256,#1257);
#1255 = CARTESIAN_POINT('',(-6.446249458252,-18.72126779686,16.5));
#1256 = DIRECTION('',(-0.325568154457,-0.945518575599,2.22044604925E-16)
  );
#1257 = DIRECTION('',(-7.229065223261E-17,-2.099472985682E-16,-1.));
#1258 = DEFINITIONAL_REPRESENTATION('',(#1259),#1351);
#1259 = B_SPLINE_CURVE_WITH_KNOTS('',3,(#1260,#1261,#1262,#1263,#1264,
    #1265,#1266,#1267,#1268,#1269,#1270,#1271,#1272,#1273,#1274,#1275,
    #1276,#1277,#1278,#1279,#1280,#1281,#1282,#1283,#1284,#1285,#1286,
    #1287,#1288,#1289,#1290,#1291,#1292,#1293,#1294,#1295,#1296,#1297,
    #1298,#1299,#1300,#1301,#1302,#1303,#1304,#1305,#1306,#1307,#1308,
    #1309,#1310,#1311,#1312,#1313,#1314,#1315,#1316,#1317,#1318,#1319,
    #1320,#1321,#1322,#1323,#1324,#1325,#1326,#1327,#1328,#1329,#1330,
    #1331,#1332,#1333,#1334,#1335,#1336,#1337,#1338,#1339,#1340,#1341,
    #1342,#1343,#1344,#1345,#1346,#1347,#1348,#1349,#1350),
  .UNSPECIFIED.,.F.,.F.,(4,1,1,1,1,1,1,1,1,1,1,1,1,1,1,1,1,1,1,1,1,1,1,1
    ,1,1,1,1,1,1,1,1,1,1,1,1,1,1,1,1,1,1,1,1,1,1,1,1,1,1,1,1,1,1,1,1,1,1
    ,1,1,1,1,1,1,1,1,1,1,1,1,1,1,1,1,1,1,1,1,1,1,1,1,1,1,1,1,1,1,4),(
    0.557484902177,0.568848538541,0.580212174904,0.591575811268,
    0.602939447631,0.614303083995,0.625666720359,0.637030356722,
    0.648393993086,0.65975762945,0.671121265813,0.682484902177,
    0.693848538541,0.705212174904,0.716575811268,0.727939447631,
    0.739303083995,0.750666720359,0.762030356722,0.773393993086,
    0.78475762945,0.796121265813,0.807484902177,0.818848538541,
    0.830212174904,0.841575811268,0.852939447631,0.864303083995,
    0.875666720359,0.887030356722,0.898393993086,0.90975762945,
    0.921121265813,0.932484902177,0.943848538541,0.955212174904,
    0.966575811268,0.977939447631,0.989303083995,1.000666720359,
    1.012030356722,1.023393993086,1.03475762945,1.046121265813,
    1.057484902177,1.068848538541,1.080212174904,1.091575811268,
    1.102939447631,1.114303083995,1.125666720359,1.137030356722,
    1.148393993086,1.15975762945,1.171121265813,1.182484902177,
    1.193848538541,1.205212174904,1.216575811268,1.227939447631,
    1.239303083995,1.250666720359,1.262030356722,1.273393993086,
    1.28475762945,1.296121265813,1.307484902177,1.318848538541,
    1.330212174904,1.341575811268,1.352939447631,1.364303083995,
    1.375666720359,1.387030356722,1.398393993086,1.40975762945,
    1.421121265813,1.432484902177,1.443848538541,1.455212174904,
    1.466575811268,1.477939447631,1.489303083995,1.500666720359,
    1.512030356722,1.523393993086,1.53475762945,1.546121265813,
    1.557484902177),.QUASI_UNIFORM_KNOTS.);
#1260 = CARTESIAN_POINT('',(6.28318530718,3.2));
#1261 = CARTESIAN_POINT('',(6.248508425296,3.200005300862));
#1262 = CARTESIAN_POINT('',(6.179738522844,3.199367938808));
#1263 = CARTESIAN_POINT('',(6.078375812062,3.196672741529));
#1264 = CARTESIAN_POINT('',(5.978831294829,3.192421290655));
#1265 = CARTESIAN_POINT('',(5.88118180083,3.186872914658));
#1266 = CARTESIAN_POINT('',(5.785543610698,3.180318595926));
#1267 = CARTESIAN_POINT('',(5.692072182234,3.173072257734));
#1268 = CARTESIAN_POINT('',(5.601004400586,3.165455674955));
#1269 = CARTESIAN_POINT('',(5.512530193182,3.157771254138));
#1270 = CARTESIAN_POINT('',(5.427314744839,3.150331733886));
#1271 = CARTESIAN_POINT('',(5.34456614237,3.143277101524));
#1272 = CARTESIAN_POINT('',(5.263339281493,3.136701879022));
#1273 = CARTESIAN_POINT('',(5.183590130093,3.130752237385));
#1274 = CARTESIAN_POINT('',(5.105050907737,3.125530245771));
#1275 = CARTESIAN_POINT('',(5.027526066531,3.121122514835));
#1276 = CARTESIAN_POINT('',(4.950808821265,3.117595375248));
#1277 = CARTESIAN_POINT('',(4.874699470199,3.114998776733));
#1278 = CARTESIAN_POINT('',(4.798998519265,3.113367647461));
#1279 = CARTESIAN_POINT('',(4.723499406567,3.112723191149));
#1280 = CARTESIAN_POINT('',(4.648007076014,3.11307509478));
#1281 = CARTESIAN_POINT('',(4.572566055895,3.114414465732));
#1282 = CARTESIAN_POINT('',(4.497153385845,3.116709242609));
#1283 = CARTESIAN_POINT('',(4.421761588387,3.119906444668));
#1284 = CARTESIAN_POINT('',(4.346378210768,3.123933130101));
#1285 = CARTESIAN_POINT('',(4.270991716427,3.128698104231));
#1286 = CARTESIAN_POINT('',(4.195590177564,3.13409384025));
#1287 = CARTESIAN_POINT('',(4.120162237863,3.139998725634));
#1288 = CARTESIAN_POINT('',(4.044696230451,3.146279719077));
#1289 = CARTESIAN_POINT('',(3.969184649052,3.152794965411));
#1290 = CARTESIAN_POINT('',(3.893676734803,3.159391956662));
#1291 = CARTESIAN_POINT('',(3.818166508181,3.165921005416));
#1292 = CARTESIAN_POINT('',(3.742657730372,3.172233251537));
#1293 = CARTESIAN_POINT('',(3.667150482987,3.178185291027));
#1294 = CARTESIAN_POINT('',(3.591642756953,3.183642090802));
#1295 = CARTESIAN_POINT('',(3.516138906775,3.188479794492));
#1296 = CARTESIAN_POINT('',(3.440617085227,3.192589233255));
#1297 = CARTESIAN_POINT('',(3.365155618252,3.195875280532));
#1298 = CARTESIAN_POINT('',(3.289283083074,3.198277541484));
#1299 = CARTESIAN_POINT('',(3.21320739839,3.199721315417));
#1300 = CARTESIAN_POINT('',(3.13710647124,3.20016622998));
#1301 = CARTESIAN_POINT('',(3.061158342921,3.199603389171));
#1302 = CARTESIAN_POINT('',(2.985539233509,3.198056540399));
#1303 = CARTESIAN_POINT('',(2.910429949676,3.195580542137));
#1304 = CARTESIAN_POINT('',(2.836020174906,3.192259018898));
#1305 = CARTESIAN_POINT('',(2.762513044388,3.188200761666));
#1306 = CARTESIAN_POINT('',(2.690131908427,3.183535367751));
#1307 = CARTESIAN_POINT('',(2.619120297097,3.178407425948));
#1308 = CARTESIAN_POINT('',(2.549770054596,3.172972596135));
#1309 = CARTESIAN_POINT('',(2.482347467267,3.167384174163));
#1310 = CARTESIAN_POINT('',(2.417403530163,3.161813949428));
#1311 = CARTESIAN_POINT('',(2.353648339619,3.156258305729));
#1312 = CARTESIAN_POINT('',(2.291062784448,3.150807112454));
#1313 = CARTESIAN_POINT('',(2.229516110596,3.145532221786));
#1314 = CARTESIAN_POINT('',(2.16891603624,3.140499513072));
#1315 = CARTESIAN_POINT('',(2.109166983231,3.135766288965));
#1316 = CARTESIAN_POINT('',(2.050179986481,3.131382612635));
#1317 = CARTESIAN_POINT('',(1.991868941054,3.127391593904));
#1318 = CARTESIAN_POINT('',(1.934150638024,3.123829950782));
#1319 = CARTESIAN_POINT('',(1.876943872439,3.120728479886));
#1320 = CARTESIAN_POINT('',(1.820168865849,3.118112522606));
#1321 = CARTESIAN_POINT('',(1.763746638924,3.116002393234));
#1322 = CARTESIAN_POINT('',(1.707598481757,3.114413764622));
#1323 = CARTESIAN_POINT('',(1.651645253871,3.113358010121));
#1324 = CARTESIAN_POINT('',(1.595807404707,3.112842458397));
#1325 = CARTESIAN_POINT('',(1.54000237838,3.112870683296));
#1326 = CARTESIAN_POINT('',(1.484171250243,3.113442261793));
#1327 = CARTESIAN_POINT('',(1.428226687664,3.11455290272));
#1328 = CARTESIAN_POINT('',(1.372087742985,3.116194660091));
#1329 = CARTESIAN_POINT('',(1.315673207758,3.118355621078));
#1330 = CARTESIAN_POINT('',(1.258902522312,3.12101963893));
#1331 = CARTESIAN_POINT('',(1.201694830439,3.124165971382));
#1332 = CARTESIAN_POINT('',(1.143968159627,3.127768915676));
#1333 = CARTESIAN_POINT('',(1.085640055378,3.131797259417));
#1334 = CARTESIAN_POINT('',(1.026622184368,3.136214223508));
#1335 = CARTESIAN_POINT('',(0.966837295924,3.140975417258));
#1336 = CARTESIAN_POINT('',(0.906152213207,3.146034093287));
#1337 = CARTESIAN_POINT('',(0.844623490776,3.151319075947));
#1338 = CARTESIAN_POINT('',(0.781566223741,3.156815402015));
#1339 = CARTESIAN_POINT('',(0.71676854308,3.162457352436));
#1340 = CARTESIAN_POINT('',(0.650477582503,3.168124872909));
#1341 = CARTESIAN_POINT('',(0.582788571399,3.173700285318));
#1342 = CARTESIAN_POINT('',(0.513811601024,3.179056928606));
#1343 = CARTESIAN_POINT('',(0.443629681603,3.184066336399));
#1344 = CARTESIAN_POINT('',(0.372312382881,3.188600636202));
#1345 = CARTESIAN_POINT('',(0.299914191065,3.192536400935));
#1346 = CARTESIAN_POINT('',(0.226476715663,3.195757922269));
#1347 = CARTESIAN_POINT('',(0.152029072645,3.198161374483));
#1348 = CARTESIAN_POINT('',(7.659002782752E-02,3.199655601901));
#1349 = CARTESIAN_POINT('',(2.563886428198E-02,3.200001671488));
#1350 = CARTESIAN_POINT('',(-8.881784197001E-16,3.2));
#1351 = ( GEOMETRIC_REPRESENTATION_CONTEXT(2) 
PARAMETRIC_REPRESENTATION_CONTEXT() REPRESENTATION_CONTEXT('2D SPACE',''
  ) );
#1352 = ADVANCED_FACE('',(#1353),#1253,.F.);
#1353 = FACE_BOUND('',#1354,.F.);
#1354 = EDGE_LOOP('',(#1355,#1356,#1379,#1406));
#1355 = ORIENTED_EDGE('',*,*,#1094,.T.);
#1356 = ORIENTED_EDGE('',*,*,#1357,.F.);
#1357 = EDGE_CURVE('',#1358,#1095,#1360,.T.);
#1358 = VERTEX_POINT('',#1359);
#1359 = CARTESIAN_POINT('',(-6.446249458252,-18.72126779686,14.5));
#1360 = SEAM_CURVE('',#1361,(#1365,#1372),.PCURVE_S1.);
#1361 = LINE('',#1362,#1363);
#1362 = CARTESIAN_POINT('',(-6.446249458252,-18.72126779686,14.5));
#1363 = VECTOR('',#1364,1.);
#1364 = DIRECTION('',(-0.325568154457,-0.945518575599,2.22044604925E-16)
  );
#1365 = PCURVE('',#1253,#1366);
#1366 = DEFINITIONAL_REPRESENTATION('',(#1367),#1371);
#1367 = LINE('',#1368,#1369);
#1368 = CARTESIAN_POINT('',(0.,-0.));
#1369 = VECTOR('',#1370,1.);
#1370 = DIRECTION('',(0.,1.));
#1371 = ( GEOMETRIC_REPRESENTATION_CONTEXT(2) 
PARAMETRIC_REPRESENTATION_CONTEXT() REPRESENTATION_CONTEXT('2D SPACE',''
  ) );
#1372 = PCURVE('',#1253,#1373);
#1373 = DEFINITIONAL_REPRESENTATION('',(#1374),#1378);
#1374 = LINE('',#1375,#1376);
#1375 = CARTESIAN_POINT('',(6.28318530718,-0.));
#1376 = VECTOR('',#1377,1.);
#1377 = DIRECTION('',(0.,1.));
#1378 = ( GEOMETRIC_REPRESENTATION_CONTEXT(2) 
PARAMETRIC_REPRESENTATION_CONTEXT() REPRESENTATION_CONTEXT('2D SPACE',''
  ) );
#1379 = ORIENTED_EDGE('',*,*,#1380,.T.);
#1380 = EDGE_CURVE('',#1358,#1358,#1381,.T.);
#1381 = SURFACE_CURVE('',#1382,(#1387,#1394),.PCURVE_S1.);
#1382 = CIRCLE('',#1383,2.);
#1383 = AXIS2_PLACEMENT_3D('',#1384,#1385,#1386);
#1384 = CARTESIAN_POINT('',(-6.446249458252,-18.72126779686,16.5));
#1385 = DIRECTION('',(-0.325568154457,-0.945518575599,2.22044604925E-16)
  );
#1386 = DIRECTION('',(-7.229065223261E-17,-2.099472985682E-16,-1.));
#1387 = PCURVE('',#1253,#1388);
#1388 = DEFINITIONAL_REPRESENTATION('',(#1389),#1393);
#1389 = LINE('',#1390,#1391);
#1390 = CARTESIAN_POINT('',(0.,0.));
#1391 = VECTOR('',#1392,1.);
#1392 = DIRECTION('',(1.,0.));
#1393 = ( GEOMETRIC_REPRESENTATION_CONTEXT(2) 
PARAMETRIC_REPRESENTATION_CONTEXT() REPRESENTATION_CONTEXT('2D SPACE',''
  ) );
#1394 = PCURVE('',#1395,#1400);
#1395 = PLANE('',#1396);
#1396 = AXIS2_PLACEMENT_3D('',#1397,#1398,#1399);
#1397 = CARTESIAN_POINT('',(-6.446249458252,-18.72126779686,16.5));
#1398 = DIRECTION('',(-0.325568154457,-0.945518575599,2.22044604925E-16)
  );
#1399 = DIRECTION('',(-7.229065223261E-17,-2.099472985682E-16,-1.));
#1400 = DEFINITIONAL_REPRESENTATION('',(#1401),#1405);
#1401 = CIRCLE('',#1402,2.);
#1402 = AXIS2_PLACEMENT_2D('',#1403,#1404);
#1403 = CARTESIAN_POINT('',(0.,0.));
#1404 = DIRECTION('',(1.,0.));
#1405 = ( GEOMETRIC_REPRESENTATION_CONTEXT(2) 
PARAMETRIC_REPRESENTATION_CONTEXT() REPRESENTATION_CONTEXT('2D SPACE',''
  ) );
#1406 = ORIENTED_EDGE('',*,*,#1357,.T.);
#1407 = ADVANCED_FACE('',(#1408),#1395,.T.);
#1408 = FACE_BOUND('',#1409,.F.);
#1409 = EDGE_LOOP('',(#1410));
#1410 = ORIENTED_EDGE('',*,*,#1380,.F.);
#1411 = ADVANCED_FACE('',(#1412),#816,.T.);
#1412 = FACE_BOUND('',#1413,.T.);
#1413 = EDGE_LOOP('',(#1414,#1415,#1436,#1437));
#1414 = ORIENTED_EDGE('',*,*,#799,.F.);
#1415 = ORIENTED_EDGE('',*,*,#1416,.F.);
#1416 = EDGE_CURVE('',#972,#764,#1417,.T.);
#1417 = SURFACE_CURVE('',#1418,(#1422,#1429),.PCURVE_S1.);
#1418 = LINE('',#1419,#1420);
#1419 = CARTESIAN_POINT('',(-16.54833579321,-15.97850376208,19.));
#1420 = VECTOR('',#1421,1.);
#1421 = DIRECTION('',(0.731353701619,0.681998360062,-0.));
#1422 = PCURVE('',#816,#1423);
#1423 = DEFINITIONAL_REPRESENTATION('',(#1424),#1428);
#1424 = LINE('',#1425,#1426);
#1425 = CARTESIAN_POINT('',(-16.54833579321,-15.97850376208));
#1426 = VECTOR('',#1427,1.);
#1427 = DIRECTION('',(0.731353701619,0.681998360062));
#1428 = ( GEOMETRIC_REPRESENTATION_CONTEXT(2) 
PARAMETRIC_REPRESENTATION_CONTEXT() REPRESENTATION_CONTEXT('2D SPACE',''
  ) );
#1429 = PCURVE('',#783,#1430);
#1430 = DEFINITIONAL_REPRESENTATION('',(#1431),#1435);
#1431 = LINE('',#1432,#1433);
#1432 = CARTESIAN_POINT('',(0.,0.282842712475));
#1433 = VECTOR('',#1434,1.);
#1434 = DIRECTION('',(1.,0.));
#1435 = ( GEOMETRIC_REPRESENTATION_CONTEXT(2) 
PARAMETRIC_REPRESENTATION_CONTEXT() REPRESENTATION_CONTEXT('2D SPACE',''
  ) );
#1436 = ORIENTED_EDGE('',*,*,#998,.F.);
#1437 = ORIENTED_EDGE('',*,*,#895,.T.);
#1438 = ADVANCED_FACE('',(#1439),#783,.F.);
#1439 = FACE_BOUND('',#1440,.F.);
#1440 = EDGE_LOOP('',(#1441,#1442,#1463,#1464));
#1441 = ORIENTED_EDGE('',*,*,#971,.F.);
#1442 = ORIENTED_EDGE('',*,*,#1443,.T.);
#1443 = EDGE_CURVE('',#943,#738,#1444,.T.);
#1444 = SURFACE_CURVE('',#1445,(#1449,#1456),.PCURVE_S1.);
#1445 = LINE('',#1446,#1447);
#1446 = CARTESIAN_POINT('',(-16.82113513724,-15.68596228143,18.6));
#1447 = VECTOR('',#1448,1.);
#1448 = DIRECTION('',(0.731353701619,0.681998360062,-0.));
#1449 = PCURVE('',#783,#1450);
#1450 = DEFINITIONAL_REPRESENTATION('',(#1451),#1455);
#1451 = LINE('',#1452,#1453);
#1452 = CARTESIAN_POINT('',(0.,-0.282842712475));
#1453 = VECTOR('',#1454,1.);
#1454 = DIRECTION('',(1.,0.));
#1455 = ( GEOMETRIC_REPRESENTATION_CONTEXT(2) 
PARAMETRIC_REPRESENTATION_CONTEXT() REPRESENTATION_CONTEXT('2D SPACE',''
  ) );
#1456 = PCURVE('',#752,#1457);
#1457 = DEFINITIONAL_REPRESENTATION('',(#1458),#1462);
#1458 = LINE('',#1459,#1460);
#1459 = CARTESIAN_POINT('',(12.1,69.));
#1460 = VECTOR('',#1461,1.);
#1461 = DIRECTION('',(0.,-1.));
#1462 = ( GEOMETRIC_REPRESENTATION_CONTEXT(2) 
PARAMETRIC_REPRESENTATION_CONTEXT() REPRESENTATION_CONTEXT('2D SPACE',''
  ) );
#1463 = ORIENTED_EDGE('',*,*,#763,.T.);
#1464 = ORIENTED_EDGE('',*,*,#1416,.F.);
#1465 = ADVANCED_FACE('',(#1466),#752,.F.);
#1466 = FACE_BOUND('',#1467,.F.);
#1467 = EDGE_LOOP('',(#1468,#1469,#1488,#1489));
#1468 = ORIENTED_EDGE('',*,*,#1027,.F.);
#1469 = ORIENTED_EDGE('',*,*,#1470,.T.);
#1470 = EDGE_CURVE('',#1028,#709,#1471,.T.);
#1471 = SURFACE_CURVE('',#1472,(#1476,#1482),.PCURVE_S1.);
#1472 = LINE('',#1473,#1474);
#1473 = CARTESIAN_POINT('',(16.821135137241,15.685962281437,14.));
#1474 = VECTOR('',#1475,1.);
#1475 = DIRECTION('',(0.731353701619,0.681998360062,-0.));
#1476 = PCURVE('',#752,#1477);
#1477 = DEFINITIONAL_REPRESENTATION('',(#1478),#1481);
#1478 = B_SPLINE_CURVE_WITH_KNOTS('',1,(#1479,#1480),.UNSPECIFIED.,.F.,
  .F.,(2,2),(-54.44853160526,8.448531605268),.PIECEWISE_BEZIER_KNOTS.);
#1479 = CARTESIAN_POINT('',(7.5,77.448531605268));
#1480 = CARTESIAN_POINT('',(7.5,14.551468394732));
#1481 = ( GEOMETRIC_REPRESENTATION_CONTEXT(2) 
PARAMETRIC_REPRESENTATION_CONTEXT() REPRESENTATION_CONTEXT('2D SPACE',''
  ) );
#1482 = PCURVE('',#725,#1483);
#1483 = DEFINITIONAL_REPRESENTATION('',(#1484),#1487);
#1484 = B_SPLINE_CURVE_WITH_KNOTS('',1,(#1485,#1486),.UNSPECIFIED.,.F.,
  .F.,(2,2),(-54.44853160526,8.448531605268),.PIECEWISE_BEZIER_KNOTS.);
#1485 = CARTESIAN_POINT('',(-23.,-21.44784698116));
#1486 = CARTESIAN_POINT('',(23.,21.447846981166));
#1487 = ( GEOMETRIC_REPRESENTATION_CONTEXT(2) 
PARAMETRIC_REPRESENTATION_CONTEXT() REPRESENTATION_CONTEXT('2D SPACE',''
  ) );
#1488 = ORIENTED_EDGE('',*,*,#737,.T.);
#1489 = ORIENTED_EDGE('',*,*,#1443,.F.);
#1490 = ADVANCED_FACE('',(#1491),#725,.F.);
#1491 = FACE_BOUND('',#1492,.F.);
#1492 = EDGE_LOOP('',(#1493,#1494,#1495,#1514));
#1493 = ORIENTED_EDGE('',*,*,#1470,.F.);
#1494 = ORIENTED_EDGE('',*,*,#1048,.T.);
#1495 = ORIENTED_EDGE('',*,*,#1496,.T.);
#1496 = EDGE_CURVE('',#1049,#681,#1497,.T.);
#1497 = SURFACE_CURVE('',#1498,(#1502,#1508),.PCURVE_S1.);
#1498 = LINE('',#1499,#1500);
#1499 = CARTESIAN_POINT('',(5.173874249909,22.41051149006,14.));
#1500 = VECTOR('',#1501,1.);
#1501 = DIRECTION('',(0.224951054344,0.974370064785,-0.));
#1502 = PCURVE('',#725,#1503);
#1503 = DEFINITIONAL_REPRESENTATION('',(#1504),#1507);
#1504 = B_SPLINE_CURVE_WITH_KNOTS('',1,(#1505,#1506),.UNSPECIFIED.,.F.,
  .F.,(2,2),(-46.60499447924,-6.901432475869),.PIECEWISE_BEZIER_KNOTS.);
#1505 = CARTESIAN_POINT('',(-5.309968395888,-23.));
#1506 = CARTESIAN_POINT('',(3.621389737979,15.685962281437));
#1507 = ( GEOMETRIC_REPRESENTATION_CONTEXT(2) 
PARAMETRIC_REPRESENTATION_CONTEXT() REPRESENTATION_CONTEXT('2D SPACE',''
  ) );
#1508 = PCURVE('',#697,#1509);
#1509 = DEFINITIONAL_REPRESENTATION('',(#1510),#1513);
#1510 = B_SPLINE_CURVE_WITH_KNOTS('',1,(#1511,#1512),.UNSPECIFIED.,.F.,
  .F.,(2,2),(-46.60499447924,-6.901432475869),.PIECEWISE_BEZIER_KNOTS.);
#1511 = CARTESIAN_POINT('',(7.5,69.604994479248));
#1512 = CARTESIAN_POINT('',(7.5,29.901432475869));
#1513 = ( GEOMETRIC_REPRESENTATION_CONTEXT(2) 
PARAMETRIC_REPRESENTATION_CONTEXT() REPRESENTATION_CONTEXT('2D SPACE',''
  ) );
#1514 = ORIENTED_EDGE('',*,*,#708,.F.);
#1515 = ADVANCED_FACE('',(#1516),#697,.T.);
#1516 = FACE_BOUND('',#1517,.T.);
#1517 = EDGE_LOOP('',(#1518,#1519,#1520,#1521));
#1518 = ORIENTED_EDGE('',*,*,#1072,.F.);
#1519 = ORIENTED_EDGE('',*,*,#1496,.T.);
#1520 = ORIENTED_EDGE('',*,*,#680,.T.);
#1521 = ORIENTED_EDGE('',*,*,#917,.F.);
#1522 = ADVANCED_FACE('',(#1523),#666,.F.);
#1523 = FACE_BOUND('',#1524,.F.);
#1524 = EDGE_LOOP('',(#1525,#1546,#1575,#1594));
#1525 = ORIENTED_EDGE('',*,*,#1526,.F.);
#1526 = EDGE_CURVE('',#1527,#501,#1529,.T.);
#1527 = VERTEX_POINT('',#1528);
#1528 = CARTESIAN_POINT('',(-5.173874249909,22.41051149006,14.));
#1529 = SURFACE_CURVE('',#1530,(#1534,#1540),.PCURVE_S1.);
#1530 = LINE('',#1531,#1532);
#1531 = CARTESIAN_POINT('',(5.173874249909,-22.41051149006,14.));
#1532 = VECTOR('',#1533,1.);
#1533 = DIRECTION('',(0.224951054344,-0.974370064785,0.));
#1534 = PCURVE('',#666,#1535);
#1535 = DEFINITIONAL_REPRESENTATION('',(#1536),#1539);
#1536 = B_SPLINE_CURVE_WITH_KNOTS('',1,(#1537,#1538),.UNSPECIFIED.,.F.,
  .F.,(2,2),(-46.60499447924,0.604994479248),.PIECEWISE_BEZIER_KNOTS.);
#1537 = CARTESIAN_POINT('',(-5.309968395888,23.));
#1538 = CARTESIAN_POINT('',(5.309968395888,-23.));
#1539 = ( GEOMETRIC_REPRESENTATION_CONTEXT(2) 
PARAMETRIC_REPRESENTATION_CONTEXT() REPRESENTATION_CONTEXT('2D SPACE',''
  ) );
#1540 = PCURVE('',#517,#1541);
#1541 = DEFINITIONAL_REPRESENTATION('',(#1542),#1545);
#1542 = B_SPLINE_CURVE_WITH_KNOTS('',1,(#1543,#1544),.UNSPECIFIED.,.F.,
  .F.,(2,2),(-46.60499447924,0.604994479248),.PIECEWISE_BEZIER_KNOTS.);
#1543 = CARTESIAN_POINT('',(7.5,69.604994479248));
#1544 = CARTESIAN_POINT('',(7.5,22.395005520752));
#1545 = ( GEOMETRIC_REPRESENTATION_CONTEXT(2) 
PARAMETRIC_REPRESENTATION_CONTEXT() REPRESENTATION_CONTEXT('2D SPACE',''
  ) );
#1546 = ORIENTED_EDGE('',*,*,#1547,.T.);
#1547 = EDGE_CURVE('',#1527,#1548,#1550,.T.);
#1548 = VERTEX_POINT('',#1549);
#1549 = CARTESIAN_POINT('',(-16.82113513724,15.685962281437,14.));
#1550 = SURFACE_CURVE('',#1551,(#1556,#1563),.PCURVE_S1.);
#1551 = CIRCLE('',#1552,23.);
#1552 = AXIS2_PLACEMENT_3D('',#1553,#1554,#1555);
#1553 = CARTESIAN_POINT('',(0.,0.,14.));
#1554 = DIRECTION('',(0.,0.,1.));
#1555 = DIRECTION('',(1.,0.,-0.));
#1556 = PCURVE('',#666,#1557);
#1557 = DEFINITIONAL_REPRESENTATION('',(#1558),#1562);
#1558 = CIRCLE('',#1559,23.);
#1559 = AXIS2_PLACEMENT_2D('',#1560,#1561);
#1560 = CARTESIAN_POINT('',(0.,0.));
#1561 = DIRECTION('',(1.,0.));
#1562 = ( GEOMETRIC_REPRESENTATION_CONTEXT(2) 
PARAMETRIC_REPRESENTATION_CONTEXT() REPRESENTATION_CONTEXT('2D SPACE',''
  ) );
#1563 = PCURVE('',#1564,#1569);
#1564 = CYLINDRICAL_SURFACE('',#1565,23.);
#1565 = AXIS2_PLACEMENT_3D('',#1566,#1567,#1568);
#1566 = CARTESIAN_POINT('',(0.,0.,14.));
#1567 = DIRECTION('',(0.,0.,1.));
#1568 = DIRECTION('',(1.,0.,-0.));
#1569 = DEFINITIONAL_REPRESENTATION('',(#1570),#1574);
#1570 = LINE('',#1571,#1572);
#1571 = CARTESIAN_POINT('',(0.,0.));
#1572 = VECTOR('',#1573,1.);
#1573 = DIRECTION('',(1.,0.));
#1574 = ( GEOMETRIC_REPRESENTATION_CONTEXT(2) 
PARAMETRIC_REPRESENTATION_CONTEXT() REPRESENTATION_CONTEXT('2D SPACE',''
  ) );
#1575 = ORIENTED_EDGE('',*,*,#1576,.T.);
#1576 = EDGE_CURVE('',#1548,#626,#1577,.T.);
#1577 = SURFACE_CURVE('',#1578,(#1582,#1588),.PCURVE_S1.);
#1578 = LINE('',#1579,#1580);
#1579 = CARTESIAN_POINT('',(16.821135137241,-15.68596228143,14.));
#1580 = VECTOR('',#1581,1.);
#1581 = DIRECTION('',(0.731353701619,-0.681998360062,0.));
#1582 = PCURVE('',#666,#1583);
#1583 = DEFINITIONAL_REPRESENTATION('',(#1584),#1587);
#1584 = B_SPLINE_CURVE_WITH_KNOTS('',1,(#1585,#1586),.UNSPECIFIED.,.F.,
  .F.,(2,2),(-54.44853160526,-15.92561965782),.PIECEWISE_BEZIER_KNOTS.);
#1585 = CARTESIAN_POINT('',(-23.,21.447846981166));
#1586 = CARTESIAN_POINT('',(5.173874249909,-4.824715791819));
#1587 = ( GEOMETRIC_REPRESENTATION_CONTEXT(2) 
PARAMETRIC_REPRESENTATION_CONTEXT() REPRESENTATION_CONTEXT('2D SPACE',''
  ) );
#1588 = PCURVE('',#640,#1589);
#1589 = DEFINITIONAL_REPRESENTATION('',(#1590),#1593);
#1590 = B_SPLINE_CURVE_WITH_KNOTS('',1,(#1591,#1592),.UNSPECIFIED.,.F.,
  .F.,(2,2),(-54.44853160526,-15.92561965782),.PIECEWISE_BEZIER_KNOTS.);
#1591 = CARTESIAN_POINT('',(7.5,77.448531605268));
#1592 = CARTESIAN_POINT('',(7.5,38.925619657829));
#1593 = ( GEOMETRIC_REPRESENTATION_CONTEXT(2) 
PARAMETRIC_REPRESENTATION_CONTEXT() REPRESENTATION_CONTEXT('2D SPACE',''
  ) );
#1594 = ORIENTED_EDGE('',*,*,#651,.F.);
#1595 = ADVANCED_FACE('',(#1596,#1668),#1564,.T.);
#1596 = FACE_BOUND('',#1597,.T.);
#1597 = EDGE_LOOP('',(#1598,#1619,#1620,#1641));
#1598 = ORIENTED_EDGE('',*,*,#1599,.F.);
#1599 = EDGE_CURVE('',#1527,#1600,#1602,.T.);
#1600 = VERTEX_POINT('',#1601);
#1601 = CARTESIAN_POINT('',(-5.173874249909,22.41051149006,18.6));
#1602 = SURFACE_CURVE('',#1603,(#1607,#1613),.PCURVE_S1.);
#1603 = LINE('',#1604,#1605);
#1604 = CARTESIAN_POINT('',(-5.173874249909,22.41051149006,14.));
#1605 = VECTOR('',#1606,1.);
#1606 = DIRECTION('',(0.,0.,1.));
#1607 = PCURVE('',#1564,#1608);
#1608 = DEFINITIONAL_REPRESENTATION('',(#1609),#1612);
#1609 = B_SPLINE_CURVE_WITH_KNOTS('',1,(#1610,#1611),.UNSPECIFIED.,.F.,
  .F.,(2,2),(-6.E-07,5.0000006),.PIECEWISE_BEZIER_KNOTS.);
#1610 = CARTESIAN_POINT('',(1.797689129554,-6.E-07));
#1611 = CARTESIAN_POINT('',(1.797689129554,5.0000006));
#1612 = ( GEOMETRIC_REPRESENTATION_CONTEXT(2) 
PARAMETRIC_REPRESENTATION_CONTEXT() REPRESENTATION_CONTEXT('2D SPACE',''
  ) );
#1613 = PCURVE('',#517,#1614);
#1614 = DEFINITIONAL_REPRESENTATION('',(#1615),#1618);
#1615 = B_SPLINE_CURVE_WITH_KNOTS('',1,(#1616,#1617),.UNSPECIFIED.,.F.,
  .F.,(2,2),(-6.E-07,5.0000006),.PIECEWISE_BEZIER_KNOTS.);
#1616 = CARTESIAN_POINT('',(7.4999994,69.));
#1617 = CARTESIAN_POINT('',(12.5000006,69.));
#1618 = ( GEOMETRIC_REPRESENTATION_CONTEXT(2) 
PARAMETRIC_REPRESENTATION_CONTEXT() REPRESENTATION_CONTEXT('2D SPACE',''
  ) );
#1619 = ORIENTED_EDGE('',*,*,#1547,.T.);
#1620 = ORIENTED_EDGE('',*,*,#1621,.T.);
#1621 = EDGE_CURVE('',#1548,#1622,#1624,.T.);
#1622 = VERTEX_POINT('',#1623);
#1623 = CARTESIAN_POINT('',(-16.82113513724,15.685962281437,18.6));
#1624 = SURFACE_CURVE('',#1625,(#1629,#1635),.PCURVE_S1.);
#1625 = LINE('',#1626,#1627);
#1626 = CARTESIAN_POINT('',(-16.82113513724,15.685962281437,14.));
#1627 = VECTOR('',#1628,1.);
#1628 = DIRECTION('',(0.,0.,1.));
#1629 = PCURVE('',#1564,#1630);
#1630 = DEFINITIONAL_REPRESENTATION('',(#1631),#1634);
#1631 = B_SPLINE_CURVE_WITH_KNOTS('',1,(#1632,#1633),.UNSPECIFIED.,.F.,
  .F.,(2,2),(-6.E-07,5.0000006),.PIECEWISE_BEZIER_KNOTS.);
#1632 = CARTESIAN_POINT('',(2.391101075232,-6.E-07));
#1633 = CARTESIAN_POINT('',(2.391101075232,5.0000006));
#1634 = ( GEOMETRIC_REPRESENTATION_CONTEXT(2) 
PARAMETRIC_REPRESENTATION_CONTEXT() REPRESENTATION_CONTEXT('2D SPACE',''
  ) );
#1635 = PCURVE('',#640,#1636);
#1636 = DEFINITIONAL_REPRESENTATION('',(#1637),#1640);
#1637 = B_SPLINE_CURVE_WITH_KNOTS('',1,(#1638,#1639),.UNSPECIFIED.,.F.,
  .F.,(2,2),(-6.E-07,5.0000006),.PIECEWISE_BEZIER_KNOTS.);
#1638 = CARTESIAN_POINT('',(7.4999994,69.));
#1639 = CARTESIAN_POINT('',(12.5000006,69.));
#1640 = ( GEOMETRIC_REPRESENTATION_CONTEXT(2) 
PARAMETRIC_REPRESENTATION_CONTEXT() REPRESENTATION_CONTEXT('2D SPACE',''
  ) );
#1641 = ORIENTED_EDGE('',*,*,#1642,.F.);
#1642 = EDGE_CURVE('',#1600,#1622,#1643,.T.);
#1643 = SURFACE_CURVE('',#1644,(#1649,#1656),.PCURVE_S1.);
#1644 = CIRCLE('',#1645,23.);
#1645 = AXIS2_PLACEMENT_3D('',#1646,#1647,#1648);
#1646 = CARTESIAN_POINT('',(0.,0.,18.6));
#1647 = DIRECTION('',(0.,0.,1.));
#1648 = DIRECTION('',(-0.224951054344,0.974370064785,0.));
#1649 = PCURVE('',#1564,#1650);
#1650 = DEFINITIONAL_REPRESENTATION('',(#1651),#1655);
#1651 = LINE('',#1652,#1653);
#1652 = CARTESIAN_POINT('',(1.797689129554,4.6));
#1653 = VECTOR('',#1654,1.);
#1654 = DIRECTION('',(1.,0.));
#1655 = ( GEOMETRIC_REPRESENTATION_CONTEXT(2) 
PARAMETRIC_REPRESENTATION_CONTEXT() REPRESENTATION_CONTEXT('2D SPACE',''
  ) );
#1656 = PCURVE('',#1657,#1662);
#1657 = CONICAL_SURFACE('',#1658,23.,0.785398163397);
#1658 = AXIS2_PLACEMENT_3D('',#1659,#1660,#1661);
#1659 = CARTESIAN_POINT('',(0.,0.,18.6));
#1660 = DIRECTION('',(-0.,-0.,-1.));
#1661 = DIRECTION('',(-0.224951054344,0.974370064785,0.));
#1662 = DEFINITIONAL_REPRESENTATION('',(#1663),#1667);
#1663 = LINE('',#1664,#1665);
#1664 = CARTESIAN_POINT('',(-0.,-0.));
#1665 = VECTOR('',#1666,1.);
#1666 = DIRECTION('',(-1.,-0.));
#1667 = ( GEOMETRIC_REPRESENTATION_CONTEXT(2) 
PARAMETRIC_REPRESENTATION_CONTEXT() REPRESENTATION_CONTEXT('2D SPACE',''
  ) );
#1668 = FACE_BOUND('',#1669,.T.);
#1669 = EDGE_LOOP('',(#1670));
#1670 = ORIENTED_EDGE('',*,*,#1671,.T.);
#1671 = EDGE_CURVE('',#1672,#1672,#1674,.T.);
#1672 = VERTEX_POINT('',#1673);
#1673 = CARTESIAN_POINT('',(-15.08935766678,17.358320345124,14.5));
#1674 = SURFACE_CURVE('',#1675,(#1734,#1829),.PCURVE_S1.);
#1675 = B_SPLINE_CURVE_WITH_KNOTS('',8,(#1676,#1677,#1678,#1679,#1680,
    #1681,#1682,#1683,#1684,#1685,#1686,#1687,#1688,#1689,#1690,#1691,
    #1692,#1693,#1694,#1695,#1696,#1697,#1698,#1699,#1700,#1701,#1702,
    #1703,#1704,#1705,#1706,#1707,#1708,#1709,#1710,#1711,#1712,#1713,
    #1714,#1715,#1716,#1717,#1718,#1719,#1720,#1721,#1722,#1723,#1724,
    #1725,#1726,#1727,#1728,#1729,#1730,#1731,#1732,#1733),
  .UNSPECIFIED.,.T.,.F.,(9,7,7,7,7,7,7,7,9),(0.557484913372,
    0.65877853911,0.7637027734,0.867832733092,0.962391740451,
    1.108534825498,1.278487110468,1.420415258607,1.557484913372),
  .UNSPECIFIED.);
#1676 = CARTESIAN_POINT('',(-15.08935766678,17.358320345124,14.5));
#1677 = CARTESIAN_POINT('',(-14.91437942987,17.510426605871,14.5));
#1678 = CARTESIAN_POINT('',(-14.74147411359,17.657191763688,
    14.530716115132));
#1679 = CARTESIAN_POINT('',(-14.57430384778,17.795703450503,
    14.5897997675));
#1680 = CARTESIAN_POINT('',(-14.41626944228,17.92366433264,
    14.674142075028));
#1681 = CARTESIAN_POINT('',(-14.27037411265,18.039396590575,
    14.779907132068));
#1682 = CARTESIAN_POINT('',(-14.13900852638,18.141827095478,
    14.902573174545));
#1683 = CARTESIAN_POINT('',(-14.02371542551,18.230490715922,
    15.036979407059));
#1684 = CARTESIAN_POINT('',(-13.82273025448,18.383379371207,
    15.322805294779));
#1685 = CARTESIAN_POINT('',(-13.73589858571,18.448401188157,
    15.478002405393));
#1686 = CARTESIAN_POINT('',(-13.66423575815,18.501415406175,
    15.640293962285));
#1687 = CARTESIAN_POINT('',(-13.60739474894,18.543094655687,
    15.807650172836));
#1688 = CARTESIAN_POINT('',(-13.56503150146,18.573977772702,
    15.978491841061));
#1689 = CARTESIAN_POINT('',(-13.53687482744,18.594443332351,
    16.151543667199));
#1690 = CARTESIAN_POINT('',(-13.52278164309,18.604686953377,
    16.325716381859));
#1691 = CARTESIAN_POINT('',(-13.52278164309,18.604686953377,
    16.672964294232));
#1692 = CARTESIAN_POINT('',(-13.53666249439,18.594597523957,
    16.845783372337));
#1693 = CARTESIAN_POINT('',(-13.56438356211,18.574448920483,
    17.01652262209));
#1694 = CARTESIAN_POINT('',(-13.60565187396,18.544364277531,
    17.183276992596));
#1695 = CARTESIAN_POINT('',(-13.65993641529,18.504554094952,
    17.344196877764));
#1696 = CARTESIAN_POINT('',(-13.72648656919,18.455319608797,
    17.497514685294));
#1697 = CARTESIAN_POINT('',(-13.80435470148,18.39706504709,
    17.641572091142));
#1698 = CARTESIAN_POINT('',(-13.97239642155,18.269707379848,
    17.895874010287));
#1699 = CARTESIAN_POINT('',(-14.06072497036,18.202135881547,
    18.007925390929));
#1700 = CARTESIAN_POINT('',(-14.15652923277,18.128033233126,
    18.109848958291));
#1701 = CARTESIAN_POINT('',(-14.25880853498,18.047916719536,
    18.200622312709));
#1702 = CARTESIAN_POINT('',(-14.36648181965,17.962387400181,
    18.279370527213));
#1703 = CARTESIAN_POINT('',(-14.47841940899,17.872128318469,
    18.345378866634));
#1704 = CARTESIAN_POINT('',(-14.59346554509,17.77790547387,
    18.398101516575));
#1705 = CARTESIAN_POINT('',(-14.89125646786,17.530139785171,
    18.497541863188));
#1706 = CARTESIAN_POINT('',(-15.07878567445,17.370537307196,
    18.525992869491));
#1707 = CARTESIAN_POINT('',(-15.26700339002,17.206199244459,
    18.519198945347));
#1708 = CARTESIAN_POINT('',(-15.44962592535,17.0423609959,18.47680947399
    ));
#1709 = CARTESIAN_POINT('',(-15.62093589322,16.884607978179,
    18.401299487957));
#1710 = CARTESIAN_POINT('',(-15.77630634406,16.738316467588,
    18.297858512292));
#1711 = CARTESIAN_POINT('',(-15.91258772599,16.607696510328,
    18.174295713021));
#1712 = CARTESIAN_POINT('',(-16.16286471839,16.364504529528,
    17.88604542888));
#1713 = CARTESIAN_POINT('',(-16.27495459253,16.253148402332,
    17.711783892184));
#1714 = CARTESIAN_POINT('',(-16.36588969314,16.161259001068,
    17.524132573056));
#1715 = CARTESIAN_POINT('',(-16.43704291868,16.088480895227,
    17.327232378527));
#1716 = CARTESIAN_POINT('',(-16.48955931299,16.034340270854,
    17.124172881145));
#1717 = CARTESIAN_POINT('',(-16.52426316087,15.998416925704,
    16.917347254432));
#1718 = CARTESIAN_POINT('',(-16.54161996398,15.980450837415,
    16.708687027676));
#1719 = CARTESIAN_POINT('',(-16.54161996398,15.980450837415,
    16.325724241461));
#1720 = CARTESIAN_POINT('',(-16.52951571196,15.992980124904,
    16.151551070664));
#1721 = CARTESIAN_POINT('',(-16.50533088069,16.018014301099,
    15.978495424145));
#1722 = CARTESIAN_POINT('',(-16.46885169599,16.055668019805,
    15.807650147598));
#1723 = CARTESIAN_POINT('',(-16.41966636417,16.106156213804,
    15.640292438441));
#1724 = CARTESIAN_POINT('',(-16.35719439065,16.169743579518,
    15.478001510339));
#1725 = CARTESIAN_POINT('',(-16.28072153204,16.246680130242,
    15.3228055791));
#1726 = CARTESIAN_POINT('',(-16.10131491848,16.424465161317,
    15.036925304965));
#1727 = CARTESIAN_POINT('',(-15.9974652211,16.526299035308,
    14.902537885487));
#1728 = CARTESIAN_POINT('',(-15.87777443505,16.642104830028,
    14.779914078457));
#1729 = CARTESIAN_POINT('',(-15.74290706926,16.770431815002,
    14.674181820883));
#1730 = CARTESIAN_POINT('',(-15.59424129024,16.90907997611,
    14.589846401706));
#1731 = CARTESIAN_POINT('',(-15.43383505959,17.055328394685,
    14.530743743002));
#1732 = CARTESIAN_POINT('',(-15.26441456674,17.206145703621,14.5));
#1733 = CARTESIAN_POINT('',(-15.08935766678,17.358320345124,14.5));
#1734 = PCURVE('',#1564,#1735);
#1735 = DEFINITIONAL_REPRESENTATION('',(#1736),#1828);
#1736 = B_SPLINE_CURVE_WITH_KNOTS('',3,(#1737,#1738,#1739,#1740,#1741,
    #1742,#1743,#1744,#1745,#1746,#1747,#1748,#1749,#1750,#1751,#1752,
    #1753,#1754,#1755,#1756,#1757,#1758,#1759,#1760,#1761,#1762,#1763,
    #1764,#1765,#1766,#1767,#1768,#1769,#1770,#1771,#1772,#1773,#1774,
    #1775,#1776,#1777,#1778,#1779,#1780,#1781,#1782,#1783,#1784,#1785,
    #1786,#1787,#1788,#1789,#1790,#1791,#1792,#1793,#1794,#1795,#1796,
    #1797,#1798,#1799,#1800,#1801,#1802,#1803,#1804,#1805,#1806,#1807,
    #1808,#1809,#1810,#1811,#1812,#1813,#1814,#1815,#1816,#1817,#1818,
    #1819,#1820,#1821,#1822,#1823,#1824,#1825,#1826,#1827),
  .UNSPECIFIED.,.T.,.F.,(4,1,1,1,1,1,1,1,1,1,1,1,1,1,1,1,1,1,1,1,1,1,1,1
    ,1,1,1,1,1,1,1,1,1,1,1,1,1,1,1,1,1,1,1,1,1,1,1,1,1,1,1,1,1,1,1,1,1,1
    ,1,1,1,1,1,1,1,1,1,1,1,1,1,1,1,1,1,1,1,1,1,1,1,1,1,1,1,1,1,1,4),(
    0.557484913372,0.568848549735,0.580212186099,0.591575822462,
    0.602939458826,0.61430309519,0.625666731553,0.637030367917,
    0.648394004281,0.659757640644,0.671121277008,0.682484913372,
    0.693848549735,0.705212186099,0.716575822463,0.727939458826,
    0.73930309519,0.750666731553,0.762030367917,0.773394004281,
    0.784757640644,0.796121277008,0.807484913372,0.818848549735,
    0.830212186099,0.841575822463,0.852939458826,0.86430309519,
    0.875666731553,0.887030367917,0.898394004281,0.909757640644,
    0.921121277008,0.932484913372,0.943848549735,0.955212186099,
    0.966575822463,0.977939458826,0.98930309519,1.000666731553,
    1.012030367917,1.023394004281,1.034757640644,1.046121277008,
    1.057484913372,1.068848549735,1.080212186099,1.091575822463,
    1.102939458826,1.11430309519,1.125666731553,1.137030367917,
    1.148394004281,1.159757640644,1.171121277008,1.182484913372,
    1.193848549735,1.205212186099,1.216575822463,1.227939458826,
    1.23930309519,1.250666731553,1.262030367917,1.273394004281,
    1.284757640644,1.296121277008,1.307484913372,1.318848549735,
    1.330212186099,1.341575822463,1.352939458826,1.36430309519,
    1.375666731553,1.387030367917,1.398394004281,1.409757640644,
    1.421121277008,1.432484913372,1.443848549735,1.455212186099,
    1.466575822463,1.477939458826,1.48930309519,1.500666731553,
    1.512030367917,1.523394004281,1.534757640644,1.546121277008,
    1.557484913372),.QUASI_UNIFORM_KNOTS.);
#1737 = CARTESIAN_POINT('',(2.286381320113,0.5));
#1738 = CARTESIAN_POINT('',(2.28336504772,0.499983558748));
#1739 = CARTESIAN_POINT('',(2.277386640454,0.507229334016));
#1740 = CARTESIAN_POINT('',(2.268665367531,0.538502488677));
#1741 = CARTESIAN_POINT('',(2.2602774599,0.588824791934));
#1742 = CARTESIAN_POINT('',(2.252299088202,0.656574416243));
#1743 = CARTESIAN_POINT('',(2.244798574501,0.739957024675));
#1744 = CARTESIAN_POINT('',(2.237834085316,0.83700069039));
#1745 = CARTESIAN_POINT('',(2.231455128747,0.945511980866));
#1746 = CARTESIAN_POINT('',(2.225693717724,1.063287858866));
#1747 = CARTESIAN_POINT('',(2.220592699553,1.187344451661));
#1748 = CARTESIAN_POINT('',(2.21609357627,1.3168735945));
#1749 = CARTESIAN_POINT('',(2.212143934708,1.451875830394));
#1750 = CARTESIAN_POINT('',(2.208742305535,1.591140114796));
#1751 = CARTESIAN_POINT('',(2.205874364134,1.733926067924));
#1752 = CARTESIAN_POINT('',(2.203530447624,1.879492832799));
#1753 = CARTESIAN_POINT('',(2.201701257948,2.027206125509));
#1754 = CARTESIAN_POINT('',(2.200379371629,2.176492685894));
#1755 = CARTESIAN_POINT('',(2.199559224019,2.32683296033));
#1756 = CARTESIAN_POINT('',(2.199237296615,2.477758732677));
#1757 = CARTESIAN_POINT('',(2.199412945898,2.628797258438));
#1758 = CARTESIAN_POINT('',(2.200084701903,2.779000147718));
#1759 = CARTESIAN_POINT('',(2.201247919543,2.927560315236));
#1760 = CARTESIAN_POINT('',(2.202895542148,3.073649989119));
#1761 = CARTESIAN_POINT('',(2.20501798043,3.216465002815));
#1762 = CARTESIAN_POINT('',(2.207603224535,3.355216391972));
#1763 = CARTESIAN_POINT('',(2.210636893727,3.489136337523));
#1764 = CARTESIAN_POINT('',(2.214102290801,3.617479559037));
#1765 = CARTESIAN_POINT('',(2.217980485428,3.739528700846));
#1766 = CARTESIAN_POINT('',(2.222250259099,3.85458843685));
#1767 = CARTESIAN_POINT('',(2.22688457617,3.961922049464));
#1768 = CARTESIAN_POINT('',(2.231857115567,4.060927705005));
#1769 = CARTESIAN_POINT('',(2.237139165001,4.151035668304));
#1770 = CARTESIAN_POINT('',(2.242700489408,4.231733438562));
#1771 = CARTESIAN_POINT('',(2.248509527098,4.302562313354));
#1772 = CARTESIAN_POINT('',(2.254532815957,4.363118246757));
#1773 = CARTESIAN_POINT('',(2.260738011439,4.413062649035));
#1774 = CARTESIAN_POINT('',(2.267083147219,4.4520876721));
#1775 = CARTESIAN_POINT('',(2.273572716352,4.480133641322));
#1776 = CARTESIAN_POINT('',(2.28015327573,4.496800560307));
#1777 = CARTESIAN_POINT('',(2.286771804881,4.501908938226));
#1778 = CARTESIAN_POINT('',(2.293374786823,4.495444351584));
#1779 = CARTESIAN_POINT('',(2.29990932006,4.477569279807));
#1780 = CARTESIAN_POINT('',(2.306323675777,4.448617031378));
#1781 = CARTESIAN_POINT('',(2.312567987587,4.40909083868));
#1782 = CARTESIAN_POINT('',(2.318594928166,4.359661025203));
#1783 = CARTESIAN_POINT('',(2.32436027188,4.301165611782));
#1784 = CARTESIAN_POINT('',(2.329823881982,4.234600077388));
#1785 = CARTESIAN_POINT('',(2.334949042895,4.161148158065));
#1786 = CARTESIAN_POINT('',(2.33970787541,4.082060572942));
#1787 = CARTESIAN_POINT('',(2.344063905455,3.999102403177));
#1788 = CARTESIAN_POINT('',(2.34810531195,3.911547172778));
#1789 = CARTESIAN_POINT('',(2.35182897414,3.820015768074));
#1790 = CARTESIAN_POINT('',(2.355241533945,3.724970593446));
#1791 = CARTESIAN_POINT('',(2.358347193467,3.626858297134));
#1792 = CARTESIAN_POINT('',(2.361150842059,3.526077562618));
#1793 = CARTESIAN_POINT('',(2.363657091273,3.42299321378));
#1794 = CARTESIAN_POINT('',(2.365870419876,3.317937418616));
#1795 = CARTESIAN_POINT('',(2.367795033183,3.211213927025));
#1796 = CARTESIAN_POINT('',(2.369434808852,3.103101138691));
#1797 = CARTESIAN_POINT('',(2.370793227708,2.993855204219));
#1798 = CARTESIAN_POINT('',(2.371873314562,2.883712873737));
#1799 = CARTESIAN_POINT('',(2.372677582002,2.772894355761));
#1800 = CARTESIAN_POINT('',(2.37320797166,2.661605743769));
#1801 = CARTESIAN_POINT('',(2.373465813367,2.550042840727));
#1802 = CARTESIAN_POINT('',(2.373451717408,2.438389825942));
#1803 = CARTESIAN_POINT('',(2.373165769006,2.32687637032));
#1804 = CARTESIAN_POINT('',(2.372607441115,2.215677003444));
#1805 = CARTESIAN_POINT('',(2.371775459148,2.104984718348));
#1806 = CARTESIAN_POINT('',(2.370667899697,1.995001631054));
#1807 = CARTESIAN_POINT('',(2.369282232615,1.885944729777));
#1808 = CARTESIAN_POINT('',(2.367615386518,1.778047880697));
#1809 = CARTESIAN_POINT('',(2.365663786893,1.671564403452));
#1810 = CARTESIAN_POINT('',(2.363423492572,1.566771889199));
#1811 = CARTESIAN_POINT('',(2.360889980831,1.463968349012));
#1812 = CARTESIAN_POINT('',(2.358059256847,1.363501761111));
#1813 = CARTESIAN_POINT('',(2.354924036755,1.265675747497));
#1814 = CARTESIAN_POINT('',(2.3514883341,1.171118481577));
#1815 = CARTESIAN_POINT('',(2.347712863987,1.079410357208));
#1816 = CARTESIAN_POINT('',(2.343579551115,0.991054263052));
#1817 = CARTESIAN_POINT('',(2.339102944089,0.907219811799));
#1818 = CARTESIAN_POINT('',(2.334293649936,0.828837336353));
#1819 = CARTESIAN_POINT('',(2.329167859971,0.756839053717));
#1820 = CARTESIAN_POINT('',(2.323744533996,0.69209287573));
#1821 = CARTESIAN_POINT('',(2.318045899854,0.635418664136));
#1822 = CARTESIAN_POINT('',(2.312097083136,0.587582277328));
#1823 = CARTESIAN_POINT('',(2.305925960272,0.549296238331));
#1824 = CARTESIAN_POINT('',(2.299563055931,0.521216374792));
#1825 = CARTESIAN_POINT('',(2.293041115764,0.503948214827));
#1826 = CARTESIAN_POINT('',(2.28861104947,0.499995184202));
#1827 = CARTESIAN_POINT('',(2.286381320113,0.5));
#1828 = ( GEOMETRIC_REPRESENTATION_CONTEXT(2) 
PARAMETRIC_REPRESENTATION_CONTEXT() REPRESENTATION_CONTEXT('2D SPACE',''
  ) );
#1829 = PCURVE('',#1830,#1835);
#1830 = CYLINDRICAL_SURFACE('',#1831,2.);
#1831 = AXIS2_PLACEMENT_3D('',#1832,#1833,#1834);
#1832 = CARTESIAN_POINT('',(-12.98996877401,14.943249688411,16.5));
#1833 = DIRECTION('',(-0.656059028991,0.754709580223,2.22044604925E-16)
  );
#1834 = DIRECTION('',(-1.456743678997E-16,1.675791905737E-16,-1.));
#1835 = DEFINITIONAL_REPRESENTATION('',(#1836),#1928);
#1836 = B_SPLINE_CURVE_WITH_KNOTS('',3,(#1837,#1838,#1839,#1840,#1841,
    #1842,#1843,#1844,#1845,#1846,#1847,#1848,#1849,#1850,#1851,#1852,
    #1853,#1854,#1855,#1856,#1857,#1858,#1859,#1860,#1861,#1862,#1863,
    #1864,#1865,#1866,#1867,#1868,#1869,#1870,#1871,#1872,#1873,#1874,
    #1875,#1876,#1877,#1878,#1879,#1880,#1881,#1882,#1883,#1884,#1885,
    #1886,#1887,#1888,#1889,#1890,#1891,#1892,#1893,#1894,#1895,#1896,
    #1897,#1898,#1899,#1900,#1901,#1902,#1903,#1904,#1905,#1906,#1907,
    #1908,#1909,#1910,#1911,#1912,#1913,#1914,#1915,#1916,#1917,#1918,
    #1919,#1920,#1921,#1922,#1923,#1924,#1925,#1926,#1927),
  .UNSPECIFIED.,.F.,.F.,(4,1,1,1,1,1,1,1,1,1,1,1,1,1,1,1,1,1,1,1,1,1,1,1
    ,1,1,1,1,1,1,1,1,1,1,1,1,1,1,1,1,1,1,1,1,1,1,1,1,1,1,1,1,1,1,1,1,1,1
    ,1,1,1,1,1,1,1,1,1,1,1,1,1,1,1,1,1,1,1,1,1,1,1,1,1,1,1,1,1,1,4),(
    0.557484913372,0.568848549735,0.580212186099,0.591575822462,
    0.602939458826,0.61430309519,0.625666731553,0.637030367917,
    0.648394004281,0.659757640644,0.671121277008,0.682484913372,
    0.693848549735,0.705212186099,0.716575822463,0.727939458826,
    0.73930309519,0.750666731553,0.762030367917,0.773394004281,
    0.784757640644,0.796121277008,0.807484913372,0.818848549735,
    0.830212186099,0.841575822463,0.852939458826,0.86430309519,
    0.875666731553,0.887030367917,0.898394004281,0.909757640644,
    0.921121277008,0.932484913372,0.943848549735,0.955212186099,
    0.966575822463,0.977939458826,0.98930309519,1.000666731553,
    1.012030367917,1.023394004281,1.034757640644,1.046121277008,
    1.057484913372,1.068848549735,1.080212186099,1.091575822463,
    1.102939458826,1.11430309519,1.125666731553,1.137030367917,
    1.148394004281,1.159757640644,1.171121277008,1.182484913372,
    1.193848549735,1.205212186099,1.216575822463,1.227939458826,
    1.23930309519,1.250666731553,1.262030367917,1.273394004281,
    1.284757640644,1.296121277008,1.307484913372,1.318848549735,
    1.330212186099,1.341575822463,1.352939458826,1.36430309519,
    1.375666731553,1.387030367917,1.398394004281,1.409757640644,
    1.421121277008,1.432484913372,1.443848549735,1.455212186099,
    1.466575822463,1.477939458826,1.48930309519,1.500666731553,
    1.512030367917,1.523394004281,1.534757640644,1.546121277008,
    1.557484913372),.QUASI_UNIFORM_KNOTS.);
#1837 = CARTESIAN_POINT('',(6.28318530718,3.2));
#1838 = CARTESIAN_POINT('',(6.248508422467,3.200005300864));
#1839 = CARTESIAN_POINT('',(6.179738514451,3.199367938704));
#1840 = CARTESIAN_POINT('',(6.078375795616,3.196672740998));
#1841 = CARTESIAN_POINT('',(5.978831270635,3.19242128948));
#1842 = CARTESIAN_POINT('',(5.881181769221,3.186872912693));
#1843 = CARTESIAN_POINT('',(5.785543572044,3.180318593107));
#1844 = CARTESIAN_POINT('',(5.692072136975,3.17307225408));
#1845 = CARTESIAN_POINT('',(5.601004349191,3.165455670557));
#1846 = CARTESIAN_POINT('',(5.512530136405,3.15777124917));
#1847 = CARTESIAN_POINT('',(5.427314682882,3.150331728512));
#1848 = CARTESIAN_POINT('',(5.344566077741,3.143277096129));
#1849 = CARTESIAN_POINT('',(5.2633392149,3.136701873812));
#1850 = CARTESIAN_POINT('',(5.183590060221,3.130752232423));
#1851 = CARTESIAN_POINT('',(5.105050834316,3.125530241214));
#1852 = CARTESIAN_POINT('',(5.02752598997,3.121122510873));
#1853 = CARTESIAN_POINT('',(4.950808742,3.117595372048));
#1854 = CARTESIAN_POINT('',(4.874699387894,3.114998774418));
#1855 = CARTESIAN_POINT('',(4.798998432861,3.113367646135));
#1856 = CARTESIAN_POINT('',(4.723499315406,3.112723190965));
#1857 = CARTESIAN_POINT('',(4.648006984883,3.11307509579));
#1858 = CARTESIAN_POINT('',(4.572565965312,3.114414467908));
#1859 = CARTESIAN_POINT('',(4.497153295074,3.11670924594));
#1860 = CARTESIAN_POINT('',(4.421761497075,3.119906449071));
#1861 = CARTESIAN_POINT('',(4.346378119196,3.123933135454));
#1862 = CARTESIAN_POINT('',(4.270991625027,3.128698110399));
#1863 = CARTESIAN_POINT('',(4.195590086265,3.134093847118));
#1864 = CARTESIAN_POINT('',(4.12016214601,3.139998733095));
#1865 = CARTESIAN_POINT('',(4.044696137601,3.146279726975));
#1866 = CARTESIAN_POINT('',(3.969184558054,3.152794973343));
#1867 = CARTESIAN_POINT('',(3.893676645247,3.159391964475));
#1868 = CARTESIAN_POINT('',(3.81816642018,3.165921012926));
#1869 = CARTESIAN_POINT('',(3.742657643892,3.172233258584));
#1870 = CARTESIAN_POINT('',(3.667150398034,3.178185297466));
#1871 = CARTESIAN_POINT('',(3.591642673529,3.183642096506));
#1872 = CARTESIAN_POINT('',(3.51613882487,3.188479799358));
#1873 = CARTESIAN_POINT('',(3.440617004897,3.192589237198));
#1874 = CARTESIAN_POINT('',(3.365155539277,3.195875283508));
#1875 = CARTESIAN_POINT('',(3.289283005216,3.198277543457));
#1876 = CARTESIAN_POINT('',(3.213207321971,3.199721316363));
#1877 = CARTESIAN_POINT('',(3.137106396407,3.200166229914));
#1878 = CARTESIAN_POINT('',(3.061158269849,3.199603388141));
#1879 = CARTESIAN_POINT('',(2.985539162355,3.198056538483));
#1880 = CARTESIAN_POINT('',(2.910429880594,3.195580539439));
#1881 = CARTESIAN_POINT('',(2.836020108048,3.192259015542));
#1882 = CARTESIAN_POINT('',(2.762512979908,3.188200757793));
#1883 = CARTESIAN_POINT('',(2.690131846482,3.183535363509));
#1884 = CARTESIAN_POINT('',(2.619120237866,3.178407421491));
#1885 = CARTESIAN_POINT('',(2.549769998218,3.172972591607));
#1886 = CARTESIAN_POINT('',(2.482347414099,3.16738416971));
#1887 = CARTESIAN_POINT('',(2.417403479859,3.161813945092));
#1888 = CARTESIAN_POINT('',(2.353648291401,3.156258301531));
#1889 = CARTESIAN_POINT('',(2.291062738353,3.15080710847));
#1890 = CARTESIAN_POINT('',(2.229516066458,3.145532218058));
#1891 = CARTESIAN_POINT('',(2.168915993963,3.140499509638));
#1892 = CARTESIAN_POINT('',(2.109166942712,3.135766285851));
#1893 = CARTESIAN_POINT('',(2.050179947629,3.131382609859));
#1894 = CARTESIAN_POINT('',(1.991868903787,3.127391591476));
#1895 = CARTESIAN_POINT('',(1.934150602265,3.123829948709));
#1896 = CARTESIAN_POINT('',(1.876943838117,3.120728478165));
#1897 = CARTESIAN_POINT('',(1.820168832899,3.118112521231));
#1898 = CARTESIAN_POINT('',(1.763746607286,3.116002392196));
#1899 = CARTESIAN_POINT('',(1.707598451375,3.114413763907));
#1900 = CARTESIAN_POINT('',(1.651645224696,3.113358009714));
#1901 = CARTESIAN_POINT('',(1.595807376689,3.112842458278));
#1902 = CARTESIAN_POINT('',(1.540002351485,3.112870683444));
#1903 = CARTESIAN_POINT('',(1.484171224437,3.113442262185));
#1904 = CARTESIAN_POINT('',(1.428226662911,3.114552903332));
#1905 = CARTESIAN_POINT('',(1.372087719257,3.116194660897));
#1906 = CARTESIAN_POINT('',(1.315673185032,3.118355622051));
#1907 = CARTESIAN_POINT('',(1.258902500571,3.121019640043));
#1908 = CARTESIAN_POINT('',(1.201694809668,3.124165972607));
#1909 = CARTESIAN_POINT('',(1.143968139818,3.127768916984));
#1910 = CARTESIAN_POINT('',(1.085640036527,3.131797260779));
#1911 = CARTESIAN_POINT('',(1.026622166474,3.136214224895));
#1912 = CARTESIAN_POINT('',(0.966837278993,3.140975418643));
#1913 = CARTESIAN_POINT('',(0.906152197236,3.146034094643));
#1914 = CARTESIAN_POINT('',(0.844623475823,3.151319077244));
#1915 = CARTESIAN_POINT('',(0.781566209583,3.156815403252));
#1916 = CARTESIAN_POINT('',(0.716768529909,3.162457353575));
#1917 = CARTESIAN_POINT('',(0.650477570382,3.168124873928));
#1918 = CARTESIAN_POINT('',(0.582788560411,3.173700286198));
#1919 = CARTESIAN_POINT('',(0.513811591233,3.179056929335));
#1920 = CARTESIAN_POINT('',(0.44362967307,3.184066336973));
#1921 = CARTESIAN_POINT('',(0.372312375658,3.188600636625));
#1922 = CARTESIAN_POINT('',(0.299914185201,3.192536401219));
#1923 = CARTESIAN_POINT('',(0.226476711202,3.195757922434));
#1924 = CARTESIAN_POINT('',(0.152029069628,3.198161374555));
#1925 = CARTESIAN_POINT('',(7.659002629612E-02,3.199655601915));
#1926 = CARTESIAN_POINT('',(2.563886376718E-02,3.200001671488));
#1927 = CARTESIAN_POINT('',(0.,3.2));
#1928 = ( GEOMETRIC_REPRESENTATION_CONTEXT(2) 
PARAMETRIC_REPRESENTATION_CONTEXT() REPRESENTATION_CONTEXT('2D SPACE',''
  ) );
#1929 = ADVANCED_FACE('',(#1930),#1830,.F.);
#1930 = FACE_BOUND('',#1931,.F.);
#1931 = EDGE_LOOP('',(#1932,#1933,#1956,#1983));
#1932 = ORIENTED_EDGE('',*,*,#1671,.T.);
#1933 = ORIENTED_EDGE('',*,*,#1934,.F.);
#1934 = EDGE_CURVE('',#1935,#1672,#1937,.T.);
#1935 = VERTEX_POINT('',#1936);
#1936 = CARTESIAN_POINT('',(-12.98996877401,14.943249688411,14.5));
#1937 = SEAM_CURVE('',#1938,(#1942,#1949),.PCURVE_S1.);
#1938 = LINE('',#1939,#1940);
#1939 = CARTESIAN_POINT('',(-12.98996877401,14.943249688411,14.5));
#1940 = VECTOR('',#1941,1.);
#1941 = DIRECTION('',(-0.656059028991,0.754709580223,2.22044604925E-16)
  );
#1942 = PCURVE('',#1830,#1943);
#1943 = DEFINITIONAL_REPRESENTATION('',(#1944),#1948);
#1944 = LINE('',#1945,#1946);
#1945 = CARTESIAN_POINT('',(0.,-0.));
#1946 = VECTOR('',#1947,1.);
#1947 = DIRECTION('',(0.,1.));
#1948 = ( GEOMETRIC_REPRESENTATION_CONTEXT(2) 
PARAMETRIC_REPRESENTATION_CONTEXT() REPRESENTATION_CONTEXT('2D SPACE',''
  ) );
#1949 = PCURVE('',#1830,#1950);
#1950 = DEFINITIONAL_REPRESENTATION('',(#1951),#1955);
#1951 = LINE('',#1952,#1953);
#1952 = CARTESIAN_POINT('',(6.28318530718,-0.));
#1953 = VECTOR('',#1954,1.);
#1954 = DIRECTION('',(0.,1.));
#1955 = ( GEOMETRIC_REPRESENTATION_CONTEXT(2) 
PARAMETRIC_REPRESENTATION_CONTEXT() REPRESENTATION_CONTEXT('2D SPACE',''
  ) );
#1956 = ORIENTED_EDGE('',*,*,#1957,.T.);
#1957 = EDGE_CURVE('',#1935,#1935,#1958,.T.);
#1958 = SURFACE_CURVE('',#1959,(#1964,#1971),.PCURVE_S1.);
#1959 = CIRCLE('',#1960,2.);
#1960 = AXIS2_PLACEMENT_3D('',#1961,#1962,#1963);
#1961 = CARTESIAN_POINT('',(-12.98996877401,14.943249688411,16.5));
#1962 = DIRECTION('',(-0.656059028991,0.754709580223,2.22044604925E-16)
  );
#1963 = DIRECTION('',(-1.456743678997E-16,1.675791905737E-16,-1.));
#1964 = PCURVE('',#1830,#1965);
#1965 = DEFINITIONAL_REPRESENTATION('',(#1966),#1970);
#1966 = LINE('',#1967,#1968);
#1967 = CARTESIAN_POINT('',(0.,0.));
#1968 = VECTOR('',#1969,1.);
#1969 = DIRECTION('',(1.,0.));
#1970 = ( GEOMETRIC_REPRESENTATION_CONTEXT(2) 
PARAMETRIC_REPRESENTATION_CONTEXT() REPRESENTATION_CONTEXT('2D SPACE',''
  ) );
#1971 = PCURVE('',#1972,#1977);
#1972 = PLANE('',#1973);
#1973 = AXIS2_PLACEMENT_3D('',#1974,#1975,#1976);
#1974 = CARTESIAN_POINT('',(-12.98996877401,14.943249688411,16.5));
#1975 = DIRECTION('',(-0.656059028991,0.754709580223,2.22044604925E-16)
  );
#1976 = DIRECTION('',(-1.456743678997E-16,1.675791905737E-16,-1.));
#1977 = DEFINITIONAL_REPRESENTATION('',(#1978),#1982);
#1978 = CIRCLE('',#1979,2.);
#1979 = AXIS2_PLACEMENT_2D('',#1980,#1981);
#1980 = CARTESIAN_POINT('',(0.,0.));
#1981 = DIRECTION('',(1.,0.));
#1982 = ( GEOMETRIC_REPRESENTATION_CONTEXT(2) 
PARAMETRIC_REPRESENTATION_CONTEXT() REPRESENTATION_CONTEXT('2D SPACE',''
  ) );
#1983 = ORIENTED_EDGE('',*,*,#1934,.T.);
#1984 = ADVANCED_FACE('',(#1985),#1972,.T.);
#1985 = FACE_BOUND('',#1986,.F.);
#1986 = EDGE_LOOP('',(#1987));
#1987 = ORIENTED_EDGE('',*,*,#1957,.F.);
#1988 = ADVANCED_FACE('',(#1989),#1657,.T.);
#1989 = FACE_BOUND('',#1990,.T.);
#1990 = EDGE_LOOP('',(#1991,#2018,#2019,#2046));
#1991 = ORIENTED_EDGE('',*,*,#1992,.F.);
#1992 = EDGE_CURVE('',#1600,#1993,#1995,.T.);
#1993 = VERTEX_POINT('',#1994);
#1994 = CARTESIAN_POINT('',(-5.472845504797,21.927333674677,19.));
#1995 = SURFACE_CURVE('',#1996,(#2001,#2011),.PCURVE_S1.);
#1996 = PARABOLA('',#1997,8.131727983645);
#1997 = AXIS2_PLACEMENT_3D('',#1998,#1999,#2000);
#1998 = CARTESIAN_POINT('',(-11.20525574503,-2.586937124954,30.1));
#1999 = DIRECTION('',(-0.688983680195,-0.159064415962,-0.707106781187));
#2000 = DIRECTION('',(0.688983680195,0.159064415962,-0.707106781187));
#2001 = PCURVE('',#1657,#2002);
#2002 = DEFINITIONAL_REPRESENTATION('',(#2003),#2010);
#2003 = B_SPLINE_CURVE_WITH_KNOTS('',5,(#2004,#2005,#2006,#2007,#2008,
    #2009),.UNSPECIFIED.,.F.,.F.,(6,6),(-23.,-22.59645989972),
  .PIECEWISE_BEZIER_KNOTS.);
#2004 = CARTESIAN_POINT('',(0.,5.329070518201E-15));
#2005 = CARTESIAN_POINT('',(-3.509044350194E-03,-8.070802005446E-02));
#2006 = CARTESIAN_POINT('',(-7.033480440732E-03,-0.161062030082));
#2007 = CARTESIAN_POINT('',(-1.057339828861E-02,-0.241062030082));
#2008 = CARTESIAN_POINT('',(-1.412888791157E-02,-0.320708020054));
#2009 = CARTESIAN_POINT('',(-1.770003924142E-02,-0.4));
#2010 = ( GEOMETRIC_REPRESENTATION_CONTEXT(2) 
PARAMETRIC_REPRESENTATION_CONTEXT() REPRESENTATION_CONTEXT('2D SPACE',''
  ) );
#2011 = PCURVE('',#548,#2012);
#2012 = DEFINITIONAL_REPRESENTATION('',(#2013),#2017);
#2013 = B_SPLINE_CURVE_WITH_KNOTS('',2,(#2014,#2015,#2016),
  .UNSPECIFIED.,.F.,.F.,(3,3),(-23.,-22.59645989972),
  .PIECEWISE_BEZIER_KNOTS.);
#2014 = CARTESIAN_POINT('',(-1.06581410364E-14,0.282842712475));
#2015 = CARTESIAN_POINT('',(-0.201770050136,-2.503228908655E-03));
#2016 = CARTESIAN_POINT('',(-0.403540100272,-0.282842712475));
#2017 = ( GEOMETRIC_REPRESENTATION_CONTEXT(2) 
PARAMETRIC_REPRESENTATION_CONTEXT() REPRESENTATION_CONTEXT('2D SPACE',''
  ) );
#2018 = ORIENTED_EDGE('',*,*,#1642,.T.);
#2019 = ORIENTED_EDGE('',*,*,#2020,.T.);
#2020 = EDGE_CURVE('',#1622,#2021,#2023,.T.);
#2021 = VERTEX_POINT('',#2022);
#2022 = CARTESIAN_POINT('',(-16.25320524713,15.70329007548,19.));
#2023 = SURFACE_CURVE('',#2024,(#2029,#2039),.PCURVE_S1.);
#2024 = PARABOLA('',#2025,8.131727983645);
#2025 = AXIS2_PLACEMENT_3D('',#2026,#2027,#2028);
#2026 = CARTESIAN_POINT('',(7.842981140719,8.41056756862,30.1));
#2027 = DIRECTION('',(-0.482245665158,-0.517145161861,0.707106781187));
#2028 = DIRECTION('',(-0.482245665158,-0.517145161861,-0.707106781187));
#2029 = PCURVE('',#1657,#2030);
#2030 = DEFINITIONAL_REPRESENTATION('',(#2031),#2038);
#2031 = B_SPLINE_CURVE_WITH_KNOTS('',5,(#2032,#2033,#2034,#2035,#2036,
    #2037),.UNSPECIFIED.,.F.,.F.,(6,6),(-23.,-22.59645989972),
  .PIECEWISE_BEZIER_KNOTS.);
#2032 = CARTESIAN_POINT('',(-0.593411945678,0.));
#2033 = CARTESIAN_POINT('',(-0.589902901328,-8.070802005447E-02));
#2034 = CARTESIAN_POINT('',(-0.586378465237,-0.161062030082));
#2035 = CARTESIAN_POINT('',(-0.582838547389,-0.241062030082));
#2036 = CARTESIAN_POINT('',(-0.579283057766,-0.320708020054));
#2037 = CARTESIAN_POINT('',(-0.575711906437,-0.4));
#2038 = ( GEOMETRIC_REPRESENTATION_CONTEXT(2) 
PARAMETRIC_REPRESENTATION_CONTEXT() REPRESENTATION_CONTEXT('2D SPACE',''
  ) );
#2039 = PCURVE('',#609,#2040);
#2040 = DEFINITIONAL_REPRESENTATION('',(#2041),#2045);
#2041 = B_SPLINE_CURVE_WITH_KNOTS('',2,(#2042,#2043,#2044),
  .UNSPECIFIED.,.F.,.F.,(3,3),(-23.,-22.59645989972),
  .PIECEWISE_BEZIER_KNOTS.);
#2042 = CARTESIAN_POINT('',(1.42108547152E-14,-0.282842712475));
#2043 = CARTESIAN_POINT('',(0.201770050136,2.503228908653E-03));
#2044 = CARTESIAN_POINT('',(0.403540100272,0.282842712475));
#2045 = ( GEOMETRIC_REPRESENTATION_CONTEXT(2) 
PARAMETRIC_REPRESENTATION_CONTEXT() REPRESENTATION_CONTEXT('2D SPACE',''
  ) );
#2046 = ORIENTED_EDGE('',*,*,#2047,.F.);
#2047 = EDGE_CURVE('',#1993,#2021,#2048,.T.);
#2048 = SURFACE_CURVE('',#2049,(#2054,#2061),.PCURVE_S1.);
#2049 = CIRCLE('',#2050,22.6);
#2050 = AXIS2_PLACEMENT_3D('',#2051,#2052,#2053);
#2051 = CARTESIAN_POINT('',(0.,0.,19.));
#2052 = DIRECTION('',(0.,0.,1.));
#2053 = DIRECTION('',(-0.224951054344,0.974370064785,0.));
#2054 = PCURVE('',#1657,#2055);
#2055 = DEFINITIONAL_REPRESENTATION('',(#2056),#2060);
#2056 = LINE('',#2057,#2058);
#2057 = CARTESIAN_POINT('',(-0.,-0.4));
#2058 = VECTOR('',#2059,1.);
#2059 = DIRECTION('',(-1.,-0.));
#2060 = ( GEOMETRIC_REPRESENTATION_CONTEXT(2) 
PARAMETRIC_REPRESENTATION_CONTEXT() REPRESENTATION_CONTEXT('2D SPACE',''
  ) );
#2061 = PCURVE('',#577,#2062);
#2062 = DEFINITIONAL_REPRESENTATION('',(#2063),#2067);
#2063 = CIRCLE('',#2064,22.6);
#2064 = AXIS2_PLACEMENT_2D('',#2065,#2066);
#2065 = CARTESIAN_POINT('',(0.,0.));
#2066 = DIRECTION('',(-0.224951054344,0.974370064785));
#2067 = ( GEOMETRIC_REPRESENTATION_CONTEXT(2) 
PARAMETRIC_REPRESENTATION_CONTEXT() REPRESENTATION_CONTEXT('2D SPACE',''
  ) );
#2068 = ADVANCED_FACE('',(#2069),#640,.T.);
#2069 = FACE_BOUND('',#2070,.T.);
#2070 = EDGE_LOOP('',(#2071,#2072,#2073,#2074));
#2071 = ORIENTED_EDGE('',*,*,#1621,.F.);
#2072 = ORIENTED_EDGE('',*,*,#1576,.T.);
#2073 = ORIENTED_EDGE('',*,*,#625,.T.);
#2074 = ORIENTED_EDGE('',*,*,#2075,.F.);
#2075 = EDGE_CURVE('',#1622,#590,#2076,.T.);
#2076 = SURFACE_CURVE('',#2077,(#2081,#2088),.PCURVE_S1.);
#2077 = LINE('',#2078,#2079);
#2078 = CARTESIAN_POINT('',(-16.82113513724,15.685962281437,18.6));
#2079 = VECTOR('',#2080,1.);
#2080 = DIRECTION('',(0.731353701619,-0.681998360062,0.));
#2081 = PCURVE('',#640,#2082);
#2082 = DEFINITIONAL_REPRESENTATION('',(#2083),#2087);
#2083 = LINE('',#2084,#2085);
#2084 = CARTESIAN_POINT('',(12.1,69.));
#2085 = VECTOR('',#2086,1.);
#2086 = DIRECTION('',(0.,-1.));
#2087 = ( GEOMETRIC_REPRESENTATION_CONTEXT(2) 
PARAMETRIC_REPRESENTATION_CONTEXT() REPRESENTATION_CONTEXT('2D SPACE',''
  ) );
#2088 = PCURVE('',#609,#2089);
#2089 = DEFINITIONAL_REPRESENTATION('',(#2090),#2094);
#2090 = LINE('',#2091,#2092);
#2091 = CARTESIAN_POINT('',(0.,-0.282842712475));
#2092 = VECTOR('',#2093,1.);
#2093 = DIRECTION('',(1.,0.));
#2094 = ( GEOMETRIC_REPRESENTATION_CONTEXT(2) 
PARAMETRIC_REPRESENTATION_CONTEXT() REPRESENTATION_CONTEXT('2D SPACE',''
  ) );
#2095 = ADVANCED_FACE('',(#2096),#609,.T.);
#2096 = FACE_BOUND('',#2097,.T.);
#2097 = EDGE_LOOP('',(#2098,#2099,#2100,#2101));
#2098 = ORIENTED_EDGE('',*,*,#2020,.F.);
#2099 = ORIENTED_EDGE('',*,*,#2075,.T.);
#2100 = ORIENTED_EDGE('',*,*,#589,.T.);
#2101 = ORIENTED_EDGE('',*,*,#2102,.F.);
#2102 = EDGE_CURVE('',#2021,#561,#2103,.T.);
#2103 = SURFACE_CURVE('',#2104,(#2108,#2115),.PCURVE_S1.);
#2104 = LINE('',#2105,#2106);
#2105 = CARTESIAN_POINT('',(-16.54833579321,15.978503762085,19.));
#2106 = VECTOR('',#2107,1.);
#2107 = DIRECTION('',(0.731353701619,-0.681998360062,0.));
#2108 = PCURVE('',#609,#2109);
#2109 = DEFINITIONAL_REPRESENTATION('',(#2110),#2114);
#2110 = LINE('',#2111,#2112);
#2111 = CARTESIAN_POINT('',(0.,0.282842712475));
#2112 = VECTOR('',#2113,1.);
#2113 = DIRECTION('',(1.,0.));
#2114 = ( GEOMETRIC_REPRESENTATION_CONTEXT(2) 
PARAMETRIC_REPRESENTATION_CONTEXT() REPRESENTATION_CONTEXT('2D SPACE',''
  ) );
#2115 = PCURVE('',#577,#2116);
#2116 = DEFINITIONAL_REPRESENTATION('',(#2117),#2121);
#2117 = LINE('',#2118,#2119);
#2118 = CARTESIAN_POINT('',(-16.54833579321,15.978503762085));
#2119 = VECTOR('',#2120,1.);
#2120 = DIRECTION('',(0.731353701619,-0.681998360062));
#2121 = ( GEOMETRIC_REPRESENTATION_CONTEXT(2) 
PARAMETRIC_REPRESENTATION_CONTEXT() REPRESENTATION_CONTEXT('2D SPACE',''
  ) );
#2122 = ADVANCED_FACE('',(#2123),#577,.T.);
#2123 = FACE_BOUND('',#2124,.T.);
#2124 = EDGE_LOOP('',(#2125,#2126,#2147,#2148));
#2125 = ORIENTED_EDGE('',*,*,#560,.F.);
#2126 = ORIENTED_EDGE('',*,*,#2127,.F.);
#2127 = EDGE_CURVE('',#1993,#529,#2128,.T.);
#2128 = SURFACE_CURVE('',#2129,(#2133,#2140),.PCURVE_S1.);
#2129 = LINE('',#2130,#2131);
#2130 = CARTESIAN_POINT('',(-5.563622275823,22.320531068323,19.));
#2131 = VECTOR('',#2132,1.);
#2132 = DIRECTION('',(0.224951054344,-0.974370064785,0.));
#2133 = PCURVE('',#577,#2134);
#2134 = DEFINITIONAL_REPRESENTATION('',(#2135),#2139);
#2135 = LINE('',#2136,#2137);
#2136 = CARTESIAN_POINT('',(-5.563622275823,22.320531068323));
#2137 = VECTOR('',#2138,1.);
#2138 = DIRECTION('',(0.224951054344,-0.974370064785));
#2139 = ( GEOMETRIC_REPRESENTATION_CONTEXT(2) 
PARAMETRIC_REPRESENTATION_CONTEXT() REPRESENTATION_CONTEXT('2D SPACE',''
  ) );
#2140 = PCURVE('',#548,#2141);
#2141 = DEFINITIONAL_REPRESENTATION('',(#2142),#2146);
#2142 = LINE('',#2143,#2144);
#2143 = CARTESIAN_POINT('',(3.552713678801E-15,-0.282842712475));
#2144 = VECTOR('',#2145,1.);
#2145 = DIRECTION('',(-1.,0.));
#2146 = ( GEOMETRIC_REPRESENTATION_CONTEXT(2) 
PARAMETRIC_REPRESENTATION_CONTEXT() REPRESENTATION_CONTEXT('2D SPACE',''
  ) );
#2147 = ORIENTED_EDGE('',*,*,#2047,.T.);
#2148 = ORIENTED_EDGE('',*,*,#2102,.T.);
#2149 = ADVANCED_FACE('',(#2150),#548,.F.);
#2150 = FACE_BOUND('',#2151,.T.);
#2151 = EDGE_LOOP('',(#2152,#2153,#2154,#2155));
#2152 = ORIENTED_EDGE('',*,*,#1992,.T.);
#2153 = ORIENTED_EDGE('',*,*,#2127,.T.);
#2154 = ORIENTED_EDGE('',*,*,#528,.T.);
#2155 = ORIENTED_EDGE('',*,*,#2156,.F.);
#2156 = EDGE_CURVE('',#1600,#503,#2157,.T.);
#2157 = SURFACE_CURVE('',#2158,(#2162,#2169),.PCURVE_S1.);
#2158 = LINE('',#2159,#2160);
#2159 = CARTESIAN_POINT('',(-5.173874249909,22.41051149006,18.6));
#2160 = VECTOR('',#2161,1.);
#2161 = DIRECTION('',(0.224951054344,-0.974370064785,0.));
#2162 = PCURVE('',#548,#2163);
#2163 = DEFINITIONAL_REPRESENTATION('',(#2164),#2168);
#2164 = LINE('',#2165,#2166);
#2165 = CARTESIAN_POINT('',(3.552713678801E-15,0.282842712475));
#2166 = VECTOR('',#2167,1.);
#2167 = DIRECTION('',(-1.,0.));
#2168 = ( GEOMETRIC_REPRESENTATION_CONTEXT(2) 
PARAMETRIC_REPRESENTATION_CONTEXT() REPRESENTATION_CONTEXT('2D SPACE',''
  ) );
#2169 = PCURVE('',#517,#2170);
#2170 = DEFINITIONAL_REPRESENTATION('',(#2171),#2175);
#2171 = LINE('',#2172,#2173);
#2172 = CARTESIAN_POINT('',(12.1,69.));
#2173 = VECTOR('',#2174,1.);
#2174 = DIRECTION('',(0.,-1.));
#2175 = ( GEOMETRIC_REPRESENTATION_CONTEXT(2) 
PARAMETRIC_REPRESENTATION_CONTEXT() REPRESENTATION_CONTEXT('2D SPACE',''
  ) );
#2176 = ADVANCED_FACE('',(#2177),#517,.F.);
#2177 = FACE_BOUND('',#2178,.F.);
#2178 = EDGE_LOOP('',(#2179,#2180,#2181,#2182));
#2179 = ORIENTED_EDGE('',*,*,#1599,.F.);
#2180 = ORIENTED_EDGE('',*,*,#1526,.T.);
#2181 = ORIENTED_EDGE('',*,*,#500,.T.);
#2182 = ORIENTED_EDGE('',*,*,#2156,.F.);
#2183 = ADVANCED_FACE('',(#2184,#2187),#463,.F.);
#2184 = FACE_BOUND('',#2185,.F.);
#2185 = EDGE_LOOP('',(#2186));
#2186 = ORIENTED_EDGE('',*,*,#448,.T.);
#2187 = FACE_BOUND('',#2188,.F.);
#2188 = EDGE_LOOP('',(#2189));
#2189 = ORIENTED_EDGE('',*,*,#2190,.F.);
#2190 = EDGE_CURVE('',#2191,#2191,#2193,.T.);
#2191 = VERTEX_POINT('',#2192);
#2192 = CARTESIAN_POINT('',(15.,-3.673940397442E-15,0.));
#2193 = SURFACE_CURVE('',#2194,(#2199,#2206),.PCURVE_S1.);
#2194 = CIRCLE('',#2195,15.);
#2195 = AXIS2_PLACEMENT_3D('',#2196,#2197,#2198);
#2196 = CARTESIAN_POINT('',(0.,0.,0.));
#2197 = DIRECTION('',(0.,0.,1.));
#2198 = DIRECTION('',(1.,0.,-0.));
#2199 = PCURVE('',#463,#2200);
#2200 = DEFINITIONAL_REPRESENTATION('',(#2201),#2205);
#2201 = CIRCLE('',#2202,15.);
#2202 = AXIS2_PLACEMENT_2D('',#2203,#2204);
#2203 = CARTESIAN_POINT('',(0.,0.));
#2204 = DIRECTION('',(1.,0.));
#2205 = ( GEOMETRIC_REPRESENTATION_CONTEXT(2) 
PARAMETRIC_REPRESENTATION_CONTEXT() REPRESENTATION_CONTEXT('2D SPACE',''
  ) );
#2206 = PCURVE('',#2207,#2212);
#2207 = CYLINDRICAL_SURFACE('',#2208,15.);
#2208 = AXIS2_PLACEMENT_3D('',#2209,#2210,#2211);
#2209 = CARTESIAN_POINT('',(0.,0.,0.));
#2210 = DIRECTION('',(0.,0.,1.));
#2211 = DIRECTION('',(1.,0.,-0.));
#2212 = DEFINITIONAL_REPRESENTATION('',(#2213),#2217);
#2213 = LINE('',#2214,#2215);
#2214 = CARTESIAN_POINT('',(0.,0.));
#2215 = VECTOR('',#2216,1.);
#2216 = DIRECTION('',(1.,0.));
#2217 = ( GEOMETRIC_REPRESENTATION_CONTEXT(2) 
PARAMETRIC_REPRESENTATION_CONTEXT() REPRESENTATION_CONTEXT('2D SPACE',''
  ) );
#2218 = ADVANCED_FACE('',(#2219),#2207,.F.);
#2219 = FACE_BOUND('',#2220,.F.);
#2220 = EDGE_LOOP('',(#2221,#2250,#2271,#2272));
#2221 = ORIENTED_EDGE('',*,*,#2222,.F.);
#2222 = EDGE_CURVE('',#2223,#2223,#2225,.T.);
#2223 = VERTEX_POINT('',#2224);
#2224 = CARTESIAN_POINT('',(15.,-3.673940397442E-15,27.));
#2225 = SURFACE_CURVE('',#2226,(#2231,#2238),.PCURVE_S1.);
#2226 = CIRCLE('',#2227,15.);
#2227 = AXIS2_PLACEMENT_3D('',#2228,#2229,#2230);
#2228 = CARTESIAN_POINT('',(0.,0.,27.));
#2229 = DIRECTION('',(0.,0.,1.));
#2230 = DIRECTION('',(1.,0.,-0.));
#2231 = PCURVE('',#2207,#2232);
#2232 = DEFINITIONAL_REPRESENTATION('',(#2233),#2237);
#2233 = LINE('',#2234,#2235);
#2234 = CARTESIAN_POINT('',(0.,27.));
#2235 = VECTOR('',#2236,1.);
#2236 = DIRECTION('',(1.,0.));
#2237 = ( GEOMETRIC_REPRESENTATION_CONTEXT(2) 
PARAMETRIC_REPRESENTATION_CONTEXT() REPRESENTATION_CONTEXT('2D SPACE',''
  ) );
#2238 = PCURVE('',#2239,#2244);
#2239 = PLANE('',#2240);
#2240 = AXIS2_PLACEMENT_3D('',#2241,#2242,#2243);
#2241 = CARTESIAN_POINT('',(-15.,-50.95,27.));
#2242 = DIRECTION('',(0.,0.,1.));
#2243 = DIRECTION('',(1.,0.,-0.));
#2244 = DEFINITIONAL_REPRESENTATION('',(#2245),#2249);
#2245 = CIRCLE('',#2246,15.);
#2246 = AXIS2_PLACEMENT_2D('',#2247,#2248);
#2247 = CARTESIAN_POINT('',(15.,50.95));
#2248 = DIRECTION('',(1.,0.));
#2249 = ( GEOMETRIC_REPRESENTATION_CONTEXT(2) 
PARAMETRIC_REPRESENTATION_CONTEXT() REPRESENTATION_CONTEXT('2D SPACE',''
  ) );
#2250 = ORIENTED_EDGE('',*,*,#2251,.T.);
#2251 = EDGE_CURVE('',#2223,#2191,#2252,.T.);
#2252 = SEAM_CURVE('',#2253,(#2257,#2264),.PCURVE_S1.);
#2253 = LINE('',#2254,#2255);
#2254 = CARTESIAN_POINT('',(15.,-3.673940397442E-15,27.));
#2255 = VECTOR('',#2256,1.);
#2256 = DIRECTION('',(0.,0.,-1.));
#2257 = PCURVE('',#2207,#2258);
#2258 = DEFINITIONAL_REPRESENTATION('',(#2259),#2263);
#2259 = LINE('',#2260,#2261);
#2260 = CARTESIAN_POINT('',(0.,27.));
#2261 = VECTOR('',#2262,1.);
#2262 = DIRECTION('',(-0.,-1.));
#2263 = ( GEOMETRIC_REPRESENTATION_CONTEXT(2) 
PARAMETRIC_REPRESENTATION_CONTEXT() REPRESENTATION_CONTEXT('2D SPACE',''
  ) );
#2264 = PCURVE('',#2207,#2265);
#2265 = DEFINITIONAL_REPRESENTATION('',(#2266),#2270);
#2266 = LINE('',#2267,#2268);
#2267 = CARTESIAN_POINT('',(6.28318530718,27.));
#2268 = VECTOR('',#2269,1.);
#2269 = DIRECTION('',(-0.,-1.));
#2270 = ( GEOMETRIC_REPRESENTATION_CONTEXT(2) 
PARAMETRIC_REPRESENTATION_CONTEXT() REPRESENTATION_CONTEXT('2D SPACE',''
  ) );
#2271 = ORIENTED_EDGE('',*,*,#2190,.T.);
#2272 = ORIENTED_EDGE('',*,*,#2251,.F.);
#2273 = ADVANCED_FACE('',(#2274),#2239,.F.);
#2274 = FACE_BOUND('',#2275,.F.);
#2275 = EDGE_LOOP('',(#2276));
#2276 = ORIENTED_EDGE('',*,*,#2222,.T.);
#2277 = ADVANCED_FACE('',(#2278),#413,.F.);
#2278 = FACE_BOUND('',#2279,.F.);
#2279 = EDGE_LOOP('',(#2280,#2301,#2330,#2349,#2350));
#2280 = ORIENTED_EDGE('',*,*,#2281,.F.);
#2281 = EDGE_CURVE('',#2282,#22,#2284,.T.);
#2282 = VERTEX_POINT('',#2283);
#2283 = CARTESIAN_POINT('',(21.99500938715,-6.724549208623,14.));
#2284 = SURFACE_CURVE('',#2285,(#2289,#2295),.PCURVE_S1.);
#2285 = LINE('',#2286,#2287);
#2286 = CARTESIAN_POINT('',(-21.99500938715,6.724549208623,14.));
#2287 = VECTOR('',#2288,1.);
#2288 = DIRECTION('',(-0.956304755963,0.292371704723,0.));
#2289 = PCURVE('',#413,#2290);
#2290 = DEFINITIONAL_REPRESENTATION('',(#2291),#2294);
#2291 = B_SPLINE_CURVE_WITH_KNOTS('',1,(#2292,#2293),.UNSPECIFIED.,.F.,
  .F.,(2,2),(-47.0509103992,1.050910399204),.PIECEWISE_BEZIER_KNOTS.);
#2292 = CARTESIAN_POINT('',(23.,-7.031805673549));
#2293 = CARTESIAN_POINT('',(-23.,7.031805673549));
#2294 = ( GEOMETRIC_REPRESENTATION_CONTEXT(2) 
PARAMETRIC_REPRESENTATION_CONTEXT() REPRESENTATION_CONTEXT('2D SPACE',''
  ) );
#2295 = PCURVE('',#43,#2296);
#2296 = DEFINITIONAL_REPRESENTATION('',(#2297),#2300);
#2297 = B_SPLINE_CURVE_WITH_KNOTS('',1,(#2298,#2299),.UNSPECIFIED.,.F.,
  .F.,(2,2),(-47.0509103992,1.050910399204),.PIECEWISE_BEZIER_KNOTS.);
#2298 = CARTESIAN_POINT('',(7.5,70.050910399204));
#2299 = CARTESIAN_POINT('',(7.5,21.949089600796));
#2300 = ( GEOMETRIC_REPRESENTATION_CONTEXT(2) 
PARAMETRIC_REPRESENTATION_CONTEXT() REPRESENTATION_CONTEXT('2D SPACE',''
  ) );
#2301 = ORIENTED_EDGE('',*,*,#2302,.T.);
#2302 = EDGE_CURVE('',#2282,#2303,#2305,.T.);
#2303 = VERTEX_POINT('',#2304);
#2304 = CARTESIAN_POINT('',(21.99500938715,6.724549208623,14.));
#2305 = SURFACE_CURVE('',#2306,(#2311,#2318),.PCURVE_S1.);
#2306 = CIRCLE('',#2307,23.);
#2307 = AXIS2_PLACEMENT_3D('',#2308,#2309,#2310);
#2308 = CARTESIAN_POINT('',(0.,0.,14.));
#2309 = DIRECTION('',(0.,0.,1.));
#2310 = DIRECTION('',(0.956304755963,-0.292371704723,0.));
#2311 = PCURVE('',#413,#2312);
#2312 = DEFINITIONAL_REPRESENTATION('',(#2313),#2317);
#2313 = CIRCLE('',#2314,23.);
#2314 = AXIS2_PLACEMENT_2D('',#2315,#2316);
#2315 = CARTESIAN_POINT('',(0.,0.));
#2316 = DIRECTION('',(0.956304755963,-0.292371704723));
#2317 = ( GEOMETRIC_REPRESENTATION_CONTEXT(2) 
PARAMETRIC_REPRESENTATION_CONTEXT() REPRESENTATION_CONTEXT('2D SPACE',''
  ) );
#2318 = PCURVE('',#2319,#2324);
#2319 = CYLINDRICAL_SURFACE('',#2320,23.);
#2320 = AXIS2_PLACEMENT_3D('',#2321,#2322,#2323);
#2321 = CARTESIAN_POINT('',(0.,0.,14.));
#2322 = DIRECTION('',(0.,0.,1.));
#2323 = DIRECTION('',(1.,0.,-0.));
#2324 = DEFINITIONAL_REPRESENTATION('',(#2325),#2329);
#2325 = LINE('',#2326,#2327);
#2326 = CARTESIAN_POINT('',(5.986479334341,0.));
#2327 = VECTOR('',#2328,1.);
#2328 = DIRECTION('',(1.,0.));
#2329 = ( GEOMETRIC_REPRESENTATION_CONTEXT(2) 
PARAMETRIC_REPRESENTATION_CONTEXT() REPRESENTATION_CONTEXT('2D SPACE',''
  ) );
#2330 = ORIENTED_EDGE('',*,*,#2331,.T.);
#2331 = EDGE_CURVE('',#2303,#371,#2332,.T.);
#2332 = SURFACE_CURVE('',#2333,(#2337,#2343),.PCURVE_S1.);
#2333 = LINE('',#2334,#2335);
#2334 = CARTESIAN_POINT('',(-21.99500938715,-6.724549208623,14.));
#2335 = VECTOR('',#2336,1.);
#2336 = DIRECTION('',(-0.956304755963,-0.292371704723,0.));
#2337 = PCURVE('',#413,#2338);
#2338 = DEFINITIONAL_REPRESENTATION('',(#2339),#2342);
#2339 = B_SPLINE_CURVE_WITH_KNOTS('',1,(#2340,#2341),.UNSPECIFIED.,.F.,
  .F.,(2,2),(-47.0509103992,-2.596782386657E-16),
  .PIECEWISE_BEZIER_KNOTS.);
#2340 = CARTESIAN_POINT('',(23.,7.031805673549));
#2341 = CARTESIAN_POINT('',(-21.99500938715,-6.724549208623));
#2342 = ( GEOMETRIC_REPRESENTATION_CONTEXT(2) 
PARAMETRIC_REPRESENTATION_CONTEXT() REPRESENTATION_CONTEXT('2D SPACE',''
  ) );
#2343 = PCURVE('',#385,#2344);
#2344 = DEFINITIONAL_REPRESENTATION('',(#2345),#2348);
#2345 = B_SPLINE_CURVE_WITH_KNOTS('',1,(#2346,#2347),.UNSPECIFIED.,.F.,
  .F.,(2,2),(-47.0509103992,-2.596782386657E-16),
  .PIECEWISE_BEZIER_KNOTS.);
#2346 = CARTESIAN_POINT('',(7.5,70.050910399204));
#2347 = CARTESIAN_POINT('',(7.5,23.));
#2348 = ( GEOMETRIC_REPRESENTATION_CONTEXT(2) 
PARAMETRIC_REPRESENTATION_CONTEXT() REPRESENTATION_CONTEXT('2D SPACE',''
  ) );
#2349 = ORIENTED_EDGE('',*,*,#396,.F.);
#2350 = ORIENTED_EDGE('',*,*,#476,.F.);
#2351 = ADVANCED_FACE('',(#2352,#2424),#2319,.T.);
#2352 = FACE_BOUND('',#2353,.T.);
#2353 = EDGE_LOOP('',(#2354,#2375,#2376,#2397));
#2354 = ORIENTED_EDGE('',*,*,#2355,.F.);
#2355 = EDGE_CURVE('',#2282,#2356,#2358,.T.);
#2356 = VERTEX_POINT('',#2357);
#2357 = CARTESIAN_POINT('',(21.99500938715,-6.724549208623,18.6));
#2358 = SURFACE_CURVE('',#2359,(#2363,#2369),.PCURVE_S1.);
#2359 = LINE('',#2360,#2361);
#2360 = CARTESIAN_POINT('',(21.99500938715,-6.724549208623,14.));
#2361 = VECTOR('',#2362,1.);
#2362 = DIRECTION('',(0.,0.,1.));
#2363 = PCURVE('',#2319,#2364);
#2364 = DEFINITIONAL_REPRESENTATION('',(#2365),#2368);
#2365 = B_SPLINE_CURVE_WITH_KNOTS('',1,(#2366,#2367),.UNSPECIFIED.,.F.,
  .F.,(2,2),(0.,5.),.PIECEWISE_BEZIER_KNOTS.);
#2366 = CARTESIAN_POINT('',(5.986479334341,0.));
#2367 = CARTESIAN_POINT('',(5.986479334341,5.));
#2368 = ( GEOMETRIC_REPRESENTATION_CONTEXT(2) 
PARAMETRIC_REPRESENTATION_CONTEXT() REPRESENTATION_CONTEXT('2D SPACE',''
  ) );
#2369 = PCURVE('',#43,#2370);
#2370 = DEFINITIONAL_REPRESENTATION('',(#2371),#2374);
#2371 = B_SPLINE_CURVE_WITH_KNOTS('',1,(#2372,#2373),.UNSPECIFIED.,.F.,
  .F.,(2,2),(-6.E-07,5.0000006),.PIECEWISE_BEZIER_KNOTS.);
#2372 = CARTESIAN_POINT('',(7.4999994,69.));
#2373 = CARTESIAN_POINT('',(12.5000006,69.));
#2374 = ( GEOMETRIC_REPRESENTATION_CONTEXT(2) 
PARAMETRIC_REPRESENTATION_CONTEXT() REPRESENTATION_CONTEXT('2D SPACE',''
  ) );
#2375 = ORIENTED_EDGE('',*,*,#2302,.T.);
#2376 = ORIENTED_EDGE('',*,*,#2377,.T.);
#2377 = EDGE_CURVE('',#2303,#2378,#2380,.T.);
#2378 = VERTEX_POINT('',#2379);
#2379 = CARTESIAN_POINT('',(21.99500938715,6.724549208623,18.6));
#2380 = SURFACE_CURVE('',#2381,(#2385,#2391),.PCURVE_S1.);
#2381 = LINE('',#2382,#2383);
#2382 = CARTESIAN_POINT('',(21.99500938715,6.724549208623,14.));
#2383 = VECTOR('',#2384,1.);
#2384 = DIRECTION('',(0.,0.,1.));
#2385 = PCURVE('',#2319,#2386);
#2386 = DEFINITIONAL_REPRESENTATION('',(#2387),#2390);
#2387 = B_SPLINE_CURVE_WITH_KNOTS('',1,(#2388,#2389),.UNSPECIFIED.,.F.,
  .F.,(2,2),(-6.E-07,5.0000006),.PIECEWISE_BEZIER_KNOTS.);
#2388 = CARTESIAN_POINT('',(6.579891280019,-6.E-07));
#2389 = CARTESIAN_POINT('',(6.579891280019,5.0000006));
#2390 = ( GEOMETRIC_REPRESENTATION_CONTEXT(2) 
PARAMETRIC_REPRESENTATION_CONTEXT() REPRESENTATION_CONTEXT('2D SPACE',''
  ) );
#2391 = PCURVE('',#385,#2392);
#2392 = DEFINITIONAL_REPRESENTATION('',(#2393),#2396);
#2393 = B_SPLINE_CURVE_WITH_KNOTS('',1,(#2394,#2395),.UNSPECIFIED.,.F.,
  .F.,(2,2),(-6.E-07,5.0000006),.PIECEWISE_BEZIER_KNOTS.);
#2394 = CARTESIAN_POINT('',(7.4999994,69.));
#2395 = CARTESIAN_POINT('',(12.5000006,69.));
#2396 = ( GEOMETRIC_REPRESENTATION_CONTEXT(2) 
PARAMETRIC_REPRESENTATION_CONTEXT() REPRESENTATION_CONTEXT('2D SPACE',''
  ) );
#2397 = ORIENTED_EDGE('',*,*,#2398,.T.);
#2398 = EDGE_CURVE('',#2378,#2356,#2399,.T.);
#2399 = SURFACE_CURVE('',#2400,(#2405,#2412),.PCURVE_S1.);
#2400 = CIRCLE('',#2401,23.);
#2401 = AXIS2_PLACEMENT_3D('',#2402,#2403,#2404);
#2402 = CARTESIAN_POINT('',(0.,0.,18.6));
#2403 = DIRECTION('',(0.,-0.,-1.));
#2404 = DIRECTION('',(0.956304755963,0.292371704723,-0.));
#2405 = PCURVE('',#2319,#2406);
#2406 = DEFINITIONAL_REPRESENTATION('',(#2407),#2411);
#2407 = LINE('',#2408,#2409);
#2408 = CARTESIAN_POINT('',(6.579891280019,4.6));
#2409 = VECTOR('',#2410,1.);
#2410 = DIRECTION('',(-1.,-0.));
#2411 = ( GEOMETRIC_REPRESENTATION_CONTEXT(2) 
PARAMETRIC_REPRESENTATION_CONTEXT() REPRESENTATION_CONTEXT('2D SPACE',''
  ) );
#2412 = PCURVE('',#2413,#2418);
#2413 = CONICAL_SURFACE('',#2414,23.,0.785398163397);
#2414 = AXIS2_PLACEMENT_3D('',#2415,#2416,#2417);
#2415 = CARTESIAN_POINT('',(0.,0.,18.6));
#2416 = DIRECTION('',(-0.,-0.,-1.));
#2417 = DIRECTION('',(0.956304755963,0.292371704723,-0.));
#2418 = DEFINITIONAL_REPRESENTATION('',(#2419),#2423);
#2419 = LINE('',#2420,#2421);
#2420 = CARTESIAN_POINT('',(0.,0.));
#2421 = VECTOR('',#2422,1.);
#2422 = DIRECTION('',(1.,0.));
#2423 = ( GEOMETRIC_REPRESENTATION_CONTEXT(2) 
PARAMETRIC_REPRESENTATION_CONTEXT() REPRESENTATION_CONTEXT('2D SPACE',''
  ) );
#2424 = FACE_BOUND('',#2425,.T.);
#2425 = EDGE_LOOP('',(#2426));
#2426 = ORIENTED_EDGE('',*,*,#2427,.T.);
#2427 = EDGE_CURVE('',#2428,#2428,#2430,.T.);
#2428 = VERTEX_POINT('',#2429);
#2429 = CARTESIAN_POINT('',(22.577425219296,4.388606893661,14.5));
#2430 = SURFACE_CURVE('',#2431,(#2490,#2585),.PCURVE_S1.);
#2431 = B_SPLINE_CURVE_WITH_KNOTS('',8,(#2432,#2433,#2434,#2435,#2436,
    #2437,#2438,#2439,#2440,#2441,#2442,#2443,#2444,#2445,#2446,#2447,
    #2448,#2449,#2450,#2451,#2452,#2453,#2454,#2455,#2456,#2457,#2458,
    #2459,#2460,#2461,#2462,#2463,#2464,#2465,#2466,#2467,#2468,#2469,
    #2470,#2471,#2472,#2473,#2474,#2475,#2476,#2477,#2478,#2479,#2480,
    #2481,#2482,#2483,#2484,#2485,#2486,#2487,#2488,#2489),
  .UNSPECIFIED.,.T.,.F.,(9,7,7,7,7,7,7,7,9),(0.557484878722,
    0.658778512728,0.763702752402,0.867832712311,0.962391717742,
    1.108534799856,1.278487081416,1.420415226707,1.557484878722),
  .UNSPECIFIED.);
#2432 = CARTESIAN_POINT('',(22.577425219296,4.388606893661,14.5));
#2433 = CARTESIAN_POINT('',(22.621663986726,4.161018165016,14.5));
#2434 = CARTESIAN_POINT('',(22.662313683645,3.93789518976,
    14.530716115132));
#2435 = CARTESIAN_POINT('',(22.698683190243,3.723865649406,14.5897997675
    ));
#2436 = CARTESIAN_POINT('',(22.730483362114,3.523023398502,
    14.674142075027));
#2437 = CARTESIAN_POINT('',(22.757762772707,3.338808207781,
    14.779907132067));
#2438 = CARTESIAN_POINT('',(22.78078739894,3.173827020433,
    14.902573174545));
#2439 = CARTESIAN_POINT('',(22.799925796202,3.029648455978,
    15.036979407061));
#2440 = CARTESIAN_POINT('',(22.831838669621,2.779145868302,
    15.322805290369));
#2441 = CARTESIAN_POINT('',(22.844733381965,2.671436517374,
    15.47800241256));
#2442 = CARTESIAN_POINT('',(22.854813626319,2.582867590472,
    15.640293963363));
#2443 = CARTESIAN_POINT('',(22.862488410703,2.512802207087,
    15.807650165241));
#2444 = CARTESIAN_POINT('',(22.868052351702,2.460672993326,
    15.978491839954));
#2445 = CARTESIAN_POINT('',(22.871697708618,2.426055823314,
    16.151543676275));
#2446 = CARTESIAN_POINT('',(22.873522352629,2.408728956062,
    16.325716376861));
#2447 = CARTESIAN_POINT('',(22.873522352629,2.408728956062,
    16.67296429068));
#2448 = CARTESIAN_POINT('',(22.871725075905,2.425794842125,16.8457833781
    ));
#2449 = CARTESIAN_POINT('',(22.868136407628,2.459876290137,
    17.01652262236));
#2450 = CARTESIAN_POINT('',(22.862716498593,2.510658017198,
    17.183276987348));
#2451 = CARTESIAN_POINT('',(22.855382139442,2.577574903341,
    17.344196877477));
#2452 = CARTESIAN_POINT('',(22.846018900452,2.65982627188,
    17.497514690758));
#2453 = CARTESIAN_POINT('',(22.834503036904,2.756389328369,
    17.641572088192));
#2454 = CARTESIAN_POINT('',(22.808228921438,2.965596562853,
    17.895874010244));
#2455 = CARTESIAN_POINT('',(22.793874561736,3.075877079204,
    18.007925390963));
#2456 = CARTESIAN_POINT('',(22.777601916915,3.195897328475,
    18.109848958321));
#2457 = CARTESIAN_POINT('',(22.759358631996,3.324532059233,
    18.200622312694));
#2458 = CARTESIAN_POINT('',(22.739124711009,3.460544518696,
    18.279370527187));
#2459 = CARTESIAN_POINT('',(22.716926847992,3.60261485557,
    18.345378866636));
#2460 = CARTESIAN_POINT('',(22.692850538988,3.749359154417,
    18.398101516588));
#2461 = CARTESIAN_POINT('',(22.62717461978,4.131136502851,
    18.497541863188));
#2462 = CARTESIAN_POINT('',(22.582719422644,4.373342798697,
    18.525992869491));
#2463 = CARTESIAN_POINT('',(22.534507343289,4.618513153194,
    18.519198945347));
#2464 = CARTESIAN_POINT('',(22.483930525593,4.858588032371,
    18.476809473989));
#2465 = CARTESIAN_POINT('',(22.432967388648,5.085823325333,
    18.401299487961));
#2466 = CARTESIAN_POINT('',(22.383960449575,5.29352383804,
    18.297858512273));
#2467 = CARTESIAN_POINT('',(22.338980939194,5.476856955522,
    18.174295713082));
#2468 = CARTESIAN_POINT('',(22.253509002111,5.815199179292,
    17.88604542888));
#2469 = CARTESIAN_POINT('',(22.213116704166,5.967949921407,
    17.711783892183));
#2470 = CARTESIAN_POINT('',(22.179005698638,6.092646729264,
    17.524132573056));
#2471 = CARTESIAN_POINT('',(22.151554622909,6.190656283061,
    17.327232378528));
#2472 = CARTESIAN_POINT('',(22.130925663981,6.263207126837,
    17.124172881144));
#2473 = CARTESIAN_POINT('',(22.11716705843,6.311223213282,
    16.917347254431));
#2474 = CARTESIAN_POINT('',(22.110286371123,6.335237689853,
    16.708687027676));
#2475 = CARTESIAN_POINT('',(22.110286371123,6.335237689853,
    16.325724241461));
#2476 = CARTESIAN_POINT('',(22.11508492637,6.318490456366,
    16.151551070664));
#2477 = CARTESIAN_POINT('',(22.12467274328,6.285028689997,
    15.978495424145));
#2478 = CARTESIAN_POINT('',(22.139042227877,6.234609929984,
    15.807650147598));
#2479 = CARTESIAN_POINT('',(22.15817362056,6.166770086134,
    15.640292438441));
#2480 = CARTESIAN_POINT('',(22.182005907871,6.080874087189,
    15.478001510339));
#2481 = CARTESIAN_POINT('',(22.210398485973,5.976178373572,15.3228055791
    ));
#2482 = CARTESIAN_POINT('',(22.274661532515,5.731915173082,
    15.036925304965));
#2483 = CARTESIAN_POINT('',(22.310927405666,5.591061759979,
    14.902537885486));
#2484 = CARTESIAN_POINT('',(22.351372772777,5.429503601305,
    14.779914078457));
#2485 = CARTESIAN_POINT('',(22.39507351886,5.248541543901,
    14.674181820883));
#2486 = CARTESIAN_POINT('',(22.440813459056,5.05046912204,
    14.589846401706));
#2487 = CARTESIAN_POINT('',(22.487265189483,4.838429042088,
    14.530743743002));
#2488 = CARTESIAN_POINT('',(22.533166563925,4.61629793689,14.5));
#2489 = CARTESIAN_POINT('',(22.577425219296,4.388606893661,14.5));
#2490 = PCURVE('',#2319,#2491);
#2491 = DEFINITIONAL_REPRESENTATION('',(#2492),#2584);
#2492 = B_SPLINE_CURVE_WITH_KNOTS('',3,(#2493,#2494,#2495,#2496,#2497,
    #2498,#2499,#2500,#2501,#2502,#2503,#2504,#2505,#2506,#2507,#2508,
    #2509,#2510,#2511,#2512,#2513,#2514,#2515,#2516,#2517,#2518,#2519,
    #2520,#2521,#2522,#2523,#2524,#2525,#2526,#2527,#2528,#2529,#2530,
    #2531,#2532,#2533,#2534,#2535,#2536,#2537,#2538,#2539,#2540,#2541,
    #2542,#2543,#2544,#2545,#2546,#2547,#2548,#2549,#2550,#2551,#2552,
    #2553,#2554,#2555,#2556,#2557,#2558,#2559,#2560,#2561,#2562,#2563,
    #2564,#2565,#2566,#2567,#2568,#2569,#2570,#2571,#2572,#2573,#2574,
    #2575,#2576,#2577,#2578,#2579,#2580,#2581,#2582,#2583),
  .UNSPECIFIED.,.T.,.F.,(4,1,1,1,1,1,1,1,1,1,1,1,1,1,1,1,1,1,1,1,1,1,1,1
    ,1,1,1,1,1,1,1,1,1,1,1,1,1,1,1,1,1,1,1,1,1,1,1,1,1,1,1,1,1,1,1,1,1,1
    ,1,1,1,1,1,1,1,1,1,1,1,1,1,1,1,1,1,1,1,1,1,1,1,1,1,1,1,1,1,1,4),(
    0.557484878722,0.568848515086,0.580212151449,0.591575787813,
    0.602939424177,0.61430306054,0.625666696904,0.637030333268,
    0.648393969631,0.659757605995,0.671121242359,0.682484878722,
    0.693848515086,0.705212151449,0.716575787813,0.727939424177,
    0.73930306054,0.750666696904,0.762030333268,0.773393969631,
    0.784757605995,0.796121242359,0.807484878722,0.818848515086,
    0.830212151449,0.841575787813,0.852939424177,0.86430306054,
    0.875666696904,0.887030333268,0.898393969631,0.909757605995,
    0.921121242359,0.932484878722,0.943848515086,0.955212151449,
    0.966575787813,0.977939424177,0.98930306054,1.000666696904,
    1.012030333268,1.023393969631,1.034757605995,1.046121242359,
    1.057484878722,1.068848515086,1.080212151449,1.091575787813,
    1.102939424177,1.11430306054,1.125666696904,1.137030333268,
    1.148393969631,1.159757605995,1.171121242359,1.182484878722,
    1.193848515086,1.205212151449,1.216575787813,1.227939424177,
    1.23930306054,1.250666696904,1.262030333268,1.273393969631,
    1.284757605995,1.296121242359,1.307484878722,1.318848515086,
    1.330212151449,1.341575787813,1.352939424177,1.36430306054,
    1.375666696904,1.387030333268,1.398393969631,1.409757605995,
    1.421121242359,1.432484878722,1.443848515086,1.455212151449,
    1.466575787813,1.477939424177,1.48930306054,1.500666696904,
    1.512030333268,1.523393969631,1.534757605995,1.546121242359,
    1.557484878722),.QUASI_UNIFORM_KNOTS.);
#2493 = CARTESIAN_POINT('',(6.475171524899,0.5));
#2494 = CARTESIAN_POINT('',(6.472155252752,0.499983558753));
#2495 = CARTESIAN_POINT('',(6.466176845971,0.507229332834));
#2496 = CARTESIAN_POINT('',(6.457455573725,0.538502482495));
#2497 = CARTESIAN_POINT('',(6.449067666705,0.588824777884));
#2498 = CARTESIAN_POINT('',(6.441089295532,0.656574391897));
#2499 = CARTESIAN_POINT('',(6.433588782257,0.73995698809));
#2500 = CARTESIAN_POINT('',(6.426624293388,0.837000640195));
#2501 = CARTESIAN_POINT('',(6.420245337022,0.945511916226));
#2502 = CARTESIAN_POINT('',(6.414483926074,1.063287779881));
#2503 = CARTESIAN_POINT('',(6.40938290789,1.187344358111));
#2504 = CARTESIAN_POINT('',(6.404883784394,1.316873490165));
#2505 = CARTESIAN_POINT('',(6.400934142543,1.451875716839));
#2506 = CARTESIAN_POINT('',(6.397532513099,1.591139990217));
#2507 = CARTESIAN_POINT('',(6.394664571382,1.733925932172));
#2508 = CARTESIAN_POINT('',(6.39232065449,1.879492687098));
#2509 = CARTESIAN_POINT('',(6.390491464375,2.027205971317));
#2510 = CARTESIAN_POINT('',(6.389169577585,2.176492523295));
#2511 = CARTESIAN_POINT('',(6.388349429471,2.326832787997));
#2512 = CARTESIAN_POINT('',(6.388027501493,2.477758550167));
#2513 = CARTESIAN_POINT('',(6.388203150181,2.628797076334));
#2514 = CARTESIAN_POINT('',(6.388874905595,2.778999968062));
#2515 = CARTESIAN_POINT('',(6.390038122628,2.927560137688));
#2516 = CARTESIAN_POINT('',(6.39168574464,3.073649813994));
#2517 = CARTESIAN_POINT('',(6.393808182357,3.216464831567));
#2518 = CARTESIAN_POINT('',(6.396393425921,3.355216226384));
#2519 = CARTESIAN_POINT('',(6.399427094574,3.489136178564));
#2520 = CARTESIAN_POINT('',(6.402892491101,3.617479406587));
#2521 = CARTESIAN_POINT('',(6.406770685197,3.739528554836));
#2522 = CARTESIAN_POINT('',(6.411040458509,3.854588302734));
#2523 = CARTESIAN_POINT('',(6.415674775251,3.961921927013));
#2524 = CARTESIAN_POINT('',(6.420647314369,4.060927594762));
#2525 = CARTESIAN_POINT('',(6.425929363571,4.151035570472));
#2526 = CARTESIAN_POINT('',(6.431490687791,4.231733353324));
#2527 = CARTESIAN_POINT('',(6.437299725343,4.302562240799));
#2528 = CARTESIAN_POINT('',(6.443323014108,4.363118186876));
#2529 = CARTESIAN_POINT('',(6.449528209546,4.413062601771));
#2530 = CARTESIAN_POINT('',(6.455873345306,4.452087637134));
#2531 = CARTESIAN_POINT('',(6.462362914439,4.480133618466));
#2532 = CARTESIAN_POINT('',(6.468943473887,4.496800549447));
#2533 = CARTESIAN_POINT('',(6.475562003159,4.501908938982));
#2534 = CARTESIAN_POINT('',(6.482164985275,4.495444363421));
#2535 = CARTESIAN_POINT('',(6.488699518733,4.477569302027));
#2536 = CARTESIAN_POINT('',(6.495113874716,4.448617063141));
#2537 = CARTESIAN_POINT('',(6.501358186828,4.409090879021));
#2538 = CARTESIAN_POINT('',(6.507385127743,4.359661073045));
#2539 = CARTESIAN_POINT('',(6.513150471819,4.301165665954));
#2540 = CARTESIAN_POINT('',(6.518614082305,4.234600136623));
#2541 = CARTESIAN_POINT('',(6.523739243615,4.16114822109));
#2542 = CARTESIAN_POINT('',(6.528498076545,4.08206063818));
#2543 = CARTESIAN_POINT('',(6.532854106965,3.999102469898));
#2544 = CARTESIAN_POINT('',(6.536895513777,3.911547241188));
#2545 = CARTESIAN_POINT('',(6.54061917628,3.820015837409));
#2546 = CARTESIAN_POINT('',(6.54403173638,3.724970663284));
#2547 = CARTESIAN_POINT('',(6.547137396181,3.626858367034));
#2548 = CARTESIAN_POINT('',(6.549941045037,3.526077632212));
#2549 = CARTESIAN_POINT('',(6.5524472945,3.422993282736));
#2550 = CARTESIAN_POINT('',(6.554660623337,3.317937486646));
#2551 = CARTESIAN_POINT('',(6.556585236863,3.211213993875));
#2552 = CARTESIAN_POINT('',(6.558225012738,3.103101204141));
#2553 = CARTESIAN_POINT('',(6.559583431787,2.993855268074));
#2554 = CARTESIAN_POINT('',(6.560663518821,2.883712935829));
#2555 = CARTESIAN_POINT('',(6.561467786428,2.772894415944));
#2556 = CARTESIAN_POINT('',(6.561998176243,2.661605801914));
#2557 = CARTESIAN_POINT('',(6.562256018094,2.550042896728));
#2558 = CARTESIAN_POINT('',(6.562241922268,2.438389879688));
#2559 = CARTESIAN_POINT('',(6.561955973989,2.32687642172));
#2560 = CARTESIAN_POINT('',(6.56139764621,2.215677052428));
#2561 = CARTESIAN_POINT('',(6.560565664345,2.104984764849));
#2562 = CARTESIAN_POINT('',(6.559458104986,1.995001675012));
#2563 = CARTESIAN_POINT('',(6.558072437985,1.885944771138));
#2564 = CARTESIAN_POINT('',(6.55640559196,1.778047919417));
#2565 = CARTESIAN_POINT('',(6.554453992396,1.67156443949));
#2566 = CARTESIAN_POINT('',(6.552213698126,1.566771922525));
#2567 = CARTESIAN_POINT('',(6.549680186426,1.463968379605));
#2568 = CARTESIAN_POINT('',(6.546849462472,1.363501788955));
#2569 = CARTESIAN_POINT('',(6.543714242401,1.265675772609));
#2570 = CARTESIAN_POINT('',(6.540278539753,1.171118503909));
#2571 = CARTESIAN_POINT('',(6.53650306965,1.079410377126));
#2572 = CARTESIAN_POINT('',(6.532369756768,0.991054280322));
#2573 = CARTESIAN_POINT('',(6.527893149717,0.90721982644));
#2574 = CARTESIAN_POINT('',(6.523083855522,0.828837348404));
#2575 = CARTESIAN_POINT('',(6.517958065501,0.756839063292));
#2576 = CARTESIAN_POINT('',(6.512534739454,0.692092883));
#2577 = CARTESIAN_POINT('',(6.506836105227,0.635418669332));
#2578 = CARTESIAN_POINT('',(6.500887288411,0.587582280729));
#2579 = CARTESIAN_POINT('',(6.494716165438,0.549296240267));
#2580 = CARTESIAN_POINT('',(6.488353260977,0.521216375633));
#2581 = CARTESIAN_POINT('',(6.481831320684,0.503948214986));
#2582 = CARTESIAN_POINT('',(6.477401254302,0.499995184201));
#2583 = CARTESIAN_POINT('',(6.475171524899,0.5));
#2584 = ( GEOMETRIC_REPRESENTATION_CONTEXT(2) 
PARAMETRIC_REPRESENTATION_CONTEXT() REPRESENTATION_CONTEXT('2D SPACE',''
  ) );
#2585 = PCURVE('',#2586,#2591);
#2586 = CYLINDRICAL_SURFACE('',#2587,2.);
#2587 = AXIS2_PLACEMENT_3D('',#2588,#2589,#2590);
#2588 = CARTESIAN_POINT('',(19.436218232264,3.778018108456,16.5));
#2589 = DIRECTION('',(0.981627183448,0.190808995377,2.22044604925E-16));
#2590 = DIRECTION('',(2.179650201323E-16,4.236810799453E-17,-1.));
#2591 = DEFINITIONAL_REPRESENTATION('',(#2592),#2684);
#2592 = B_SPLINE_CURVE_WITH_KNOTS('',3,(#2593,#2594,#2595,#2596,#2597,
    #2598,#2599,#2600,#2601,#2602,#2603,#2604,#2605,#2606,#2607,#2608,
    #2609,#2610,#2611,#2612,#2613,#2614,#2615,#2616,#2617,#2618,#2619,
    #2620,#2621,#2622,#2623,#2624,#2625,#2626,#2627,#2628,#2629,#2630,
    #2631,#2632,#2633,#2634,#2635,#2636,#2637,#2638,#2639,#2640,#2641,
    #2642,#2643,#2644,#2645,#2646,#2647,#2648,#2649,#2650,#2651,#2652,
    #2653,#2654,#2655,#2656,#2657,#2658,#2659,#2660,#2661,#2662,#2663,
    #2664,#2665,#2666,#2667,#2668,#2669,#2670,#2671,#2672,#2673,#2674,
    #2675,#2676,#2677,#2678,#2679,#2680,#2681,#2682,#2683),
  .UNSPECIFIED.,.F.,.F.,(4,1,1,1,1,1,1,1,1,1,1,1,1,1,1,1,1,1,1,1,1,1,1,1
    ,1,1,1,1,1,1,1,1,1,1,1,1,1,1,1,1,1,1,1,1,1,1,1,1,1,1,1,1,1,1,1,1,1,1
    ,1,1,1,1,1,1,1,1,1,1,1,1,1,1,1,1,1,1,1,1,1,1,1,1,1,1,1,1,1,1,4),(
    0.557484878722,0.568848515086,0.580212151449,0.591575787813,
    0.602939424177,0.61430306054,0.625666696904,0.637030333268,
    0.648393969631,0.659757605995,0.671121242359,0.682484878722,
    0.693848515086,0.705212151449,0.716575787813,0.727939424177,
    0.73930306054,0.750666696904,0.762030333268,0.773393969631,
    0.784757605995,0.796121242359,0.807484878722,0.818848515086,
    0.830212151449,0.841575787813,0.852939424177,0.86430306054,
    0.875666696904,0.887030333268,0.898393969631,0.909757605995,
    0.921121242359,0.932484878722,0.943848515086,0.955212151449,
    0.966575787813,0.977939424177,0.98930306054,1.000666696904,
    1.012030333268,1.023393969631,1.034757605995,1.046121242359,
    1.057484878722,1.068848515086,1.080212151449,1.091575787813,
    1.102939424177,1.11430306054,1.125666696904,1.137030333268,
    1.148393969631,1.159757605995,1.171121242359,1.182484878722,
    1.193848515086,1.205212151449,1.216575787813,1.227939424177,
    1.23930306054,1.250666696904,1.262030333268,1.273393969631,
    1.284757605995,1.296121242359,1.307484878722,1.318848515086,
    1.330212151449,1.341575787813,1.352939424177,1.36430306054,
    1.375666696904,1.387030333268,1.398393969631,1.409757605995,
    1.421121242359,1.432484878722,1.443848515086,1.455212151449,
    1.466575787813,1.477939424177,1.48930306054,1.500666696904,
    1.512030333268,1.523393969631,1.534757605995,1.546121242359,
    1.557484878722),.QUASI_UNIFORM_KNOTS.);
#2593 = CARTESIAN_POINT('',(6.28318530718,3.2));
#2594 = CARTESIAN_POINT('',(6.248508425296,3.200005300862));
#2595 = CARTESIAN_POINT('',(6.179738522845,3.199367938808));
#2596 = CARTESIAN_POINT('',(6.078375812064,3.196672741529));
#2597 = CARTESIAN_POINT('',(5.978831294832,3.192421290656));
#2598 = CARTESIAN_POINT('',(5.881181800834,3.186872914658));
#2599 = CARTESIAN_POINT('',(5.785543610704,3.180318595926));
#2600 = CARTESIAN_POINT('',(5.69207218224,3.173072257735));
#2601 = CARTESIAN_POINT('',(5.601004400593,3.165455674956));
#2602 = CARTESIAN_POINT('',(5.51253019319,3.157771254139));
#2603 = CARTESIAN_POINT('',(5.427314744848,3.150331733887));
#2604 = CARTESIAN_POINT('',(5.344566142379,3.143277101525));
#2605 = CARTESIAN_POINT('',(5.263339281503,3.136701879023));
#2606 = CARTESIAN_POINT('',(5.183590130103,3.130752237385));
#2607 = CARTESIAN_POINT('',(5.105050907749,3.125530245772));
#2608 = CARTESIAN_POINT('',(5.027526066543,3.121122514836));
#2609 = CARTESIAN_POINT('',(4.950808821279,3.117595375249));
#2610 = CARTESIAN_POINT('',(4.874699470212,3.114998776734));
#2611 = CARTESIAN_POINT('',(4.79899851928,3.113367647461));
#2612 = CARTESIAN_POINT('',(4.723499406582,3.112723191149));
#2613 = CARTESIAN_POINT('',(4.648007076033,3.11307509478));
#2614 = CARTESIAN_POINT('',(4.57256605592,3.114414465731));
#2615 = CARTESIAN_POINT('',(4.497153385874,3.116709242608));
#2616 = CARTESIAN_POINT('',(4.421761588415,3.119906444667));
#2617 = CARTESIAN_POINT('',(4.346378210794,3.1239331301));
#2618 = CARTESIAN_POINT('',(4.270991716451,3.128698104229));
#2619 = CARTESIAN_POINT('',(4.19559017759,3.134093840248));
#2620 = CARTESIAN_POINT('',(4.120162237894,3.139998725631));
#2621 = CARTESIAN_POINT('',(4.044696230489,3.146279719073));
#2622 = CARTESIAN_POINT('',(3.969184649088,3.152794965408));
#2623 = CARTESIAN_POINT('',(3.89367673482,3.159391956661));
#2624 = CARTESIAN_POINT('',(3.818166508183,3.165921005416));
#2625 = CARTESIAN_POINT('',(3.742657730363,3.172233251538));
#2626 = CARTESIAN_POINT('',(3.66715048297,3.178185291028));
#2627 = CARTESIAN_POINT('',(3.591642756925,3.183642090804));
#2628 = CARTESIAN_POINT('',(3.516138906732,3.188479794495));
#2629 = CARTESIAN_POINT('',(3.440617085165,3.192589233258));
#2630 = CARTESIAN_POINT('',(3.365155618188,3.195875280534));
#2631 = CARTESIAN_POINT('',(3.289283083012,3.198277541485));
#2632 = CARTESIAN_POINT('',(3.213207398329,3.199721315418));
#2633 = CARTESIAN_POINT('',(3.137106471181,3.20016622998));
#2634 = CARTESIAN_POINT('',(3.061158342862,3.19960338917));
#2635 = CARTESIAN_POINT('',(2.985539233452,3.198056540397));
#2636 = CARTESIAN_POINT('',(2.91042994962,3.195580542134));
#2637 = CARTESIAN_POINT('',(2.836020174851,3.192259018895));
#2638 = CARTESIAN_POINT('',(2.762513044332,3.188200761661));
#2639 = CARTESIAN_POINT('',(2.690131908368,3.183535367743));
#2640 = CARTESIAN_POINT('',(2.619120297033,3.178407425937));
#2641 = CARTESIAN_POINT('',(2.549770054525,3.172972596121));
#2642 = CARTESIAN_POINT('',(2.48234746719,3.167384174147));
#2643 = CARTESIAN_POINT('',(2.417403530103,3.161813949418));
#2644 = CARTESIAN_POINT('',(2.353648339569,3.156258305721));
#2645 = CARTESIAN_POINT('',(2.291062784405,3.150807112449));
#2646 = CARTESIAN_POINT('',(2.229516110557,3.145532221782));
#2647 = CARTESIAN_POINT('',(2.168916036204,3.140499513069));
#2648 = CARTESIAN_POINT('',(2.109166983197,3.135766288962));
#2649 = CARTESIAN_POINT('',(2.050179986449,3.131382612633));
#2650 = CARTESIAN_POINT('',(1.991868941024,3.127391593902));
#2651 = CARTESIAN_POINT('',(1.934150637994,3.123829950781));
#2652 = CARTESIAN_POINT('',(1.876943872411,3.120728479885));
#2653 = CARTESIAN_POINT('',(1.820168865821,3.118112522604));
#2654 = CARTESIAN_POINT('',(1.763746638897,3.116002393233));
#2655 = CARTESIAN_POINT('',(1.707598481732,3.114413764621));
#2656 = CARTESIAN_POINT('',(1.651645253847,3.113358010121));
#2657 = CARTESIAN_POINT('',(1.595807404684,3.112842458397));
#2658 = CARTESIAN_POINT('',(1.540002378358,3.112870683296));
#2659 = CARTESIAN_POINT('',(1.484171250222,3.113442261793));
#2660 = CARTESIAN_POINT('',(1.428226687644,3.114552902721));
#2661 = CARTESIAN_POINT('',(1.372087742965,3.116194660092));
#2662 = CARTESIAN_POINT('',(1.315673207739,3.118355621079));
#2663 = CARTESIAN_POINT('',(1.258902522294,3.121019638931));
#2664 = CARTESIAN_POINT('',(1.201694830422,3.124165971383));
#2665 = CARTESIAN_POINT('',(1.14396815961,3.127768915677));
#2666 = CARTESIAN_POINT('',(1.085640055363,3.131797259419));
#2667 = CARTESIAN_POINT('',(1.026622184354,3.136214223509));
#2668 = CARTESIAN_POINT('',(0.96683729591,3.14097541726));
#2669 = CARTESIAN_POINT('',(0.906152213194,3.146034093288));
#2670 = CARTESIAN_POINT('',(0.844623490764,3.151319075948));
#2671 = CARTESIAN_POINT('',(0.78156622373,3.156815402016));
#2672 = CARTESIAN_POINT('',(0.71676854307,3.162457352436));
#2673 = CARTESIAN_POINT('',(0.650477582493,3.16812487291));
#2674 = CARTESIAN_POINT('',(0.58278857139,3.173700285319));
#2675 = CARTESIAN_POINT('',(0.513811601016,3.179056928606));
#2676 = CARTESIAN_POINT('',(0.443629681597,3.184066336399));
#2677 = CARTESIAN_POINT('',(0.372312382875,3.188600636202));
#2678 = CARTESIAN_POINT('',(0.299914191061,3.192536400935));
#2679 = CARTESIAN_POINT('',(0.22647671566,3.195757922269));
#2680 = CARTESIAN_POINT('',(0.152029072642,3.198161374483));
#2681 = CARTESIAN_POINT('',(7.659002782629E-02,3.199655601901));
#2682 = CARTESIAN_POINT('',(2.563886428155E-02,3.200001671488));
#2683 = CARTESIAN_POINT('',(-3.552713678801E-15,3.2));
#2684 = ( GEOMETRIC_REPRESENTATION_CONTEXT(2) 
PARAMETRIC_REPRESENTATION_CONTEXT() REPRESENTATION_CONTEXT('2D SPACE',''
  ) );
#2685 = ADVANCED_FACE('',(#2686),#2586,.F.);
#2686 = FACE_BOUND('',#2687,.F.);
#2687 = EDGE_LOOP('',(#2688,#2689,#2712,#2739));
#2688 = ORIENTED_EDGE('',*,*,#2427,.T.);
#2689 = ORIENTED_EDGE('',*,*,#2690,.F.);
#2690 = EDGE_CURVE('',#2691,#2428,#2693,.T.);
#2691 = VERTEX_POINT('',#2692);
#2692 = CARTESIAN_POINT('',(19.436218232264,3.778018108456,14.5));
#2693 = SEAM_CURVE('',#2694,(#2698,#2705),.PCURVE_S1.);
#2694 = LINE('',#2695,#2696);
#2695 = CARTESIAN_POINT('',(19.436218232264,3.778018108456,14.5));
#2696 = VECTOR('',#2697,1.);
#2697 = DIRECTION('',(0.981627183448,0.190808995377,2.22044604925E-16));
#2698 = PCURVE('',#2586,#2699);
#2699 = DEFINITIONAL_REPRESENTATION('',(#2700),#2704);
#2700 = LINE('',#2701,#2702);
#2701 = CARTESIAN_POINT('',(0.,-0.));
#2702 = VECTOR('',#2703,1.);
#2703 = DIRECTION('',(0.,1.));
#2704 = ( GEOMETRIC_REPRESENTATION_CONTEXT(2) 
PARAMETRIC_REPRESENTATION_CONTEXT() REPRESENTATION_CONTEXT('2D SPACE',''
  ) );
#2705 = PCURVE('',#2586,#2706);
#2706 = DEFINITIONAL_REPRESENTATION('',(#2707),#2711);
#2707 = LINE('',#2708,#2709);
#2708 = CARTESIAN_POINT('',(6.28318530718,-0.));
#2709 = VECTOR('',#2710,1.);
#2710 = DIRECTION('',(0.,1.));
#2711 = ( GEOMETRIC_REPRESENTATION_CONTEXT(2) 
PARAMETRIC_REPRESENTATION_CONTEXT() REPRESENTATION_CONTEXT('2D SPACE',''
  ) );
#2712 = ORIENTED_EDGE('',*,*,#2713,.T.);
#2713 = EDGE_CURVE('',#2691,#2691,#2714,.T.);
#2714 = SURFACE_CURVE('',#2715,(#2720,#2727),.PCURVE_S1.);
#2715 = CIRCLE('',#2716,2.);
#2716 = AXIS2_PLACEMENT_3D('',#2717,#2718,#2719);
#2717 = CARTESIAN_POINT('',(19.436218232264,3.778018108456,16.5));
#2718 = DIRECTION('',(0.981627183448,0.190808995377,2.22044604925E-16));
#2719 = DIRECTION('',(2.179650201323E-16,4.236810799453E-17,-1.));
#2720 = PCURVE('',#2586,#2721);
#2721 = DEFINITIONAL_REPRESENTATION('',(#2722),#2726);
#2722 = LINE('',#2723,#2724);
#2723 = CARTESIAN_POINT('',(0.,0.));
#2724 = VECTOR('',#2725,1.);
#2725 = DIRECTION('',(1.,0.));
#2726 = ( GEOMETRIC_REPRESENTATION_CONTEXT(2) 
PARAMETRIC_REPRESENTATION_CONTEXT() REPRESENTATION_CONTEXT('2D SPACE',''
  ) );
#2727 = PCURVE('',#2728,#2733);
#2728 = PLANE('',#2729);
#2729 = AXIS2_PLACEMENT_3D('',#2730,#2731,#2732);
#2730 = CARTESIAN_POINT('',(19.436218232264,3.778018108456,16.5));
#2731 = DIRECTION('',(0.981627183448,0.190808995377,2.22044604925E-16));
#2732 = DIRECTION('',(2.179650201323E-16,4.236810799453E-17,-1.));
#2733 = DEFINITIONAL_REPRESENTATION('',(#2734),#2738);
#2734 = CIRCLE('',#2735,2.);
#2735 = AXIS2_PLACEMENT_2D('',#2736,#2737);
#2736 = CARTESIAN_POINT('',(0.,0.));
#2737 = DIRECTION('',(1.,0.));
#2738 = ( GEOMETRIC_REPRESENTATION_CONTEXT(2) 
PARAMETRIC_REPRESENTATION_CONTEXT() REPRESENTATION_CONTEXT('2D SPACE',''
  ) );
#2739 = ORIENTED_EDGE('',*,*,#2690,.T.);
#2740 = ADVANCED_FACE('',(#2741),#2728,.T.);
#2741 = FACE_BOUND('',#2742,.F.);
#2742 = EDGE_LOOP('',(#2743));
#2743 = ORIENTED_EDGE('',*,*,#2713,.F.);
#2744 = ADVANCED_FACE('',(#2745),#2413,.T.);
#2745 = FACE_BOUND('',#2746,.T.);
#2746 = EDGE_LOOP('',(#2747,#2774,#2802,#2827));
#2747 = ORIENTED_EDGE('',*,*,#2748,.F.);
#2748 = EDGE_CURVE('',#2749,#2378,#2751,.T.);
#2749 = VERTEX_POINT('',#2750);
#2750 = CARTESIAN_POINT('',(21.726050751927,6.224043599197,19.));
#2751 = SURFACE_CURVE('',#2752,(#2757,#2767),.PCURVE_S1.);
#2752 = PARABOLA('',#2753,8.131727983645);
#2753 = AXIS2_PLACEMENT_3D('',#2754,#2755,#2756);
#2754 = CARTESIAN_POINT('',(3.362274604311,-10.99750469357,30.1));
#2755 = DIRECTION('',(0.206738015037,-0.676209577822,-0.707106781187));
#2756 = DIRECTION('',(-0.206738015037,0.676209577822,-0.707106781187));
#2757 = PCURVE('',#2413,#2758);
#2758 = DEFINITIONAL_REPRESENTATION('',(#2759),#2766);
#2759 = B_SPLINE_CURVE_WITH_KNOTS('',5,(#2760,#2761,#2762,#2763,#2764,
    #2765),.UNSPECIFIED.,.F.,.F.,(6,6),(22.596459899728,23.),
  .PIECEWISE_BEZIER_KNOTS.);
#2760 = CARTESIAN_POINT('',(1.770003924142E-02,-0.4));
#2761 = CARTESIAN_POINT('',(1.412888791157E-02,-0.320708020054));
#2762 = CARTESIAN_POINT('',(1.05733982886E-02,-0.241062030082));
#2763 = CARTESIAN_POINT('',(7.03348044073E-03,-0.161062030082));
#2764 = CARTESIAN_POINT('',(3.509044350194E-03,-8.070802005447E-02));
#2765 = CARTESIAN_POINT('',(1.930822651522E-16,1.7763568394E-15));
#2766 = ( GEOMETRIC_REPRESENTATION_CONTEXT(2) 
PARAMETRIC_REPRESENTATION_CONTEXT() REPRESENTATION_CONTEXT('2D SPACE',''
  ) );
#2767 = PCURVE('',#358,#2768);
#2768 = DEFINITIONAL_REPRESENTATION('',(#2769),#2773);
#2769 = B_SPLINE_CURVE_WITH_KNOTS('',2,(#2770,#2771,#2772),
  .UNSPECIFIED.,.F.,.F.,(3,3),(22.596459899728,23.),
  .PIECEWISE_BEZIER_KNOTS.);
#2770 = CARTESIAN_POINT('',(-0.403540100272,-0.282842712475));
#2771 = CARTESIAN_POINT('',(-0.201770050136,-2.503228908649E-03));
#2772 = CARTESIAN_POINT('',(1.42108547152E-14,0.282842712475));
#2773 = ( GEOMETRIC_REPRESENTATION_CONTEXT(2) 
PARAMETRIC_REPRESENTATION_CONTEXT() REPRESENTATION_CONTEXT('2D SPACE',''
  ) );
#2774 = ORIENTED_EDGE('',*,*,#2775,.T.);
#2775 = EDGE_CURVE('',#2749,#2776,#2778,.T.);
#2776 = VERTEX_POINT('',#2777);
#2777 = CARTESIAN_POINT('',(21.726050751927,-6.224043599197,19.));
#2778 = SURFACE_CURVE('',#2779,(#2784,#2791),.PCURVE_S1.);
#2779 = CIRCLE('',#2780,22.6);
#2780 = AXIS2_PLACEMENT_3D('',#2781,#2782,#2783);
#2781 = CARTESIAN_POINT('',(0.,0.,19.));
#2782 = DIRECTION('',(0.,-0.,-1.));
#2783 = DIRECTION('',(0.956304755963,0.292371704723,-0.));
#2784 = PCURVE('',#2413,#2785);
#2785 = DEFINITIONAL_REPRESENTATION('',(#2786),#2790);
#2786 = LINE('',#2787,#2788);
#2787 = CARTESIAN_POINT('',(0.,-0.4));
#2788 = VECTOR('',#2789,1.);
#2789 = DIRECTION('',(1.,0.));
#2790 = ( GEOMETRIC_REPRESENTATION_CONTEXT(2) 
PARAMETRIC_REPRESENTATION_CONTEXT() REPRESENTATION_CONTEXT('2D SPACE',''
  ) );
#2791 = PCURVE('',#103,#2792);
#2792 = DEFINITIONAL_REPRESENTATION('',(#2793),#2801);
#2793 = ( BOUNDED_CURVE() B_SPLINE_CURVE(2,(#2794,#2795,#2796,#2797,
#2798,#2799,#2800),.UNSPECIFIED.,.T.,.F.) B_SPLINE_CURVE_WITH_KNOTS((1,2
    ,2,2,2,1),(-2.094395102393,0.,2.094395102393,4.188790204786,
6.28318530718,8.377580409573),.UNSPECIFIED.) CURVE() 
GEOMETRIC_REPRESENTATION_ITEM() RATIONAL_B_SPLINE_CURVE((1.,0.5,1.,0.5,
1.,0.5,1.)) REPRESENTATION_ITEM('') );
#2794 = CARTESIAN_POINT('',(21.612487484765,6.607600526734));
#2795 = CARTESIAN_POINT('',(33.057187313187,-30.82632587482));
#2796 = CARTESIAN_POINT('',(-5.083893828171,-22.02076346414));
#2797 = CARTESIAN_POINT('',(-43.22497496952,-13.21520105346));
#2798 = CARTESIAN_POINT('',(-16.52859365659,15.413162937412));
#2799 = CARTESIAN_POINT('',(10.167787656343,44.041526928293));
#2800 = CARTESIAN_POINT('',(21.612487484765,6.607600526734));
#2801 = ( GEOMETRIC_REPRESENTATION_CONTEXT(2) 
PARAMETRIC_REPRESENTATION_CONTEXT() REPRESENTATION_CONTEXT('2D SPACE',''
  ) );
#2802 = ORIENTED_EDGE('',*,*,#2803,.T.);
#2803 = EDGE_CURVE('',#2776,#2356,#2804,.T.);
#2804 = SURFACE_CURVE('',#2805,(#2810,#2820),.PCURVE_S1.);
#2805 = PARABOLA('',#2806,8.131727983645);
#2806 = AXIS2_PLACEMENT_3D('',#2807,#2808,#2809);
#2807 = CARTESIAN_POINT('',(3.362274604311,10.997504693575,30.1));
#2808 = DIRECTION('',(-0.206738015037,-0.676209577822,0.707106781187));
#2809 = DIRECTION('',(-0.206738015037,-0.676209577822,-0.707106781187));
#2810 = PCURVE('',#2413,#2811);
#2811 = DEFINITIONAL_REPRESENTATION('',(#2812),#2819);
#2812 = B_SPLINE_CURVE_WITH_KNOTS('',5,(#2813,#2814,#2815,#2816,#2817,
    #2818),.UNSPECIFIED.,.F.,.F.,(6,6),(22.596459899728,23.),
  .PIECEWISE_BEZIER_KNOTS.);
#2813 = CARTESIAN_POINT('',(0.575711906437,-0.4));
#2814 = CARTESIAN_POINT('',(0.579283057766,-0.320708020054));
#2815 = CARTESIAN_POINT('',(0.582838547389,-0.241062030082));
#2816 = CARTESIAN_POINT('',(0.586378465237,-0.161062030082));
#2817 = CARTESIAN_POINT('',(0.589902901328,-8.070802005446E-02));
#2818 = CARTESIAN_POINT('',(0.593411945678,3.552713678801E-15));
#2819 = ( GEOMETRIC_REPRESENTATION_CONTEXT(2) 
PARAMETRIC_REPRESENTATION_CONTEXT() REPRESENTATION_CONTEXT('2D SPACE',''
  ) );
#2820 = PCURVE('',#74,#2821);
#2821 = DEFINITIONAL_REPRESENTATION('',(#2822),#2826);
#2822 = B_SPLINE_CURVE_WITH_KNOTS('',2,(#2823,#2824,#2825),
  .UNSPECIFIED.,.F.,.F.,(3,3),(22.596459899728,23.),
  .PIECEWISE_BEZIER_KNOTS.);
#2823 = CARTESIAN_POINT('',(-0.403540100272,-0.282842712475));
#2824 = CARTESIAN_POINT('',(-0.201770050136,-2.503228908653E-03));
#2825 = CARTESIAN_POINT('',(1.42108547152E-14,0.282842712475));
#2826 = ( GEOMETRIC_REPRESENTATION_CONTEXT(2) 
PARAMETRIC_REPRESENTATION_CONTEXT() REPRESENTATION_CONTEXT('2D SPACE',''
  ) );
#2827 = ORIENTED_EDGE('',*,*,#2398,.F.);
#2828 = ADVANCED_FACE('',(#2829),#385,.T.);
#2829 = FACE_BOUND('',#2830,.T.);
#2830 = EDGE_LOOP('',(#2831,#2832,#2833,#2834));
#2831 = ORIENTED_EDGE('',*,*,#2377,.F.);
#2832 = ORIENTED_EDGE('',*,*,#2331,.T.);
#2833 = ORIENTED_EDGE('',*,*,#370,.T.);
#2834 = ORIENTED_EDGE('',*,*,#2835,.F.);
#2835 = EDGE_CURVE('',#2378,#339,#2836,.T.);
#2836 = SURFACE_CURVE('',#2837,(#2841,#2848),.PCURVE_S1.);
#2837 = LINE('',#2838,#2839);
#2838 = CARTESIAN_POINT('',(21.99500938715,6.724549208623,18.6));
#2839 = VECTOR('',#2840,1.);
#2840 = DIRECTION('',(-0.956304755963,-0.292371704723,0.));
#2841 = PCURVE('',#385,#2842);
#2842 = DEFINITIONAL_REPRESENTATION('',(#2843),#2847);
#2843 = LINE('',#2844,#2845);
#2844 = CARTESIAN_POINT('',(12.1,69.));
#2845 = VECTOR('',#2846,1.);
#2846 = DIRECTION('',(0.,-1.));
#2847 = ( GEOMETRIC_REPRESENTATION_CONTEXT(2) 
PARAMETRIC_REPRESENTATION_CONTEXT() REPRESENTATION_CONTEXT('2D SPACE',''
  ) );
#2848 = PCURVE('',#358,#2849);
#2849 = DEFINITIONAL_REPRESENTATION('',(#2850),#2854);
#2850 = LINE('',#2851,#2852);
#2851 = CARTESIAN_POINT('',(-3.552713678801E-15,0.282842712475));
#2852 = VECTOR('',#2853,1.);
#2853 = DIRECTION('',(-1.,0.));
#2854 = ( GEOMETRIC_REPRESENTATION_CONTEXT(2) 
PARAMETRIC_REPRESENTATION_CONTEXT() REPRESENTATION_CONTEXT('2D SPACE',''
  ) );
#2855 = ADVANCED_FACE('',(#2856),#358,.T.);
#2856 = FACE_BOUND('',#2857,.F.);
#2857 = EDGE_LOOP('',(#2858,#2859,#2880,#2881));
#2858 = ORIENTED_EDGE('',*,*,#2748,.F.);
#2859 = ORIENTED_EDGE('',*,*,#2860,.T.);
#2860 = EDGE_CURVE('',#2749,#315,#2861,.T.);
#2861 = SURFACE_CURVE('',#2862,(#2866,#2873),.PCURVE_S1.);
#2862 = LINE('',#2863,#2864);
#2863 = CARTESIAN_POINT('',(22.111958069039,6.342027306238,19.));
#2864 = VECTOR('',#2865,1.);
#2865 = DIRECTION('',(-0.956304755963,-0.292371704723,0.));
#2866 = PCURVE('',#358,#2867);
#2867 = DEFINITIONAL_REPRESENTATION('',(#2868),#2872);
#2868 = LINE('',#2869,#2870);
#2869 = CARTESIAN_POINT('',(-3.552713678801E-15,-0.282842712475));
#2870 = VECTOR('',#2871,1.);
#2871 = DIRECTION('',(-1.,0.));
#2872 = ( GEOMETRIC_REPRESENTATION_CONTEXT(2) 
PARAMETRIC_REPRESENTATION_CONTEXT() REPRESENTATION_CONTEXT('2D SPACE',''
  ) );
#2873 = PCURVE('',#103,#2874);
#2874 = DEFINITIONAL_REPRESENTATION('',(#2875),#2879);
#2875 = LINE('',#2876,#2877);
#2876 = CARTESIAN_POINT('',(22.111958069039,6.342027306238));
#2877 = VECTOR('',#2878,1.);
#2878 = DIRECTION('',(-0.956304755963,-0.292371704723));
#2879 = ( GEOMETRIC_REPRESENTATION_CONTEXT(2) 
PARAMETRIC_REPRESENTATION_CONTEXT() REPRESENTATION_CONTEXT('2D SPACE',''
  ) );
#2880 = ORIENTED_EDGE('',*,*,#338,.T.);
#2881 = ORIENTED_EDGE('',*,*,#2835,.F.);
#2882 = ADVANCED_FACE('',(#2883),#271,.F.);
#2883 = FACE_BOUND('',#2884,.F.);
#2884 = EDGE_LOOP('',(#2885,#2913,#2941,#2967));
#2885 = ORIENTED_EDGE('',*,*,#2886,.F.);
#2886 = EDGE_CURVE('',#2887,#255,#2889,.T.);
#2887 = VERTEX_POINT('',#2888);
#2888 = CARTESIAN_POINT('',(-22.,19.,27.));
#2889 = SURFACE_CURVE('',#2890,(#2894,#2901),.PCURVE_S1.);
#2890 = LINE('',#2891,#2892);
#2891 = CARTESIAN_POINT('',(-22.,19.,27.));
#2892 = VECTOR('',#2893,1.);
#2893 = DIRECTION('',(1.,0.,0.));
#2894 = PCURVE('',#271,#2895);
#2895 = DEFINITIONAL_REPRESENTATION('',(#2896),#2900);
#2896 = LINE('',#2897,#2898);
#2897 = CARTESIAN_POINT('',(-7.,69.95));
#2898 = VECTOR('',#2899,1.);
#2899 = DIRECTION('',(1.,0.));
#2900 = ( GEOMETRIC_REPRESENTATION_CONTEXT(2) 
PARAMETRIC_REPRESENTATION_CONTEXT() REPRESENTATION_CONTEXT('2D SPACE',''
  ) );
#2901 = PCURVE('',#2902,#2907);
#2902 = PLANE('',#2903);
#2903 = AXIS2_PLACEMENT_3D('',#2904,#2905,#2906);
#2904 = CARTESIAN_POINT('',(-22.,19.,27.));
#2905 = DIRECTION('',(-0.,1.,0.));
#2906 = DIRECTION('',(0.,0.,1.));
#2907 = DEFINITIONAL_REPRESENTATION('',(#2908),#2912);
#2908 = LINE('',#2909,#2910);
#2909 = CARTESIAN_POINT('',(0.,0.));
#2910 = VECTOR('',#2911,1.);
#2911 = DIRECTION('',(0.,1.));
#2912 = ( GEOMETRIC_REPRESENTATION_CONTEXT(2) 
PARAMETRIC_REPRESENTATION_CONTEXT() REPRESENTATION_CONTEXT('2D SPACE',''
  ) );
#2913 = ORIENTED_EDGE('',*,*,#2914,.F.);
#2914 = EDGE_CURVE('',#2915,#2887,#2917,.T.);
#2915 = VERTEX_POINT('',#2916);
#2916 = CARTESIAN_POINT('',(-22.,-7.,27.));
#2917 = SURFACE_CURVE('',#2918,(#2922,#2929),.PCURVE_S1.);
#2918 = LINE('',#2919,#2920);
#2919 = CARTESIAN_POINT('',(-22.,-7.,27.));
#2920 = VECTOR('',#2921,1.);
#2921 = DIRECTION('',(-0.,1.,0.));
#2922 = PCURVE('',#271,#2923);
#2923 = DEFINITIONAL_REPRESENTATION('',(#2924),#2928);
#2924 = LINE('',#2925,#2926);
#2925 = CARTESIAN_POINT('',(-7.,43.95));
#2926 = VECTOR('',#2927,1.);
#2927 = DIRECTION('',(0.,1.));
#2928 = ( GEOMETRIC_REPRESENTATION_CONTEXT(2) 
PARAMETRIC_REPRESENTATION_CONTEXT() REPRESENTATION_CONTEXT('2D SPACE',''
  ) );
#2929 = PCURVE('',#2930,#2935);
#2930 = PLANE('',#2931);
#2931 = AXIS2_PLACEMENT_3D('',#2932,#2933,#2934);
#2932 = CARTESIAN_POINT('',(-22.,-7.,27.));
#2933 = DIRECTION('',(1.,0.,-0.));
#2934 = DIRECTION('',(0.,0.,1.));
#2935 = DEFINITIONAL_REPRESENTATION('',(#2936),#2940);
#2936 = LINE('',#2937,#2938);
#2937 = CARTESIAN_POINT('',(0.,0.));
#2938 = VECTOR('',#2939,1.);
#2939 = DIRECTION('',(0.,-1.));
#2940 = ( GEOMETRIC_REPRESENTATION_CONTEXT(2) 
PARAMETRIC_REPRESENTATION_CONTEXT() REPRESENTATION_CONTEXT('2D SPACE',''
  ) );
#2941 = ORIENTED_EDGE('',*,*,#2942,.T.);
#2942 = EDGE_CURVE('',#2915,#226,#2943,.T.);
#2943 = SURFACE_CURVE('',#2944,(#2948,#2955),.PCURVE_S1.);
#2944 = LINE('',#2945,#2946);
#2945 = CARTESIAN_POINT('',(-22.,-7.,27.));
#2946 = VECTOR('',#2947,1.);
#2947 = DIRECTION('',(1.,0.,-0.));
#2948 = PCURVE('',#271,#2949);
#2949 = DEFINITIONAL_REPRESENTATION('',(#2950),#2954);
#2950 = LINE('',#2951,#2952);
#2951 = CARTESIAN_POINT('',(-7.,43.95));
#2952 = VECTOR('',#2953,1.);
#2953 = DIRECTION('',(1.,0.));
#2954 = ( GEOMETRIC_REPRESENTATION_CONTEXT(2) 
PARAMETRIC_REPRESENTATION_CONTEXT() REPRESENTATION_CONTEXT('2D SPACE',''
  ) );
#2955 = PCURVE('',#2956,#2961);
#2956 = PLANE('',#2957);
#2957 = AXIS2_PLACEMENT_3D('',#2958,#2959,#2960);
#2958 = CARTESIAN_POINT('',(-22.,-7.,27.));
#2959 = DIRECTION('',(-0.,1.,0.));
#2960 = DIRECTION('',(0.,0.,1.));
#2961 = DEFINITIONAL_REPRESENTATION('',(#2962),#2966);
#2962 = LINE('',#2963,#2964);
#2963 = CARTESIAN_POINT('',(0.,0.));
#2964 = VECTOR('',#2965,1.);
#2965 = DIRECTION('',(0.,1.));
#2966 = ( GEOMETRIC_REPRESENTATION_CONTEXT(2) 
PARAMETRIC_REPRESENTATION_CONTEXT() REPRESENTATION_CONTEXT('2D SPACE',''
  ) );
#2967 = ORIENTED_EDGE('',*,*,#254,.T.);
#2968 = ADVANCED_FACE('',(#2969),#2956,.F.);
#2969 = FACE_BOUND('',#2970,.F.);
#2970 = EDGE_LOOP('',(#2971,#2972,#2995,#3023,#3049,#3076,#3102,#3129,
    #3150));
#2971 = ORIENTED_EDGE('',*,*,#2942,.F.);
#2972 = ORIENTED_EDGE('',*,*,#2973,.T.);
#2973 = EDGE_CURVE('',#2915,#2974,#2976,.T.);
#2974 = VERTEX_POINT('',#2975);
#2975 = CARTESIAN_POINT('',(-22.,-7.,53.));
#2976 = SURFACE_CURVE('',#2977,(#2981,#2988),.PCURVE_S1.);
#2977 = LINE('',#2978,#2979);
#2978 = CARTESIAN_POINT('',(-22.,-7.,27.));
#2979 = VECTOR('',#2980,1.);
#2980 = DIRECTION('',(0.,0.,1.));
#2981 = PCURVE('',#2956,#2982);
#2982 = DEFINITIONAL_REPRESENTATION('',(#2983),#2987);
#2983 = LINE('',#2984,#2985);
#2984 = CARTESIAN_POINT('',(0.,0.));
#2985 = VECTOR('',#2986,1.);
#2986 = DIRECTION('',(1.,0.));
#2987 = ( GEOMETRIC_REPRESENTATION_CONTEXT(2) 
PARAMETRIC_REPRESENTATION_CONTEXT() REPRESENTATION_CONTEXT('2D SPACE',''
  ) );
#2988 = PCURVE('',#2930,#2989);
#2989 = DEFINITIONAL_REPRESENTATION('',(#2990),#2994);
#2990 = LINE('',#2991,#2992);
#2991 = CARTESIAN_POINT('',(0.,0.));
#2992 = VECTOR('',#2993,1.);
#2993 = DIRECTION('',(1.,0.));
#2994 = ( GEOMETRIC_REPRESENTATION_CONTEXT(2) 
PARAMETRIC_REPRESENTATION_CONTEXT() REPRESENTATION_CONTEXT('2D SPACE',''
  ) );
#2995 = ORIENTED_EDGE('',*,*,#2996,.T.);
#2996 = EDGE_CURVE('',#2974,#2997,#2999,.T.);
#2997 = VERTEX_POINT('',#2998);
#2998 = CARTESIAN_POINT('',(-15.,-7.,53.));
#2999 = SURFACE_CURVE('',#3000,(#3004,#3011),.PCURVE_S1.);
#3000 = LINE('',#3001,#3002);
#3001 = CARTESIAN_POINT('',(-22.,-7.,53.));
#3002 = VECTOR('',#3003,1.);
#3003 = DIRECTION('',(1.,0.,-0.));
#3004 = PCURVE('',#2956,#3005);
#3005 = DEFINITIONAL_REPRESENTATION('',(#3006),#3010);
#3006 = LINE('',#3007,#3008);
#3007 = CARTESIAN_POINT('',(26.,0.));
#3008 = VECTOR('',#3009,1.);
#3009 = DIRECTION('',(0.,1.));
#3010 = ( GEOMETRIC_REPRESENTATION_CONTEXT(2) 
PARAMETRIC_REPRESENTATION_CONTEXT() REPRESENTATION_CONTEXT('2D SPACE',''
  ) );
#3011 = PCURVE('',#3012,#3017);
#3012 = PLANE('',#3013);
#3013 = AXIS2_PLACEMENT_3D('',#3014,#3015,#3016);
#3014 = CARTESIAN_POINT('',(-22.,-7.,53.));
#3015 = DIRECTION('',(0.,0.,1.));
#3016 = DIRECTION('',(1.,0.,-0.));
#3017 = DEFINITIONAL_REPRESENTATION('',(#3018),#3022);
#3018 = LINE('',#3019,#3020);
#3019 = CARTESIAN_POINT('',(0.,0.));
#3020 = VECTOR('',#3021,1.);
#3021 = DIRECTION('',(1.,0.));
#3022 = ( GEOMETRIC_REPRESENTATION_CONTEXT(2) 
PARAMETRIC_REPRESENTATION_CONTEXT() REPRESENTATION_CONTEXT('2D SPACE',''
  ) );
#3023 = ORIENTED_EDGE('',*,*,#3024,.F.);
#3024 = EDGE_CURVE('',#3025,#2997,#3027,.T.);
#3025 = VERTEX_POINT('',#3026);
#3026 = CARTESIAN_POINT('',(-15.,-7.,48.774711699246));
#3027 = SURFACE_CURVE('',#3028,(#3032,#3038),.PCURVE_S1.);
#3028 = LINE('',#3029,#3030);
#3029 = CARTESIAN_POINT('',(-15.,-7.,27.));
#3030 = VECTOR('',#3031,1.);
#3031 = DIRECTION('',(0.,0.,1.));
#3032 = PCURVE('',#2956,#3033);
#3033 = DEFINITIONAL_REPRESENTATION('',(#3034),#3037);
#3034 = B_SPLINE_CURVE_WITH_KNOTS('',1,(#3035,#3036),.UNSPECIFIED.,.F.,
  .F.,(2,2),(0.,26.),.PIECEWISE_BEZIER_KNOTS.);
#3035 = CARTESIAN_POINT('',(0.,7.));
#3036 = CARTESIAN_POINT('',(26.,7.));
#3037 = ( GEOMETRIC_REPRESENTATION_CONTEXT(2) 
PARAMETRIC_REPRESENTATION_CONTEXT() REPRESENTATION_CONTEXT('2D SPACE',''
  ) );
#3038 = PCURVE('',#3039,#3044);
#3039 = PLANE('',#3040);
#3040 = AXIS2_PLACEMENT_3D('',#3041,#3042,#3043);
#3041 = CARTESIAN_POINT('',(-15.,-50.95,27.));
#3042 = DIRECTION('',(1.,0.,-0.));
#3043 = DIRECTION('',(0.,0.,1.));
#3044 = DEFINITIONAL_REPRESENTATION('',(#3045),#3048);
#3045 = B_SPLINE_CURVE_WITH_KNOTS('',1,(#3046,#3047),.UNSPECIFIED.,.F.,
  .F.,(2,2),(0.,26.),.PIECEWISE_BEZIER_KNOTS.);
#3046 = CARTESIAN_POINT('',(0.,-43.95));
#3047 = CARTESIAN_POINT('',(26.,-43.95));
#3048 = ( GEOMETRIC_REPRESENTATION_CONTEXT(2) 
PARAMETRIC_REPRESENTATION_CONTEXT() REPRESENTATION_CONTEXT('2D SPACE',''
  ) );
#3049 = ORIENTED_EDGE('',*,*,#3050,.F.);
#3050 = EDGE_CURVE('',#3051,#3025,#3053,.T.);
#3051 = VERTEX_POINT('',#3052);
#3052 = CARTESIAN_POINT('',(-17.77471169924,-7.,48.774711699246));
#3053 = SURFACE_CURVE('',#3054,(#3058,#3064),.PCURVE_S1.);
#3054 = LINE('',#3055,#3056);
#3055 = CARTESIAN_POINT('',(-19.88735584962,-7.,48.774711699246));
#3056 = VECTOR('',#3057,1.);
#3057 = DIRECTION('',(1.,0.,-0.));
#3058 = PCURVE('',#2956,#3059);
#3059 = DEFINITIONAL_REPRESENTATION('',(#3060),#3063);
#3060 = B_SPLINE_CURVE_WITH_KNOTS('',1,(#3061,#3062),.UNSPECIFIED.,.F.,
  .F.,(2,2),(2.112644150377,4.887355849623),.PIECEWISE_BEZIER_KNOTS.);
#3061 = CARTESIAN_POINT('',(21.774711699246,4.225288300754));
#3062 = CARTESIAN_POINT('',(21.774711699246,7.));
#3063 = ( GEOMETRIC_REPRESENTATION_CONTEXT(2) 
PARAMETRIC_REPRESENTATION_CONTEXT() REPRESENTATION_CONTEXT('2D SPACE',''
  ) );
#3064 = PCURVE('',#3065,#3070);
#3065 = PLANE('',#3066);
#3066 = AXIS2_PLACEMENT_3D('',#3067,#3068,#3069);
#3067 = CARTESIAN_POINT('',(-17.77471169924,-11.22528830075,
    48.774711699246));
#3068 = DIRECTION('',(0.,0.,1.));
#3069 = DIRECTION('',(1.,0.,-0.));
#3070 = DEFINITIONAL_REPRESENTATION('',(#3071),#3075);
#3071 = LINE('',#3072,#3073);
#3072 = CARTESIAN_POINT('',(-2.112644150377,4.225288300754));
#3073 = VECTOR('',#3074,1.);
#3074 = DIRECTION('',(1.,0.));
#3075 = ( GEOMETRIC_REPRESENTATION_CONTEXT(2) 
PARAMETRIC_REPRESENTATION_CONTEXT() REPRESENTATION_CONTEXT('2D SPACE',''
  ) );
#3076 = ORIENTED_EDGE('',*,*,#3077,.T.);
#3077 = EDGE_CURVE('',#3051,#3078,#3080,.T.);
#3078 = VERTEX_POINT('',#3079);
#3079 = CARTESIAN_POINT('',(-17.77471169924,-7.,31.225288300754));
#3080 = SURFACE_CURVE('',#3081,(#3085,#3091),.PCURVE_S1.);
#3081 = LINE('',#3082,#3083);
#3082 = CARTESIAN_POINT('',(-17.77471169924,-7.,29.112644150377));
#3083 = VECTOR('',#3084,1.);
#3084 = DIRECTION('',(-0.,0.,-1.));
#3085 = PCURVE('',#2956,#3086);
#3086 = DEFINITIONAL_REPRESENTATION('',(#3087),#3090);
#3087 = B_SPLINE_CURVE_WITH_KNOTS('',1,(#3088,#3089),.UNSPECIFIED.,.F.,
  .F.,(2,2),(-19.66206754886,-2.112644150377),.PIECEWISE_BEZIER_KNOTS.);
#3088 = CARTESIAN_POINT('',(21.774711699246,4.225288300754));
#3089 = CARTESIAN_POINT('',(4.225288300754,4.225288300754));
#3090 = ( GEOMETRIC_REPRESENTATION_CONTEXT(2) 
PARAMETRIC_REPRESENTATION_CONTEXT() REPRESENTATION_CONTEXT('2D SPACE',''
  ) );
#3091 = PCURVE('',#3092,#3097);
#3092 = PLANE('',#3093);
#3093 = AXIS2_PLACEMENT_3D('',#3094,#3095,#3096);
#3094 = CARTESIAN_POINT('',(-17.77471169924,-11.22528830075,
    31.225288300754));
#3095 = DIRECTION('',(1.,0.,-0.));
#3096 = DIRECTION('',(0.,0.,1.));
#3097 = DEFINITIONAL_REPRESENTATION('',(#3098),#3101);
#3098 = B_SPLINE_CURVE_WITH_KNOTS('',1,(#3099,#3100),.UNSPECIFIED.,.F.,
  .F.,(2,2),(-19.66206754886,-2.112644150377),.PIECEWISE_BEZIER_KNOTS.);
#3099 = CARTESIAN_POINT('',(17.549423398492,-4.225288300754));
#3100 = CARTESIAN_POINT('',(0.,-4.225288300754));
#3101 = ( GEOMETRIC_REPRESENTATION_CONTEXT(2) 
PARAMETRIC_REPRESENTATION_CONTEXT() REPRESENTATION_CONTEXT('2D SPACE',''
  ) );
#3102 = ORIENTED_EDGE('',*,*,#3103,.T.);
#3103 = EDGE_CURVE('',#3078,#3104,#3106,.T.);
#3104 = VERTEX_POINT('',#3105);
#3105 = CARTESIAN_POINT('',(-15.,-7.,31.225288300754));
#3106 = SURFACE_CURVE('',#3107,(#3111,#3117),.PCURVE_S1.);
#3107 = LINE('',#3108,#3109);
#3108 = CARTESIAN_POINT('',(-19.88735584962,-7.,31.225288300754));
#3109 = VECTOR('',#3110,1.);
#3110 = DIRECTION('',(1.,0.,-0.));
#3111 = PCURVE('',#2956,#3112);
#3112 = DEFINITIONAL_REPRESENTATION('',(#3113),#3116);
#3113 = B_SPLINE_CURVE_WITH_KNOTS('',1,(#3114,#3115),.UNSPECIFIED.,.F.,
  .F.,(2,2),(2.112644150377,4.887355849623),.PIECEWISE_BEZIER_KNOTS.);
#3114 = CARTESIAN_POINT('',(4.225288300754,4.225288300754));
#3115 = CARTESIAN_POINT('',(4.225288300754,7.));
#3116 = ( GEOMETRIC_REPRESENTATION_CONTEXT(2) 
PARAMETRIC_REPRESENTATION_CONTEXT() REPRESENTATION_CONTEXT('2D SPACE',''
  ) );
#3117 = PCURVE('',#3118,#3123);
#3118 = PLANE('',#3119);
#3119 = AXIS2_PLACEMENT_3D('',#3120,#3121,#3122);
#3120 = CARTESIAN_POINT('',(-17.77471169924,-11.22528830075,
    31.225288300754));
#3121 = DIRECTION('',(0.,0.,1.));
#3122 = DIRECTION('',(1.,0.,-0.));
#3123 = DEFINITIONAL_REPRESENTATION('',(#3124),#3128);
#3124 = LINE('',#3125,#3126);
#3125 = CARTESIAN_POINT('',(-2.112644150377,4.225288300754));
#3126 = VECTOR('',#3127,1.);
#3127 = DIRECTION('',(1.,0.));
#3128 = ( GEOMETRIC_REPRESENTATION_CONTEXT(2) 
PARAMETRIC_REPRESENTATION_CONTEXT() REPRESENTATION_CONTEXT('2D SPACE',''
  ) );
#3129 = ORIENTED_EDGE('',*,*,#3130,.F.);
#3130 = EDGE_CURVE('',#3131,#3104,#3133,.T.);
#3131 = VERTEX_POINT('',#3132);
#3132 = CARTESIAN_POINT('',(-15.,-7.,27.));
#3133 = SURFACE_CURVE('',#3134,(#3138,#3144),.PCURVE_S1.);
#3134 = LINE('',#3135,#3136);
#3135 = CARTESIAN_POINT('',(-15.,-7.,27.));
#3136 = VECTOR('',#3137,1.);
#3137 = DIRECTION('',(0.,0.,1.));
#3138 = PCURVE('',#2956,#3139);
#3139 = DEFINITIONAL_REPRESENTATION('',(#3140),#3143);
#3140 = B_SPLINE_CURVE_WITH_KNOTS('',1,(#3141,#3142),.UNSPECIFIED.,.F.,
  .F.,(2,2),(0.,26.),.PIECEWISE_BEZIER_KNOTS.);
#3141 = CARTESIAN_POINT('',(0.,7.));
#3142 = CARTESIAN_POINT('',(26.,7.));
#3143 = ( GEOMETRIC_REPRESENTATION_CONTEXT(2) 
PARAMETRIC_REPRESENTATION_CONTEXT() REPRESENTATION_CONTEXT('2D SPACE',''
  ) );
#3144 = PCURVE('',#3039,#3145);
#3145 = DEFINITIONAL_REPRESENTATION('',(#3146),#3149);
#3146 = B_SPLINE_CURVE_WITH_KNOTS('',1,(#3147,#3148),.UNSPECIFIED.,.F.,
  .F.,(2,2),(0.,26.),.PIECEWISE_BEZIER_KNOTS.);
#3147 = CARTESIAN_POINT('',(0.,-43.95));
#3148 = CARTESIAN_POINT('',(26.,-43.95));
#3149 = ( GEOMETRIC_REPRESENTATION_CONTEXT(2) 
PARAMETRIC_REPRESENTATION_CONTEXT() REPRESENTATION_CONTEXT('2D SPACE',''
  ) );
#3150 = ORIENTED_EDGE('',*,*,#3151,.F.);
#3151 = EDGE_CURVE('',#226,#3131,#3152,.T.);
#3152 = SURFACE_CURVE('',#3153,(#3157,#3164),.PCURVE_S1.);
#3153 = LINE('',#3154,#3155);
#3154 = CARTESIAN_POINT('',(-22.,-7.,27.));
#3155 = VECTOR('',#3156,1.);
#3156 = DIRECTION('',(1.,0.,-0.));
#3157 = PCURVE('',#2956,#3158);
#3158 = DEFINITIONAL_REPRESENTATION('',(#3159),#3163);
#3159 = LINE('',#3160,#3161);
#3160 = CARTESIAN_POINT('',(0.,0.));
#3161 = VECTOR('',#3162,1.);
#3162 = DIRECTION('',(0.,1.));
#3163 = ( GEOMETRIC_REPRESENTATION_CONTEXT(2) 
PARAMETRIC_REPRESENTATION_CONTEXT() REPRESENTATION_CONTEXT('2D SPACE',''
  ) );
#3164 = PCURVE('',#242,#3165);
#3165 = DEFINITIONAL_REPRESENTATION('',(#3166),#3170);
#3166 = LINE('',#3167,#3168);
#3167 = CARTESIAN_POINT('',(-22.,-7.));
#3168 = VECTOR('',#3169,1.);
#3169 = DIRECTION('',(1.,0.));
#3170 = ( GEOMETRIC_REPRESENTATION_CONTEXT(2) 
PARAMETRIC_REPRESENTATION_CONTEXT() REPRESENTATION_CONTEXT('2D SPACE',''
  ) );
#3171 = ADVANCED_FACE('',(#3172),#3012,.T.);
#3172 = FACE_BOUND('',#3173,.T.);
#3173 = EDGE_LOOP('',(#3174,#3199,#3220,#3221,#3244,#3272,#3300,#3328,
    #3356,#3379));
#3174 = ORIENTED_EDGE('',*,*,#3175,.F.);
#3175 = EDGE_CURVE('',#3176,#3178,#3180,.T.);
#3176 = VERTEX_POINT('',#3177);
#3177 = CARTESIAN_POINT('',(-22.,19.,53.));
#3178 = VERTEX_POINT('',#3179);
#3179 = CARTESIAN_POINT('',(-5.744562646538,19.,53.));
#3180 = SURFACE_CURVE('',#3181,(#3185,#3192),.PCURVE_S1.);
#3181 = LINE('',#3182,#3183);
#3182 = CARTESIAN_POINT('',(-22.,19.,53.));
#3183 = VECTOR('',#3184,1.);
#3184 = DIRECTION('',(1.,0.,0.));
#3185 = PCURVE('',#3012,#3186);
#3186 = DEFINITIONAL_REPRESENTATION('',(#3187),#3191);
#3187 = LINE('',#3188,#3189);
#3188 = CARTESIAN_POINT('',(0.,26.));
#3189 = VECTOR('',#3190,1.);
#3190 = DIRECTION('',(1.,0.));
#3191 = ( GEOMETRIC_REPRESENTATION_CONTEXT(2) 
PARAMETRIC_REPRESENTATION_CONTEXT() REPRESENTATION_CONTEXT('2D SPACE',''
  ) );
#3192 = PCURVE('',#2902,#3193);
#3193 = DEFINITIONAL_REPRESENTATION('',(#3194),#3198);
#3194 = LINE('',#3195,#3196);
#3195 = CARTESIAN_POINT('',(26.,0.));
#3196 = VECTOR('',#3197,1.);
#3197 = DIRECTION('',(0.,1.));
#3198 = ( GEOMETRIC_REPRESENTATION_CONTEXT(2) 
PARAMETRIC_REPRESENTATION_CONTEXT() REPRESENTATION_CONTEXT('2D SPACE',''
  ) );
#3199 = ORIENTED_EDGE('',*,*,#3200,.F.);
#3200 = EDGE_CURVE('',#2974,#3176,#3201,.T.);
#3201 = SURFACE_CURVE('',#3202,(#3206,#3213),.PCURVE_S1.);
#3202 = LINE('',#3203,#3204);
#3203 = CARTESIAN_POINT('',(-22.,-7.,53.));
#3204 = VECTOR('',#3205,1.);
#3205 = DIRECTION('',(-0.,1.,0.));
#3206 = PCURVE('',#3012,#3207);
#3207 = DEFINITIONAL_REPRESENTATION('',(#3208),#3212);
#3208 = LINE('',#3209,#3210);
#3209 = CARTESIAN_POINT('',(0.,0.));
#3210 = VECTOR('',#3211,1.);
#3211 = DIRECTION('',(0.,1.));
#3212 = ( GEOMETRIC_REPRESENTATION_CONTEXT(2) 
PARAMETRIC_REPRESENTATION_CONTEXT() REPRESENTATION_CONTEXT('2D SPACE',''
  ) );
#3213 = PCURVE('',#2930,#3214);
#3214 = DEFINITIONAL_REPRESENTATION('',(#3215),#3219);
#3215 = LINE('',#3216,#3217);
#3216 = CARTESIAN_POINT('',(26.,0.));
#3217 = VECTOR('',#3218,1.);
#3218 = DIRECTION('',(0.,-1.));
#3219 = ( GEOMETRIC_REPRESENTATION_CONTEXT(2) 
PARAMETRIC_REPRESENTATION_CONTEXT() REPRESENTATION_CONTEXT('2D SPACE',''
  ) );
#3220 = ORIENTED_EDGE('',*,*,#2996,.T.);
#3221 = ORIENTED_EDGE('',*,*,#3222,.F.);
#3222 = EDGE_CURVE('',#3223,#2997,#3225,.T.);
#3223 = VERTEX_POINT('',#3224);
#3224 = CARTESIAN_POINT('',(-15.,-50.95,53.));
#3225 = SURFACE_CURVE('',#3226,(#3230,#3237),.PCURVE_S1.);
#3226 = LINE('',#3227,#3228);
#3227 = CARTESIAN_POINT('',(-15.,-50.95,53.));
#3228 = VECTOR('',#3229,1.);
#3229 = DIRECTION('',(-0.,1.,0.));
#3230 = PCURVE('',#3012,#3231);
#3231 = DEFINITIONAL_REPRESENTATION('',(#3232),#3236);
#3232 = LINE('',#3233,#3234);
#3233 = CARTESIAN_POINT('',(7.,-43.95));
#3234 = VECTOR('',#3235,1.);
#3235 = DIRECTION('',(0.,1.));
#3236 = ( GEOMETRIC_REPRESENTATION_CONTEXT(2) 
PARAMETRIC_REPRESENTATION_CONTEXT() REPRESENTATION_CONTEXT('2D SPACE',''
  ) );
#3237 = PCURVE('',#3039,#3238);
#3238 = DEFINITIONAL_REPRESENTATION('',(#3239),#3243);
#3239 = LINE('',#3240,#3241);
#3240 = CARTESIAN_POINT('',(26.,0.));
#3241 = VECTOR('',#3242,1.);
#3242 = DIRECTION('',(0.,-1.));
#3243 = ( GEOMETRIC_REPRESENTATION_CONTEXT(2) 
PARAMETRIC_REPRESENTATION_CONTEXT() REPRESENTATION_CONTEXT('2D SPACE',''
  ) );
#3244 = ORIENTED_EDGE('',*,*,#3245,.T.);
#3245 = EDGE_CURVE('',#3223,#3246,#3248,.T.);
#3246 = VERTEX_POINT('',#3247);
#3247 = CARTESIAN_POINT('',(15.,-50.95,53.));
#3248 = SURFACE_CURVE('',#3249,(#3253,#3260),.PCURVE_S1.);
#3249 = LINE('',#3250,#3251);
#3250 = CARTESIAN_POINT('',(-15.,-50.95,53.));
#3251 = VECTOR('',#3252,1.);
#3252 = DIRECTION('',(1.,0.,-0.));
#3253 = PCURVE('',#3012,#3254);
#3254 = DEFINITIONAL_REPRESENTATION('',(#3255),#3259);
#3255 = LINE('',#3256,#3257);
#3256 = CARTESIAN_POINT('',(7.,-43.95));
#3257 = VECTOR('',#3258,1.);
#3258 = DIRECTION('',(1.,0.));
#3259 = ( GEOMETRIC_REPRESENTATION_CONTEXT(2) 
PARAMETRIC_REPRESENTATION_CONTEXT() REPRESENTATION_CONTEXT('2D SPACE',''
  ) );
#3260 = PCURVE('',#3261,#3266);
#3261 = PLANE('',#3262);
#3262 = AXIS2_PLACEMENT_3D('',#3263,#3264,#3265);
#3263 = CARTESIAN_POINT('',(-15.,-50.95,27.));
#3264 = DIRECTION('',(-0.,1.,0.));
#3265 = DIRECTION('',(0.,0.,1.));
#3266 = DEFINITIONAL_REPRESENTATION('',(#3267),#3271);
#3267 = LINE('',#3268,#3269);
#3268 = CARTESIAN_POINT('',(26.,0.));
#3269 = VECTOR('',#3270,1.);
#3270 = DIRECTION('',(0.,1.));
#3271 = ( GEOMETRIC_REPRESENTATION_CONTEXT(2) 
PARAMETRIC_REPRESENTATION_CONTEXT() REPRESENTATION_CONTEXT('2D SPACE',''
  ) );
#3272 = ORIENTED_EDGE('',*,*,#3273,.T.);
#3273 = EDGE_CURVE('',#3246,#3274,#3276,.T.);
#3274 = VERTEX_POINT('',#3275);
#3275 = CARTESIAN_POINT('',(15.,-7.,53.));
#3276 = SURFACE_CURVE('',#3277,(#3281,#3288),.PCURVE_S1.);
#3277 = LINE('',#3278,#3279);
#3278 = CARTESIAN_POINT('',(15.,-50.95,53.));
#3279 = VECTOR('',#3280,1.);
#3280 = DIRECTION('',(-0.,1.,0.));
#3281 = PCURVE('',#3012,#3282);
#3282 = DEFINITIONAL_REPRESENTATION('',(#3283),#3287);
#3283 = LINE('',#3284,#3285);
#3284 = CARTESIAN_POINT('',(37.,-43.95));
#3285 = VECTOR('',#3286,1.);
#3286 = DIRECTION('',(0.,1.));
#3287 = ( GEOMETRIC_REPRESENTATION_CONTEXT(2) 
PARAMETRIC_REPRESENTATION_CONTEXT() REPRESENTATION_CONTEXT('2D SPACE',''
  ) );
#3288 = PCURVE('',#3289,#3294);
#3289 = PLANE('',#3290);
#3290 = AXIS2_PLACEMENT_3D('',#3291,#3292,#3293);
#3291 = CARTESIAN_POINT('',(15.,-50.95,27.));
#3292 = DIRECTION('',(1.,0.,-0.));
#3293 = DIRECTION('',(0.,0.,1.));
#3294 = DEFINITIONAL_REPRESENTATION('',(#3295),#3299);
#3295 = LINE('',#3296,#3297);
#3296 = CARTESIAN_POINT('',(26.,0.));
#3297 = VECTOR('',#3298,1.);
#3298 = DIRECTION('',(0.,-1.));
#3299 = ( GEOMETRIC_REPRESENTATION_CONTEXT(2) 
PARAMETRIC_REPRESENTATION_CONTEXT() REPRESENTATION_CONTEXT('2D SPACE',''
  ) );
#3300 = ORIENTED_EDGE('',*,*,#3301,.T.);
#3301 = EDGE_CURVE('',#3274,#3302,#3304,.T.);
#3302 = VERTEX_POINT('',#3303);
#3303 = CARTESIAN_POINT('',(22.,-7.,53.));
#3304 = SURFACE_CURVE('',#3305,(#3309,#3316),.PCURVE_S1.);
#3305 = LINE('',#3306,#3307);
#3306 = CARTESIAN_POINT('',(-22.,-7.,53.));
#3307 = VECTOR('',#3308,1.);
#3308 = DIRECTION('',(1.,0.,-0.));
#3309 = PCURVE('',#3012,#3310);
#3310 = DEFINITIONAL_REPRESENTATION('',(#3311),#3315);
#3311 = LINE('',#3312,#3313);
#3312 = CARTESIAN_POINT('',(0.,0.));
#3313 = VECTOR('',#3314,1.);
#3314 = DIRECTION('',(1.,0.));
#3315 = ( GEOMETRIC_REPRESENTATION_CONTEXT(2) 
PARAMETRIC_REPRESENTATION_CONTEXT() REPRESENTATION_CONTEXT('2D SPACE',''
  ) );
#3316 = PCURVE('',#3317,#3322);
#3317 = PLANE('',#3318);
#3318 = AXIS2_PLACEMENT_3D('',#3319,#3320,#3321);
#3319 = CARTESIAN_POINT('',(-22.,-7.,27.));
#3320 = DIRECTION('',(-0.,1.,0.));
#3321 = DIRECTION('',(0.,0.,1.));
#3322 = DEFINITIONAL_REPRESENTATION('',(#3323),#3327);
#3323 = LINE('',#3324,#3325);
#3324 = CARTESIAN_POINT('',(26.,0.));
#3325 = VECTOR('',#3326,1.);
#3326 = DIRECTION('',(0.,1.));
#3327 = ( GEOMETRIC_REPRESENTATION_CONTEXT(2) 
PARAMETRIC_REPRESENTATION_CONTEXT() REPRESENTATION_CONTEXT('2D SPACE',''
  ) );
#3328 = ORIENTED_EDGE('',*,*,#3329,.T.);
#3329 = EDGE_CURVE('',#3302,#3330,#3332,.T.);
#3330 = VERTEX_POINT('',#3331);
#3331 = CARTESIAN_POINT('',(22.,19.,53.));
#3332 = SURFACE_CURVE('',#3333,(#3337,#3344),.PCURVE_S1.);
#3333 = LINE('',#3334,#3335);
#3334 = CARTESIAN_POINT('',(22.,-7.,53.));
#3335 = VECTOR('',#3336,1.);
#3336 = DIRECTION('',(-0.,1.,0.));
#3337 = PCURVE('',#3012,#3338);
#3338 = DEFINITIONAL_REPRESENTATION('',(#3339),#3343);
#3339 = LINE('',#3340,#3341);
#3340 = CARTESIAN_POINT('',(44.,0.));
#3341 = VECTOR('',#3342,1.);
#3342 = DIRECTION('',(0.,1.));
#3343 = ( GEOMETRIC_REPRESENTATION_CONTEXT(2) 
PARAMETRIC_REPRESENTATION_CONTEXT() REPRESENTATION_CONTEXT('2D SPACE',''
  ) );
#3344 = PCURVE('',#3345,#3350);
#3345 = PLANE('',#3346);
#3346 = AXIS2_PLACEMENT_3D('',#3347,#3348,#3349);
#3347 = CARTESIAN_POINT('',(22.,-7.,27.));
#3348 = DIRECTION('',(1.,0.,-0.));
#3349 = DIRECTION('',(0.,0.,1.));
#3350 = DEFINITIONAL_REPRESENTATION('',(#3351),#3355);
#3351 = LINE('',#3352,#3353);
#3352 = CARTESIAN_POINT('',(26.,0.));
#3353 = VECTOR('',#3354,1.);
#3354 = DIRECTION('',(0.,-1.));
#3355 = ( GEOMETRIC_REPRESENTATION_CONTEXT(2) 
PARAMETRIC_REPRESENTATION_CONTEXT() REPRESENTATION_CONTEXT('2D SPACE',''
  ) );
#3356 = ORIENTED_EDGE('',*,*,#3357,.F.);
#3357 = EDGE_CURVE('',#3358,#3330,#3360,.T.);
#3358 = VERTEX_POINT('',#3359);
#3359 = CARTESIAN_POINT('',(5.744562646538,19.,53.));
#3360 = SURFACE_CURVE('',#3361,(#3365,#3372),.PCURVE_S1.);
#3361 = LINE('',#3362,#3363);
#3362 = CARTESIAN_POINT('',(-22.,19.,53.));
#3363 = VECTOR('',#3364,1.);
#3364 = DIRECTION('',(1.,0.,0.));
#3365 = PCURVE('',#3012,#3366);
#3366 = DEFINITIONAL_REPRESENTATION('',(#3367),#3371);
#3367 = LINE('',#3368,#3369);
#3368 = CARTESIAN_POINT('',(0.,26.));
#3369 = VECTOR('',#3370,1.);
#3370 = DIRECTION('',(1.,0.));
#3371 = ( GEOMETRIC_REPRESENTATION_CONTEXT(2) 
PARAMETRIC_REPRESENTATION_CONTEXT() REPRESENTATION_CONTEXT('2D SPACE',''
  ) );
#3372 = PCURVE('',#2902,#3373);
#3373 = DEFINITIONAL_REPRESENTATION('',(#3374),#3378);
#3374 = LINE('',#3375,#3376);
#3375 = CARTESIAN_POINT('',(26.,0.));
#3376 = VECTOR('',#3377,1.);
#3377 = DIRECTION('',(0.,1.));
#3378 = ( GEOMETRIC_REPRESENTATION_CONTEXT(2) 
PARAMETRIC_REPRESENTATION_CONTEXT() REPRESENTATION_CONTEXT('2D SPACE',''
  ) );
#3379 = ORIENTED_EDGE('',*,*,#3380,.T.);
#3380 = EDGE_CURVE('',#3358,#3178,#3381,.T.);
#3381 = SURFACE_CURVE('',#3382,(#3387,#3394),.PCURVE_S1.);
#3382 = CIRCLE('',#3383,7.);
#3383 = AXIS2_PLACEMENT_3D('',#3384,#3385,#3386);
#3384 = CARTESIAN_POINT('',(0.,23.,53.));
#3385 = DIRECTION('',(-0.,0.,1.));
#3386 = DIRECTION('',(0.820651806648,-0.571428571429,0.));
#3387 = PCURVE('',#3012,#3388);
#3388 = DEFINITIONAL_REPRESENTATION('',(#3389),#3393);
#3389 = CIRCLE('',#3390,7.);
#3390 = AXIS2_PLACEMENT_2D('',#3391,#3392);
#3391 = CARTESIAN_POINT('',(22.,30.));
#3392 = DIRECTION('',(0.820651806648,-0.571428571429));
#3393 = ( GEOMETRIC_REPRESENTATION_CONTEXT(2) 
PARAMETRIC_REPRESENTATION_CONTEXT() REPRESENTATION_CONTEXT('2D SPACE',''
  ) );
#3394 = PCURVE('',#3395,#3400);
#3395 = CYLINDRICAL_SURFACE('',#3396,7.);
#3396 = AXIS2_PLACEMENT_3D('',#3397,#3398,#3399);
#3397 = CARTESIAN_POINT('',(0.,23.,44.));
#3398 = DIRECTION('',(0.,0.,1.));
#3399 = DIRECTION('',(1.,0.,-0.));
#3400 = DEFINITIONAL_REPRESENTATION('',(#3401),#3405);
#3401 = LINE('',#3402,#3403);
#3402 = CARTESIAN_POINT('',(5.674939728269,9.));
#3403 = VECTOR('',#3404,1.);
#3404 = DIRECTION('',(1.,0.));
#3405 = ( GEOMETRIC_REPRESENTATION_CONTEXT(2) 
PARAMETRIC_REPRESENTATION_CONTEXT() REPRESENTATION_CONTEXT('2D SPACE',''
  ) );
#3406 = ADVANCED_FACE('',(#3407),#3395,.T.);
#3407 = FACE_BOUND('',#3408,.T.);
#3408 = EDGE_LOOP('',(#3409,#3723,#3751,#3966,#3994,#4013,#4014,#4035));
#3409 = ORIENTED_EDGE('',*,*,#3410,.T.);
#3410 = EDGE_CURVE('',#3411,#3413,#3415,.T.);
#3411 = VERTEX_POINT('',#3412);
#3412 = CARTESIAN_POINT('',(6.324555320337,20.,44.));
#3413 = VERTEX_POINT('',#3414);
#3414 = CARTESIAN_POINT('',(6.324555320337,26.,44.));
#3415 = SURFACE_CURVE('',#3416,(#3484,#3601),.PCURVE_S1.);
#3416 = B_SPLINE_CURVE_WITH_KNOTS('',6,(#3417,#3418,#3419,#3420,#3421,
    #3422,#3423,#3424,#3425,#3426,#3427,#3428,#3429,#3430,#3431,#3432,
    #3433,#3434,#3435,#3436,#3437,#3438,#3439,#3440,#3441,#3442,#3443,
    #3444,#3445,#3446,#3447,#3448,#3449,#3450,#3451,#3452,#3453,#3454,
    #3455,#3456,#3457,#3458,#3459,#3460,#3461,#3462,#3463,#3464,#3465,
    #3466,#3467,#3468,#3469,#3470,#3471,#3472,#3473,#3474,#3475,#3476,
    #3477,#3478,#3479,#3480,#3481,#3482,#3483),.UNSPECIFIED.,.F.,.F.,(7,
    5,5,5,5,5,5,5,5,5,5,5,5,7),(0.,9.225213582828E-02,0.220551409789,
    0.535684351916,0.629632553393,0.747338914621,0.840909553248,
    0.999999856188,1.157507170967,1.252033815667,1.370817329469,
    1.463960076349,1.778083088471,1.99990412102),.UNSPECIFIED.);
#3417 = CARTESIAN_POINT('',(6.324555320337,20.,44.));
#3418 = CARTESIAN_POINT('',(6.324555320337,20.,44.064147538478));
#3419 = CARTESIAN_POINT('',(6.325336088429,20.001645984745,
    44.128295138441));
#3420 = CARTESIAN_POINT('',(6.326897573307,20.004937896945,
    44.192403008233));
#3421 = CARTESIAN_POINT('',(6.329235847602,20.009875740622,
    44.256431557756));
#3422 = CARTESIAN_POINT('',(6.332343107884,20.016459581099,
    44.320341398471));
#3423 = CARTESIAN_POINT('',(6.341582304823,20.036135333072,
    44.47275609547));
#3424 = CARTESIAN_POINT('',(6.348421454556,20.050764166934,
    44.561107334839));
#3425 = CARTESIAN_POINT('',(6.356693798391,20.068577147866,
    44.649049689018));
#3426 = CARTESIAN_POINT('',(6.366354945956,20.089576826142,
    44.736482089664));
#3427 = CARTESIAN_POINT('',(6.377347441976,20.113767201047,
    44.823299772582));
#3428 = CARTESIAN_POINT('',(6.419697788782,20.208421401373,
    45.120862463522));
#3429 = CARTESIAN_POINT('',(6.457367015484,20.294892528583,
    45.327719237193));
#3430 = CARTESIAN_POINT('',(6.50160177254,20.400710702812,
    45.528855140432));
#3431 = CARTESIAN_POINT('',(6.551066040444,20.526336443781,
    45.722895999765));
#3432 = CARTESIAN_POINT('',(6.604029856307,20.67240803956,
    45.907977644429));
#3433 = CARTESIAN_POINT('',(6.674449588653,20.889438815284,
    46.133235090769));
#3434 = CARTESIAN_POINT('',(6.690740481427,20.941171823086,
    46.183954186437));
#3435 = CARTESIAN_POINT('',(6.707093013913,20.994820314065,
    46.233595536239));
#3436 = CARTESIAN_POINT('',(6.723445368862,21.050407614825,
    46.282084929734));
#3437 = CARTESIAN_POINT('',(6.739730805621,21.107955344168,
    46.329338919004));
#3438 = CARTESIAN_POINT('',(6.776107823787,21.24206528136,
    46.432804723087));
#3439 = CARTESIAN_POINT('',(6.796125205788,21.319773214566,
    46.488273591989));
#3440 = CARTESIAN_POINT('',(6.81578222243,21.400624981348,
    46.541468934478));
#3441 = CARTESIAN_POINT('',(6.834919307359,21.484627402519,
    46.59217093441));
#3442 = CARTESIAN_POINT('',(6.853366641717,21.571775695771,
    46.640141814578));
#3443 = CARTESIAN_POINT('',(6.884920498171,21.733818595097,
    46.720884731168));
#3444 = CARTESIAN_POINT('',(6.898348027275,21.807569313335,
    46.754760122984));
#3445 = CARTESIAN_POINT('',(6.911127636718,21.88324054377,
    46.786593476456));
#3446 = CARTESIAN_POINT('',(6.923159230608,21.960759341669,
    46.816232256614));
#3447 = CARTESIAN_POINT('',(6.934345295728,22.040044257478,
    46.843528656683));
#3448 = CARTESIAN_POINT('',(6.962015623512,22.258656687694,
    46.910521839907));
#3449 = CARTESIAN_POINT('',(6.976756294157,22.401398952634,
    46.945593359044));
#3450 = CARTESIAN_POINT('',(6.988250679802,22.548123971665,
    46.972584977641));
#3451 = CARTESIAN_POINT('',(6.996074641353,22.697633812751,
    46.99084081359));
#3452 = CARTESIAN_POINT('',(7.,22.848679410498,47.));
#3453 = CARTESIAN_POINT('',(7.,23.149814911926,47.));
#3454 = CARTESIAN_POINT('',(6.996152369497,23.299379273465,
    46.991022180558));
#3455 = CARTESIAN_POINT('',(6.988481242828,23.447459244368,
    46.973122955882));
#3456 = CARTESIAN_POINT('',(6.977206064408,23.592832279975,
    46.946649538421));
#3457 = CARTESIAN_POINT('',(6.962736455709,23.734325065231,
    46.912236440838));
#3458 = CARTESIAN_POINT('',(6.935345629887,23.952785293577,
    46.845967536007));
#3459 = CARTESIAN_POINT('',(6.924107928084,24.03301742793,
    46.818565120574));
#3460 = CARTESIAN_POINT('',(6.912001364837,24.111452840354,
    46.788762779224));
#3461 = CARTESIAN_POINT('',(6.899126487257,24.188006189051,
    46.75671298169));
#3462 = CARTESIAN_POINT('',(6.885586664723,24.262601018452,
    46.722573350656));
#3463 = CARTESIAN_POINT('',(6.853767206104,24.426360693811,
    46.641186277712));
#3464 = CARTESIAN_POINT('',(6.835160321994,24.514365393323,
    46.592816860491));
#3465 = CARTESIAN_POINT('',(6.81584894005,24.59916606998,46.54166291889)
  );
#3466 = CARTESIAN_POINT('',(6.796007706329,24.680757655927,
    46.487969001943));
#3467 = CARTESIAN_POINT('',(6.775800639204,24.759147130214,
    46.431961042238));
#3468 = CARTESIAN_POINT('',(6.739366164966,24.893324530223,46.3282775735
    ));
#3469 = CARTESIAN_POINT('',(6.723218222012,24.950349819585,
    46.281404365175));
#3470 = CARTESIAN_POINT('',(6.707005277826,25.005448094631,
    46.233317647206));
#3471 = CARTESIAN_POINT('',(6.690792355019,25.058640433676,
    46.184098705313));
#3472 = CARTESIAN_POINT('',(6.674639707135,25.10994959827,
    46.133819861992));
#3473 = CARTESIAN_POINT('',(6.604518567535,25.326171146208,
    45.909618735409));
#3474 = CARTESIAN_POINT('',(6.551701682387,25.471952786623,
    45.72520068804));
#3475 = CARTESIAN_POINT('',(6.502348599334,25.59741117664,
    45.531864949037));
#3476 = CARTESIAN_POINT('',(6.458175209746,25.703180586207,
    45.331460695165));
#3477 = CARTESIAN_POINT('',(6.420508103778,25.789719571157,
    45.125351246536));
#3478 = CARTESIAN_POINT('',(6.36905180699,25.904806632294,
    44.765838279881));
#3479 = CARTESIAN_POINT('',(6.351511978602,25.942892236231,
    44.614840564545));
#3480 = CARTESIAN_POINT('',(6.338100435747,25.971445304496,
    44.462218651465));
#3481 = CARTESIAN_POINT('',(6.329071167152,25.990479260635,
    44.308522950632));
#3482 = CARTESIAN_POINT('',(6.324555320335,26.000000000001,
    44.15428109197));
#3483 = CARTESIAN_POINT('',(6.324555320337,26.,44.));
#3484 = PCURVE('',#3395,#3485);
#3485 = DEFINITIONAL_REPRESENTATION('',(#3486),#3600);
#3486 = B_SPLINE_CURVE_WITH_KNOTS('',3,(#3487,#3488,#3489,#3490,#3491,
    #3492,#3493,#3494,#3495,#3496,#3497,#3498,#3499,#3500,#3501,#3502,
    #3503,#3504,#3505,#3506,#3507,#3508,#3509,#3510,#3511,#3512,#3513,
    #3514,#3515,#3516,#3517,#3518,#3519,#3520,#3521,#3522,#3523,#3524,
    #3525,#3526,#3527,#3528,#3529,#3530,#3531,#3532,#3533,#3534,#3535,
    #3536,#3537,#3538,#3539,#3540,#3541,#3542,#3543,#3544,#3545,#3546,
    #3547,#3548,#3549,#3550,#3551,#3552,#3553,#3554,#3555,#3556,#3557,
    #3558,#3559,#3560,#3561,#3562,#3563,#3564,#3565,#3566,#3567,#3568,
    #3569,#3570,#3571,#3572,#3573,#3574,#3575,#3576,#3577,#3578,#3579,
    #3580,#3581,#3582,#3583,#3584,#3585,#3586,#3587,#3588,#3589,#3590,
    #3591,#3592,#3593,#3594,#3595,#3596,#3597,#3598,#3599),
  .UNSPECIFIED.,.F.,.F.,(4,1,1,1,1,1,1,1,1,1,1,1,1,1,1,1,1,1,1,1,1,1,1,1
    ,1,1,1,1,1,1,1,1,1,1,1,1,1,1,1,1,1,1,1,1,1,1,1,1,1,1,1,1,1,1,1,1,1,1
    ,1,1,1,1,1,1,1,1,1,1,1,1,1,1,1,1,1,1,1,1,1,1,1,1,1,1,1,1,1,1,1,1,1,1
    ,1,1,1,1,1,1,1,1,1,1,1,1,1,1,1,1,1,1,4),(0.,1.818094655473E-02,
    3.636189310945E-02,5.454283966418E-02,7.27237862189E-02,
    9.090473277363E-02,0.109085679328,0.127266625883,0.145447572438,
    0.163628518993,0.181809465547,0.199990412102,0.218171358657,
    0.236352305211,0.254533251766,0.272714198321,0.290895144876,
    0.30907609143,0.327257037985,0.34543798454,0.363618931095,
    0.381799877649,0.399980824204,0.418161770759,0.436342717313,
    0.454523663868,0.472704610423,0.490885556978,0.509066503532,
    0.527247450087,0.545428396642,0.563609343197,0.581790289751,
    0.599971236306,0.618152182861,0.636333129415,0.65451407597,
    0.672695022525,0.69087596908,0.709056915634,0.727237862189,
    0.745418808744,0.763599755299,0.781780701853,0.799961648408,
    0.818142594963,0.836323541517,0.854504488072,0.872685434627,
    0.890866381182,0.909047327736,0.927228274291,0.945409220846,
    0.9635901674,0.981771113955,0.99995206051,1.018133007065,
    1.036313953619,1.054494900174,1.072675846729,1.090856793284,
    1.109037739838,1.127218686393,1.145399632948,1.163580579502,
    1.181761526057,1.199942472612,1.218123419167,1.236304365721,
    1.254485312276,1.272666258831,1.290847205386,1.30902815194,
    1.327209098495,1.34539004505,1.363570991604,1.381751938159,
    1.399932884714,1.418113831269,1.436294777823,1.454475724378,
    1.472656670933,1.490837617488,1.509018564042,1.527199510597,
    1.545380457152,1.563561403706,1.581742350261,1.599923296816,
    1.618104243371,1.636285189925,1.65446613648,1.672647083035,
    1.69082802959,1.709008976144,1.727189922699,1.745370869254,
    1.763551815808,1.781732762363,1.799913708918,1.818094655473,
    1.836275602027,1.854456548582,1.872637495137,1.890818441692,
    1.908999388246,1.927180334801,1.945361281356,1.96354222791,
    1.981723174465,1.99990412102),.QUASI_UNIFORM_KNOTS.);
#3487 = CARTESIAN_POINT('',(5.840274263106,7.105427357601E-15));
#3488 = CARTESIAN_POINT('',(5.840274252753,2.528425773493E-02));
#3489 = CARTESIAN_POINT('',(5.840375354103,7.585276378438E-02));
#3490 = CARTESIAN_POINT('',(5.840830163655,0.151669106971));
#3491 = CARTESIAN_POINT('',(5.841587971711,0.227412651881));
#3492 = CARTESIAN_POINT('',(5.842648445594,0.303046997795));
#3493 = CARTESIAN_POINT('',(5.844011155568,0.378536468846));
#3494 = CARTESIAN_POINT('',(5.845675497936,0.453843164863));
#3495 = CARTESIAN_POINT('',(5.847640777675,0.528930601009));
#3496 = CARTESIAN_POINT('',(5.849906297351,0.603765563686));
#3497 = CARTESIAN_POINT('',(5.852471256757,0.678313238936));
#3498 = CARTESIAN_POINT('',(5.85533479691,0.752538785692));
#3499 = CARTESIAN_POINT('',(5.858495940991,0.826405852565));
#3500 = CARTESIAN_POINT('',(5.861953806758,0.899880937431));
#3501 = CARTESIAN_POINT('',(5.86570683863,0.972917432302));
#3502 = CARTESIAN_POINT('',(5.869753083407,1.045466328116));
#3503 = CARTESIAN_POINT('',(5.874092098797,1.117506348367));
#3504 = CARTESIAN_POINT('',(5.87872318533,1.189007576813));
#3505 = CARTESIAN_POINT('',(5.883645836853,1.259940722056));
#3506 = CARTESIAN_POINT('',(5.888859614043,1.330274501806));
#3507 = CARTESIAN_POINT('',(5.894364172898,1.399976209872));
#3508 = CARTESIAN_POINT('',(5.900159252102,1.469011429761));
#3509 = CARTESIAN_POINT('',(5.906244671795,1.537343976371));
#3510 = CARTESIAN_POINT('',(5.912620329683,1.604935775904));
#3511 = CARTESIAN_POINT('',(5.919286198323,1.671746762056));
#3512 = CARTESIAN_POINT('',(5.926242322309,1.737734766085));
#3513 = CARTESIAN_POINT('',(5.933488816678,1.802855412338));
#3514 = CARTESIAN_POINT('',(5.941025862606,1.867061995273));
#3515 = CARTESIAN_POINT('',(5.948853714868,1.930305422286));
#3516 = CARTESIAN_POINT('',(5.956972667153,1.992533909035));
#3517 = CARTESIAN_POINT('',(5.965383176505,2.053693596218));
#3518 = CARTESIAN_POINT('',(5.974085395835,2.113725725256));
#3519 = CARTESIAN_POINT('',(5.98308304526,2.172590971992));
#3520 = CARTESIAN_POINT('',(5.992377232791,2.230226056785));
#3521 = CARTESIAN_POINT('',(6.00196927386,2.286565415609));
#3522 = CARTESIAN_POINT('',(6.011860428136,2.341538570328));
#3523 = CARTESIAN_POINT('',(6.022051608491,2.395068999027));
#3524 = CARTESIAN_POINT('',(6.032545574777,2.447084836931));
#3525 = CARTESIAN_POINT('',(6.043341738306,2.497492584597));
#3526 = CARTESIAN_POINT('',(6.054439476308,2.546196239569));
#3527 = CARTESIAN_POINT('',(6.065837919342,2.593095793536));
#3528 = CARTESIAN_POINT('',(6.077536122838,2.638087891665));
#3529 = CARTESIAN_POINT('',(6.089532663965,2.681064456624));
#3530 = CARTESIAN_POINT('',(6.101827152004,2.72191729168));
#3531 = CARTESIAN_POINT('',(6.114412542699,2.76051383015));
#3532 = CARTESIAN_POINT('',(6.127279304268,2.796717254496));
#3533 = CARTESIAN_POINT('',(6.14041849479,2.830395811087));
#3534 = CARTESIAN_POINT('',(6.153819354693,2.861416641042));
#3535 = CARTESIAN_POINT('',(6.167475956399,2.889660554482));
#3536 = CARTESIAN_POINT('',(6.181379067841,2.914999519024));
#3537 = CARTESIAN_POINT('',(6.195496764097,2.937274665067));
#3538 = CARTESIAN_POINT('',(6.209802078675,2.956357584647));
#3539 = CARTESIAN_POINT('',(6.224266465379,2.972135394566));
#3540 = CARTESIAN_POINT('',(6.238861448596,2.984514553791));
#3541 = CARTESIAN_POINT('',(6.253558752175,2.993419700034));
#3542 = CARTESIAN_POINT('',(6.2683282946,2.998793857028));
#3543 = CARTESIAN_POINT('',(6.283146214659,3.000598341541));
#3544 = CARTESIAN_POINT('',(6.297964888601,2.998812702408));
#3545 = CARTESIAN_POINT('',(6.312736078481,2.993456538227));
#3546 = CARTESIAN_POINT('',(6.327435744685,2.984568067436));
#3547 = CARTESIAN_POINT('',(6.342033513734,2.97220402423));
#3548 = CARTESIAN_POINT('',(6.35650085086,2.956439793009));
#3549 = CARTESIAN_POINT('',(6.370809017819,2.937369176779));
#3550 = CARTESIAN_POINT('',(6.384929205995,2.915105596157));
#3551 = CARTESIAN_POINT('',(6.398834209015,2.889778136895));
#3552 = CARTESIAN_POINT('',(6.412491793314,2.861546977687));
#3553 = CARTESIAN_POINT('',(6.42589504953,2.830535097831));
#3554 = CARTESIAN_POINT('',(6.439036528198,2.796864602742));
#3555 = CARTESIAN_POINT('',(6.451905712864,2.760667859954));
#3556 = CARTESIAN_POINT('',(6.464493456626,2.722077112435));
#3557 = CARTESIAN_POINT('',(6.476790055663,2.68122986724));
#3558 = CARTESIAN_POINT('',(6.488788655676,2.638258184688));
#3559 = CARTESIAN_POINT('',(6.500488908654,2.593270122715));
#3560 = CARTESIAN_POINT('',(6.511889372345,2.546373853717));
#3561 = CARTESIAN_POINT('',(6.522989101132,2.497672759925));
#3562 = CARTESIAN_POINT('',(6.533787214513,2.447266926206));
#3563 = CARTESIAN_POINT('',(6.544283101648,2.395252315652));
#3564 = CARTESIAN_POINT('',(6.554476105064,2.341722816588));
#3565 = CARTESIAN_POINT('',(6.564369011312,2.286750222955));
#3566 = CARTESIAN_POINT('',(6.573962757096,2.230410969121));
#3567 = CARTESIAN_POINT('',(6.58325859741,2.172775589975));
#3568 = CARTESIAN_POINT('',(6.592257844661,2.113909705953));
#3569 = CARTESIAN_POINT('',(6.600961641049,2.05387638951));
#3570 = CARTESIAN_POINT('',(6.609373672649,1.992715209328));
#3571 = CARTESIAN_POINT('',(6.617494072351,1.930485122248));
#3572 = CARTESIAN_POINT('',(6.625323309641,1.867239944913));
#3573 = CARTESIAN_POINT('',(6.632861681735,1.803031475806));
#3574 = CARTESIAN_POINT('',(6.640109449039,1.737908799138));
#3575 = CARTESIAN_POINT('',(6.647066797447,1.671918611219));
#3576 = CARTESIAN_POINT('',(6.65373384654,1.605105272251));
#3577 = CARTESIAN_POINT('',(6.660110645022,1.537510931182));
#3578 = CARTESIAN_POINT('',(6.66619716912,1.469175630129));
#3579 = CARTESIAN_POINT('',(6.671993319713,1.400137414649));
#3580 = CARTESIAN_POINT('',(6.677498919544,1.330432438309));
#3581 = CARTESIAN_POINT('',(6.682713709361,1.260095081399));
#3582 = CARTESIAN_POINT('',(6.687637346292,1.189158016008));
#3583 = CARTESIAN_POINT('',(6.69226939245,1.117652468747));
#3584 = CARTESIAN_POINT('',(6.696609338509,1.045607743695));
#3585 = CARTESIAN_POINT('',(6.700656495333,0.973053504066));
#3586 = CARTESIAN_POINT('',(6.704410376594,0.900011755983));
#3587 = CARTESIAN_POINT('',(6.707869128384,0.826529726464));
#3588 = CARTESIAN_POINT('',(6.711031278858,0.752651064308));
#3589 = CARTESIAN_POINT('',(6.71389579992,0.678411513247));
#3590 = CARTESIAN_POINT('',(6.716461658517,0.603848437105));
#3591 = CARTESIAN_POINT('',(6.718727940319,0.528998274561));
#3592 = CARTESIAN_POINT('',(6.720693819592,0.45389722809));
#3593 = CARTESIAN_POINT('',(6.722358569726,0.37858108658));
#3594 = CARTESIAN_POINT('',(6.723721562706,0.303085279088));
#3595 = CARTESIAN_POINT('',(6.724782269974,0.227444870339));
#3596 = CARTESIAN_POINT('',(6.725540266472,0.151694558124));
#3597 = CARTESIAN_POINT('',(6.725995218289,7.586872137137E-02));
#3598 = CARTESIAN_POINT('',(6.726096359656,2.52904161964E-02));
#3599 = CARTESIAN_POINT('',(6.726096351253,7.105427357601E-15));
#3600 = ( GEOMETRIC_REPRESENTATION_CONTEXT(2) 
PARAMETRIC_REPRESENTATION_CONTEXT() REPRESENTATION_CONTEXT('2D SPACE',''
  ) );
#3601 = PCURVE('',#3602,#3607);
#3602 = CYLINDRICAL_SURFACE('',#3603,3.);
#3603 = AXIS2_PLACEMENT_3D('',#3604,#3605,#3606);
#3604 = CARTESIAN_POINT('',(-13.5,23.,44.));
#3605 = DIRECTION('',(1.,0.,2.22044604925E-16));
#3606 = DIRECTION('',(2.22044604925E-16,0.,-1.));
#3607 = DEFINITIONAL_REPRESENTATION('',(#3608),#3722);
#3608 = B_SPLINE_CURVE_WITH_KNOTS('',3,(#3609,#3610,#3611,#3612,#3613,
    #3614,#3615,#3616,#3617,#3618,#3619,#3620,#3621,#3622,#3623,#3624,
    #3625,#3626,#3627,#3628,#3629,#3630,#3631,#3632,#3633,#3634,#3635,
    #3636,#3637,#3638,#3639,#3640,#3641,#3642,#3643,#3644,#3645,#3646,
    #3647,#3648,#3649,#3650,#3651,#3652,#3653,#3654,#3655,#3656,#3657,
    #3658,#3659,#3660,#3661,#3662,#3663,#3664,#3665,#3666,#3667,#3668,
    #3669,#3670,#3671,#3672,#3673,#3674,#3675,#3676,#3677,#3678,#3679,
    #3680,#3681,#3682,#3683,#3684,#3685,#3686,#3687,#3688,#3689,#3690,
    #3691,#3692,#3693,#3694,#3695,#3696,#3697,#3698,#3699,#3700,#3701,
    #3702,#3703,#3704,#3705,#3706,#3707,#3708,#3709,#3710,#3711,#3712,
    #3713,#3714,#3715,#3716,#3717,#3718,#3719,#3720,#3721),
  .UNSPECIFIED.,.F.,.F.,(4,1,1,1,1,1,1,1,1,1,1,1,1,1,1,1,1,1,1,1,1,1,1,1
    ,1,1,1,1,1,1,1,1,1,1,1,1,1,1,1,1,1,1,1,1,1,1,1,1,1,1,1,1,1,1,1,1,1,1
    ,1,1,1,1,1,1,1,1,1,1,1,1,1,1,1,1,1,1,1,1,1,1,1,1,1,1,1,1,1,1,1,1,1,1
    ,1,1,1,1,1,1,1,1,1,1,1,1,1,1,1,1,1,1,4),(0.,1.818094655473E-02,
    3.636189310945E-02,5.454283966418E-02,7.27237862189E-02,
    9.090473277363E-02,0.109085679328,0.127266625883,0.145447572438,
    0.163628518993,0.181809465547,0.199990412102,0.218171358657,
    0.236352305211,0.254533251766,0.272714198321,0.290895144876,
    0.30907609143,0.327257037985,0.34543798454,0.363618931095,
    0.381799877649,0.399980824204,0.418161770759,0.436342717313,
    0.454523663868,0.472704610423,0.490885556978,0.509066503532,
    0.527247450087,0.545428396642,0.563609343197,0.581790289751,
    0.599971236306,0.618152182861,0.636333129415,0.65451407597,
    0.672695022525,0.69087596908,0.709056915634,0.727237862189,
    0.745418808744,0.763599755299,0.781780701853,0.799961648408,
    0.818142594963,0.836323541517,0.854504488072,0.872685434627,
    0.890866381182,0.909047327736,0.927228274291,0.945409220846,
    0.9635901674,0.981771113955,0.99995206051,1.018133007065,
    1.036313953619,1.054494900174,1.072675846729,1.090856793284,
    1.109037739838,1.127218686393,1.145399632948,1.163580579502,
    1.181761526057,1.199942472612,1.218123419167,1.236304365721,
    1.254485312276,1.272666258831,1.290847205386,1.30902815194,
    1.327209098495,1.34539004505,1.363570991604,1.381751938159,
    1.399932884714,1.418113831269,1.436294777823,1.454475724378,
    1.472656670933,1.490837617488,1.509018564042,1.527199510597,
    1.545380457152,1.563561403706,1.581742350261,1.599923296816,
    1.618104243371,1.636285189925,1.65446613648,1.672647083035,
    1.69082802959,1.709008976144,1.727189922699,1.745370869254,
    1.763551815808,1.781732762363,1.799913708918,1.818094655473,
    1.836275602027,1.854456548582,1.872637495137,1.890818441692,
    1.908999388246,1.927180334801,1.945361281356,1.96354222791,
    1.981723174465,1.99990412102),.QUASI_UNIFORM_KNOTS.);
#3609 = CARTESIAN_POINT('',(4.712388980385,19.824555320337));
#3610 = CARTESIAN_POINT('',(4.703960892926,19.82455514492));
#3611 = CARTESIAN_POINT('',(4.687104726563,19.824858711235));
#3612 = CARTESIAN_POINT('',(4.661816445916,19.826222400536));
#3613 = CARTESIAN_POINT('',(4.636520086637,19.828491845984));
#3614 = CARTESIAN_POINT('',(4.611211568896,19.831661566093));
#3615 = CARTESIAN_POINT('',(4.585886522926,19.835724212631));
#3616 = CARTESIAN_POINT('',(4.56054126412,19.840670172109));
#3617 = CARTESIAN_POINT('',(4.535171553516,19.846487815512));
#3618 = CARTESIAN_POINT('',(4.509771939971,19.853163776074));
#3619 = CARTESIAN_POINT('',(4.484337379646,19.860682740251));
#3620 = CARTESIAN_POINT('',(4.458862680542,19.869027542135));
#3621 = CARTESIAN_POINT('',(4.433342992596,19.878178992393));
#3622 = CARTESIAN_POINT('',(4.407772264255,19.888116468094));
#3623 = CARTESIAN_POINT('',(4.382148782865,19.89881572448));
#3624 = CARTESIAN_POINT('',(4.356471600291,19.910249919722));
#3625 = CARTESIAN_POINT('',(4.33072970212,19.92239482971));
#3626 = CARTESIAN_POINT('',(4.304914655851,19.935223847515));
#3627 = CARTESIAN_POINT('',(4.279017330876,19.94870923565));
#3628 = CARTESIAN_POINT('',(4.253028764433,19.962821749909));
#3629 = CARTESIAN_POINT('',(4.226939916197,19.977530698619));
#3630 = CARTESIAN_POINT('',(4.200741719859,19.992803884299));
#3631 = CARTESIAN_POINT('',(4.174425053986,20.008607575903));
#3632 = CARTESIAN_POINT('',(4.147980733078,20.02490647192));
#3633 = CARTESIAN_POINT('',(4.121399491239,20.041663665108));
#3634 = CARTESIAN_POINT('',(4.094671966252,20.058840605448));
#3635 = CARTESIAN_POINT('',(4.06778867882,20.076397064185));
#3636 = CARTESIAN_POINT('',(4.040740018599,20.094291090961));
#3637 = CARTESIAN_POINT('',(4.013516194072,20.112478993083));
#3638 = CARTESIAN_POINT('',(3.986107304966,20.130915228796));
#3639 = CARTESIAN_POINT('',(3.958502943832,20.149552618013));
#3640 = CARTESIAN_POINT('',(3.930693540216,20.168341364832));
#3641 = CARTESIAN_POINT('',(3.902658467775,20.18723705675));
#3642 = CARTESIAN_POINT('',(3.874385852314,20.206187086717));
#3643 = CARTESIAN_POINT('',(3.845862970899,20.225137032097));
#3644 = CARTESIAN_POINT('',(3.817077191188,20.244029943141));
#3645 = CARTESIAN_POINT('',(3.788016629983,20.262805878866));
#3646 = CARTESIAN_POINT('',(3.758663956356,20.28140571472));
#3647 = CARTESIAN_POINT('',(3.729010923483,20.299761819611));
#3648 = CARTESIAN_POINT('',(3.699048528558,20.317804607118));
#3649 = CARTESIAN_POINT('',(3.668767632357,20.335462175087));
#3650 = CARTESIAN_POINT('',(3.638158437001,20.352660663683));
#3651 = CARTESIAN_POINT('',(3.607211445991,20.369323840706));
#3652 = CARTESIAN_POINT('',(3.5759135923,20.385375059406));
#3653 = CARTESIAN_POINT('',(3.544267553367,20.400727847196));
#3654 = CARTESIAN_POINT('',(3.51228035479,20.415293696994));
#3655 = CARTESIAN_POINT('',(3.479955704874,20.428986204141));
#3656 = CARTESIAN_POINT('',(3.447299968356,20.441718973777));
#3657 = CARTESIAN_POINT('',(3.41430605804,20.453412128798));
#3658 = CARTESIAN_POINT('',(3.380973527937,20.463983522262));
#3659 = CARTESIAN_POINT('',(3.347354065849,20.473339621821));
#3660 = CARTESIAN_POINT('',(3.313484751185,20.481401536085));
#3661 = CARTESIAN_POINT('',(3.279404320534,20.488099535073));
#3662 = CARTESIAN_POINT('',(3.245149506216,20.493375203018));
#3663 = CARTESIAN_POINT('',(3.210755122084,20.497181443969));
#3664 = CARTESIAN_POINT('',(3.17625905279,20.499482957291));
#3665 = CARTESIAN_POINT('',(3.141683854568,20.500256494254));
#3666 = CARTESIAN_POINT('',(3.107106986697,20.499491033804));
#3667 = CARTESIAN_POINT('',(3.072607332963,20.497197208331));
#3668 = CARTESIAN_POINT('',(3.038207846799,20.493398047438));
#3669 = CARTESIAN_POINT('',(3.003947070821,20.488128732474));
#3670 = CARTESIAN_POINT('',(2.969860400795,20.481436357491));
#3671 = CARTESIAN_POINT('',(2.935985167262,20.473379441867));
#3672 = CARTESIAN_POINT('',(2.902360719535,20.464027935448));
#3673 = CARTESIAN_POINT('',(2.869024709099,20.453461007602));
#3674 = CARTESIAN_POINT('',(2.836029606815,20.441772713711));
#3675 = CARTESIAN_POINT('',(2.803369324929,20.429043113003));
#3676 = CARTESIAN_POINT('',(2.771040419575,20.415353300554));
#3677 = CARTESIAN_POINT('',(2.739048653694,20.400789475273));
#3678 = CARTESIAN_POINT('',(2.707398221971,20.385438250991));
#3679 = CARTESIAN_POINT('',(2.676096586922,20.369388411195));
#3680 = CARTESIAN_POINT('',(2.645145945455,20.352726232276));
#3681 = CARTESIAN_POINT('',(2.614533110179,20.335528318284));
#3682 = CARTESIAN_POINT('',(2.584248626495,20.317870948349));
#3683 = CARTESIAN_POINT('',(2.554282691241,20.299828004329));
#3684 = CARTESIAN_POINT('',(2.524626188384,20.281471428408));
#3685 = CARTESIAN_POINT('',(2.495270074023,20.262870806626));
#3686 = CARTESIAN_POINT('',(2.466206291737,20.244093918745));
#3687 = CARTESIAN_POINT('',(2.437417437347,20.225199871819));
#3688 = CARTESIAN_POINT('',(2.408891557682,20.206248585597));
#3689 = CARTESIAN_POINT('',(2.380616031243,20.187297039619));
#3690 = CARTESIAN_POINT('',(2.352578143604,20.168399684424));
#3691 = CARTESIAN_POINT('',(2.324765909243,20.14960907279));
#3692 = CARTESIAN_POINT('',(2.297158804565,20.130969707332));
#3693 = CARTESIAN_POINT('',(2.269747329361,20.112531449967));
#3694 = CARTESIAN_POINT('',(2.242521039584,20.094341473052));
#3695 = CARTESIAN_POINT('',(2.215470026394,20.076445328288));
#3696 = CARTESIAN_POINT('',(2.188584481617,20.05888671186));
#3697 = CARTESIAN_POINT('',(2.161854779869,20.041707578003));
#3698 = CARTESIAN_POINT('',(2.135271425865,20.02494815828));
#3699 = CARTESIAN_POINT('',(2.10882504118,20.008647005216));
#3700 = CARTESIAN_POINT('',(2.082506343335,19.992841028447));
#3701 = CARTESIAN_POINT('',(2.05630612992,19.977565532082));
#3702 = CARTESIAN_POINT('',(2.030215262439,19.962854250343));
#3703 = CARTESIAN_POINT('',(2.004224656791,19.94873938453));
#3704 = CARTESIAN_POINT('',(1.978325256418,19.935251632043));
#3705 = CARTESIAN_POINT('',(1.95250807544,19.922420241484));
#3706 = CARTESIAN_POINT('',(1.926763984858,19.910272967037));
#3707 = CARTESIAN_POINT('',(1.901084460559,19.898836395286));
#3708 = CARTESIAN_POINT('',(1.875458743538,19.88813487865));
#3709 = CARTESIAN_POINT('',(1.849885250308,19.878195001475));
#3710 = CARTESIAN_POINT('',(1.824361268353,19.869040741101));
#3711 = CARTESIAN_POINT('',(1.798881539315,19.860693138406));
#3712 = CARTESIAN_POINT('',(1.773441557149,19.853171572232));
#3713 = CARTESIAN_POINT('',(1.748036663576,19.84649339813));
#3714 = CARTESIAN_POINT('',(1.722662269228,19.840674024967));
#3715 = CARTESIAN_POINT('',(1.697313772914,19.835726875793));
#3716 = CARTESIAN_POINT('',(1.671986561259,19.831663373775));
#3717 = CARTESIAN_POINT('',(1.646675987694,19.828492943613));
#3718 = CARTESIAN_POINT('',(1.621377352993,19.826222925979));
#3719 = CARTESIAN_POINT('',(1.59608590004,19.824858824363));
#3720 = CARTESIAN_POINT('',(1.579226466845,19.82455514763));
#3721 = CARTESIAN_POINT('',(1.570796326795,19.824555320337));
#3722 = ( GEOMETRIC_REPRESENTATION_CONTEXT(2) 
PARAMETRIC_REPRESENTATION_CONTEXT() REPRESENTATION_CONTEXT('2D SPACE',''
  ) );
#3723 = ORIENTED_EDGE('',*,*,#3724,.T.);
#3724 = EDGE_CURVE('',#3413,#3725,#3727,.T.);
#3725 = VERTEX_POINT('',#3726);
#3726 = CARTESIAN_POINT('',(-6.324555320337,26.,44.));
#3727 = SURFACE_CURVE('',#3728,(#3733,#3739),.PCURVE_S1.);
#3728 = CIRCLE('',#3729,7.);
#3729 = AXIS2_PLACEMENT_3D('',#3730,#3731,#3732);
#3730 = CARTESIAN_POINT('',(0.,23.,44.));
#3731 = DIRECTION('',(0.,0.,1.));
#3732 = DIRECTION('',(1.,0.,-0.));
#3733 = PCURVE('',#3395,#3734);
#3734 = DEFINITIONAL_REPRESENTATION('',(#3735),#3738);
#3735 = B_SPLINE_CURVE_WITH_KNOTS('',1,(#3736,#3737),.UNSPECIFIED.,.F.,
  .F.,(2,2),(0.442911044074,2.698681609516),.PIECEWISE_BEZIER_KNOTS.);
#3736 = CARTESIAN_POINT('',(6.726096351253,0.));
#3737 = CARTESIAN_POINT('',(8.981866916696,0.));
#3738 = ( GEOMETRIC_REPRESENTATION_CONTEXT(2) 
PARAMETRIC_REPRESENTATION_CONTEXT() REPRESENTATION_CONTEXT('2D SPACE',''
  ) );
#3739 = PCURVE('',#3740,#3745);
#3740 = PLANE('',#3741);
#3741 = AXIS2_PLACEMENT_3D('',#3742,#3743,#3744);
#3742 = CARTESIAN_POINT('',(0.,23.,44.));
#3743 = DIRECTION('',(0.,0.,1.));
#3744 = DIRECTION('',(1.,0.,-0.));
#3745 = DEFINITIONAL_REPRESENTATION('',(#3746),#3750);
#3746 = CIRCLE('',#3747,7.);
#3747 = AXIS2_PLACEMENT_2D('',#3748,#3749);
#3748 = CARTESIAN_POINT('',(0.,0.));
#3749 = DIRECTION('',(1.,0.));
#3750 = ( GEOMETRIC_REPRESENTATION_CONTEXT(2) 
PARAMETRIC_REPRESENTATION_CONTEXT() REPRESENTATION_CONTEXT('2D SPACE',''
  ) );
#3751 = ORIENTED_EDGE('',*,*,#3752,.T.);
#3752 = EDGE_CURVE('',#3725,#3753,#3755,.T.);
#3753 = VERTEX_POINT('',#3754);
#3754 = CARTESIAN_POINT('',(-6.324555320337,20.,44.));
#3755 = SURFACE_CURVE('',#3756,(#3824,#3895),.PCURVE_S1.);
#3756 = B_SPLINE_CURVE_WITH_KNOTS('',6,(#3757,#3758,#3759,#3760,#3761,
    #3762,#3763,#3764,#3765,#3766,#3767,#3768,#3769,#3770,#3771,#3772,
    #3773,#3774,#3775,#3776,#3777,#3778,#3779,#3780,#3781,#3782,#3783,
    #3784,#3785,#3786,#3787,#3788,#3789,#3790,#3791,#3792,#3793,#3794,
    #3795,#3796,#3797,#3798,#3799,#3800,#3801,#3802,#3803,#3804,#3805,
    #3806,#3807,#3808,#3809,#3810,#3811,#3812,#3813,#3814,#3815,#3816,
    #3817,#3818,#3819,#3820,#3821,#3822,#3823),.UNSPECIFIED.,.F.,.F.,(7,
    5,5,5,5,5,5,5,5,5,5,5,5,7),(0.,0.110915889607,0.267984903091,
    0.314558502608,0.373953098394,0.4212186799,0.499976101562,
    0.579525055036,0.626312610538,0.68516860415,0.732144950105,
    0.889718952358,0.953871655493,1.),.UNSPECIFIED.);
#3757 = CARTESIAN_POINT('',(-6.324555320337,26.,43.9999994));
#3758 = CARTESIAN_POINT('',(-6.3245553057,26.000000030856,
    44.154280592097));
#3759 = CARTESIAN_POINT('',(-6.329071143742,25.990479309984,
    44.308522552149));
#3760 = CARTESIAN_POINT('',(-6.338100409668,25.971445360017,
    44.462218354691));
#3761 = CARTESIAN_POINT('',(-6.351511955865,25.942892285603,
    44.614840368802));
#3762 = CARTESIAN_POINT('',(-6.369051793186,25.904806663168,
    44.765838183435));
#3763 = CARTESIAN_POINT('',(-6.420508103778,25.789719571157,
    45.125351246536));
#3764 = CARTESIAN_POINT('',(-6.458175209746,25.703180586207,
    45.331460695165));
#3765 = CARTESIAN_POINT('',(-6.502348599334,25.59741117664,
    45.531864949037));
#3766 = CARTESIAN_POINT('',(-6.551701682387,25.471952786623,
    45.72520068804));
#3767 = CARTESIAN_POINT('',(-6.604518567535,25.326171146208,
    45.909618735409));
#3768 = CARTESIAN_POINT('',(-6.674639707135,25.10994959827,
    46.133819861992));
#3769 = CARTESIAN_POINT('',(-6.690792355019,25.058640433676,
    46.184098705313));
#3770 = CARTESIAN_POINT('',(-6.707005277826,25.005448094631,
    46.233317647206));
#3771 = CARTESIAN_POINT('',(-6.723218222012,24.950349819585,
    46.281404365175));
#3772 = CARTESIAN_POINT('',(-6.739366164966,24.893324530223,
    46.3282775735));
#3773 = CARTESIAN_POINT('',(-6.775800639205,24.75914713021,
    46.431961042241));
#3774 = CARTESIAN_POINT('',(-6.796007706329,24.680757655928,
    46.487969001942));
#3775 = CARTESIAN_POINT('',(-6.815848940049,24.599166069984,
    46.541662918888));
#3776 = CARTESIAN_POINT('',(-6.835160321994,24.514365393325,
    46.592816860491));
#3777 = CARTESIAN_POINT('',(-6.853767206105,24.426360693806,
    46.641186277715));
#3778 = CARTESIAN_POINT('',(-6.885586664723,24.262601018452,
    46.722573350656));
#3779 = CARTESIAN_POINT('',(-6.899126487257,24.188006189051,
    46.756712981689));
#3780 = CARTESIAN_POINT('',(-6.912001364837,24.111452840354,
    46.788762779224));
#3781 = CARTESIAN_POINT('',(-6.924107928084,24.03301742793,
    46.818565120574));
#3782 = CARTESIAN_POINT('',(-6.935345629887,23.952785293577,
    46.845967536007));
#3783 = CARTESIAN_POINT('',(-6.962736455687,23.734325065409,
    46.912236440784));
#3784 = CARTESIAN_POINT('',(-6.977206064424,23.592832279915,
    46.946649538461));
#3785 = CARTESIAN_POINT('',(-6.988481242841,23.447459244171,
    46.973122955911));
#3786 = CARTESIAN_POINT('',(-6.996152369488,23.299379273409,
    46.991022180535));
#3787 = CARTESIAN_POINT('',(-7.,23.149814912113,47.));
#3788 = CARTESIAN_POINT('',(-7.,22.848679410498,47.));
#3789 = CARTESIAN_POINT('',(-6.996074641353,22.69763381275,
    46.99084081359));
#3790 = CARTESIAN_POINT('',(-6.988250679802,22.548123971665,
    46.972584977641));
#3791 = CARTESIAN_POINT('',(-6.976756294157,22.401398952634,
    46.945593359044));
#3792 = CARTESIAN_POINT('',(-6.962015623512,22.258656687694,
    46.910521839907));
#3793 = CARTESIAN_POINT('',(-6.934345295728,22.040044257478,
    46.843528656683));
#3794 = CARTESIAN_POINT('',(-6.923159230608,21.96075934167,
    46.816232256614));
#3795 = CARTESIAN_POINT('',(-6.911127636718,21.88324054377,
    46.786593476456));
#3796 = CARTESIAN_POINT('',(-6.898348027275,21.807569313335,
    46.754760122984));
#3797 = CARTESIAN_POINT('',(-6.884920498171,21.733818595097,
    46.720884731168));
#3798 = CARTESIAN_POINT('',(-6.853366641717,21.571775695766,
    46.640141814575));
#3799 = CARTESIAN_POINT('',(-6.834919307359,21.48462740252,
    46.59217093441));
#3800 = CARTESIAN_POINT('',(-6.815782222431,21.400624981352,
    46.54146893448));
#3801 = CARTESIAN_POINT('',(-6.796125205789,21.319773214567,
    46.48827359199));
#3802 = CARTESIAN_POINT('',(-6.776107823786,21.242065281356,
    46.432804723084));
#3803 = CARTESIAN_POINT('',(-6.739730805621,21.107955344168,
    46.329338919004));
#3804 = CARTESIAN_POINT('',(-6.723445368862,21.050407614825,
    46.282084929734));
#3805 = CARTESIAN_POINT('',(-6.707093013913,20.994820314065,
    46.233595536239));
#3806 = CARTESIAN_POINT('',(-6.690740481427,20.941171823086,
    46.183954186437));
#3807 = CARTESIAN_POINT('',(-6.674449588653,20.889438815284,
    46.133235090769));
#3808 = CARTESIAN_POINT('',(-6.604029856307,20.67240803956,
    45.907977644429));
#3809 = CARTESIAN_POINT('',(-6.551066040444,20.526336443781,
    45.722895999765));
#3810 = CARTESIAN_POINT('',(-6.50160177254,20.400710702812,
    45.528855140431));
#3811 = CARTESIAN_POINT('',(-6.457367015484,20.294892528583,
    45.327719237193));
#3812 = CARTESIAN_POINT('',(-6.419697788782,20.208421401373,
    45.120862463522));
#3813 = CARTESIAN_POINT('',(-6.377347441976,20.113767201047,
    44.823299772582));
#3814 = CARTESIAN_POINT('',(-6.366354945956,20.089576826142,
    44.736482089664));
#3815 = CARTESIAN_POINT('',(-6.356693798391,20.068577147866,
    44.649049689018));
#3816 = CARTESIAN_POINT('',(-6.348421454556,20.050764166934,
    44.561107334839));
#3817 = CARTESIAN_POINT('',(-6.341582304823,20.036135333072,
    44.47275609547));
#3818 = CARTESIAN_POINT('',(-6.33234310186,20.01645956827,
    44.320341299087));
#3819 = CARTESIAN_POINT('',(-6.329235837915,20.009875720094,
    44.256431358497));
#3820 = CARTESIAN_POINT('',(-6.326897562372,20.004937873853,
    44.192402708789));
#3821 = CARTESIAN_POINT('',(-6.325336078693,20.001645964218,
    44.128294738688));
#3822 = CARTESIAN_POINT('',(-6.324555314251,19.999999987171,
    44.064147038478));
#3823 = CARTESIAN_POINT('',(-6.324555320337,20.,43.9999994));
#3824 = PCURVE('',#3395,#3825);
#3825 = DEFINITIONAL_REPRESENTATION('',(#3826),#3894);
#3826 = B_SPLINE_CURVE_WITH_KNOTS('',6,(#3827,#3828,#3829,#3830,#3831,
    #3832,#3833,#3834,#3835,#3836,#3837,#3838,#3839,#3840,#3841,#3842,
    #3843,#3844,#3845,#3846,#3847,#3848,#3849,#3850,#3851,#3852,#3853,
    #3854,#3855,#3856,#3857,#3858,#3859,#3860,#3861,#3862,#3863,#3864,
    #3865,#3866,#3867,#3868,#3869,#3870,#3871,#3872,#3873,#3874,#3875,
    #3876,#3877,#3878,#3879,#3880,#3881,#3882,#3883,#3884,#3885,#3886,
    #3887,#3888,#3889,#3890,#3891,#3892,#3893),.UNSPECIFIED.,.F.,.F.,(7,
    5,5,5,5,5,5,5,5,5,5,5,5,7),(7.189203574912E-08,0.110915889607,
    0.267984903091,0.314558502608,0.373953098394,0.4212186799,
    0.499976101562,0.579525055036,0.626312610538,0.68516860415,
    0.732144950105,0.889718952358,0.953871655493,0.99999992809),
  .UNSPECIFIED.);
#3827 = CARTESIAN_POINT('',(8.981866916696,7.217373190674E-16));
#3828 = CARTESIAN_POINT('',(8.981866916695,0.15428109197));
#3829 = CARTESIAN_POINT('',(8.983372236688,0.308522950632));
#3830 = CARTESIAN_POINT('',(8.986381886104,0.462218651465));
#3831 = CARTESIAN_POINT('',(8.990888338991,0.614840564546));
#3832 = CARTESIAN_POINT('',(8.99687805154,0.765838279881));
#3833 = CARTESIAN_POINT('',(9.014887562701,1.125351246536));
#3834 = CARTESIAN_POINT('',(9.028369929934,1.331460695165));
#3835 = CARTESIAN_POINT('',(9.044741707918,1.531864949037));
#3836 = CARTESIAN_POINT('',(9.063993438639,1.72520068804));
#3837 = CARTESIAN_POINT('',(9.086131298734,1.909618735409));
#3838 = CARTESIAN_POINT('',(9.118603808933,2.133819861992));
#3839 = CARTESIAN_POINT('',(9.126288054199,2.184098705313));
#3840 = CARTESIAN_POINT('',(9.134231571409,2.233317647206));
#3841 = CARTESIAN_POINT('',(9.142435816323,2.281404365175));
#3842 = CARTESIAN_POINT('',(9.150902125562,2.3282775735));
#3843 = CARTESIAN_POINT('',(9.170764429921,2.431961042241));
#3844 = CARTESIAN_POINT('',(9.182328053126,2.487969001942));
#3845 = CARTESIAN_POINT('',(9.194321922428,2.541662918888));
#3846 = CARTESIAN_POINT('',(9.206744306801,2.592816860491));
#3847 = CARTESIAN_POINT('',(9.21959260083,2.641186277715));
#3848 = CARTESIAN_POINT('',(9.243424370579,2.722573350656));
#3849 = CARTESIAN_POINT('',(9.254254071576,2.756712981689));
#3850 = CARTESIAN_POINT('',(9.265342421878,2.788762779224));
#3851 = CARTESIAN_POINT('',(9.276678552882,2.818565120574));
#3852 = CARTESIAN_POINT('',(9.288250963442,2.845967536007));
#3853 = CARTESIAN_POINT('',(9.319703917824,2.912236440784));
#3854 = CARTESIAN_POINT('',(9.34001730555,2.946649538461));
#3855 = CARTESIAN_POINT('',(9.360837582443,2.973122955911));
#3856 = CARTESIAN_POINT('',(9.382009489004,2.991022180535));
#3857 = CARTESIAN_POINT('',(9.403375830468,3.));
#3858 = CARTESIAN_POINT('',(9.446395187841,3.));
#3859 = CARTESIAN_POINT('',(9.46797313501,2.99084081359));
#3860 = CARTESIAN_POINT('',(9.489349844451,2.972584977641));
#3861 = CARTESIAN_POINT('',(9.510364842198,2.945593359044));
#3862 = CARTESIAN_POINT('',(9.530859619011,2.910521839907));
#3863 = CARTESIAN_POINT('',(9.562339136707,2.843528656683));
#3864 = CARTESIAN_POINT('',(9.573776563056,2.816232256614));
#3865 = CARTESIAN_POINT('',(9.584981707596,2.786593476456));
#3866 = CARTESIAN_POINT('',(9.595943579815,2.754760122984));
#3867 = CARTESIAN_POINT('',(9.60665179545,2.720884731168));
#3868 = CARTESIAN_POINT('',(9.630235578827,2.640141814575));
#3869 = CARTESIAN_POINT('',(9.642959512551,2.59217093441));
#3870 = CARTESIAN_POINT('',(9.655265238983,2.54146893448));
#3871 = CARTESIAN_POINT('',(9.667150240762,2.48827359199));
#3872 = CARTESIAN_POINT('',(9.678612842535,2.432804723084));
#3873 = CARTESIAN_POINT('',(9.69846369596,2.329338919004));
#3874 = CARTESIAN_POINT('',(9.707007153797,2.282084929734));
#3875 = CARTESIAN_POINT('',(9.715284022855,2.233595536239));
#3876 = CARTESIAN_POINT('',(9.72329567487,2.183954186437));
#3877 = CARTESIAN_POINT('',(9.731043599319,2.133235090769));
#3878 = CARTESIAN_POINT('',(9.763639234533,1.907977644429));
#3879 = CARTESIAN_POINT('',(9.785823086157,1.722895999765));
#3880 = CARTESIAN_POINT('',(9.805102852983,1.528855140431));
#3881 = CARTESIAN_POINT('',(9.821484446375,1.327719237193));
#3882 = CARTESIAN_POINT('',(9.834958053272,1.120862463522));
#3883 = CARTESIAN_POINT('',(9.849771842707,0.823299772582));
#3884 = CARTESIAN_POINT('',(9.853567629681,0.736482089664));
#3885 = CARTESIAN_POINT('',(9.856869778598,0.649049689018));
#3886 = CARTESIAN_POINT('',(9.859675480209,0.561107334839));
#3887 = CARTESIAN_POINT('',(9.861982432921,0.47275609547));
#3888 = CARTESIAN_POINT('',(9.865087721286,0.320341398471));
#3889 = CARTESIAN_POINT('',(9.866127755985,0.256431557756));
#3890 = CARTESIAN_POINT('',(9.866908254346,0.192403008233));
#3891 = CARTESIAN_POINT('',(9.867428750419,0.128295138441));
#3892 = CARTESIAN_POINT('',(9.867689004843,6.4147538478E-02));
#3893 = CARTESIAN_POINT('',(9.867689004843,-1.57791605163E-15));
#3894 = ( GEOMETRIC_REPRESENTATION_CONTEXT(2) 
PARAMETRIC_REPRESENTATION_CONTEXT() REPRESENTATION_CONTEXT('2D SPACE',''
  ) );
#3895 = PCURVE('',#3602,#3896);
#3896 = DEFINITIONAL_REPRESENTATION('',(#3897),#3965);
#3897 = B_SPLINE_CURVE_WITH_KNOTS('',6,(#3898,#3899,#3900,#3901,#3902,
    #3903,#3904,#3905,#3906,#3907,#3908,#3909,#3910,#3911,#3912,#3913,
    #3914,#3915,#3916,#3917,#3918,#3919,#3920,#3921,#3922,#3923,#3924,
    #3925,#3926,#3927,#3928,#3929,#3930,#3931,#3932,#3933,#3934,#3935,
    #3936,#3937,#3938,#3939,#3940,#3941,#3942,#3943,#3944,#3945,#3946,
    #3947,#3948,#3949,#3950,#3951,#3952,#3953,#3954,#3955,#3956,#3957,
    #3958,#3959,#3960,#3961,#3962,#3963,#3964),.UNSPECIFIED.,.F.,.F.,(7,
    5,5,5,5,5,5,5,5,5,5,5,5,7),(0.,0.110915889607,0.267984903091,
    0.314558502608,0.373953098394,0.4212186799,0.499976101562,
    0.579525055036,0.626312610538,0.68516860415,0.732144950105,
    0.889718952358,0.953871655493,1.),.UNSPECIFIED.);
#3898 = CARTESIAN_POINT('',(1.570796126795,7.175444679663));
#3899 = CARTESIAN_POINT('',(1.622223190827,7.1754446943));
#3900 = CARTESIAN_POINT('',(1.673637178842,7.170928856258));
#3901 = CARTESIAN_POINT('',(1.72511390458,7.161899590332));
#3902 = CARTESIAN_POINT('',(1.77672186292,7.148488044135));
#3903 = CARTESIAN_POINT('',(1.828528676328,7.130948206814));
#3904 = CARTESIAN_POINT('',(1.954356901959,7.079491896222));
#3905 = CARTESIAN_POINT('',(2.028583966902,7.041824790254));
#3906 = CARTESIAN_POINT('',(2.103675271974,6.997651400666));
#3907 = CARTESIAN_POINT('',(2.180016852202,6.948298317613));
#3908 = CARTESIAN_POINT('',(2.257998014044,6.895481432465));
#3909 = CARTESIAN_POINT('',(2.361823670771,6.825360292865));
#3910 = CARTESIAN_POINT('',(2.385759969694,6.809207644981));
#3911 = CARTESIAN_POINT('',(2.409901609844,6.792994722174));
#3912 = CARTESIAN_POINT('',(2.434262746619,6.776781777988));
#3913 = CARTESIAN_POINT('',(2.458857448605,6.760633835034));
#3914 = CARTESIAN_POINT('',(2.515380635946,6.724199360795));
#3915 = CARTESIAN_POINT('',(2.547472065715,6.703992293671));
#3916 = CARTESIAN_POINT('',(2.579993726634,6.684151059951));
#3917 = CARTESIAN_POINT('',(2.612965960137,6.664839678006));
#3918 = CARTESIAN_POINT('',(2.646411155977,6.646232793895));
#3919 = CARTESIAN_POINT('',(2.707367503668,6.614413335277));
#3920 = CARTESIAN_POINT('',(2.734698807134,6.600873512743));
#3921 = CARTESIAN_POINT('',(2.762340188964,6.587998635163));
#3922 = CARTESIAN_POINT('',(2.790285080484,6.575892071916));
#3923 = CARTESIAN_POINT('',(2.818529038632,6.564654370113));
#3924 = CARTESIAN_POINT('',(2.894625789207,6.537263544313));
#3925 = CARTESIAN_POINT('',(2.943089036457,6.522793935576));
#3926 = CARTESIAN_POINT('',(2.992215380256,6.511518757159));
#3927 = CARTESIAN_POINT('',(3.041799567899,6.503847630512));
#3928 = CARTESIAN_POINT('',(3.091654349552,6.5));
#3929 = CARTESIAN_POINT('',(3.19203285009,6.5));
#3930 = CARTESIAN_POINT('',(3.242381376478,6.503925358647));
#3931 = CARTESIAN_POINT('',(3.292449017414,6.511749320198));
#3932 = CARTESIAN_POINT('',(3.342046047576,6.523243705843));
#3933 = CARTESIAN_POINT('',(3.390963917306,6.537984376488));
#3934 = CARTESIAN_POINT('',(3.467179606303,6.565654704272));
#3935 = CARTESIAN_POINT('',(3.495113987848,6.576840769392));
#3936 = CARTESIAN_POINT('',(3.522754735222,6.588872363282));
#3937 = CARTESIAN_POINT('',(3.550097784766,6.601651972725));
#3938 = CARTESIAN_POINT('',(3.577137048091,6.615079501829));
#3939 = CARTESIAN_POINT('',(3.637485406997,6.646633358283));
#3940 = CARTESIAN_POINT('',(3.670617260804,6.665080692641));
#3941 = CARTESIAN_POINT('',(3.703284926469,6.684217777569));
#3942 = CARTESIAN_POINT('',(3.735510203489,6.703874794211));
#3943 = CARTESIAN_POINT('',(3.767312918665,6.723892176214));
#3944 = CARTESIAN_POINT('',(3.823773965086,6.760269194379));
#3945 = CARTESIAN_POINT('',(3.848583502777,6.776554631138));
#3946 = CARTESIAN_POINT('',(3.873155292565,6.792906986087));
#3947 = CARTESIAN_POINT('',(3.897503774189,6.809259518573));
#3948 = CARTESIAN_POINT('',(3.921643457086,6.825550411347));
#3949 = CARTESIAN_POINT('',(4.025909822571,6.895970143693));
#3950 = CARTESIAN_POINT('',(4.104121041487,6.948933959556));
#3951 = CARTESIAN_POINT('',(4.18068597006,6.99839822746));
#3952 = CARTESIAN_POINT('',(4.255996731512,7.042632984516));
#3953 = CARTESIAN_POINT('',(4.330442233595,7.080302211218));
#3954 = CARTESIAN_POINT('',(4.434527120255,7.122652558024));
#3955 = CARTESIAN_POINT('',(4.464549123735,7.133645054044));
#3956 = CARTESIAN_POINT('',(4.494492924183,7.143306201609));
#3957 = CARTESIAN_POINT('',(4.524373518353,7.151578545444));
#3958 = CARTESIAN_POINT('',(4.554205984037,7.158417695177));
#3959 = CARTESIAN_POINT('',(4.605432502644,7.16765689814));
#3960 = CARTESIAN_POINT('',(4.626841487098,7.170764162085));
#3961 = CARTESIAN_POINT('',(4.648237146509,7.173102437628));
#3962 = CARTESIAN_POINT('',(4.669624052298,7.174663921307));
#3963 = CARTESIAN_POINT('',(4.691006634226,7.175444685749));
#3964 = CARTESIAN_POINT('',(4.712389180385,7.175444679663));
#3965 = ( GEOMETRIC_REPRESENTATION_CONTEXT(2) 
PARAMETRIC_REPRESENTATION_CONTEXT() REPRESENTATION_CONTEXT('2D SPACE',''
  ) );
#3966 = ORIENTED_EDGE('',*,*,#3967,.T.);
#3967 = EDGE_CURVE('',#3753,#3968,#3970,.T.);
#3968 = VERTEX_POINT('',#3969);
#3969 = CARTESIAN_POINT('',(-5.744562646538,19.,44.));
#3970 = SURFACE_CURVE('',#3971,(#3976,#3982),.PCURVE_S1.);
#3971 = CIRCLE('',#3972,7.);
#3972 = AXIS2_PLACEMENT_3D('',#3973,#3974,#3975);
#3973 = CARTESIAN_POINT('',(0.,23.,44.));
#3974 = DIRECTION('',(0.,0.,1.));
#3975 = DIRECTION('',(1.,0.,-0.));
#3976 = PCURVE('',#3395,#3977);
#3977 = DEFINITIONAL_REPRESENTATION('',(#3978),#3981);
#3978 = B_SPLINE_CURVE_WITH_KNOTS('',1,(#3979,#3980),.UNSPECIFIED.,.F.,
  .F.,(2,2),(3.584503697663,3.7498382325),.PIECEWISE_BEZIER_KNOTS.);
#3979 = CARTESIAN_POINT('',(9.867689004843,0.));
#3980 = CARTESIAN_POINT('',(10.03302353968,0.));
#3981 = ( GEOMETRIC_REPRESENTATION_CONTEXT(2) 
PARAMETRIC_REPRESENTATION_CONTEXT() REPRESENTATION_CONTEXT('2D SPACE',''
  ) );
#3982 = PCURVE('',#3983,#3988);
#3983 = PLANE('',#3984);
#3984 = AXIS2_PLACEMENT_3D('',#3985,#3986,#3987);
#3985 = CARTESIAN_POINT('',(0.,23.,44.));
#3986 = DIRECTION('',(0.,0.,1.));
#3987 = DIRECTION('',(1.,0.,-0.));
#3988 = DEFINITIONAL_REPRESENTATION('',(#3989),#3993);
#3989 = CIRCLE('',#3990,7.);
#3990 = AXIS2_PLACEMENT_2D('',#3991,#3992);
#3991 = CARTESIAN_POINT('',(0.,0.));
#3992 = DIRECTION('',(1.,0.));
#3993 = ( GEOMETRIC_REPRESENTATION_CONTEXT(2) 
PARAMETRIC_REPRESENTATION_CONTEXT() REPRESENTATION_CONTEXT('2D SPACE',''
  ) );
#3994 = ORIENTED_EDGE('',*,*,#3995,.T.);
#3995 = EDGE_CURVE('',#3968,#3178,#3996,.T.);
#3996 = SURFACE_CURVE('',#3997,(#4001,#4007),.PCURVE_S1.);
#3997 = LINE('',#3998,#3999);
#3998 = CARTESIAN_POINT('',(-5.744562646538,19.,44.));
#3999 = VECTOR('',#4000,1.);
#4000 = DIRECTION('',(0.,0.,1.));
#4001 = PCURVE('',#3395,#4002);
#4002 = DEFINITIONAL_REPRESENTATION('',(#4003),#4006);
#4003 = B_SPLINE_CURVE_WITH_KNOTS('',1,(#4004,#4005),.UNSPECIFIED.,.F.,
  .F.,(2,2),(0.,9.),.PIECEWISE_BEZIER_KNOTS.);
#4004 = CARTESIAN_POINT('',(10.03302353968,0.));
#4005 = CARTESIAN_POINT('',(10.03302353968,9.));
#4006 = ( GEOMETRIC_REPRESENTATION_CONTEXT(2) 
PARAMETRIC_REPRESENTATION_CONTEXT() REPRESENTATION_CONTEXT('2D SPACE',''
  ) );
#4007 = PCURVE('',#2902,#4008);
#4008 = DEFINITIONAL_REPRESENTATION('',(#4009),#4012);
#4009 = B_SPLINE_CURVE_WITH_KNOTS('',1,(#4010,#4011),.UNSPECIFIED.,.F.,
  .F.,(2,2),(-5.999999999062E-07,9.0000006),.PIECEWISE_BEZIER_KNOTS.);
#4010 = CARTESIAN_POINT('',(16.9999994,16.255437353462));
#4011 = CARTESIAN_POINT('',(26.0000006,16.255437353462));
#4012 = ( GEOMETRIC_REPRESENTATION_CONTEXT(2) 
PARAMETRIC_REPRESENTATION_CONTEXT() REPRESENTATION_CONTEXT('2D SPACE',''
  ) );
#4013 = ORIENTED_EDGE('',*,*,#3380,.F.);
#4014 = ORIENTED_EDGE('',*,*,#4015,.F.);
#4015 = EDGE_CURVE('',#4016,#3358,#4018,.T.);
#4016 = VERTEX_POINT('',#4017);
#4017 = CARTESIAN_POINT('',(5.744562646538,19.,44.));
#4018 = SURFACE_CURVE('',#4019,(#4023,#4029),.PCURVE_S1.);
#4019 = LINE('',#4020,#4021);
#4020 = CARTESIAN_POINT('',(5.744562646538,19.,44.));
#4021 = VECTOR('',#4022,1.);
#4022 = DIRECTION('',(0.,0.,1.));
#4023 = PCURVE('',#3395,#4024);
#4024 = DEFINITIONAL_REPRESENTATION('',(#4025),#4028);
#4025 = B_SPLINE_CURVE_WITH_KNOTS('',1,(#4026,#4027),.UNSPECIFIED.,.F.,
  .F.,(2,2),(0.,9.),.PIECEWISE_BEZIER_KNOTS.);
#4026 = CARTESIAN_POINT('',(5.674939728269,0.));
#4027 = CARTESIAN_POINT('',(5.674939728269,9.));
#4028 = ( GEOMETRIC_REPRESENTATION_CONTEXT(2) 
PARAMETRIC_REPRESENTATION_CONTEXT() REPRESENTATION_CONTEXT('2D SPACE',''
  ) );
#4029 = PCURVE('',#2902,#4030);
#4030 = DEFINITIONAL_REPRESENTATION('',(#4031),#4034);
#4031 = B_SPLINE_CURVE_WITH_KNOTS('',1,(#4032,#4033),.UNSPECIFIED.,.F.,
  .F.,(2,2),(-5.999999999062E-07,9.0000006),.PIECEWISE_BEZIER_KNOTS.);
#4032 = CARTESIAN_POINT('',(16.9999994,27.744562646538));
#4033 = CARTESIAN_POINT('',(26.0000006,27.744562646538));
#4034 = ( GEOMETRIC_REPRESENTATION_CONTEXT(2) 
PARAMETRIC_REPRESENTATION_CONTEXT() REPRESENTATION_CONTEXT('2D SPACE',''
  ) );
#4035 = ORIENTED_EDGE('',*,*,#4036,.T.);
#4036 = EDGE_CURVE('',#4016,#3411,#4037,.T.);
#4037 = SURFACE_CURVE('',#4038,(#4043,#4049),.PCURVE_S1.);
#4038 = CIRCLE('',#4039,7.);
#4039 = AXIS2_PLACEMENT_3D('',#4040,#4041,#4042);
#4040 = CARTESIAN_POINT('',(0.,23.,44.));
#4041 = DIRECTION('',(0.,0.,1.));
#4042 = DIRECTION('',(1.,0.,-0.));
#4043 = PCURVE('',#3395,#4044);
#4044 = DEFINITIONAL_REPRESENTATION('',(#4045),#4048);
#4045 = B_SPLINE_CURVE_WITH_KNOTS('',1,(#4046,#4047),.UNSPECIFIED.,.F.,
  .F.,(2,2),(5.674939728269,5.840274263106),.PIECEWISE_BEZIER_KNOTS.);
#4046 = CARTESIAN_POINT('',(5.674939728269,0.));
#4047 = CARTESIAN_POINT('',(5.840274263106,0.));
#4048 = ( GEOMETRIC_REPRESENTATION_CONTEXT(2) 
PARAMETRIC_REPRESENTATION_CONTEXT() REPRESENTATION_CONTEXT('2D SPACE',''
  ) );
#4049 = PCURVE('',#3983,#4050);
#4050 = DEFINITIONAL_REPRESENTATION('',(#4051),#4055);
#4051 = CIRCLE('',#4052,7.);
#4052 = AXIS2_PLACEMENT_2D('',#4053,#4054);
#4053 = CARTESIAN_POINT('',(0.,0.));
#4054 = DIRECTION('',(1.,0.));
#4055 = ( GEOMETRIC_REPRESENTATION_CONTEXT(2) 
PARAMETRIC_REPRESENTATION_CONTEXT() REPRESENTATION_CONTEXT('2D SPACE',''
  ) );
#4056 = ADVANCED_FACE('',(#4057),#3983,.F.);
#4057 = FACE_BOUND('',#4058,.F.);
#4058 = EDGE_LOOP('',(#4059,#4078,#4079,#4098));
#4059 = ORIENTED_EDGE('',*,*,#4060,.F.);
#4060 = EDGE_CURVE('',#3753,#3411,#4061,.T.);
#4061 = SURFACE_CURVE('',#4062,(#4066,#4072),.PCURVE_S1.);
#4062 = LINE('',#4063,#4064);
#4063 = CARTESIAN_POINT('',(-13.5,20.,44.));
#4064 = VECTOR('',#4065,1.);
#4065 = DIRECTION('',(1.,0.,2.22044604925E-16));
#4066 = PCURVE('',#3983,#4067);
#4067 = DEFINITIONAL_REPRESENTATION('',(#4068),#4071);
#4068 = B_SPLINE_CURVE_WITH_KNOTS('',1,(#4069,#4070),.UNSPECIFIED.,.F.,
  .F.,(2,2),(5.1,21.9),.PIECEWISE_BEZIER_KNOTS.);
#4069 = CARTESIAN_POINT('',(-8.4,-3.));
#4070 = CARTESIAN_POINT('',(8.4,-3.));
#4071 = ( GEOMETRIC_REPRESENTATION_CONTEXT(2) 
PARAMETRIC_REPRESENTATION_CONTEXT() REPRESENTATION_CONTEXT('2D SPACE',''
  ) );
#4072 = PCURVE('',#3602,#4073);
#4073 = DEFINITIONAL_REPRESENTATION('',(#4074),#4077);
#4074 = B_SPLINE_CURVE_WITH_KNOTS('',1,(#4075,#4076),.UNSPECIFIED.,.F.,
  .F.,(2,2),(5.1,21.9),.PIECEWISE_BEZIER_KNOTS.);
#4075 = CARTESIAN_POINT('',(4.712388980385,5.1));
#4076 = CARTESIAN_POINT('',(4.712388980385,21.9));
#4077 = ( GEOMETRIC_REPRESENTATION_CONTEXT(2) 
PARAMETRIC_REPRESENTATION_CONTEXT() REPRESENTATION_CONTEXT('2D SPACE',''
  ) );
#4078 = ORIENTED_EDGE('',*,*,#3967,.T.);
#4079 = ORIENTED_EDGE('',*,*,#4080,.T.);
#4080 = EDGE_CURVE('',#3968,#4016,#4081,.T.);
#4081 = SURFACE_CURVE('',#4082,(#4086,#4092),.PCURVE_S1.);
#4082 = LINE('',#4083,#4084);
#4083 = CARTESIAN_POINT('',(-11.,19.,44.));
#4084 = VECTOR('',#4085,1.);
#4085 = DIRECTION('',(1.,0.,-0.));
#4086 = PCURVE('',#3983,#4087);
#4087 = DEFINITIONAL_REPRESENTATION('',(#4088),#4091);
#4088 = B_SPLINE_CURVE_WITH_KNOTS('',1,(#4089,#4090),.UNSPECIFIED.,.F.,
  .F.,(2,2),(4.675444679663,17.324555320337),.PIECEWISE_BEZIER_KNOTS.);
#4089 = CARTESIAN_POINT('',(-6.324555320337,-4.));
#4090 = CARTESIAN_POINT('',(6.324555320337,-4.));
#4091 = ( GEOMETRIC_REPRESENTATION_CONTEXT(2) 
PARAMETRIC_REPRESENTATION_CONTEXT() REPRESENTATION_CONTEXT('2D SPACE',''
  ) );
#4092 = PCURVE('',#2902,#4093);
#4093 = DEFINITIONAL_REPRESENTATION('',(#4094),#4097);
#4094 = B_SPLINE_CURVE_WITH_KNOTS('',1,(#4095,#4096),.UNSPECIFIED.,.F.,
  .F.,(2,2),(4.675444679663,17.324555320337),.PIECEWISE_BEZIER_KNOTS.);
#4095 = CARTESIAN_POINT('',(17.,15.675444679663));
#4096 = CARTESIAN_POINT('',(17.,28.324555320337));
#4097 = ( GEOMETRIC_REPRESENTATION_CONTEXT(2) 
PARAMETRIC_REPRESENTATION_CONTEXT() REPRESENTATION_CONTEXT('2D SPACE',''
  ) );
#4098 = ORIENTED_EDGE('',*,*,#4036,.T.);
#4099 = ADVANCED_FACE('',(#4100),#3740,.F.);
#4100 = FACE_BOUND('',#4101,.F.);
#4101 = EDGE_LOOP('',(#4102,#4121));
#4102 = ORIENTED_EDGE('',*,*,#4103,.T.);
#4103 = EDGE_CURVE('',#3725,#3413,#4104,.T.);
#4104 = SURFACE_CURVE('',#4105,(#4109,#4115),.PCURVE_S1.);
#4105 = LINE('',#4106,#4107);
#4106 = CARTESIAN_POINT('',(-13.5,26.,44.));
#4107 = VECTOR('',#4108,1.);
#4108 = DIRECTION('',(1.,0.,2.22044604925E-16));
#4109 = PCURVE('',#3740,#4110);
#4110 = DEFINITIONAL_REPRESENTATION('',(#4111),#4114);
#4111 = B_SPLINE_CURVE_WITH_KNOTS('',1,(#4112,#4113),.UNSPECIFIED.,.F.,
  .F.,(2,2),(5.1,21.9),.PIECEWISE_BEZIER_KNOTS.);
#4112 = CARTESIAN_POINT('',(-8.4,3.));
#4113 = CARTESIAN_POINT('',(8.4,3.));
#4114 = ( GEOMETRIC_REPRESENTATION_CONTEXT(2) 
PARAMETRIC_REPRESENTATION_CONTEXT() REPRESENTATION_CONTEXT('2D SPACE',''
  ) );
#4115 = PCURVE('',#3602,#4116);
#4116 = DEFINITIONAL_REPRESENTATION('',(#4117),#4120);
#4117 = B_SPLINE_CURVE_WITH_KNOTS('',1,(#4118,#4119),.UNSPECIFIED.,.F.,
  .F.,(2,2),(5.1,21.9),.PIECEWISE_BEZIER_KNOTS.);
#4118 = CARTESIAN_POINT('',(1.570796326795,5.1));
#4119 = CARTESIAN_POINT('',(1.570796326795,21.9));
#4120 = ( GEOMETRIC_REPRESENTATION_CONTEXT(2) 
PARAMETRIC_REPRESENTATION_CONTEXT() REPRESENTATION_CONTEXT('2D SPACE',''
  ) );
#4121 = ORIENTED_EDGE('',*,*,#3724,.T.);
#4122 = ADVANCED_FACE('',(#4123),#3602,.F.);
#4123 = FACE_BOUND('',#4124,.F.);
#4124 = EDGE_LOOP('',(#4125,#4126,#4127,#4128));
#4125 = ORIENTED_EDGE('',*,*,#3410,.T.);
#4126 = ORIENTED_EDGE('',*,*,#4103,.F.);
#4127 = ORIENTED_EDGE('',*,*,#3752,.T.);
#4128 = ORIENTED_EDGE('',*,*,#4060,.T.);
#4129 = ADVANCED_FACE('',(#4130),#3345,.T.);
#4130 = FACE_BOUND('',#4131,.T.);
#4131 = EDGE_LOOP('',(#4132,#4155,#4178,#4199));
#4132 = ORIENTED_EDGE('',*,*,#4133,.F.);
#4133 = EDGE_CURVE('',#4134,#3302,#4136,.T.);
#4134 = VERTEX_POINT('',#4135);
#4135 = CARTESIAN_POINT('',(22.,-7.,27.));
#4136 = SURFACE_CURVE('',#4137,(#4141,#4148),.PCURVE_S1.);
#4137 = LINE('',#4138,#4139);
#4138 = CARTESIAN_POINT('',(22.,-7.,27.));
#4139 = VECTOR('',#4140,1.);
#4140 = DIRECTION('',(0.,0.,1.));
#4141 = PCURVE('',#3345,#4142);
#4142 = DEFINITIONAL_REPRESENTATION('',(#4143),#4147);
#4143 = LINE('',#4144,#4145);
#4144 = CARTESIAN_POINT('',(0.,0.));
#4145 = VECTOR('',#4146,1.);
#4146 = DIRECTION('',(1.,0.));
#4147 = ( GEOMETRIC_REPRESENTATION_CONTEXT(2) 
PARAMETRIC_REPRESENTATION_CONTEXT() REPRESENTATION_CONTEXT('2D SPACE',''
  ) );
#4148 = PCURVE('',#3317,#4149);
#4149 = DEFINITIONAL_REPRESENTATION('',(#4150),#4154);
#4150 = LINE('',#4151,#4152);
#4151 = CARTESIAN_POINT('',(0.,44.));
#4152 = VECTOR('',#4153,1.);
#4153 = DIRECTION('',(1.,0.));
#4154 = ( GEOMETRIC_REPRESENTATION_CONTEXT(2) 
PARAMETRIC_REPRESENTATION_CONTEXT() REPRESENTATION_CONTEXT('2D SPACE',''
  ) );
#4155 = ORIENTED_EDGE('',*,*,#4156,.T.);
#4156 = EDGE_CURVE('',#4134,#4157,#4159,.T.);
#4157 = VERTEX_POINT('',#4158);
#4158 = CARTESIAN_POINT('',(22.,19.,27.));
#4159 = SURFACE_CURVE('',#4160,(#4164,#4171),.PCURVE_S1.);
#4160 = LINE('',#4161,#4162);
#4161 = CARTESIAN_POINT('',(22.,-7.,27.));
#4162 = VECTOR('',#4163,1.);
#4163 = DIRECTION('',(-0.,1.,0.));
#4164 = PCURVE('',#3345,#4165);
#4165 = DEFINITIONAL_REPRESENTATION('',(#4166),#4170);
#4166 = LINE('',#4167,#4168);
#4167 = CARTESIAN_POINT('',(0.,0.));
#4168 = VECTOR('',#4169,1.);
#4169 = DIRECTION('',(0.,-1.));
#4170 = ( GEOMETRIC_REPRESENTATION_CONTEXT(2) 
PARAMETRIC_REPRESENTATION_CONTEXT() REPRESENTATION_CONTEXT('2D SPACE',''
  ) );
#4171 = PCURVE('',#155,#4172);
#4172 = DEFINITIONAL_REPRESENTATION('',(#4173),#4177);
#4173 = LINE('',#4174,#4175);
#4174 = CARTESIAN_POINT('',(44.,0.));
#4175 = VECTOR('',#4176,1.);
#4176 = DIRECTION('',(0.,1.));
#4177 = ( GEOMETRIC_REPRESENTATION_CONTEXT(2) 
PARAMETRIC_REPRESENTATION_CONTEXT() REPRESENTATION_CONTEXT('2D SPACE',''
  ) );
#4178 = ORIENTED_EDGE('',*,*,#4179,.T.);
#4179 = EDGE_CURVE('',#4157,#3330,#4180,.T.);
#4180 = SURFACE_CURVE('',#4181,(#4185,#4192),.PCURVE_S1.);
#4181 = LINE('',#4182,#4183);
#4182 = CARTESIAN_POINT('',(22.,19.,27.));
#4183 = VECTOR('',#4184,1.);
#4184 = DIRECTION('',(0.,0.,1.));
#4185 = PCURVE('',#3345,#4186);
#4186 = DEFINITIONAL_REPRESENTATION('',(#4187),#4191);
#4187 = LINE('',#4188,#4189);
#4188 = CARTESIAN_POINT('',(0.,-26.));
#4189 = VECTOR('',#4190,1.);
#4190 = DIRECTION('',(1.,0.));
#4191 = ( GEOMETRIC_REPRESENTATION_CONTEXT(2) 
PARAMETRIC_REPRESENTATION_CONTEXT() REPRESENTATION_CONTEXT('2D SPACE',''
  ) );
#4192 = PCURVE('',#2902,#4193);
#4193 = DEFINITIONAL_REPRESENTATION('',(#4194),#4198);
#4194 = LINE('',#4195,#4196);
#4195 = CARTESIAN_POINT('',(0.,44.));
#4196 = VECTOR('',#4197,1.);
#4197 = DIRECTION('',(1.,0.));
#4198 = ( GEOMETRIC_REPRESENTATION_CONTEXT(2) 
PARAMETRIC_REPRESENTATION_CONTEXT() REPRESENTATION_CONTEXT('2D SPACE',''
  ) );
#4199 = ORIENTED_EDGE('',*,*,#3329,.F.);
#4200 = ADVANCED_FACE('',(#4201),#3317,.F.);
#4201 = FACE_BOUND('',#4202,.F.);
#4202 = EDGE_LOOP('',(#4203,#4226,#4247,#4269,#4295,#4317,#4336,#4337,
    #4338));
#4203 = ORIENTED_EDGE('',*,*,#4204,.F.);
#4204 = EDGE_CURVE('',#4205,#139,#4207,.T.);
#4205 = VERTEX_POINT('',#4206);
#4206 = CARTESIAN_POINT('',(15.,-7.,27.));
#4207 = SURFACE_CURVE('',#4208,(#4212,#4219),.PCURVE_S1.);
#4208 = LINE('',#4209,#4210);
#4209 = CARTESIAN_POINT('',(-22.,-7.,27.));
#4210 = VECTOR('',#4211,1.);
#4211 = DIRECTION('',(1.,0.,-0.));
#4212 = PCURVE('',#3317,#4213);
#4213 = DEFINITIONAL_REPRESENTATION('',(#4214),#4218);
#4214 = LINE('',#4215,#4216);
#4215 = CARTESIAN_POINT('',(0.,0.));
#4216 = VECTOR('',#4217,1.);
#4217 = DIRECTION('',(0.,1.));
#4218 = ( GEOMETRIC_REPRESENTATION_CONTEXT(2) 
PARAMETRIC_REPRESENTATION_CONTEXT() REPRESENTATION_CONTEXT('2D SPACE',''
  ) );
#4219 = PCURVE('',#184,#4220);
#4220 = DEFINITIONAL_REPRESENTATION('',(#4221),#4225);
#4221 = LINE('',#4222,#4223);
#4222 = CARTESIAN_POINT('',(-22.,-7.));
#4223 = VECTOR('',#4224,1.);
#4224 = DIRECTION('',(1.,0.));
#4225 = ( GEOMETRIC_REPRESENTATION_CONTEXT(2) 
PARAMETRIC_REPRESENTATION_CONTEXT() REPRESENTATION_CONTEXT('2D SPACE',''
  ) );
#4226 = ORIENTED_EDGE('',*,*,#4227,.T.);
#4227 = EDGE_CURVE('',#4205,#4228,#4230,.T.);
#4228 = VERTEX_POINT('',#4229);
#4229 = CARTESIAN_POINT('',(15.,-7.,31.225288300754));
#4230 = SURFACE_CURVE('',#4231,(#4235,#4241),.PCURVE_S1.);
#4231 = LINE('',#4232,#4233);
#4232 = CARTESIAN_POINT('',(15.,-7.,27.));
#4233 = VECTOR('',#4234,1.);
#4234 = DIRECTION('',(0.,0.,1.));
#4235 = PCURVE('',#3317,#4236);
#4236 = DEFINITIONAL_REPRESENTATION('',(#4237),#4240);
#4237 = B_SPLINE_CURVE_WITH_KNOTS('',1,(#4238,#4239),.UNSPECIFIED.,.F.,
  .F.,(2,2),(0.,26.),.PIECEWISE_BEZIER_KNOTS.);
#4238 = CARTESIAN_POINT('',(0.,37.));
#4239 = CARTESIAN_POINT('',(26.,37.));
#4240 = ( GEOMETRIC_REPRESENTATION_CONTEXT(2) 
PARAMETRIC_REPRESENTATION_CONTEXT() REPRESENTATION_CONTEXT('2D SPACE',''
  ) );
#4241 = PCURVE('',#3289,#4242);
#4242 = DEFINITIONAL_REPRESENTATION('',(#4243),#4246);
#4243 = B_SPLINE_CURVE_WITH_KNOTS('',1,(#4244,#4245),.UNSPECIFIED.,.F.,
  .F.,(2,2),(0.,26.),.PIECEWISE_BEZIER_KNOTS.);
#4244 = CARTESIAN_POINT('',(0.,-43.95));
#4245 = CARTESIAN_POINT('',(26.,-43.95));
#4246 = ( GEOMETRIC_REPRESENTATION_CONTEXT(2) 
PARAMETRIC_REPRESENTATION_CONTEXT() REPRESENTATION_CONTEXT('2D SPACE',''
  ) );
#4247 = ORIENTED_EDGE('',*,*,#4248,.T.);
#4248 = EDGE_CURVE('',#4228,#4249,#4251,.T.);
#4249 = VERTEX_POINT('',#4250);
#4250 = CARTESIAN_POINT('',(17.774711699246,-7.,31.225288300754));
#4251 = SURFACE_CURVE('',#4252,(#4256,#4262),.PCURVE_S1.);
#4252 = LINE('',#4253,#4254);
#4253 = CARTESIAN_POINT('',(-19.88735584962,-7.,31.225288300754));
#4254 = VECTOR('',#4255,1.);
#4255 = DIRECTION('',(1.,0.,-0.));
#4256 = PCURVE('',#3317,#4257);
#4257 = DEFINITIONAL_REPRESENTATION('',(#4258),#4261);
#4258 = B_SPLINE_CURVE_WITH_KNOTS('',1,(#4259,#4260),.UNSPECIFIED.,.F.,
  .F.,(2,2),(34.887355849623,37.662067548869),.PIECEWISE_BEZIER_KNOTS.);
#4259 = CARTESIAN_POINT('',(4.225288300754,37.));
#4260 = CARTESIAN_POINT('',(4.225288300754,39.774711699246));
#4261 = ( GEOMETRIC_REPRESENTATION_CONTEXT(2) 
PARAMETRIC_REPRESENTATION_CONTEXT() REPRESENTATION_CONTEXT('2D SPACE',''
  ) );
#4262 = PCURVE('',#3118,#4263);
#4263 = DEFINITIONAL_REPRESENTATION('',(#4264),#4268);
#4264 = LINE('',#4265,#4266);
#4265 = CARTESIAN_POINT('',(-2.112644150377,4.225288300754));
#4266 = VECTOR('',#4267,1.);
#4267 = DIRECTION('',(1.,0.));
#4268 = ( GEOMETRIC_REPRESENTATION_CONTEXT(2) 
PARAMETRIC_REPRESENTATION_CONTEXT() REPRESENTATION_CONTEXT('2D SPACE',''
  ) );
#4269 = ORIENTED_EDGE('',*,*,#4270,.F.);
#4270 = EDGE_CURVE('',#4271,#4249,#4273,.T.);
#4271 = VERTEX_POINT('',#4272);
#4272 = CARTESIAN_POINT('',(17.774711699246,-7.,48.774711699246));
#4273 = SURFACE_CURVE('',#4274,(#4278,#4284),.PCURVE_S1.);
#4274 = LINE('',#4275,#4276);
#4275 = CARTESIAN_POINT('',(17.774711699246,-7.,29.112644150377));
#4276 = VECTOR('',#4277,1.);
#4277 = DIRECTION('',(-0.,0.,-1.));
#4278 = PCURVE('',#3317,#4279);
#4279 = DEFINITIONAL_REPRESENTATION('',(#4280),#4283);
#4280 = B_SPLINE_CURVE_WITH_KNOTS('',1,(#4281,#4282),.UNSPECIFIED.,.F.,
  .F.,(2,2),(-19.66206754886,-2.112644150377),.PIECEWISE_BEZIER_KNOTS.);
#4281 = CARTESIAN_POINT('',(21.774711699246,39.774711699246));
#4282 = CARTESIAN_POINT('',(4.225288300754,39.774711699246));
#4283 = ( GEOMETRIC_REPRESENTATION_CONTEXT(2) 
PARAMETRIC_REPRESENTATION_CONTEXT() REPRESENTATION_CONTEXT('2D SPACE',''
  ) );
#4284 = PCURVE('',#4285,#4290);
#4285 = PLANE('',#4286);
#4286 = AXIS2_PLACEMENT_3D('',#4287,#4288,#4289);
#4287 = CARTESIAN_POINT('',(17.774711699246,-11.22528830075,
    31.225288300754));
#4288 = DIRECTION('',(1.,0.,-0.));
#4289 = DIRECTION('',(0.,0.,1.));
#4290 = DEFINITIONAL_REPRESENTATION('',(#4291),#4294);
#4291 = B_SPLINE_CURVE_WITH_KNOTS('',1,(#4292,#4293),.UNSPECIFIED.,.F.,
  .F.,(2,2),(-19.66206754886,-2.112644150377),.PIECEWISE_BEZIER_KNOTS.);
#4292 = CARTESIAN_POINT('',(17.549423398492,-4.225288300754));
#4293 = CARTESIAN_POINT('',(0.,-4.225288300754));
#4294 = ( GEOMETRIC_REPRESENTATION_CONTEXT(2) 
PARAMETRIC_REPRESENTATION_CONTEXT() REPRESENTATION_CONTEXT('2D SPACE',''
  ) );
#4295 = ORIENTED_EDGE('',*,*,#4296,.F.);
#4296 = EDGE_CURVE('',#4297,#4271,#4299,.T.);
#4297 = VERTEX_POINT('',#4298);
#4298 = CARTESIAN_POINT('',(15.,-7.,48.774711699246));
#4299 = SURFACE_CURVE('',#4300,(#4304,#4310),.PCURVE_S1.);
#4300 = LINE('',#4301,#4302);
#4301 = CARTESIAN_POINT('',(-19.88735584962,-7.,48.774711699246));
#4302 = VECTOR('',#4303,1.);
#4303 = DIRECTION('',(1.,0.,-0.));
#4304 = PCURVE('',#3317,#4305);
#4305 = DEFINITIONAL_REPRESENTATION('',(#4306),#4309);
#4306 = B_SPLINE_CURVE_WITH_KNOTS('',1,(#4307,#4308),.UNSPECIFIED.,.F.,
  .F.,(2,2),(34.887355849623,37.662067548869),.PIECEWISE_BEZIER_KNOTS.);
#4307 = CARTESIAN_POINT('',(21.774711699246,37.));
#4308 = CARTESIAN_POINT('',(21.774711699246,39.774711699246));
#4309 = ( GEOMETRIC_REPRESENTATION_CONTEXT(2) 
PARAMETRIC_REPRESENTATION_CONTEXT() REPRESENTATION_CONTEXT('2D SPACE',''
  ) );
#4310 = PCURVE('',#3065,#4311);
#4311 = DEFINITIONAL_REPRESENTATION('',(#4312),#4316);
#4312 = LINE('',#4313,#4314);
#4313 = CARTESIAN_POINT('',(-2.112644150377,4.225288300754));
#4314 = VECTOR('',#4315,1.);
#4315 = DIRECTION('',(1.,0.));
#4316 = ( GEOMETRIC_REPRESENTATION_CONTEXT(2) 
PARAMETRIC_REPRESENTATION_CONTEXT() REPRESENTATION_CONTEXT('2D SPACE',''
  ) );
#4317 = ORIENTED_EDGE('',*,*,#4318,.T.);
#4318 = EDGE_CURVE('',#4297,#3274,#4319,.T.);
#4319 = SURFACE_CURVE('',#4320,(#4324,#4330),.PCURVE_S1.);
#4320 = LINE('',#4321,#4322);
#4321 = CARTESIAN_POINT('',(15.,-7.,27.));
#4322 = VECTOR('',#4323,1.);
#4323 = DIRECTION('',(0.,0.,1.));
#4324 = PCURVE('',#3317,#4325);
#4325 = DEFINITIONAL_REPRESENTATION('',(#4326),#4329);
#4326 = B_SPLINE_CURVE_WITH_KNOTS('',1,(#4327,#4328),.UNSPECIFIED.,.F.,
  .F.,(2,2),(0.,26.),.PIECEWISE_BEZIER_KNOTS.);
#4327 = CARTESIAN_POINT('',(0.,37.));
#4328 = CARTESIAN_POINT('',(26.,37.));
#4329 = ( GEOMETRIC_REPRESENTATION_CONTEXT(2) 
PARAMETRIC_REPRESENTATION_CONTEXT() REPRESENTATION_CONTEXT('2D SPACE',''
  ) );
#4330 = PCURVE('',#3289,#4331);
#4331 = DEFINITIONAL_REPRESENTATION('',(#4332),#4335);
#4332 = B_SPLINE_CURVE_WITH_KNOTS('',1,(#4333,#4334),.UNSPECIFIED.,.F.,
  .F.,(2,2),(0.,26.),.PIECEWISE_BEZIER_KNOTS.);
#4333 = CARTESIAN_POINT('',(0.,-43.95));
#4334 = CARTESIAN_POINT('',(26.,-43.95));
#4335 = ( GEOMETRIC_REPRESENTATION_CONTEXT(2) 
PARAMETRIC_REPRESENTATION_CONTEXT() REPRESENTATION_CONTEXT('2D SPACE',''
  ) );
#4336 = ORIENTED_EDGE('',*,*,#3301,.T.);
#4337 = ORIENTED_EDGE('',*,*,#4133,.F.);
#4338 = ORIENTED_EDGE('',*,*,#4339,.F.);
#4339 = EDGE_CURVE('',#139,#4134,#4340,.T.);
#4340 = SURFACE_CURVE('',#4341,(#4345,#4352),.PCURVE_S1.);
#4341 = LINE('',#4342,#4343);
#4342 = CARTESIAN_POINT('',(-22.,-7.,27.));
#4343 = VECTOR('',#4344,1.);
#4344 = DIRECTION('',(1.,0.,-0.));
#4345 = PCURVE('',#3317,#4346);
#4346 = DEFINITIONAL_REPRESENTATION('',(#4347),#4351);
#4347 = LINE('',#4348,#4349);
#4348 = CARTESIAN_POINT('',(0.,0.));
#4349 = VECTOR('',#4350,1.);
#4350 = DIRECTION('',(0.,1.));
#4351 = ( GEOMETRIC_REPRESENTATION_CONTEXT(2) 
PARAMETRIC_REPRESENTATION_CONTEXT() REPRESENTATION_CONTEXT('2D SPACE',''
  ) );
#4352 = PCURVE('',#155,#4353);
#4353 = DEFINITIONAL_REPRESENTATION('',(#4354),#4358);
#4354 = LINE('',#4355,#4356);
#4355 = CARTESIAN_POINT('',(0.,0.));
#4356 = VECTOR('',#4357,1.);
#4357 = DIRECTION('',(1.,0.));
#4358 = ( GEOMETRIC_REPRESENTATION_CONTEXT(2) 
PARAMETRIC_REPRESENTATION_CONTEXT() REPRESENTATION_CONTEXT('2D SPACE',''
  ) );
#4359 = ADVANCED_FACE('',(#4360),#4285,.F.);
#4360 = FACE_BOUND('',#4361,.F.);
#4361 = EDGE_LOOP('',(#4362,#4385,#4386,#4409));
#4362 = ORIENTED_EDGE('',*,*,#4363,.F.);
#4363 = EDGE_CURVE('',#4271,#4364,#4366,.T.);
#4364 = VERTEX_POINT('',#4365);
#4365 = CARTESIAN_POINT('',(17.774711699246,14.774711699246,
    48.774711699246));
#4366 = SURFACE_CURVE('',#4367,(#4371,#4378),.PCURVE_S1.);
#4367 = LINE('',#4368,#4369);
#4368 = CARTESIAN_POINT('',(17.774711699246,-11.22528830075,
    48.774711699246));
#4369 = VECTOR('',#4370,1.);
#4370 = DIRECTION('',(-0.,1.,0.));
#4371 = PCURVE('',#4285,#4372);
#4372 = DEFINITIONAL_REPRESENTATION('',(#4373),#4377);
#4373 = LINE('',#4374,#4375);
#4374 = CARTESIAN_POINT('',(17.549423398492,0.));
#4375 = VECTOR('',#4376,1.);
#4376 = DIRECTION('',(0.,-1.));
#4377 = ( GEOMETRIC_REPRESENTATION_CONTEXT(2) 
PARAMETRIC_REPRESENTATION_CONTEXT() REPRESENTATION_CONTEXT('2D SPACE',''
  ) );
#4378 = PCURVE('',#3065,#4379);
#4379 = DEFINITIONAL_REPRESENTATION('',(#4380),#4384);
#4380 = LINE('',#4381,#4382);
#4381 = CARTESIAN_POINT('',(35.549423398492,0.));
#4382 = VECTOR('',#4383,1.);
#4383 = DIRECTION('',(0.,1.));
#4384 = ( GEOMETRIC_REPRESENTATION_CONTEXT(2) 
PARAMETRIC_REPRESENTATION_CONTEXT() REPRESENTATION_CONTEXT('2D SPACE',''
  ) );
#4385 = ORIENTED_EDGE('',*,*,#4270,.T.);
#4386 = ORIENTED_EDGE('',*,*,#4387,.T.);
#4387 = EDGE_CURVE('',#4249,#4388,#4390,.T.);
#4388 = VERTEX_POINT('',#4389);
#4389 = CARTESIAN_POINT('',(17.774711699246,14.774711699246,
    31.225288300754));
#4390 = SURFACE_CURVE('',#4391,(#4395,#4402),.PCURVE_S1.);
#4391 = LINE('',#4392,#4393);
#4392 = CARTESIAN_POINT('',(17.774711699246,-11.22528830075,
    31.225288300754));
#4393 = VECTOR('',#4394,1.);
#4394 = DIRECTION('',(-0.,1.,0.));
#4395 = PCURVE('',#4285,#4396);
#4396 = DEFINITIONAL_REPRESENTATION('',(#4397),#4401);
#4397 = LINE('',#4398,#4399);
#4398 = CARTESIAN_POINT('',(0.,0.));
#4399 = VECTOR('',#4400,1.);
#4400 = DIRECTION('',(0.,-1.));
#4401 = ( GEOMETRIC_REPRESENTATION_CONTEXT(2) 
PARAMETRIC_REPRESENTATION_CONTEXT() REPRESENTATION_CONTEXT('2D SPACE',''
  ) );
#4402 = PCURVE('',#3118,#4403);
#4403 = DEFINITIONAL_REPRESENTATION('',(#4404),#4408);
#4404 = LINE('',#4405,#4406);
#4405 = CARTESIAN_POINT('',(35.549423398492,0.));
#4406 = VECTOR('',#4407,1.);
#4407 = DIRECTION('',(0.,1.));
#4408 = ( GEOMETRIC_REPRESENTATION_CONTEXT(2) 
PARAMETRIC_REPRESENTATION_CONTEXT() REPRESENTATION_CONTEXT('2D SPACE',''
  ) );
#4409 = ORIENTED_EDGE('',*,*,#4410,.T.);
#4410 = EDGE_CURVE('',#4388,#4364,#4411,.T.);
#4411 = SURFACE_CURVE('',#4412,(#4416,#4423),.PCURVE_S1.);
#4412 = LINE('',#4413,#4414);
#4413 = CARTESIAN_POINT('',(17.774711699246,14.774711699246,
    31.225288300754));
#4414 = VECTOR('',#4415,1.);
#4415 = DIRECTION('',(0.,0.,1.));
#4416 = PCURVE('',#4285,#4417);
#4417 = DEFINITIONAL_REPRESENTATION('',(#4418),#4422);
#4418 = LINE('',#4419,#4420);
#4419 = CARTESIAN_POINT('',(0.,-26.));
#4420 = VECTOR('',#4421,1.);
#4421 = DIRECTION('',(1.,0.));
#4422 = ( GEOMETRIC_REPRESENTATION_CONTEXT(2) 
PARAMETRIC_REPRESENTATION_CONTEXT() REPRESENTATION_CONTEXT('2D SPACE',''
  ) );
#4423 = PCURVE('',#4424,#4429);
#4424 = PLANE('',#4425);
#4425 = AXIS2_PLACEMENT_3D('',#4426,#4427,#4428);
#4426 = CARTESIAN_POINT('',(-17.77471169924,14.774711699246,
    31.225288300754));
#4427 = DIRECTION('',(-0.,1.,0.));
#4428 = DIRECTION('',(0.,0.,1.));
#4429 = DEFINITIONAL_REPRESENTATION('',(#4430),#4434);
#4430 = LINE('',#4431,#4432);
#4431 = CARTESIAN_POINT('',(0.,35.549423398492));
#4432 = VECTOR('',#4433,1.);
#4433 = DIRECTION('',(1.,0.));
#4434 = ( GEOMETRIC_REPRESENTATION_CONTEXT(2) 
PARAMETRIC_REPRESENTATION_CONTEXT() REPRESENTATION_CONTEXT('2D SPACE',''
  ) );
#4435 = ADVANCED_FACE('',(#4436),#4424,.F.);
#4436 = FACE_BOUND('',#4437,.F.);
#4437 = EDGE_LOOP('',(#4438,#4461,#4484,#4505));
#4438 = ORIENTED_EDGE('',*,*,#4439,.T.);
#4439 = EDGE_CURVE('',#4388,#4440,#4442,.T.);
#4440 = VERTEX_POINT('',#4441);
#4441 = CARTESIAN_POINT('',(-17.77471169924,14.774711699246,
    31.225288300754));
#4442 = SURFACE_CURVE('',#4443,(#4447,#4454),.PCURVE_S1.);
#4443 = LINE('',#4444,#4445);
#4444 = CARTESIAN_POINT('',(17.774711699246,14.774711699246,
    31.225288300754));
#4445 = VECTOR('',#4446,1.);
#4446 = DIRECTION('',(-1.,0.,0.));
#4447 = PCURVE('',#4424,#4448);
#4448 = DEFINITIONAL_REPRESENTATION('',(#4449),#4453);
#4449 = LINE('',#4450,#4451);
#4450 = CARTESIAN_POINT('',(0.,35.549423398492));
#4451 = VECTOR('',#4452,1.);
#4452 = DIRECTION('',(0.,-1.));
#4453 = ( GEOMETRIC_REPRESENTATION_CONTEXT(2) 
PARAMETRIC_REPRESENTATION_CONTEXT() REPRESENTATION_CONTEXT('2D SPACE',''
  ) );
#4454 = PCURVE('',#3118,#4455);
#4455 = DEFINITIONAL_REPRESENTATION('',(#4456),#4460);
#4456 = LINE('',#4457,#4458);
#4457 = CARTESIAN_POINT('',(35.549423398492,26.));
#4458 = VECTOR('',#4459,1.);
#4459 = DIRECTION('',(-1.,0.));
#4460 = ( GEOMETRIC_REPRESENTATION_CONTEXT(2) 
PARAMETRIC_REPRESENTATION_CONTEXT() REPRESENTATION_CONTEXT('2D SPACE',''
  ) );
#4461 = ORIENTED_EDGE('',*,*,#4462,.T.);
#4462 = EDGE_CURVE('',#4440,#4463,#4465,.T.);
#4463 = VERTEX_POINT('',#4464);
#4464 = CARTESIAN_POINT('',(-17.77471169924,14.774711699246,
    48.774711699246));
#4465 = SURFACE_CURVE('',#4466,(#4470,#4477),.PCURVE_S1.);
#4466 = LINE('',#4467,#4468);
#4467 = CARTESIAN_POINT('',(-17.77471169924,14.774711699246,
    31.225288300754));
#4468 = VECTOR('',#4469,1.);
#4469 = DIRECTION('',(0.,0.,1.));
#4470 = PCURVE('',#4424,#4471);
#4471 = DEFINITIONAL_REPRESENTATION('',(#4472),#4476);
#4472 = LINE('',#4473,#4474);
#4473 = CARTESIAN_POINT('',(0.,0.));
#4474 = VECTOR('',#4475,1.);
#4475 = DIRECTION('',(1.,0.));
#4476 = ( GEOMETRIC_REPRESENTATION_CONTEXT(2) 
PARAMETRIC_REPRESENTATION_CONTEXT() REPRESENTATION_CONTEXT('2D SPACE',''
  ) );
#4477 = PCURVE('',#3092,#4478);
#4478 = DEFINITIONAL_REPRESENTATION('',(#4479),#4483);
#4479 = LINE('',#4480,#4481);
#4480 = CARTESIAN_POINT('',(0.,-26.));
#4481 = VECTOR('',#4482,1.);
#4482 = DIRECTION('',(1.,0.));
#4483 = ( GEOMETRIC_REPRESENTATION_CONTEXT(2) 
PARAMETRIC_REPRESENTATION_CONTEXT() REPRESENTATION_CONTEXT('2D SPACE',''
  ) );
#4484 = ORIENTED_EDGE('',*,*,#4485,.T.);
#4485 = EDGE_CURVE('',#4463,#4364,#4486,.T.);
#4486 = SURFACE_CURVE('',#4487,(#4491,#4498),.PCURVE_S1.);
#4487 = LINE('',#4488,#4489);
#4488 = CARTESIAN_POINT('',(-17.77471169924,14.774711699246,
    48.774711699246));
#4489 = VECTOR('',#4490,1.);
#4490 = DIRECTION('',(1.,0.,0.));
#4491 = PCURVE('',#4424,#4492);
#4492 = DEFINITIONAL_REPRESENTATION('',(#4493),#4497);
#4493 = LINE('',#4494,#4495);
#4494 = CARTESIAN_POINT('',(17.549423398492,0.));
#4495 = VECTOR('',#4496,1.);
#4496 = DIRECTION('',(0.,1.));
#4497 = ( GEOMETRIC_REPRESENTATION_CONTEXT(2) 
PARAMETRIC_REPRESENTATION_CONTEXT() REPRESENTATION_CONTEXT('2D SPACE',''
  ) );
#4498 = PCURVE('',#3065,#4499);
#4499 = DEFINITIONAL_REPRESENTATION('',(#4500),#4504);
#4500 = LINE('',#4501,#4502);
#4501 = CARTESIAN_POINT('',(0.,26.));
#4502 = VECTOR('',#4503,1.);
#4503 = DIRECTION('',(1.,0.));
#4504 = ( GEOMETRIC_REPRESENTATION_CONTEXT(2) 
PARAMETRIC_REPRESENTATION_CONTEXT() REPRESENTATION_CONTEXT('2D SPACE',''
  ) );
#4505 = ORIENTED_EDGE('',*,*,#4410,.F.);
#4506 = ADVANCED_FACE('',(#4507),#3289,.T.);
#4507 = FACE_BOUND('',#4508,.T.);
#4508 = EDGE_LOOP('',(#4509,#4510,#4533,#4562,#4590,#4611,#4632,#4633,
    #4655,#4681,#4701));
#4509 = ORIENTED_EDGE('',*,*,#3273,.F.);
#4510 = ORIENTED_EDGE('',*,*,#4511,.F.);
#4511 = EDGE_CURVE('',#4512,#3246,#4514,.T.);
#4512 = VERTEX_POINT('',#4513);
#4513 = CARTESIAN_POINT('',(15.,-50.95,38.075));
#4514 = SURFACE_CURVE('',#4515,(#4519,#4526),.PCURVE_S1.);
#4515 = LINE('',#4516,#4517);
#4516 = CARTESIAN_POINT('',(15.,-50.95,27.));
#4517 = VECTOR('',#4518,1.);
#4518 = DIRECTION('',(0.,0.,1.));
#4519 = PCURVE('',#3289,#4520);
#4520 = DEFINITIONAL_REPRESENTATION('',(#4521),#4525);
#4521 = LINE('',#4522,#4523);
#4522 = CARTESIAN_POINT('',(0.,0.));
#4523 = VECTOR('',#4524,1.);
#4524 = DIRECTION('',(1.,0.));
#4525 = ( GEOMETRIC_REPRESENTATION_CONTEXT(2) 
PARAMETRIC_REPRESENTATION_CONTEXT() REPRESENTATION_CONTEXT('2D SPACE',''
  ) );
#4526 = PCURVE('',#3261,#4527);
#4527 = DEFINITIONAL_REPRESENTATION('',(#4528),#4532);
#4528 = LINE('',#4529,#4530);
#4529 = CARTESIAN_POINT('',(0.,30.));
#4530 = VECTOR('',#4531,1.);
#4531 = DIRECTION('',(1.,0.));
#4532 = ( GEOMETRIC_REPRESENTATION_CONTEXT(2) 
PARAMETRIC_REPRESENTATION_CONTEXT() REPRESENTATION_CONTEXT('2D SPACE',''
  ) );
#4533 = ORIENTED_EDGE('',*,*,#4534,.F.);
#4534 = EDGE_CURVE('',#4535,#4512,#4537,.T.);
#4535 = VERTEX_POINT('',#4536);
#4536 = CARTESIAN_POINT('',(15.,-50.95,31.925));
#4537 = SURFACE_CURVE('',#4538,(#4543,#4550),.PCURVE_S1.);
#4538 = CIRCLE('',#4539,3.075);
#4539 = AXIS2_PLACEMENT_3D('',#4540,#4541,#4542);
#4540 = CARTESIAN_POINT('',(15.,-50.95,35.));
#4541 = DIRECTION('',(1.,0.,2.22044604925E-16));
#4542 = DIRECTION('',(2.22044604925E-16,0.,-1.));
#4543 = PCURVE('',#3289,#4544);
#4544 = DEFINITIONAL_REPRESENTATION('',(#4545),#4549);
#4545 = CIRCLE('',#4546,3.075);
#4546 = AXIS2_PLACEMENT_2D('',#4547,#4548);
#4547 = CARTESIAN_POINT('',(8.,0.));
#4548 = DIRECTION('',(-1.,0.));
#4549 = ( GEOMETRIC_REPRESENTATION_CONTEXT(2) 
PARAMETRIC_REPRESENTATION_CONTEXT() REPRESENTATION_CONTEXT('2D SPACE',''
  ) );
#4550 = PCURVE('',#4551,#4556);
#4551 = CYLINDRICAL_SURFACE('',#4552,3.075);
#4552 = AXIS2_PLACEMENT_3D('',#4553,#4554,#4555);
#4553 = CARTESIAN_POINT('',(-25.,-50.95,35.));
#4554 = DIRECTION('',(1.,0.,2.22044604925E-16));
#4555 = DIRECTION('',(2.22044604925E-16,0.,-1.));
#4556 = DEFINITIONAL_REPRESENTATION('',(#4557),#4561);
#4557 = LINE('',#4558,#4559);
#4558 = CARTESIAN_POINT('',(0.,40.));
#4559 = VECTOR('',#4560,1.);
#4560 = DIRECTION('',(1.,0.));
#4561 = ( GEOMETRIC_REPRESENTATION_CONTEXT(2) 
PARAMETRIC_REPRESENTATION_CONTEXT() REPRESENTATION_CONTEXT('2D SPACE',''
  ) );
#4562 = ORIENTED_EDGE('',*,*,#4563,.F.);
#4563 = EDGE_CURVE('',#4564,#4535,#4566,.T.);
#4564 = VERTEX_POINT('',#4565);
#4565 = CARTESIAN_POINT('',(15.,-50.95,27.));
#4566 = SURFACE_CURVE('',#4567,(#4571,#4578),.PCURVE_S1.);
#4567 = LINE('',#4568,#4569);
#4568 = CARTESIAN_POINT('',(15.,-50.95,27.));
#4569 = VECTOR('',#4570,1.);
#4570 = DIRECTION('',(0.,0.,1.));
#4571 = PCURVE('',#3289,#4572);
#4572 = DEFINITIONAL_REPRESENTATION('',(#4573),#4577);
#4573 = LINE('',#4574,#4575);
#4574 = CARTESIAN_POINT('',(0.,0.));
#4575 = VECTOR('',#4576,1.);
#4576 = DIRECTION('',(1.,0.));
#4577 = ( GEOMETRIC_REPRESENTATION_CONTEXT(2) 
PARAMETRIC_REPRESENTATION_CONTEXT() REPRESENTATION_CONTEXT('2D SPACE',''
  ) );
#4578 = PCURVE('',#4579,#4584);
#4579 = PLANE('',#4580);
#4580 = AXIS2_PLACEMENT_3D('',#4581,#4582,#4583);
#4581 = CARTESIAN_POINT('',(-15.,-50.95,27.));
#4582 = DIRECTION('',(-0.,1.,0.));
#4583 = DIRECTION('',(0.,0.,1.));
#4584 = DEFINITIONAL_REPRESENTATION('',(#4585),#4589);
#4585 = LINE('',#4586,#4587);
#4586 = CARTESIAN_POINT('',(0.,30.));
#4587 = VECTOR('',#4588,1.);
#4588 = DIRECTION('',(1.,0.));
#4589 = ( GEOMETRIC_REPRESENTATION_CONTEXT(2) 
PARAMETRIC_REPRESENTATION_CONTEXT() REPRESENTATION_CONTEXT('2D SPACE',''
  ) );
#4590 = ORIENTED_EDGE('',*,*,#4591,.T.);
#4591 = EDGE_CURVE('',#4564,#168,#4592,.T.);
#4592 = SURFACE_CURVE('',#4593,(#4597,#4604),.PCURVE_S1.);
#4593 = LINE('',#4594,#4595);
#4594 = CARTESIAN_POINT('',(15.,-50.95,27.));
#4595 = VECTOR('',#4596,1.);
#4596 = DIRECTION('',(-0.,1.,0.));
#4597 = PCURVE('',#3289,#4598);
#4598 = DEFINITIONAL_REPRESENTATION('',(#4599),#4603);
#4599 = LINE('',#4600,#4601);
#4600 = CARTESIAN_POINT('',(0.,0.));
#4601 = VECTOR('',#4602,1.);
#4602 = DIRECTION('',(0.,-1.));
#4603 = ( GEOMETRIC_REPRESENTATION_CONTEXT(2) 
PARAMETRIC_REPRESENTATION_CONTEXT() REPRESENTATION_CONTEXT('2D SPACE',''
  ) );
#4604 = PCURVE('',#213,#4605);
#4605 = DEFINITIONAL_REPRESENTATION('',(#4606),#4610);
#4606 = LINE('',#4607,#4608);
#4607 = CARTESIAN_POINT('',(30.,0.));
#4608 = VECTOR('',#4609,1.);
#4609 = DIRECTION('',(0.,1.));
#4610 = ( GEOMETRIC_REPRESENTATION_CONTEXT(2) 
PARAMETRIC_REPRESENTATION_CONTEXT() REPRESENTATION_CONTEXT('2D SPACE',''
  ) );
#4611 = ORIENTED_EDGE('',*,*,#4612,.T.);
#4612 = EDGE_CURVE('',#168,#4205,#4613,.T.);
#4613 = SURFACE_CURVE('',#4614,(#4618,#4625),.PCURVE_S1.);
#4614 = LINE('',#4615,#4616);
#4615 = CARTESIAN_POINT('',(15.,-50.95,27.));
#4616 = VECTOR('',#4617,1.);
#4617 = DIRECTION('',(-0.,1.,0.));
#4618 = PCURVE('',#3289,#4619);
#4619 = DEFINITIONAL_REPRESENTATION('',(#4620),#4624);
#4620 = LINE('',#4621,#4622);
#4621 = CARTESIAN_POINT('',(0.,0.));
#4622 = VECTOR('',#4623,1.);
#4623 = DIRECTION('',(0.,-1.));
#4624 = ( GEOMETRIC_REPRESENTATION_CONTEXT(2) 
PARAMETRIC_REPRESENTATION_CONTEXT() REPRESENTATION_CONTEXT('2D SPACE',''
  ) );
#4625 = PCURVE('',#184,#4626);
#4626 = DEFINITIONAL_REPRESENTATION('',(#4627),#4631);
#4627 = LINE('',#4628,#4629);
#4628 = CARTESIAN_POINT('',(15.,-50.95));
#4629 = VECTOR('',#4630,1.);
#4630 = DIRECTION('',(0.,1.));
#4631 = ( GEOMETRIC_REPRESENTATION_CONTEXT(2) 
PARAMETRIC_REPRESENTATION_CONTEXT() REPRESENTATION_CONTEXT('2D SPACE',''
  ) );
#4632 = ORIENTED_EDGE('',*,*,#4227,.T.);
#4633 = ORIENTED_EDGE('',*,*,#4634,.T.);
#4634 = EDGE_CURVE('',#4228,#4635,#4637,.T.);
#4635 = VERTEX_POINT('',#4636);
#4636 = CARTESIAN_POINT('',(15.,-11.22528830075,31.225288300754));
#4637 = SURFACE_CURVE('',#4638,(#4642,#4648),.PCURVE_S1.);
#4638 = LINE('',#4639,#4640);
#4639 = CARTESIAN_POINT('',(15.,-31.08764415037,31.225288300754));
#4640 = VECTOR('',#4641,1.);
#4641 = DIRECTION('',(0.,-1.,0.));
#4642 = PCURVE('',#3289,#4643);
#4643 = DEFINITIONAL_REPRESENTATION('',(#4644),#4647);
#4644 = B_SPLINE_CURVE_WITH_KNOTS('',1,(#4645,#4646),.UNSPECIFIED.,.F.,
  .F.,(2,2),(-24.08764415037,-19.86235584962),.PIECEWISE_BEZIER_KNOTS.);
#4645 = CARTESIAN_POINT('',(4.225288300754,-43.95));
#4646 = CARTESIAN_POINT('',(4.225288300754,-39.72471169924));
#4647 = ( GEOMETRIC_REPRESENTATION_CONTEXT(2) 
PARAMETRIC_REPRESENTATION_CONTEXT() REPRESENTATION_CONTEXT('2D SPACE',''
  ) );
#4648 = PCURVE('',#3118,#4649);
#4649 = DEFINITIONAL_REPRESENTATION('',(#4650),#4654);
#4650 = LINE('',#4651,#4652);
#4651 = CARTESIAN_POINT('',(32.774711699246,-19.86235584962));
#4652 = VECTOR('',#4653,1.);
#4653 = DIRECTION('',(0.,-1.));
#4654 = ( GEOMETRIC_REPRESENTATION_CONTEXT(2) 
PARAMETRIC_REPRESENTATION_CONTEXT() REPRESENTATION_CONTEXT('2D SPACE',''
  ) );
#4655 = ORIENTED_EDGE('',*,*,#4656,.T.);
#4656 = EDGE_CURVE('',#4635,#4657,#4659,.T.);
#4657 = VERTEX_POINT('',#4658);
#4658 = CARTESIAN_POINT('',(15.,-11.22528830075,48.774711699246));
#4659 = SURFACE_CURVE('',#4660,(#4664,#4670),.PCURVE_S1.);
#4660 = LINE('',#4661,#4662);
#4661 = CARTESIAN_POINT('',(15.,-11.22528830075,29.112644150377));
#4662 = VECTOR('',#4663,1.);
#4663 = DIRECTION('',(0.,0.,1.));
#4664 = PCURVE('',#3289,#4665);
#4665 = DEFINITIONAL_REPRESENTATION('',(#4666),#4669);
#4666 = B_SPLINE_CURVE_WITH_KNOTS('',1,(#4667,#4668),.UNSPECIFIED.,.F.,
  .F.,(2,2),(2.112644150377,19.662067548869),.PIECEWISE_BEZIER_KNOTS.);
#4667 = CARTESIAN_POINT('',(4.225288300754,-39.72471169924));
#4668 = CARTESIAN_POINT('',(21.774711699246,-39.72471169924));
#4669 = ( GEOMETRIC_REPRESENTATION_CONTEXT(2) 
PARAMETRIC_REPRESENTATION_CONTEXT() REPRESENTATION_CONTEXT('2D SPACE',''
  ) );
#4670 = PCURVE('',#4671,#4676);
#4671 = PLANE('',#4672);
#4672 = AXIS2_PLACEMENT_3D('',#4673,#4674,#4675);
#4673 = CARTESIAN_POINT('',(-17.77471169924,-11.22528830075,
    31.225288300754));
#4674 = DIRECTION('',(-0.,1.,0.));
#4675 = DIRECTION('',(0.,0.,1.));
#4676 = DEFINITIONAL_REPRESENTATION('',(#4677),#4680);
#4677 = B_SPLINE_CURVE_WITH_KNOTS('',1,(#4678,#4679),.UNSPECIFIED.,.F.,
  .F.,(2,2),(2.112644150377,19.662067548869),.PIECEWISE_BEZIER_KNOTS.);
#4678 = CARTESIAN_POINT('',(0.,32.774711699246));
#4679 = CARTESIAN_POINT('',(17.549423398492,32.774711699246));
#4680 = ( GEOMETRIC_REPRESENTATION_CONTEXT(2) 
PARAMETRIC_REPRESENTATION_CONTEXT() REPRESENTATION_CONTEXT('2D SPACE',''
  ) );
#4681 = ORIENTED_EDGE('',*,*,#4682,.F.);
#4682 = EDGE_CURVE('',#4297,#4657,#4683,.T.);
#4683 = SURFACE_CURVE('',#4684,(#4688,#4694),.PCURVE_S1.);
#4684 = LINE('',#4685,#4686);
#4685 = CARTESIAN_POINT('',(15.,-31.08764415037,48.774711699246));
#4686 = VECTOR('',#4687,1.);
#4687 = DIRECTION('',(0.,-1.,0.));
#4688 = PCURVE('',#3289,#4689);
#4689 = DEFINITIONAL_REPRESENTATION('',(#4690),#4693);
#4690 = B_SPLINE_CURVE_WITH_KNOTS('',1,(#4691,#4692),.UNSPECIFIED.,.F.,
  .F.,(2,2),(-24.08764415037,-19.86235584962),.PIECEWISE_BEZIER_KNOTS.);
#4691 = CARTESIAN_POINT('',(21.774711699246,-43.95));
#4692 = CARTESIAN_POINT('',(21.774711699246,-39.72471169924));
#4693 = ( GEOMETRIC_REPRESENTATION_CONTEXT(2) 
PARAMETRIC_REPRESENTATION_CONTEXT() REPRESENTATION_CONTEXT('2D SPACE',''
  ) );
#4694 = PCURVE('',#3065,#4695);
#4695 = DEFINITIONAL_REPRESENTATION('',(#4696),#4700);
#4696 = LINE('',#4697,#4698);
#4697 = CARTESIAN_POINT('',(32.774711699246,-19.86235584962));
#4698 = VECTOR('',#4699,1.);
#4699 = DIRECTION('',(0.,-1.));
#4700 = ( GEOMETRIC_REPRESENTATION_CONTEXT(2) 
PARAMETRIC_REPRESENTATION_CONTEXT() REPRESENTATION_CONTEXT('2D SPACE',''
  ) );
#4701 = ORIENTED_EDGE('',*,*,#4318,.T.);
#4702 = ADVANCED_FACE('',(#4703),#4551,.F.);
#4703 = FACE_BOUND('',#4704,.F.);
#4704 = EDGE_LOOP('',(#4705,#4706,#4729,#4752,#4780,#4803,#4831,#4855,
    #4876,#4903,#4904,#4933,#4954,#4981,#4982,#5011));
#4705 = ORIENTED_EDGE('',*,*,#4534,.F.);
#4706 = ORIENTED_EDGE('',*,*,#4707,.F.);
#4707 = EDGE_CURVE('',#4708,#4535,#4710,.T.);
#4708 = VERTEX_POINT('',#4709);
#4709 = CARTESIAN_POINT('',(14.,-50.95,31.925));
#4710 = SURFACE_CURVE('',#4711,(#4715,#4722),.PCURVE_S1.);
#4711 = LINE('',#4712,#4713);
#4712 = CARTESIAN_POINT('',(-25.,-50.95,31.925));
#4713 = VECTOR('',#4714,1.);
#4714 = DIRECTION('',(1.,0.,2.22044604925E-16));
#4715 = PCURVE('',#4551,#4716);
#4716 = DEFINITIONAL_REPRESENTATION('',(#4717),#4721);
#4717 = LINE('',#4718,#4719);
#4718 = CARTESIAN_POINT('',(0.,-0.));
#4719 = VECTOR('',#4720,1.);
#4720 = DIRECTION('',(0.,1.));
#4721 = ( GEOMETRIC_REPRESENTATION_CONTEXT(2) 
PARAMETRIC_REPRESENTATION_CONTEXT() REPRESENTATION_CONTEXT('2D SPACE',''
  ) );
#4722 = PCURVE('',#4579,#4723);
#4723 = DEFINITIONAL_REPRESENTATION('',(#4724),#4728);
#4724 = LINE('',#4725,#4726);
#4725 = CARTESIAN_POINT('',(4.925,-10.));
#4726 = VECTOR('',#4727,1.);
#4727 = DIRECTION('',(2.22044604925E-16,1.));
#4728 = ( GEOMETRIC_REPRESENTATION_CONTEXT(2) 
PARAMETRIC_REPRESENTATION_CONTEXT() REPRESENTATION_CONTEXT('2D SPACE',''
  ) );
#4729 = ORIENTED_EDGE('',*,*,#4730,.F.);
#4730 = EDGE_CURVE('',#4731,#4708,#4733,.T.);
#4731 = VERTEX_POINT('',#4732);
#4732 = CARTESIAN_POINT('',(8.,-50.95,31.925));
#4733 = SEAM_CURVE('',#4734,(#4738,#4745),.PCURVE_S1.);
#4734 = LINE('',#4735,#4736);
#4735 = CARTESIAN_POINT('',(-25.,-50.95,31.925));
#4736 = VECTOR('',#4737,1.);
#4737 = DIRECTION('',(1.,0.,2.22044604925E-16));
#4738 = PCURVE('',#4551,#4739);
#4739 = DEFINITIONAL_REPRESENTATION('',(#4740),#4744);
#4740 = LINE('',#4741,#4742);
#4741 = CARTESIAN_POINT('',(6.28318530718,-0.));
#4742 = VECTOR('',#4743,1.);
#4743 = DIRECTION('',(0.,1.));
#4744 = ( GEOMETRIC_REPRESENTATION_CONTEXT(2) 
PARAMETRIC_REPRESENTATION_CONTEXT() REPRESENTATION_CONTEXT('2D SPACE',''
  ) );
#4745 = PCURVE('',#4551,#4746);
#4746 = DEFINITIONAL_REPRESENTATION('',(#4747),#4751);
#4747 = LINE('',#4748,#4749);
#4748 = CARTESIAN_POINT('',(0.,-0.));
#4749 = VECTOR('',#4750,1.);
#4750 = DIRECTION('',(0.,1.));
#4751 = ( GEOMETRIC_REPRESENTATION_CONTEXT(2) 
PARAMETRIC_REPRESENTATION_CONTEXT() REPRESENTATION_CONTEXT('2D SPACE',''
  ) );
#4752 = ORIENTED_EDGE('',*,*,#4753,.F.);
#4753 = EDGE_CURVE('',#4754,#4731,#4756,.T.);
#4754 = VERTEX_POINT('',#4755);
#4755 = CARTESIAN_POINT('',(-8.,-50.95,31.925));
#4756 = SURFACE_CURVE('',#4757,(#4761,#4768),.PCURVE_S1.);
#4757 = LINE('',#4758,#4759);
#4758 = CARTESIAN_POINT('',(-25.,-50.95,31.925));
#4759 = VECTOR('',#4760,1.);
#4760 = DIRECTION('',(1.,0.,2.22044604925E-16));
#4761 = PCURVE('',#4551,#4762);
#4762 = DEFINITIONAL_REPRESENTATION('',(#4763),#4767);
#4763 = LINE('',#4764,#4765);
#4764 = CARTESIAN_POINT('',(0.,-0.));
#4765 = VECTOR('',#4766,1.);
#4766 = DIRECTION('',(0.,1.));
#4767 = ( GEOMETRIC_REPRESENTATION_CONTEXT(2) 
PARAMETRIC_REPRESENTATION_CONTEXT() REPRESENTATION_CONTEXT('2D SPACE',''
  ) );
#4768 = PCURVE('',#4769,#4774);
#4769 = PLANE('',#4770);
#4770 = AXIS2_PLACEMENT_3D('',#4771,#4772,#4773);
#4771 = CARTESIAN_POINT('',(-15.,-50.95,27.));
#4772 = DIRECTION('',(-0.,1.,0.));
#4773 = DIRECTION('',(0.,0.,1.));
#4774 = DEFINITIONAL_REPRESENTATION('',(#4775),#4779);
#4775 = LINE('',#4776,#4777);
#4776 = CARTESIAN_POINT('',(4.925,-10.));
#4777 = VECTOR('',#4778,1.);
#4778 = DIRECTION('',(2.22044604925E-16,1.));
#4779 = ( GEOMETRIC_REPRESENTATION_CONTEXT(2) 
PARAMETRIC_REPRESENTATION_CONTEXT() REPRESENTATION_CONTEXT('2D SPACE',''
  ) );
#4780 = ORIENTED_EDGE('',*,*,#4781,.F.);
#4781 = EDGE_CURVE('',#4782,#4754,#4784,.T.);
#4782 = VERTEX_POINT('',#4783);
#4783 = CARTESIAN_POINT('',(-14.,-50.95,31.925));
#4784 = SEAM_CURVE('',#4785,(#4789,#4796),.PCURVE_S1.);
#4785 = LINE('',#4786,#4787);
#4786 = CARTESIAN_POINT('',(-25.,-50.95,31.925));
#4787 = VECTOR('',#4788,1.);
#4788 = DIRECTION('',(1.,0.,2.22044604925E-16));
#4789 = PCURVE('',#4551,#4790);
#4790 = DEFINITIONAL_REPRESENTATION('',(#4791),#4795);
#4791 = LINE('',#4792,#4793);
#4792 = CARTESIAN_POINT('',(6.28318530718,-0.));
#4793 = VECTOR('',#4794,1.);
#4794 = DIRECTION('',(0.,1.));
#4795 = ( GEOMETRIC_REPRESENTATION_CONTEXT(2) 
PARAMETRIC_REPRESENTATION_CONTEXT() REPRESENTATION_CONTEXT('2D SPACE',''
  ) );
#4796 = PCURVE('',#4551,#4797);
#4797 = DEFINITIONAL_REPRESENTATION('',(#4798),#4802);
#4798 = LINE('',#4799,#4800);
#4799 = CARTESIAN_POINT('',(0.,-0.));
#4800 = VECTOR('',#4801,1.);
#4801 = DIRECTION('',(0.,1.));
#4802 = ( GEOMETRIC_REPRESENTATION_CONTEXT(2) 
PARAMETRIC_REPRESENTATION_CONTEXT() REPRESENTATION_CONTEXT('2D SPACE',''
  ) );
#4803 = ORIENTED_EDGE('',*,*,#4804,.F.);
#4804 = EDGE_CURVE('',#4805,#4782,#4807,.T.);
#4805 = VERTEX_POINT('',#4806);
#4806 = CARTESIAN_POINT('',(-15.,-50.95,31.925));
#4807 = SURFACE_CURVE('',#4808,(#4812,#4819),.PCURVE_S1.);
#4808 = LINE('',#4809,#4810);
#4809 = CARTESIAN_POINT('',(-25.,-50.95,31.925));
#4810 = VECTOR('',#4811,1.);
#4811 = DIRECTION('',(1.,0.,2.22044604925E-16));
#4812 = PCURVE('',#4551,#4813);
#4813 = DEFINITIONAL_REPRESENTATION('',(#4814),#4818);
#4814 = LINE('',#4815,#4816);
#4815 = CARTESIAN_POINT('',(0.,-0.));
#4816 = VECTOR('',#4817,1.);
#4817 = DIRECTION('',(0.,1.));
#4818 = ( GEOMETRIC_REPRESENTATION_CONTEXT(2) 
PARAMETRIC_REPRESENTATION_CONTEXT() REPRESENTATION_CONTEXT('2D SPACE',''
  ) );
#4819 = PCURVE('',#4820,#4825);
#4820 = PLANE('',#4821);
#4821 = AXIS2_PLACEMENT_3D('',#4822,#4823,#4824);
#4822 = CARTESIAN_POINT('',(-15.,-50.95,27.));
#4823 = DIRECTION('',(-0.,1.,0.));
#4824 = DIRECTION('',(0.,0.,1.));
#4825 = DEFINITIONAL_REPRESENTATION('',(#4826),#4830);
#4826 = LINE('',#4827,#4828);
#4827 = CARTESIAN_POINT('',(4.925,-10.));
#4828 = VECTOR('',#4829,1.);
#4829 = DIRECTION('',(2.22044604925E-16,1.));
#4830 = ( GEOMETRIC_REPRESENTATION_CONTEXT(2) 
PARAMETRIC_REPRESENTATION_CONTEXT() REPRESENTATION_CONTEXT('2D SPACE',''
  ) );
#4831 = ORIENTED_EDGE('',*,*,#4832,.T.);
#4832 = EDGE_CURVE('',#4805,#4833,#4835,.T.);
#4833 = VERTEX_POINT('',#4834);
#4834 = CARTESIAN_POINT('',(-15.,-50.95,38.075));
#4835 = SURFACE_CURVE('',#4836,(#4841,#4848),.PCURVE_S1.);
#4836 = CIRCLE('',#4837,3.075);
#4837 = AXIS2_PLACEMENT_3D('',#4838,#4839,#4840);
#4838 = CARTESIAN_POINT('',(-15.,-50.95,35.));
#4839 = DIRECTION('',(1.,0.,2.22044604925E-16));
#4840 = DIRECTION('',(2.22044604925E-16,0.,-1.));
#4841 = PCURVE('',#4551,#4842);
#4842 = DEFINITIONAL_REPRESENTATION('',(#4843),#4847);
#4843 = LINE('',#4844,#4845);
#4844 = CARTESIAN_POINT('',(0.,10.));
#4845 = VECTOR('',#4846,1.);
#4846 = DIRECTION('',(1.,0.));
#4847 = ( GEOMETRIC_REPRESENTATION_CONTEXT(2) 
PARAMETRIC_REPRESENTATION_CONTEXT() REPRESENTATION_CONTEXT('2D SPACE',''
  ) );
#4848 = PCURVE('',#3039,#4849);
#4849 = DEFINITIONAL_REPRESENTATION('',(#4850),#4854);
#4850 = CIRCLE('',#4851,3.075);
#4851 = AXIS2_PLACEMENT_2D('',#4852,#4853);
#4852 = CARTESIAN_POINT('',(8.,0.));
#4853 = DIRECTION('',(-1.,0.));
#4854 = ( GEOMETRIC_REPRESENTATION_CONTEXT(2) 
PARAMETRIC_REPRESENTATION_CONTEXT() REPRESENTATION_CONTEXT('2D SPACE',''
  ) );
#4855 = ORIENTED_EDGE('',*,*,#4856,.T.);
#4856 = EDGE_CURVE('',#4833,#4857,#4859,.T.);
#4857 = VERTEX_POINT('',#4858);
#4858 = CARTESIAN_POINT('',(-14.,-50.95,38.075));
#4859 = SURFACE_CURVE('',#4860,(#4864,#4870),.PCURVE_S1.);
#4860 = LINE('',#4861,#4862);
#4861 = CARTESIAN_POINT('',(-25.,-50.95,38.075));
#4862 = VECTOR('',#4863,1.);
#4863 = DIRECTION('',(1.,0.,2.22044604925E-16));
#4864 = PCURVE('',#4551,#4865);
#4865 = DEFINITIONAL_REPRESENTATION('',(#4866),#4869);
#4866 = B_SPLINE_CURVE_WITH_KNOTS('',1,(#4867,#4868),.UNSPECIFIED.,.F.,
  .F.,(2,2),(7.,43.),.PIECEWISE_BEZIER_KNOTS.);
#4867 = CARTESIAN_POINT('',(3.14159265359,7.));
#4868 = CARTESIAN_POINT('',(3.14159265359,43.));
#4869 = ( GEOMETRIC_REPRESENTATION_CONTEXT(2) 
PARAMETRIC_REPRESENTATION_CONTEXT() REPRESENTATION_CONTEXT('2D SPACE',''
  ) );
#4870 = PCURVE('',#3261,#4871);
#4871 = DEFINITIONAL_REPRESENTATION('',(#4872),#4875);
#4872 = B_SPLINE_CURVE_WITH_KNOTS('',1,(#4873,#4874),.UNSPECIFIED.,.F.,
  .F.,(2,2),(7.,43.),.PIECEWISE_BEZIER_KNOTS.);
#4873 = CARTESIAN_POINT('',(11.075,-3.));
#4874 = CARTESIAN_POINT('',(11.075,33.));
#4875 = ( GEOMETRIC_REPRESENTATION_CONTEXT(2) 
PARAMETRIC_REPRESENTATION_CONTEXT() REPRESENTATION_CONTEXT('2D SPACE',''
  ) );
#4876 = ORIENTED_EDGE('',*,*,#4877,.T.);
#4877 = EDGE_CURVE('',#4857,#4782,#4878,.T.);
#4878 = SURFACE_CURVE('',#4879,(#4884,#4891),.PCURVE_S1.);
#4879 = CIRCLE('',#4880,3.075);
#4880 = AXIS2_PLACEMENT_3D('',#4881,#4882,#4883);
#4881 = CARTESIAN_POINT('',(-14.,-50.95,35.));
#4882 = DIRECTION('',(1.,0.,2.22044604925E-16));
#4883 = DIRECTION('',(2.22044604925E-16,0.,-1.));
#4884 = PCURVE('',#4551,#4885);
#4885 = DEFINITIONAL_REPRESENTATION('',(#4886),#4890);
#4886 = LINE('',#4887,#4888);
#4887 = CARTESIAN_POINT('',(0.,11.));
#4888 = VECTOR('',#4889,1.);
#4889 = DIRECTION('',(1.,0.));
#4890 = ( GEOMETRIC_REPRESENTATION_CONTEXT(2) 
PARAMETRIC_REPRESENTATION_CONTEXT() REPRESENTATION_CONTEXT('2D SPACE',''
  ) );
#4891 = PCURVE('',#4892,#4897);
#4892 = PLANE('',#4893);
#4893 = AXIS2_PLACEMENT_3D('',#4894,#4895,#4896);
#4894 = CARTESIAN_POINT('',(-14.,-50.95,35.));
#4895 = DIRECTION('',(1.,0.,2.22044604925E-16));
#4896 = DIRECTION('',(2.22044604925E-16,0.,-1.));
#4897 = DEFINITIONAL_REPRESENTATION('',(#4898),#4902);
#4898 = CIRCLE('',#4899,3.075);
#4899 = AXIS2_PLACEMENT_2D('',#4900,#4901);
#4900 = CARTESIAN_POINT('',(7.105427357601E-15,0.));
#4901 = DIRECTION('',(1.,0.));
#4902 = ( GEOMETRIC_REPRESENTATION_CONTEXT(2) 
PARAMETRIC_REPRESENTATION_CONTEXT() REPRESENTATION_CONTEXT('2D SPACE',''
  ) );
#4903 = ORIENTED_EDGE('',*,*,#4781,.T.);
#4904 = ORIENTED_EDGE('',*,*,#4905,.F.);
#4905 = EDGE_CURVE('',#4906,#4754,#4908,.T.);
#4906 = VERTEX_POINT('',#4907);
#4907 = CARTESIAN_POINT('',(-8.,-50.95,38.075));
#4908 = SURFACE_CURVE('',#4909,(#4914,#4921),.PCURVE_S1.);
#4909 = CIRCLE('',#4910,3.075);
#4910 = AXIS2_PLACEMENT_3D('',#4911,#4912,#4913);
#4911 = CARTESIAN_POINT('',(-8.,-50.95,35.));
#4912 = DIRECTION('',(1.,0.,2.22044604925E-16));
#4913 = DIRECTION('',(2.22044604925E-16,0.,-1.));
#4914 = PCURVE('',#4551,#4915);
#4915 = DEFINITIONAL_REPRESENTATION('',(#4916),#4920);
#4916 = LINE('',#4917,#4918);
#4917 = CARTESIAN_POINT('',(0.,17.));
#4918 = VECTOR('',#4919,1.);
#4919 = DIRECTION('',(1.,0.));
#4920 = ( GEOMETRIC_REPRESENTATION_CONTEXT(2) 
PARAMETRIC_REPRESENTATION_CONTEXT() REPRESENTATION_CONTEXT('2D SPACE',''
  ) );
#4921 = PCURVE('',#4922,#4927);
#4922 = PLANE('',#4923);
#4923 = AXIS2_PLACEMENT_3D('',#4924,#4925,#4926);
#4924 = CARTESIAN_POINT('',(-8.,-50.95,35.));
#4925 = DIRECTION('',(1.,0.,2.22044604925E-16));
#4926 = DIRECTION('',(2.22044604925E-16,0.,-1.));
#4927 = DEFINITIONAL_REPRESENTATION('',(#4928),#4932);
#4928 = CIRCLE('',#4929,3.075);
#4929 = AXIS2_PLACEMENT_2D('',#4930,#4931);
#4930 = CARTESIAN_POINT('',(0.,0.));
#4931 = DIRECTION('',(1.,0.));
#4932 = ( GEOMETRIC_REPRESENTATION_CONTEXT(2) 
PARAMETRIC_REPRESENTATION_CONTEXT() REPRESENTATION_CONTEXT('2D SPACE',''
  ) );
#4933 = ORIENTED_EDGE('',*,*,#4934,.T.);
#4934 = EDGE_CURVE('',#4906,#4935,#4937,.T.);
#4935 = VERTEX_POINT('',#4936);
#4936 = CARTESIAN_POINT('',(8.,-50.95,38.075));
#4937 = SURFACE_CURVE('',#4938,(#4942,#4948),.PCURVE_S1.);
#4938 = LINE('',#4939,#4940);
#4939 = CARTESIAN_POINT('',(-25.,-50.95,38.075));
#4940 = VECTOR('',#4941,1.);
#4941 = DIRECTION('',(1.,0.,2.22044604925E-16));
#4942 = PCURVE('',#4551,#4943);
#4943 = DEFINITIONAL_REPRESENTATION('',(#4944),#4947);
#4944 = B_SPLINE_CURVE_WITH_KNOTS('',1,(#4945,#4946),.UNSPECIFIED.,.F.,
  .F.,(2,2),(7.,43.),.PIECEWISE_BEZIER_KNOTS.);
#4945 = CARTESIAN_POINT('',(3.14159265359,7.));
#4946 = CARTESIAN_POINT('',(3.14159265359,43.));
#4947 = ( GEOMETRIC_REPRESENTATION_CONTEXT(2) 
PARAMETRIC_REPRESENTATION_CONTEXT() REPRESENTATION_CONTEXT('2D SPACE',''
  ) );
#4948 = PCURVE('',#3261,#4949);
#4949 = DEFINITIONAL_REPRESENTATION('',(#4950),#4953);
#4950 = B_SPLINE_CURVE_WITH_KNOTS('',1,(#4951,#4952),.UNSPECIFIED.,.F.,
  .F.,(2,2),(7.,43.),.PIECEWISE_BEZIER_KNOTS.);
#4951 = CARTESIAN_POINT('',(11.075,-3.));
#4952 = CARTESIAN_POINT('',(11.075,33.));
#4953 = ( GEOMETRIC_REPRESENTATION_CONTEXT(2) 
PARAMETRIC_REPRESENTATION_CONTEXT() REPRESENTATION_CONTEXT('2D SPACE',''
  ) );
#4954 = ORIENTED_EDGE('',*,*,#4955,.T.);
#4955 = EDGE_CURVE('',#4935,#4731,#4956,.T.);
#4956 = SURFACE_CURVE('',#4957,(#4962,#4969),.PCURVE_S1.);
#4957 = CIRCLE('',#4958,3.075);
#4958 = AXIS2_PLACEMENT_3D('',#4959,#4960,#4961);
#4959 = CARTESIAN_POINT('',(8.,-50.95,35.));
#4960 = DIRECTION('',(1.,0.,2.22044604925E-16));
#4961 = DIRECTION('',(2.22044604925E-16,0.,-1.));
#4962 = PCURVE('',#4551,#4963);
#4963 = DEFINITIONAL_REPRESENTATION('',(#4964),#4968);
#4964 = LINE('',#4965,#4966);
#4965 = CARTESIAN_POINT('',(0.,33.));
#4966 = VECTOR('',#4967,1.);
#4967 = DIRECTION('',(1.,0.));
#4968 = ( GEOMETRIC_REPRESENTATION_CONTEXT(2) 
PARAMETRIC_REPRESENTATION_CONTEXT() REPRESENTATION_CONTEXT('2D SPACE',''
  ) );
#4969 = PCURVE('',#4970,#4975);
#4970 = PLANE('',#4971);
#4971 = AXIS2_PLACEMENT_3D('',#4972,#4973,#4974);
#4972 = CARTESIAN_POINT('',(8.,-50.95,35.));
#4973 = DIRECTION('',(1.,0.,2.22044604925E-16));
#4974 = DIRECTION('',(2.22044604925E-16,0.,-1.));
#4975 = DEFINITIONAL_REPRESENTATION('',(#4976),#4980);
#4976 = CIRCLE('',#4977,3.075);
#4977 = AXIS2_PLACEMENT_2D('',#4978,#4979);
#4978 = CARTESIAN_POINT('',(0.,0.));
#4979 = DIRECTION('',(1.,0.));
#4980 = ( GEOMETRIC_REPRESENTATION_CONTEXT(2) 
PARAMETRIC_REPRESENTATION_CONTEXT() REPRESENTATION_CONTEXT('2D SPACE',''
  ) );
#4981 = ORIENTED_EDGE('',*,*,#4730,.T.);
#4982 = ORIENTED_EDGE('',*,*,#4983,.F.);
#4983 = EDGE_CURVE('',#4984,#4708,#4986,.T.);
#4984 = VERTEX_POINT('',#4985);
#4985 = CARTESIAN_POINT('',(14.,-50.95,38.075));
#4986 = SURFACE_CURVE('',#4987,(#4992,#4999),.PCURVE_S1.);
#4987 = CIRCLE('',#4988,3.075);
#4988 = AXIS2_PLACEMENT_3D('',#4989,#4990,#4991);
#4989 = CARTESIAN_POINT('',(14.,-50.95,35.));
#4990 = DIRECTION('',(1.,0.,2.22044604925E-16));
#4991 = DIRECTION('',(2.22044604925E-16,0.,-1.));
#4992 = PCURVE('',#4551,#4993);
#4993 = DEFINITIONAL_REPRESENTATION('',(#4994),#4998);
#4994 = LINE('',#4995,#4996);
#4995 = CARTESIAN_POINT('',(0.,39.));
#4996 = VECTOR('',#4997,1.);
#4997 = DIRECTION('',(1.,0.));
#4998 = ( GEOMETRIC_REPRESENTATION_CONTEXT(2) 
PARAMETRIC_REPRESENTATION_CONTEXT() REPRESENTATION_CONTEXT('2D SPACE',''
  ) );
#4999 = PCURVE('',#5000,#5005);
#5000 = PLANE('',#5001);
#5001 = AXIS2_PLACEMENT_3D('',#5002,#5003,#5004);
#5002 = CARTESIAN_POINT('',(14.,-50.95,35.));
#5003 = DIRECTION('',(1.,0.,2.22044604925E-16));
#5004 = DIRECTION('',(2.22044604925E-16,0.,-1.));
#5005 = DEFINITIONAL_REPRESENTATION('',(#5006),#5010);
#5006 = CIRCLE('',#5007,3.075);
#5007 = AXIS2_PLACEMENT_2D('',#5008,#5009);
#5008 = CARTESIAN_POINT('',(0.,0.));
#5009 = DIRECTION('',(1.,0.));
#5010 = ( GEOMETRIC_REPRESENTATION_CONTEXT(2) 
PARAMETRIC_REPRESENTATION_CONTEXT() REPRESENTATION_CONTEXT('2D SPACE',''
  ) );
#5011 = ORIENTED_EDGE('',*,*,#5012,.T.);
#5012 = EDGE_CURVE('',#4984,#4512,#5013,.T.);
#5013 = SURFACE_CURVE('',#5014,(#5018,#5024),.PCURVE_S1.);
#5014 = LINE('',#5015,#5016);
#5015 = CARTESIAN_POINT('',(-25.,-50.95,38.075));
#5016 = VECTOR('',#5017,1.);
#5017 = DIRECTION('',(1.,0.,2.22044604925E-16));
#5018 = PCURVE('',#4551,#5019);
#5019 = DEFINITIONAL_REPRESENTATION('',(#5020),#5023);
#5020 = B_SPLINE_CURVE_WITH_KNOTS('',1,(#5021,#5022),.UNSPECIFIED.,.F.,
  .F.,(2,2),(7.,43.),.PIECEWISE_BEZIER_KNOTS.);
#5021 = CARTESIAN_POINT('',(3.14159265359,7.));
#5022 = CARTESIAN_POINT('',(3.14159265359,43.));
#5023 = ( GEOMETRIC_REPRESENTATION_CONTEXT(2) 
PARAMETRIC_REPRESENTATION_CONTEXT() REPRESENTATION_CONTEXT('2D SPACE',''
  ) );
#5024 = PCURVE('',#3261,#5025);
#5025 = DEFINITIONAL_REPRESENTATION('',(#5026),#5029);
#5026 = B_SPLINE_CURVE_WITH_KNOTS('',1,(#5027,#5028),.UNSPECIFIED.,.F.,
  .F.,(2,2),(7.,43.),.PIECEWISE_BEZIER_KNOTS.);
#5027 = CARTESIAN_POINT('',(11.075,-3.));
#5028 = CARTESIAN_POINT('',(11.075,33.));
#5029 = ( GEOMETRIC_REPRESENTATION_CONTEXT(2) 
PARAMETRIC_REPRESENTATION_CONTEXT() REPRESENTATION_CONTEXT('2D SPACE',''
  ) );
#5030 = ADVANCED_FACE('',(#5031),#4769,.F.);
#5031 = FACE_BOUND('',#5032,.F.);
#5032 = EDGE_LOOP('',(#5033,#5056,#5057,#5080));
#5033 = ORIENTED_EDGE('',*,*,#5034,.F.);
#5034 = EDGE_CURVE('',#4754,#5035,#5037,.T.);
#5035 = VERTEX_POINT('',#5036);
#5036 = CARTESIAN_POINT('',(-8.,-50.95,27.));
#5037 = SURFACE_CURVE('',#5038,(#5042,#5049),.PCURVE_S1.);
#5038 = LINE('',#5039,#5040);
#5039 = CARTESIAN_POINT('',(-8.,-50.95,51.5));
#5040 = VECTOR('',#5041,1.);
#5041 = DIRECTION('',(1.812609019796E-16,0.,-1.));
#5042 = PCURVE('',#4769,#5043);
#5043 = DEFINITIONAL_REPRESENTATION('',(#5044),#5048);
#5044 = LINE('',#5045,#5046);
#5045 = CARTESIAN_POINT('',(24.5,7.));
#5046 = VECTOR('',#5047,1.);
#5047 = DIRECTION('',(-1.,1.812609019796E-16));
#5048 = ( GEOMETRIC_REPRESENTATION_CONTEXT(2) 
PARAMETRIC_REPRESENTATION_CONTEXT() REPRESENTATION_CONTEXT('2D SPACE',''
  ) );
#5049 = PCURVE('',#4922,#5050);
#5050 = DEFINITIONAL_REPRESENTATION('',(#5051),#5055);
#5051 = LINE('',#5052,#5053);
#5052 = CARTESIAN_POINT('',(-16.5,0.));
#5053 = VECTOR('',#5054,1.);
#5054 = DIRECTION('',(1.,0.));
#5055 = ( GEOMETRIC_REPRESENTATION_CONTEXT(2) 
PARAMETRIC_REPRESENTATION_CONTEXT() REPRESENTATION_CONTEXT('2D SPACE',''
  ) );
#5056 = ORIENTED_EDGE('',*,*,#4753,.T.);
#5057 = ORIENTED_EDGE('',*,*,#5058,.F.);
#5058 = EDGE_CURVE('',#5059,#4731,#5061,.T.);
#5059 = VERTEX_POINT('',#5060);
#5060 = CARTESIAN_POINT('',(8.,-50.95,27.));
#5061 = SURFACE_CURVE('',#5062,(#5066,#5073),.PCURVE_S1.);
#5062 = LINE('',#5063,#5064);
#5063 = CARTESIAN_POINT('',(8.,-50.95,27.));
#5064 = VECTOR('',#5065,1.);
#5065 = DIRECTION('',(-1.450087215837E-16,0.,1.));
#5066 = PCURVE('',#4769,#5067);
#5067 = DEFINITIONAL_REPRESENTATION('',(#5068),#5072);
#5068 = LINE('',#5069,#5070);
#5069 = CARTESIAN_POINT('',(0.,23.));
#5070 = VECTOR('',#5071,1.);
#5071 = DIRECTION('',(1.,-1.450087215837E-16));
#5072 = ( GEOMETRIC_REPRESENTATION_CONTEXT(2) 
PARAMETRIC_REPRESENTATION_CONTEXT() REPRESENTATION_CONTEXT('2D SPACE',''
  ) );
#5073 = PCURVE('',#4970,#5074);
#5074 = DEFINITIONAL_REPRESENTATION('',(#5075),#5079);
#5075 = LINE('',#5076,#5077);
#5076 = CARTESIAN_POINT('',(8.,0.));
#5077 = VECTOR('',#5078,1.);
#5078 = DIRECTION('',(-1.,0.));
#5079 = ( GEOMETRIC_REPRESENTATION_CONTEXT(2) 
PARAMETRIC_REPRESENTATION_CONTEXT() REPRESENTATION_CONTEXT('2D SPACE',''
  ) );
#5080 = ORIENTED_EDGE('',*,*,#5081,.F.);
#5081 = EDGE_CURVE('',#5035,#5059,#5082,.T.);
#5082 = SURFACE_CURVE('',#5083,(#5087,#5094),.PCURVE_S1.);
#5083 = LINE('',#5084,#5085);
#5084 = CARTESIAN_POINT('',(-15.,-50.95,27.));
#5085 = VECTOR('',#5086,1.);
#5086 = DIRECTION('',(1.,0.,-0.));
#5087 = PCURVE('',#4769,#5088);
#5088 = DEFINITIONAL_REPRESENTATION('',(#5089),#5093);
#5089 = LINE('',#5090,#5091);
#5090 = CARTESIAN_POINT('',(0.,0.));
#5091 = VECTOR('',#5092,1.);
#5092 = DIRECTION('',(0.,1.));
#5093 = ( GEOMETRIC_REPRESENTATION_CONTEXT(2) 
PARAMETRIC_REPRESENTATION_CONTEXT() REPRESENTATION_CONTEXT('2D SPACE',''
  ) );
#5094 = PCURVE('',#213,#5095);
#5095 = DEFINITIONAL_REPRESENTATION('',(#5096),#5100);
#5096 = LINE('',#5097,#5098);
#5097 = CARTESIAN_POINT('',(0.,0.));
#5098 = VECTOR('',#5099,1.);
#5099 = DIRECTION('',(1.,0.));
#5100 = ( GEOMETRIC_REPRESENTATION_CONTEXT(2) 
PARAMETRIC_REPRESENTATION_CONTEXT() REPRESENTATION_CONTEXT('2D SPACE',''
  ) );
#5101 = ADVANCED_FACE('',(#5102),#4820,.F.);
#5102 = FACE_BOUND('',#5103,.F.);
#5103 = EDGE_LOOP('',(#5104,#5129,#5150,#5151));
#5104 = ORIENTED_EDGE('',*,*,#5105,.F.);
#5105 = EDGE_CURVE('',#5106,#5108,#5110,.T.);
#5106 = VERTEX_POINT('',#5107);
#5107 = CARTESIAN_POINT('',(-15.,-50.95,27.));
#5108 = VERTEX_POINT('',#5109);
#5109 = CARTESIAN_POINT('',(-14.,-50.95,27.));
#5110 = SURFACE_CURVE('',#5111,(#5115,#5122),.PCURVE_S1.);
#5111 = LINE('',#5112,#5113);
#5112 = CARTESIAN_POINT('',(-15.,-50.95,27.));
#5113 = VECTOR('',#5114,1.);
#5114 = DIRECTION('',(1.,0.,-0.));
#5115 = PCURVE('',#4820,#5116);
#5116 = DEFINITIONAL_REPRESENTATION('',(#5117),#5121);
#5117 = LINE('',#5118,#5119);
#5118 = CARTESIAN_POINT('',(0.,0.));
#5119 = VECTOR('',#5120,1.);
#5120 = DIRECTION('',(0.,1.));
#5121 = ( GEOMETRIC_REPRESENTATION_CONTEXT(2) 
PARAMETRIC_REPRESENTATION_CONTEXT() REPRESENTATION_CONTEXT('2D SPACE',''
  ) );
#5122 = PCURVE('',#213,#5123);
#5123 = DEFINITIONAL_REPRESENTATION('',(#5124),#5128);
#5124 = LINE('',#5125,#5126);
#5125 = CARTESIAN_POINT('',(0.,0.));
#5126 = VECTOR('',#5127,1.);
#5127 = DIRECTION('',(1.,0.));
#5128 = ( GEOMETRIC_REPRESENTATION_CONTEXT(2) 
PARAMETRIC_REPRESENTATION_CONTEXT() REPRESENTATION_CONTEXT('2D SPACE',''
  ) );
#5129 = ORIENTED_EDGE('',*,*,#5130,.T.);
#5130 = EDGE_CURVE('',#5106,#4805,#5131,.T.);
#5131 = SURFACE_CURVE('',#5132,(#5136,#5143),.PCURVE_S1.);
#5132 = LINE('',#5133,#5134);
#5133 = CARTESIAN_POINT('',(-15.,-50.95,27.));
#5134 = VECTOR('',#5135,1.);
#5135 = DIRECTION('',(0.,0.,1.));
#5136 = PCURVE('',#4820,#5137);
#5137 = DEFINITIONAL_REPRESENTATION('',(#5138),#5142);
#5138 = LINE('',#5139,#5140);
#5139 = CARTESIAN_POINT('',(0.,0.));
#5140 = VECTOR('',#5141,1.);
#5141 = DIRECTION('',(1.,0.));
#5142 = ( GEOMETRIC_REPRESENTATION_CONTEXT(2) 
PARAMETRIC_REPRESENTATION_CONTEXT() REPRESENTATION_CONTEXT('2D SPACE',''
  ) );
#5143 = PCURVE('',#3039,#5144);
#5144 = DEFINITIONAL_REPRESENTATION('',(#5145),#5149);
#5145 = LINE('',#5146,#5147);
#5146 = CARTESIAN_POINT('',(0.,0.));
#5147 = VECTOR('',#5148,1.);
#5148 = DIRECTION('',(1.,0.));
#5149 = ( GEOMETRIC_REPRESENTATION_CONTEXT(2) 
PARAMETRIC_REPRESENTATION_CONTEXT() REPRESENTATION_CONTEXT('2D SPACE',''
  ) );
#5150 = ORIENTED_EDGE('',*,*,#4804,.T.);
#5151 = ORIENTED_EDGE('',*,*,#5152,.F.);
#5152 = EDGE_CURVE('',#5108,#4782,#5153,.T.);
#5153 = SURFACE_CURVE('',#5154,(#5158,#5165),.PCURVE_S1.);
#5154 = LINE('',#5155,#5156);
#5155 = CARTESIAN_POINT('',(-14.,-50.95,27.));
#5156 = VECTOR('',#5157,1.);
#5157 = DIRECTION('',(-2.175130823755E-16,0.,1.));
#5158 = PCURVE('',#4820,#5159);
#5159 = DEFINITIONAL_REPRESENTATION('',(#5160),#5164);
#5160 = LINE('',#5161,#5162);
#5161 = CARTESIAN_POINT('',(0.,1.));
#5162 = VECTOR('',#5163,1.);
#5163 = DIRECTION('',(1.,-2.175130823755E-16));
#5164 = ( GEOMETRIC_REPRESENTATION_CONTEXT(2) 
PARAMETRIC_REPRESENTATION_CONTEXT() REPRESENTATION_CONTEXT('2D SPACE',''
  ) );
#5165 = PCURVE('',#4892,#5166);
#5166 = DEFINITIONAL_REPRESENTATION('',(#5167),#5171);
#5167 = LINE('',#5168,#5169);
#5168 = CARTESIAN_POINT('',(8.,0.));
#5169 = VECTOR('',#5170,1.);
#5170 = DIRECTION('',(-1.,0.));
#5171 = ( GEOMETRIC_REPRESENTATION_CONTEXT(2) 
PARAMETRIC_REPRESENTATION_CONTEXT() REPRESENTATION_CONTEXT('2D SPACE',''
  ) );
#5172 = ADVANCED_FACE('',(#5173,#5249),#4892,.F.);
#5173 = FACE_BOUND('',#5174,.F.);
#5174 = EDGE_LOOP('',(#5175,#5198,#5227,#5247,#5248));
#5175 = ORIENTED_EDGE('',*,*,#5176,.T.);
#5176 = EDGE_CURVE('',#4857,#5177,#5179,.T.);
#5177 = VERTEX_POINT('',#5178);
#5178 = CARTESIAN_POINT('',(-14.,-50.95,51.5));
#5179 = SURFACE_CURVE('',#5180,(#5184,#5191),.PCURVE_S1.);
#5180 = LINE('',#5181,#5182);
#5181 = CARTESIAN_POINT('',(-14.,-50.95,27.));
#5182 = VECTOR('',#5183,1.);
#5183 = DIRECTION('',(-2.175130823755E-16,0.,1.));
#5184 = PCURVE('',#4892,#5185);
#5185 = DEFINITIONAL_REPRESENTATION('',(#5186),#5190);
#5186 = LINE('',#5187,#5188);
#5187 = CARTESIAN_POINT('',(8.,0.));
#5188 = VECTOR('',#5189,1.);
#5189 = DIRECTION('',(-1.,0.));
#5190 = ( GEOMETRIC_REPRESENTATION_CONTEXT(2) 
PARAMETRIC_REPRESENTATION_CONTEXT() REPRESENTATION_CONTEXT('2D SPACE',''
  ) );
#5191 = PCURVE('',#3261,#5192);
#5192 = DEFINITIONAL_REPRESENTATION('',(#5193),#5197);
#5193 = LINE('',#5194,#5195);
#5194 = CARTESIAN_POINT('',(0.,1.));
#5195 = VECTOR('',#5196,1.);
#5196 = DIRECTION('',(1.,-2.175130823755E-16));
#5197 = ( GEOMETRIC_REPRESENTATION_CONTEXT(2) 
PARAMETRIC_REPRESENTATION_CONTEXT() REPRESENTATION_CONTEXT('2D SPACE',''
  ) );
#5198 = ORIENTED_EDGE('',*,*,#5199,.T.);
#5199 = EDGE_CURVE('',#5177,#5200,#5202,.T.);
#5200 = VERTEX_POINT('',#5201);
#5201 = CARTESIAN_POINT('',(-14.,-36.51913031033,27.));
#5202 = SURFACE_CURVE('',#5203,(#5208,#5215),.PCURVE_S1.);
#5203 = CIRCLE('',#5204,16.5);
#5204 = AXIS2_PLACEMENT_3D('',#5205,#5206,#5207);
#5205 = CARTESIAN_POINT('',(-14.,-50.95,35.));
#5206 = DIRECTION('',(1.,0.,2.153159805334E-16));
#5207 = DIRECTION('',(-2.153159805334E-16,0.,1.));
#5208 = PCURVE('',#4892,#5209);
#5209 = DEFINITIONAL_REPRESENTATION('',(#5210),#5214);
#5210 = CIRCLE('',#5211,16.5);
#5211 = AXIS2_PLACEMENT_2D('',#5212,#5213);
#5212 = CARTESIAN_POINT('',(0.,0.));
#5213 = DIRECTION('',(-1.,0.));
#5214 = ( GEOMETRIC_REPRESENTATION_CONTEXT(2) 
PARAMETRIC_REPRESENTATION_CONTEXT() REPRESENTATION_CONTEXT('2D SPACE',''
  ) );
#5215 = PCURVE('',#5216,#5221);
#5216 = CYLINDRICAL_SURFACE('',#5217,16.5);
#5217 = AXIS2_PLACEMENT_3D('',#5218,#5219,#5220);
#5218 = CARTESIAN_POINT('',(-14.,-50.95,35.));
#5219 = DIRECTION('',(1.,0.,2.22044604925E-16));
#5220 = DIRECTION('',(2.22044604925E-16,0.,-1.));
#5221 = DEFINITIONAL_REPRESENTATION('',(#5222),#5226);
#5222 = LINE('',#5223,#5224);
#5223 = CARTESIAN_POINT('',(3.14159265359,0.));
#5224 = VECTOR('',#5225,1.);
#5225 = DIRECTION('',(1.,0.));
#5226 = ( GEOMETRIC_REPRESENTATION_CONTEXT(2) 
PARAMETRIC_REPRESENTATION_CONTEXT() REPRESENTATION_CONTEXT('2D SPACE',''
  ) );
#5227 = ORIENTED_EDGE('',*,*,#5228,.F.);
#5228 = EDGE_CURVE('',#5108,#5200,#5229,.T.);
#5229 = SURFACE_CURVE('',#5230,(#5234,#5240),.PCURVE_S1.);
#5230 = LINE('',#5231,#5232);
#5231 = CARTESIAN_POINT('',(-14.,-50.95,27.));
#5232 = VECTOR('',#5233,1.);
#5233 = DIRECTION('',(0.,1.,0.));
#5234 = PCURVE('',#4892,#5235);
#5235 = DEFINITIONAL_REPRESENTATION('',(#5236),#5239);
#5236 = B_SPLINE_CURVE_WITH_KNOTS('',1,(#5237,#5238),.UNSPECIFIED.,.F.,
  .F.,(2,2),(0.,16.5),.PIECEWISE_BEZIER_KNOTS.);
#5237 = CARTESIAN_POINT('',(8.,0.));
#5238 = CARTESIAN_POINT('',(8.,16.5));
#5239 = ( GEOMETRIC_REPRESENTATION_CONTEXT(2) 
PARAMETRIC_REPRESENTATION_CONTEXT() REPRESENTATION_CONTEXT('2D SPACE',''
  ) );
#5240 = PCURVE('',#213,#5241);
#5241 = DEFINITIONAL_REPRESENTATION('',(#5242),#5246);
#5242 = LINE('',#5243,#5244);
#5243 = CARTESIAN_POINT('',(1.,0.));
#5244 = VECTOR('',#5245,1.);
#5245 = DIRECTION('',(0.,1.));
#5246 = ( GEOMETRIC_REPRESENTATION_CONTEXT(2) 
PARAMETRIC_REPRESENTATION_CONTEXT() REPRESENTATION_CONTEXT('2D SPACE',''
  ) );
#5247 = ORIENTED_EDGE('',*,*,#5152,.T.);
#5248 = ORIENTED_EDGE('',*,*,#4877,.F.);
#5249 = FACE_BOUND('',#5250,.F.);
#5250 = EDGE_LOOP('',(#5251,#5282,#5311,#5340,#5369,#5398,#5427,#5456,
    #5485,#5514));
#5251 = ORIENTED_EDGE('',*,*,#5252,.F.);
#5252 = EDGE_CURVE('',#5253,#5255,#5257,.T.);
#5253 = VERTEX_POINT('',#5254);
#5254 = CARTESIAN_POINT('',(-14.,-53.97881244505,25.393834191926));
#5255 = VERTEX_POINT('',#5256);
#5256 = CARTESIAN_POINT('',(-14.,-55.49176132913,20.59537337493));
#5257 = SURFACE_CURVE('',#5258,(#5263,#5270),.PCURVE_S1.);
#5258 = CIRCLE('',#5259,2.575);
#5259 = AXIS2_PLACEMENT_3D('',#5260,#5261,#5262);
#5260 = CARTESIAN_POINT('',(-14.,-55.2594538059,23.159872978098));
#5261 = DIRECTION('',(1.,0.,2.22044604925E-16));
#5262 = DIRECTION('',(2.22044604925E-16,0.,-1.));
#5263 = PCURVE('',#4892,#5264);
#5264 = DEFINITIONAL_REPRESENTATION('',(#5265),#5269);
#5265 = CIRCLE('',#5266,2.575);
#5266 = AXIS2_PLACEMENT_2D('',#5267,#5268);
#5267 = CARTESIAN_POINT('',(11.840127021902,-4.309453805903));
#5268 = DIRECTION('',(1.,0.));
#5269 = ( GEOMETRIC_REPRESENTATION_CONTEXT(2) 
PARAMETRIC_REPRESENTATION_CONTEXT() REPRESENTATION_CONTEXT('2D SPACE',''
  ) );
#5270 = PCURVE('',#5271,#5276);
#5271 = CYLINDRICAL_SURFACE('',#5272,2.575);
#5272 = AXIS2_PLACEMENT_3D('',#5273,#5274,#5275);
#5273 = CARTESIAN_POINT('',(-25.,-55.2594538059,23.159872978098));
#5274 = DIRECTION('',(1.,0.,2.22044604925E-16));
#5275 = DIRECTION('',(2.22044604925E-16,0.,-1.));
#5276 = DEFINITIONAL_REPRESENTATION('',(#5277),#5281);
#5277 = LINE('',#5278,#5279);
#5278 = CARTESIAN_POINT('',(0.,11.));
#5279 = VECTOR('',#5280,1.);
#5280 = DIRECTION('',(1.,0.));
#5281 = ( GEOMETRIC_REPRESENTATION_CONTEXT(2) 
PARAMETRIC_REPRESENTATION_CONTEXT() REPRESENTATION_CONTEXT('2D SPACE',''
  ) );
#5282 = ORIENTED_EDGE('',*,*,#5283,.F.);
#5283 = EDGE_CURVE('',#5284,#5253,#5286,.T.);
#5284 = VERTEX_POINT('',#5285);
#5285 = CARTESIAN_POINT('',(-14.,-53.13005438331,25.166410154714));
#5286 = SURFACE_CURVE('',#5287,(#5292,#5299),.PCURVE_S1.);
#5287 = CIRCLE('',#5288,2.575);
#5288 = AXIS2_PLACEMENT_3D('',#5289,#5290,#5291);
#5289 = CARTESIAN_POINT('',(-14.,-54.21111996829,22.829334588758));
#5290 = DIRECTION('',(1.,0.,0.));
#5291 = DIRECTION('',(0.,-0.497336450814,-0.867557752943));
#5292 = PCURVE('',#4892,#5293);
#5293 = DEFINITIONAL_REPRESENTATION('',(#5294),#5298);
#5294 = CIRCLE('',#5295,2.575);
#5295 = AXIS2_PLACEMENT_2D('',#5296,#5297);
#5296 = CARTESIAN_POINT('',(12.170665411242,-3.261119968292));
#5297 = DIRECTION('',(0.867557752943,-0.497336450814));
#5298 = ( GEOMETRIC_REPRESENTATION_CONTEXT(2) 
PARAMETRIC_REPRESENTATION_CONTEXT() REPRESENTATION_CONTEXT('2D SPACE',''
  ) );
#5299 = PCURVE('',#5300,#5305);
#5300 = CYLINDRICAL_SURFACE('',#5301,2.575);
#5301 = AXIS2_PLACEMENT_3D('',#5302,#5303,#5304);
#5302 = CARTESIAN_POINT('',(-25.,-54.21111996829,22.829334588758));
#5303 = DIRECTION('',(1.,0.,2.22044604925E-16));
#5304 = DIRECTION('',(2.22044604925E-16,0.,-1.));
#5305 = DEFINITIONAL_REPRESENTATION('',(#5306),#5310);
#5306 = LINE('',#5307,#5308);
#5307 = CARTESIAN_POINT('',(5.762659412256,11.));
#5308 = VECTOR('',#5309,1.);
#5309 = DIRECTION('',(1.,0.));
#5310 = ( GEOMETRIC_REPRESENTATION_CONTEXT(2) 
PARAMETRIC_REPRESENTATION_CONTEXT() REPRESENTATION_CONTEXT('2D SPACE',''
  ) );
#5311 = ORIENTED_EDGE('',*,*,#5312,.F.);
#5312 = EDGE_CURVE('',#5313,#5284,#5315,.T.);
#5313 = VERTEX_POINT('',#5314);
#5314 = CARTESIAN_POINT('',(-14.,-52.26470479137,25.013825673909));
#5315 = SURFACE_CURVE('',#5316,(#5321,#5328),.PCURVE_S1.);
#5316 = CIRCLE('',#5317,2.575);
#5317 = AXIS2_PLACEMENT_3D('',#5318,#5319,#5320);
#5318 = CARTESIAN_POINT('',(-14.,-53.1379670386,22.591422312046));
#5319 = DIRECTION('',(1.,0.,0.));
#5320 = DIRECTION('',(0.,-0.419831295135,-0.907602161536));
#5321 = PCURVE('',#4892,#5322);
#5322 = DEFINITIONAL_REPRESENTATION('',(#5323),#5327);
#5323 = CIRCLE('',#5324,2.575);
#5324 = AXIS2_PLACEMENT_2D('',#5325,#5326);
#5325 = CARTESIAN_POINT('',(12.408577687954,-2.187967038603));
#5326 = DIRECTION('',(0.907602161536,-0.419831295135));
#5327 = ( GEOMETRIC_REPRESENTATION_CONTEXT(2) 
PARAMETRIC_REPRESENTATION_CONTEXT() REPRESENTATION_CONTEXT('2D SPACE',''
  ) );
#5328 = PCURVE('',#5329,#5334);
#5329 = CYLINDRICAL_SURFACE('',#5330,2.575);
#5330 = AXIS2_PLACEMENT_3D('',#5331,#5332,#5333);
#5331 = CARTESIAN_POINT('',(-25.,-53.1379670386,22.591422312046));
#5332 = DIRECTION('',(1.,0.,2.22044604925E-16));
#5333 = DIRECTION('',(2.22044604925E-16,0.,-1.));
#5334 = DEFINITIONAL_REPRESENTATION('',(#5335),#5339);
#5335 = LINE('',#5336,#5337);
#5336 = CARTESIAN_POINT('',(5.849925874855,11.));
#5337 = VECTOR('',#5338,1.);
#5338 = DIRECTION('',(1.,0.));
#5339 = ( GEOMETRIC_REPRESENTATION_CONTEXT(2) 
PARAMETRIC_REPRESENTATION_CONTEXT() REPRESENTATION_CONTEXT('2D SPACE',''
  ) );
#5340 = ORIENTED_EDGE('',*,*,#5341,.F.);
#5341 = EDGE_CURVE('',#5342,#5313,#5344,.T.);
#5342 = VERTEX_POINT('',#5343);
#5343 = CARTESIAN_POINT('',(-14.,-51.38934950212,24.937242009542));
#5344 = SURFACE_CURVE('',#5345,(#5350,#5357),.PCURVE_S1.);
#5345 = CIRCLE('',#5346,2.575);
#5346 = AXIS2_PLACEMENT_3D('',#5347,#5348,#5349);
#5347 = CARTESIAN_POINT('',(-14.,-52.04816235862,22.447946804044));
#5348 = DIRECTION('',(1.,0.,0.));
#5349 = DIRECTION('',(0.,-0.339130969798,-0.940739169655));
#5350 = PCURVE('',#4892,#5351);
#5351 = DEFINITIONAL_REPRESENTATION('',(#5352),#5356);
#5352 = CIRCLE('',#5353,2.575);
#5353 = AXIS2_PLACEMENT_2D('',#5354,#5355);
#5354 = CARTESIAN_POINT('',(12.552053195956,-1.09816235862));
#5355 = DIRECTION('',(0.940739169655,-0.339130969798));
#5356 = ( GEOMETRIC_REPRESENTATION_CONTEXT(2) 
PARAMETRIC_REPRESENTATION_CONTEXT() REPRESENTATION_CONTEXT('2D SPACE',''
  ) );
#5357 = PCURVE('',#5358,#5363);
#5358 = CYLINDRICAL_SURFACE('',#5359,2.575);
#5359 = AXIS2_PLACEMENT_3D('',#5360,#5361,#5362);
#5360 = CARTESIAN_POINT('',(-25.,-52.04816235862,22.447946804044));
#5361 = DIRECTION('',(1.,0.,2.22044604925E-16));
#5362 = DIRECTION('',(2.22044604925E-16,0.,-1.));
#5363 = DEFINITIONAL_REPRESENTATION('',(#5364),#5368);
#5364 = LINE('',#5365,#5366);
#5365 = CARTESIAN_POINT('',(5.937192337455,11.));
#5366 = VECTOR('',#5367,1.);
#5367 = DIRECTION('',(1.,0.));
#5368 = ( GEOMETRIC_REPRESENTATION_CONTEXT(2) 
PARAMETRIC_REPRESENTATION_CONTEXT() REPRESENTATION_CONTEXT('2D SPACE',''
  ) );
#5369 = ORIENTED_EDGE('',*,*,#5370,.F.);
#5370 = EDGE_CURVE('',#5371,#5342,#5373,.T.);
#5371 = VERTEX_POINT('',#5372);
#5372 = CARTESIAN_POINT('',(-14.,-50.51065049787,24.937242009542));
#5373 = SURFACE_CURVE('',#5374,(#5379,#5386),.PCURVE_S1.);
#5374 = CIRCLE('',#5375,2.575);
#5375 = AXIS2_PLACEMENT_3D('',#5376,#5377,#5378);
#5376 = CARTESIAN_POINT('',(-14.,-50.95,22.4));
#5377 = DIRECTION('',(1.,0.,0.));
#5378 = DIRECTION('',(0.,-0.255849653009,-0.966716584659));
#5379 = PCURVE('',#4892,#5380);
#5380 = DEFINITIONAL_REPRESENTATION('',(#5381),#5385);
#5381 = CIRCLE('',#5382,2.575);
#5382 = AXIS2_PLACEMENT_2D('',#5383,#5384);
#5383 = CARTESIAN_POINT('',(12.6,0.));
#5384 = DIRECTION('',(0.966716584659,-0.255849653009));
#5385 = ( GEOMETRIC_REPRESENTATION_CONTEXT(2) 
PARAMETRIC_REPRESENTATION_CONTEXT() REPRESENTATION_CONTEXT('2D SPACE',''
  ) );
#5386 = PCURVE('',#5387,#5392);
#5387 = CYLINDRICAL_SURFACE('',#5388,2.575);
#5388 = AXIS2_PLACEMENT_3D('',#5389,#5390,#5391);
#5389 = CARTESIAN_POINT('',(-25.,-50.95,22.4));
#5390 = DIRECTION('',(1.,0.,2.22044604925E-16));
#5391 = DIRECTION('',(2.22044604925E-16,0.,-1.));
#5392 = DEFINITIONAL_REPRESENTATION('',(#5393),#5397);
#5393 = LINE('',#5394,#5395);
#5394 = CARTESIAN_POINT('',(6.024458800055,11.));
#5395 = VECTOR('',#5396,1.);
#5396 = DIRECTION('',(1.,0.));
#5397 = ( GEOMETRIC_REPRESENTATION_CONTEXT(2) 
PARAMETRIC_REPRESENTATION_CONTEXT() REPRESENTATION_CONTEXT('2D SPACE',''
  ) );
#5398 = ORIENTED_EDGE('',*,*,#5399,.F.);
#5399 = EDGE_CURVE('',#5400,#5371,#5402,.T.);
#5400 = VERTEX_POINT('',#5401);
#5401 = CARTESIAN_POINT('',(-14.,-50.2911871435,19.910704794502));
#5402 = SURFACE_CURVE('',#5403,(#5408,#5415),.PCURVE_S1.);
#5403 = CIRCLE('',#5404,2.575);
#5404 = AXIS2_PLACEMENT_3D('',#5405,#5406,#5407);
#5405 = CARTESIAN_POINT('',(-14.,-49.85183764137,22.447946804044));
#5406 = DIRECTION('',(1.,0.,0.));
#5407 = DIRECTION('',(0.,-0.170621165873,-0.985336702735));
#5408 = PCURVE('',#4892,#5409);
#5409 = DEFINITIONAL_REPRESENTATION('',(#5410),#5414);
#5410 = CIRCLE('',#5411,2.575);
#5411 = AXIS2_PLACEMENT_2D('',#5412,#5413);
#5412 = CARTESIAN_POINT('',(12.552053195956,1.09816235862));
#5413 = DIRECTION('',(0.985336702735,-0.170621165873));
#5414 = ( GEOMETRIC_REPRESENTATION_CONTEXT(2) 
PARAMETRIC_REPRESENTATION_CONTEXT() REPRESENTATION_CONTEXT('2D SPACE',''
  ) );
#5415 = PCURVE('',#5416,#5421);
#5416 = CYLINDRICAL_SURFACE('',#5417,2.575);
#5417 = AXIS2_PLACEMENT_3D('',#5418,#5419,#5420);
#5418 = CARTESIAN_POINT('',(-25.,-49.85183764137,22.447946804044));
#5419 = DIRECTION('',(1.,0.,2.22044604925E-16));
#5420 = DIRECTION('',(2.22044604925E-16,0.,-1.));
#5421 = DEFINITIONAL_REPRESENTATION('',(#5422),#5426);
#5422 = LINE('',#5423,#5424);
#5423 = CARTESIAN_POINT('',(6.111725262654,11.));
#5424 = VECTOR('',#5425,1.);
#5425 = DIRECTION('',(1.,0.));
#5426 = ( GEOMETRIC_REPRESENTATION_CONTEXT(2) 
PARAMETRIC_REPRESENTATION_CONTEXT() REPRESENTATION_CONTEXT('2D SPACE',''
  ) );
#5427 = ORIENTED_EDGE('',*,*,#5428,.F.);
#5428 = EDGE_CURVE('',#5429,#5400,#5431,.T.);
#5429 = VERTEX_POINT('',#5430);
#5430 = CARTESIAN_POINT('',(-14.,-51.60881285649,19.910704794502));
#5431 = SURFACE_CURVE('',#5432,(#5437,#5444),.PCURVE_S1.);
#5432 = CIRCLE('',#5433,2.575);
#5433 = AXIS2_PLACEMENT_3D('',#5434,#5435,#5436);
#5434 = CARTESIAN_POINT('',(-14.,-50.95,22.4));
#5435 = DIRECTION('',(1.,0.,0.));
#5436 = DIRECTION('',(0.,-0.255849653009,-0.966716584659));
#5437 = PCURVE('',#4892,#5438);
#5438 = DEFINITIONAL_REPRESENTATION('',(#5439),#5443);
#5439 = CIRCLE('',#5440,2.575);
#5440 = AXIS2_PLACEMENT_2D('',#5441,#5442);
#5441 = CARTESIAN_POINT('',(12.6,0.));
#5442 = DIRECTION('',(0.966716584659,-0.255849653009));
#5443 = ( GEOMETRIC_REPRESENTATION_CONTEXT(2) 
PARAMETRIC_REPRESENTATION_CONTEXT() REPRESENTATION_CONTEXT('2D SPACE',''
  ) );
#5444 = PCURVE('',#5445,#5450);
#5445 = CYLINDRICAL_SURFACE('',#5446,2.575);
#5446 = AXIS2_PLACEMENT_3D('',#5447,#5448,#5449);
#5447 = CARTESIAN_POINT('',(-25.,-50.95,22.4));
#5448 = DIRECTION('',(1.,0.,2.22044604925E-16));
#5449 = DIRECTION('',(2.22044604925E-16,0.,-1.));
#5450 = DEFINITIONAL_REPRESENTATION('',(#5451),#5455);
#5451 = LINE('',#5452,#5453);
#5452 = CARTESIAN_POINT('',(6.024458800055,11.));
#5453 = VECTOR('',#5454,1.);
#5454 = DIRECTION('',(1.,0.));
#5455 = ( GEOMETRIC_REPRESENTATION_CONTEXT(2) 
PARAMETRIC_REPRESENTATION_CONTEXT() REPRESENTATION_CONTEXT('2D SPACE',''
  ) );
#5456 = ORIENTED_EDGE('',*,*,#5457,.F.);
#5457 = EDGE_CURVE('',#5458,#5429,#5460,.T.);
#5458 = VERTEX_POINT('',#5459);
#5459 = CARTESIAN_POINT('',(-14.,-52.92142460585,20.025543442182));
#5460 = SURFACE_CURVE('',#5461,(#5466,#5473),.PCURVE_S1.);
#5461 = CIRCLE('',#5462,2.575);
#5462 = AXIS2_PLACEMENT_3D('',#5463,#5464,#5465);
#5463 = CARTESIAN_POINT('',(-14.,-52.04816235862,22.447946804044));
#5464 = DIRECTION('',(1.,0.,0.));
#5465 = DIRECTION('',(0.,-0.339130969798,-0.940739169655));
#5466 = PCURVE('',#4892,#5467);
#5467 = DEFINITIONAL_REPRESENTATION('',(#5468),#5472);
#5468 = CIRCLE('',#5469,2.575);
#5469 = AXIS2_PLACEMENT_2D('',#5470,#5471);
#5470 = CARTESIAN_POINT('',(12.552053195956,-1.09816235862));
#5471 = DIRECTION('',(0.940739169655,-0.339130969798));
#5472 = ( GEOMETRIC_REPRESENTATION_CONTEXT(2) 
PARAMETRIC_REPRESENTATION_CONTEXT() REPRESENTATION_CONTEXT('2D SPACE',''
  ) );
#5473 = PCURVE('',#5474,#5479);
#5474 = CYLINDRICAL_SURFACE('',#5475,2.575);
#5475 = AXIS2_PLACEMENT_3D('',#5476,#5477,#5478);
#5476 = CARTESIAN_POINT('',(-25.,-52.04816235862,22.447946804044));
#5477 = DIRECTION('',(1.,0.,2.22044604925E-16));
#5478 = DIRECTION('',(2.22044604925E-16,0.,-1.));
#5479 = DEFINITIONAL_REPRESENTATION('',(#5480),#5484);
#5480 = LINE('',#5481,#5482);
#5481 = CARTESIAN_POINT('',(5.937192337455,11.));
#5482 = VECTOR('',#5483,1.);
#5483 = DIRECTION('',(1.,0.));
#5484 = ( GEOMETRIC_REPRESENTATION_CONTEXT(2) 
PARAMETRIC_REPRESENTATION_CONTEXT() REPRESENTATION_CONTEXT('2D SPACE',''
  ) );
#5485 = ORIENTED_EDGE('',*,*,#5486,.F.);
#5486 = EDGE_CURVE('',#5487,#5458,#5489,.T.);
#5487 = VERTEX_POINT('',#5488);
#5488 = CARTESIAN_POINT('',(-14.,-54.21903262357,20.25434674609));
#5489 = SURFACE_CURVE('',#5490,(#5495,#5502),.PCURVE_S1.);
#5490 = CIRCLE('',#5491,2.575);
#5491 = AXIS2_PLACEMENT_3D('',#5492,#5493,#5494);
#5492 = CARTESIAN_POINT('',(-14.,-53.1379670386,22.591422312046));
#5493 = DIRECTION('',(1.,0.,0.));
#5494 = DIRECTION('',(0.,-0.419831295135,-0.907602161536));
#5495 = PCURVE('',#4892,#5496);
#5496 = DEFINITIONAL_REPRESENTATION('',(#5497),#5501);
#5497 = CIRCLE('',#5498,2.575);
#5498 = AXIS2_PLACEMENT_2D('',#5499,#5500);
#5499 = CARTESIAN_POINT('',(12.408577687954,-2.187967038603));
#5500 = DIRECTION('',(0.907602161536,-0.419831295135));
#5501 = ( GEOMETRIC_REPRESENTATION_CONTEXT(2) 
PARAMETRIC_REPRESENTATION_CONTEXT() REPRESENTATION_CONTEXT('2D SPACE',''
  ) );
#5502 = PCURVE('',#5503,#5508);
#5503 = CYLINDRICAL_SURFACE('',#5504,2.575);
#5504 = AXIS2_PLACEMENT_3D('',#5505,#5506,#5507);
#5505 = CARTESIAN_POINT('',(-25.,-53.1379670386,22.591422312046));
#5506 = DIRECTION('',(1.,0.,2.22044604925E-16));
#5507 = DIRECTION('',(2.22044604925E-16,0.,-1.));
#5508 = DEFINITIONAL_REPRESENTATION('',(#5509),#5513);
#5509 = LINE('',#5510,#5511);
#5510 = CARTESIAN_POINT('',(5.849925874855,11.));
#5511 = VECTOR('',#5512,1.);
#5512 = DIRECTION('',(1.,0.));
#5513 = ( GEOMETRIC_REPRESENTATION_CONTEXT(2) 
PARAMETRIC_REPRESENTATION_CONTEXT() REPRESENTATION_CONTEXT('2D SPACE',''
  ) );
#5514 = ORIENTED_EDGE('',*,*,#5515,.F.);
#5515 = EDGE_CURVE('',#5255,#5487,#5516,.T.);
#5516 = SURFACE_CURVE('',#5517,(#5522,#5529),.PCURVE_S1.);
#5517 = CIRCLE('',#5518,2.575);
#5518 = AXIS2_PLACEMENT_3D('',#5519,#5520,#5521);
#5519 = CARTESIAN_POINT('',(-14.,-54.21111996829,22.829334588758));
#5520 = DIRECTION('',(1.,0.,0.));
#5521 = DIRECTION('',(0.,-0.497336450814,-0.867557752943));
#5522 = PCURVE('',#4892,#5523);
#5523 = DEFINITIONAL_REPRESENTATION('',(#5524),#5528);
#5524 = CIRCLE('',#5525,2.575);
#5525 = AXIS2_PLACEMENT_2D('',#5526,#5527);
#5526 = CARTESIAN_POINT('',(12.170665411242,-3.261119968292));
#5527 = DIRECTION('',(0.867557752943,-0.497336450814));
#5528 = ( GEOMETRIC_REPRESENTATION_CONTEXT(2) 
PARAMETRIC_REPRESENTATION_CONTEXT() REPRESENTATION_CONTEXT('2D SPACE',''
  ) );
#5529 = PCURVE('',#5530,#5535);
#5530 = CYLINDRICAL_SURFACE('',#5531,2.575);
#5531 = AXIS2_PLACEMENT_3D('',#5532,#5533,#5534);
#5532 = CARTESIAN_POINT('',(-25.,-54.21111996829,22.829334588758));
#5533 = DIRECTION('',(1.,0.,2.22044604925E-16));
#5534 = DIRECTION('',(2.22044604925E-16,0.,-1.));
#5535 = DEFINITIONAL_REPRESENTATION('',(#5536),#5540);
#5536 = LINE('',#5537,#5538);
#5537 = CARTESIAN_POINT('',(5.762659412256,11.));
#5538 = VECTOR('',#5539,1.);
#5539 = DIRECTION('',(1.,0.));
#5540 = ( GEOMETRIC_REPRESENTATION_CONTEXT(2) 
PARAMETRIC_REPRESENTATION_CONTEXT() REPRESENTATION_CONTEXT('2D SPACE',''
  ) );
#5541 = ADVANCED_FACE('',(#5542),#5530,.F.);
#5542 = FACE_BOUND('',#5543,.F.);
#5543 = EDGE_LOOP('',(#5544,#5565,#5566,#5587));
#5544 = ORIENTED_EDGE('',*,*,#5545,.F.);
#5545 = EDGE_CURVE('',#5255,#5546,#5548,.T.);
#5546 = VERTEX_POINT('',#5547);
#5547 = CARTESIAN_POINT('',(-8.,-55.49176132913,20.59537337493));
#5548 = SURFACE_CURVE('',#5549,(#5553,#5559),.PCURVE_S1.);
#5549 = LINE('',#5550,#5551);
#5550 = CARTESIAN_POINT('',(-25.,-55.49176132913,20.59537337493));
#5551 = VECTOR('',#5552,1.);
#5552 = DIRECTION('',(1.,0.,2.22044604925E-16));
#5553 = PCURVE('',#5530,#5554);
#5554 = DEFINITIONAL_REPRESENTATION('',(#5555),#5558);
#5555 = B_SPLINE_CURVE_WITH_KNOTS('',1,(#5556,#5557),.UNSPECIFIED.,.F.,
  .F.,(2,2),(11.,17.),.PIECEWISE_BEZIER_KNOTS.);
#5556 = CARTESIAN_POINT('',(5.762659412256,11.));
#5557 = CARTESIAN_POINT('',(5.762659412256,17.));
#5558 = ( GEOMETRIC_REPRESENTATION_CONTEXT(2) 
PARAMETRIC_REPRESENTATION_CONTEXT() REPRESENTATION_CONTEXT('2D SPACE',''
  ) );
#5559 = PCURVE('',#5271,#5560);
#5560 = DEFINITIONAL_REPRESENTATION('',(#5561),#5564);
#5561 = B_SPLINE_CURVE_WITH_KNOTS('',1,(#5562,#5563),.UNSPECIFIED.,.F.,
  .F.,(2,2),(10.9999994,17.0000006),.PIECEWISE_BEZIER_KNOTS.);
#5562 = CARTESIAN_POINT('',(6.192845963906,10.9999994));
#5563 = CARTESIAN_POINT('',(6.192845963906,17.0000006));
#5564 = ( GEOMETRIC_REPRESENTATION_CONTEXT(2) 
PARAMETRIC_REPRESENTATION_CONTEXT() REPRESENTATION_CONTEXT('2D SPACE',''
  ) );
#5565 = ORIENTED_EDGE('',*,*,#5515,.T.);
#5566 = ORIENTED_EDGE('',*,*,#5567,.T.);
#5567 = EDGE_CURVE('',#5487,#5568,#5570,.T.);
#5568 = VERTEX_POINT('',#5569);
#5569 = CARTESIAN_POINT('',(-8.,-54.21903262357,20.25434674609));
#5570 = SURFACE_CURVE('',#5571,(#5575,#5581),.PCURVE_S1.);
#5571 = LINE('',#5572,#5573);
#5572 = CARTESIAN_POINT('',(-25.,-54.21903262357,20.25434674609));
#5573 = VECTOR('',#5574,1.);
#5574 = DIRECTION('',(1.,0.,2.22044604925E-16));
#5575 = PCURVE('',#5530,#5576);
#5576 = DEFINITIONAL_REPRESENTATION('',(#5577),#5580);
#5577 = B_SPLINE_CURVE_WITH_KNOTS('',1,(#5578,#5579),.UNSPECIFIED.,.F.,
  .F.,(2,2),(10.9999994,17.0000006),.PIECEWISE_BEZIER_KNOTS.);
#5578 = CARTESIAN_POINT('',(6.280112426505,10.9999994));
#5579 = CARTESIAN_POINT('',(6.280112426505,17.0000006));
#5580 = ( GEOMETRIC_REPRESENTATION_CONTEXT(2) 
PARAMETRIC_REPRESENTATION_CONTEXT() REPRESENTATION_CONTEXT('2D SPACE',''
  ) );
#5581 = PCURVE('',#5503,#5582);
#5582 = DEFINITIONAL_REPRESENTATION('',(#5583),#5586);
#5583 = B_SPLINE_CURVE_WITH_KNOTS('',1,(#5584,#5585),.UNSPECIFIED.,.F.,
  .F.,(2,2),(11.,17.),.PIECEWISE_BEZIER_KNOTS.);
#5584 = CARTESIAN_POINT('',(5.849925874855,11.));
#5585 = CARTESIAN_POINT('',(5.849925874855,17.));
#5586 = ( GEOMETRIC_REPRESENTATION_CONTEXT(2) 
PARAMETRIC_REPRESENTATION_CONTEXT() REPRESENTATION_CONTEXT('2D SPACE',''
  ) );
#5587 = ORIENTED_EDGE('',*,*,#5588,.T.);
#5588 = EDGE_CURVE('',#5568,#5546,#5589,.T.);
#5589 = SURFACE_CURVE('',#5590,(#5595,#5602),.PCURVE_S1.);
#5590 = CIRCLE('',#5591,2.575);
#5591 = AXIS2_PLACEMENT_3D('',#5592,#5593,#5594);
#5592 = CARTESIAN_POINT('',(-8.,-54.21111996829,22.829334588758));
#5593 = DIRECTION('',(-1.,-1.559069304673E-17,-3.44923658136E-16));
#5594 = DIRECTION('',(-3.44923658136E-16,9.021651387775E-02,
    0.995922175988));
#5595 = PCURVE('',#5530,#5596);
#5596 = DEFINITIONAL_REPRESENTATION('',(#5597),#5601);
#5597 = LINE('',#5598,#5599);
#5598 = CARTESIAN_POINT('',(9.334438617495,17.));
#5599 = VECTOR('',#5600,1.);
#5600 = DIRECTION('',(-1.,-0.));
#5601 = ( GEOMETRIC_REPRESENTATION_CONTEXT(2) 
PARAMETRIC_REPRESENTATION_CONTEXT() REPRESENTATION_CONTEXT('2D SPACE',''
  ) );
#5602 = PCURVE('',#4922,#5603);
#5603 = DEFINITIONAL_REPRESENTATION('',(#5604),#5612);
#5604 = ( BOUNDED_CURVE() B_SPLINE_CURVE(2,(#5605,#5606,#5607,#5608,
#5609,#5610,#5611),.UNSPECIFIED.,.T.,.F.) B_SPLINE_CURVE_WITH_KNOTS((1,2
    ,2,2,2,1),(-2.094395102393,0.,2.094395102393,4.188790204786,
6.28318530718,8.377580409573),.UNSPECIFIED.) CURVE() 
GEOMETRIC_REPRESENTATION_ITEM() RATIONAL_B_SPLINE_CURVE((1.,0.5,1.,0.5,
1.,0.5,1.)) REPRESENTATION_ITEM('') );
#5605 = CARTESIAN_POINT('',(9.606165808074,-3.028812445057));
#5606 = CARTESIAN_POINT('',(10.008534241298,1.41303116362));
#5607 = CARTESIAN_POINT('',(13.654099429438,-1.156351925571));
#5608 = CARTESIAN_POINT('',(17.299664617578,-3.725735014762));
#5609 = CARTESIAN_POINT('',(13.251730996214,-5.598195534248));
#5610 = CARTESIAN_POINT('',(9.20379737485,-7.470656053734));
#5611 = CARTESIAN_POINT('',(9.606165808074,-3.028812445057));
#5612 = ( GEOMETRIC_REPRESENTATION_CONTEXT(2) 
PARAMETRIC_REPRESENTATION_CONTEXT() REPRESENTATION_CONTEXT('2D SPACE',''
  ) );
#5613 = ADVANCED_FACE('',(#5614),#5503,.F.);
#5614 = FACE_BOUND('',#5615,.F.);
#5615 = EDGE_LOOP('',(#5616,#5617,#5618,#5639));
#5616 = ORIENTED_EDGE('',*,*,#5567,.F.);
#5617 = ORIENTED_EDGE('',*,*,#5486,.T.);
#5618 = ORIENTED_EDGE('',*,*,#5619,.T.);
#5619 = EDGE_CURVE('',#5458,#5620,#5622,.T.);
#5620 = VERTEX_POINT('',#5621);
#5621 = CARTESIAN_POINT('',(-8.,-52.92142460585,20.025543442182));
#5622 = SURFACE_CURVE('',#5623,(#5627,#5633),.PCURVE_S1.);
#5623 = LINE('',#5624,#5625);
#5624 = CARTESIAN_POINT('',(-25.,-52.92142460585,20.025543442182));
#5625 = VECTOR('',#5626,1.);
#5626 = DIRECTION('',(1.,0.,2.22044604925E-16));
#5627 = PCURVE('',#5503,#5628);
#5628 = DEFINITIONAL_REPRESENTATION('',(#5629),#5632);
#5629 = B_SPLINE_CURVE_WITH_KNOTS('',1,(#5630,#5631),.UNSPECIFIED.,.F.,
  .F.,(2,2),(10.9999994,17.0000006),.PIECEWISE_BEZIER_KNOTS.);
#5630 = CARTESIAN_POINT('',(6.367378889105,10.9999994));
#5631 = CARTESIAN_POINT('',(6.367378889105,17.0000006));
#5632 = ( GEOMETRIC_REPRESENTATION_CONTEXT(2) 
PARAMETRIC_REPRESENTATION_CONTEXT() REPRESENTATION_CONTEXT('2D SPACE',''
  ) );
#5633 = PCURVE('',#5474,#5634);
#5634 = DEFINITIONAL_REPRESENTATION('',(#5635),#5638);
#5635 = B_SPLINE_CURVE_WITH_KNOTS('',1,(#5636,#5637),.UNSPECIFIED.,.F.,
  .F.,(2,2),(11.,17.),.PIECEWISE_BEZIER_KNOTS.);
#5636 = CARTESIAN_POINT('',(5.937192337455,11.));
#5637 = CARTESIAN_POINT('',(5.937192337455,17.));
#5638 = ( GEOMETRIC_REPRESENTATION_CONTEXT(2) 
PARAMETRIC_REPRESENTATION_CONTEXT() REPRESENTATION_CONTEXT('2D SPACE',''
  ) );
#5639 = ORIENTED_EDGE('',*,*,#5640,.T.);
#5640 = EDGE_CURVE('',#5620,#5568,#5641,.T.);
#5641 = SURFACE_CURVE('',#5642,(#5647,#5654),.PCURVE_S1.);
#5642 = CIRCLE('',#5643,2.575);
#5643 = AXIS2_PLACEMENT_3D('',#5644,#5645,#5646);
#5644 = CARTESIAN_POINT('',(-8.,-53.1379670386,22.591422312046));
#5645 = DIRECTION('',(-1.,-5.29955038629E-19,-3.44923658136E-16));
#5646 = DIRECTION('',(-3.44923658136E-16,3.072875838417E-03,
    0.999995278706));
#5647 = PCURVE('',#5503,#5648);
#5648 = DEFINITIONAL_REPRESENTATION('',(#5649),#5653);
#5649 = LINE('',#5650,#5651);
#5650 = CARTESIAN_POINT('',(9.421705080095,17.));
#5651 = VECTOR('',#5652,1.);
#5652 = DIRECTION('',(-1.,-0.));
#5653 = ( GEOMETRIC_REPRESENTATION_CONTEXT(2) 
PARAMETRIC_REPRESENTATION_CONTEXT() REPRESENTATION_CONTEXT('2D SPACE',''
  ) );
#5654 = PCURVE('',#4922,#5655);
#5655 = DEFINITIONAL_REPRESENTATION('',(#5656),#5664);
#5656 = ( BOUNDED_CURVE() B_SPLINE_CURVE(2,(#5657,#5658,#5659,#5660,
#5661,#5662,#5663),.UNSPECIFIED.,.T.,.F.) B_SPLINE_CURVE_WITH_KNOTS((1,2
    ,2,2,2,1),(-2.094395102393,0.,2.094395102393,4.188790204786,
6.28318530718,8.377580409573),.UNSPECIFIED.) CURVE() 
GEOMETRIC_REPRESENTATION_ITEM() RATIONAL_B_SPLINE_CURVE((1.,0.5,1.,0.5,
1.,0.5,1.)) REPRESENTATION_ITEM('') );
#5657 = CARTESIAN_POINT('',(9.833589845286,-2.180054383319));
#5658 = CARTESIAN_POINT('',(9.847294966261,2.279955389053));
#5659 = CARTESIAN_POINT('',(13.702924169775,3.808151994102E-02));
#5660 = CARTESIAN_POINT('',(17.558553373289,-2.203792349171));
#5661 = CARTESIAN_POINT('',(13.6892190488,-4.421928252432));
#5662 = CARTESIAN_POINT('',(9.819884724312,-6.640064155692));
#5663 = CARTESIAN_POINT('',(9.833589845286,-2.180054383319));
#5664 = ( GEOMETRIC_REPRESENTATION_CONTEXT(2) 
PARAMETRIC_REPRESENTATION_CONTEXT() REPRESENTATION_CONTEXT('2D SPACE',''
  ) );
#5665 = ADVANCED_FACE('',(#5666),#5474,.F.);
#5666 = FACE_BOUND('',#5667,.F.);
#5667 = EDGE_LOOP('',(#5668,#5669,#5670,#5691));
#5668 = ORIENTED_EDGE('',*,*,#5619,.F.);
#5669 = ORIENTED_EDGE('',*,*,#5457,.T.);
#5670 = ORIENTED_EDGE('',*,*,#5671,.T.);
#5671 = EDGE_CURVE('',#5429,#5672,#5674,.T.);
#5672 = VERTEX_POINT('',#5673);
#5673 = CARTESIAN_POINT('',(-8.,-51.60881285649,19.910704794502));
#5674 = SURFACE_CURVE('',#5675,(#5679,#5685),.PCURVE_S1.);
#5675 = LINE('',#5676,#5677);
#5676 = CARTESIAN_POINT('',(-25.,-51.60881285649,19.910704794502));
#5677 = VECTOR('',#5678,1.);
#5678 = DIRECTION('',(1.,0.,2.22044604925E-16));
#5679 = PCURVE('',#5474,#5680);
#5680 = DEFINITIONAL_REPRESENTATION('',(#5681),#5684);
#5681 = B_SPLINE_CURVE_WITH_KNOTS('',1,(#5682,#5683),.UNSPECIFIED.,.F.,
  .F.,(2,2),(10.9999994,17.0000006),.PIECEWISE_BEZIER_KNOTS.);
#5682 = CARTESIAN_POINT('',(6.454645351705,10.9999994));
#5683 = CARTESIAN_POINT('',(6.454645351705,17.0000006));
#5684 = ( GEOMETRIC_REPRESENTATION_CONTEXT(2) 
PARAMETRIC_REPRESENTATION_CONTEXT() REPRESENTATION_CONTEXT('2D SPACE',''
  ) );
#5685 = PCURVE('',#5445,#5686);
#5686 = DEFINITIONAL_REPRESENTATION('',(#5687),#5690);
#5687 = B_SPLINE_CURVE_WITH_KNOTS('',1,(#5688,#5689),.UNSPECIFIED.,.F.,
  .F.,(2,2),(11.,17.),.PIECEWISE_BEZIER_KNOTS.);
#5688 = CARTESIAN_POINT('',(6.024458800055,11.));
#5689 = CARTESIAN_POINT('',(6.024458800055,17.));
#5690 = ( GEOMETRIC_REPRESENTATION_CONTEXT(2) 
PARAMETRIC_REPRESENTATION_CONTEXT() REPRESENTATION_CONTEXT('2D SPACE',''
  ) );
#5691 = ORIENTED_EDGE('',*,*,#5692,.T.);
#5692 = EDGE_CURVE('',#5672,#5620,#5693,.T.);
#5693 = SURFACE_CURVE('',#5694,(#5699,#5706),.PCURVE_S1.);
#5694 = CIRCLE('',#5695,2.575);
#5695 = AXIS2_PLACEMENT_3D('',#5696,#5697,#5698);
#5696 = CARTESIAN_POINT('',(-8.,-52.04816235862,22.447946804044));
#5697 = DIRECTION('',(-1.,1.452876248155E-17,-3.44923658136E-16));
#5698 = DIRECTION('',(-3.44923658136E-16,-8.409414864178E-02,
    0.99645781354));
#5699 = PCURVE('',#5474,#5700);
#5700 = DEFINITIONAL_REPRESENTATION('',(#5701),#5705);
#5701 = LINE('',#5702,#5703);
#5702 = CARTESIAN_POINT('',(9.508971542695,17.));
#5703 = VECTOR('',#5704,1.);
#5704 = DIRECTION('',(-1.,-0.));
#5705 = ( GEOMETRIC_REPRESENTATION_CONTEXT(2) 
PARAMETRIC_REPRESENTATION_CONTEXT() REPRESENTATION_CONTEXT('2D SPACE',''
  ) );
#5706 = PCURVE('',#4922,#5707);
#5707 = DEFINITIONAL_REPRESENTATION('',(#5708),#5716);
#5708 = ( BOUNDED_CURVE() B_SPLINE_CURVE(2,(#5709,#5710,#5711,#5712,
#5713,#5714,#5715),.UNSPECIFIED.,.T.,.F.) B_SPLINE_CURVE_WITH_KNOTS((1,2
    ,2,2,2,1),(-2.094395102393,0.,2.094395102393,4.188790204786,
6.28318530718,8.377580409573),.UNSPECIFIED.) CURVE() 
GEOMETRIC_REPRESENTATION_ITEM() RATIONAL_B_SPLINE_CURVE((1.,0.5,1.,0.5,
1.,0.5,1.)) REPRESENTATION_ITEM('') );
#5709 = CARTESIAN_POINT('',(9.986174326091,-1.314704791373));
#5710 = CARTESIAN_POINT('',(9.611111830569,3.1295277773));
#5711 = CARTESIAN_POINT('',(13.647461383127,1.232225142092));
#5712 = CARTESIAN_POINT('',(17.683810935685,-0.665077493115));
#5713 = CARTESIAN_POINT('',(14.022523878649,-3.212007426581));
#5714 = CARTESIAN_POINT('',(10.361236821613,-5.758937360046));
#5715 = CARTESIAN_POINT('',(9.986174326091,-1.314704791373));
#5716 = ( GEOMETRIC_REPRESENTATION_CONTEXT(2) 
PARAMETRIC_REPRESENTATION_CONTEXT() REPRESENTATION_CONTEXT('2D SPACE',''
  ) );
#5717 = ADVANCED_FACE('',(#5718),#5445,.F.);
#5718 = FACE_BOUND('',#5719,.F.);
#5719 = EDGE_LOOP('',(#5720,#5721,#5722,#5743));
#5720 = ORIENTED_EDGE('',*,*,#5671,.F.);
#5721 = ORIENTED_EDGE('',*,*,#5428,.T.);
#5722 = ORIENTED_EDGE('',*,*,#5723,.T.);
#5723 = EDGE_CURVE('',#5400,#5724,#5726,.T.);
#5724 = VERTEX_POINT('',#5725);
#5725 = CARTESIAN_POINT('',(-8.,-50.2911871435,19.910704794502));
#5726 = SURFACE_CURVE('',#5727,(#5731,#5737),.PCURVE_S1.);
#5727 = LINE('',#5728,#5729);
#5728 = CARTESIAN_POINT('',(-25.,-50.2911871435,19.910704794502));
#5729 = VECTOR('',#5730,1.);
#5730 = DIRECTION('',(1.,0.,2.22044604925E-16));
#5731 = PCURVE('',#5445,#5732);
#5732 = DEFINITIONAL_REPRESENTATION('',(#5733),#5736);
#5733 = B_SPLINE_CURVE_WITH_KNOTS('',1,(#5734,#5735),.UNSPECIFIED.,.F.,
  .F.,(2,2),(10.9999994,17.0000006),.PIECEWISE_BEZIER_KNOTS.);
#5734 = CARTESIAN_POINT('',(6.541911814304,10.9999994));
#5735 = CARTESIAN_POINT('',(6.541911814304,17.0000006));
#5736 = ( GEOMETRIC_REPRESENTATION_CONTEXT(2) 
PARAMETRIC_REPRESENTATION_CONTEXT() REPRESENTATION_CONTEXT('2D SPACE',''
  ) );
#5737 = PCURVE('',#5416,#5738);
#5738 = DEFINITIONAL_REPRESENTATION('',(#5739),#5742);
#5739 = B_SPLINE_CURVE_WITH_KNOTS('',1,(#5740,#5741),.UNSPECIFIED.,.F.,
  .F.,(2,2),(11.,17.),.PIECEWISE_BEZIER_KNOTS.);
#5740 = CARTESIAN_POINT('',(6.111725262654,11.));
#5741 = CARTESIAN_POINT('',(6.111725262654,17.));
#5742 = ( GEOMETRIC_REPRESENTATION_CONTEXT(2) 
PARAMETRIC_REPRESENTATION_CONTEXT() REPRESENTATION_CONTEXT('2D SPACE',''
  ) );
#5743 = ORIENTED_EDGE('',*,*,#5744,.T.);
#5744 = EDGE_CURVE('',#5724,#5672,#5745,.T.);
#5745 = SURFACE_CURVE('',#5746,(#5751,#5758),.PCURVE_S1.);
#5746 = CIRCLE('',#5747,2.575);
#5747 = AXIS2_PLACEMENT_3D('',#5748,#5749,#5750);
#5748 = CARTESIAN_POINT('',(-8.,-50.95,22.4));
#5749 = DIRECTION('',(-1.,2.964297018604E-17,-3.44923658136E-16));
#5750 = DIRECTION('',(-3.44923658136E-16,-0.170621165873,0.985336702735)
  );
#5751 = PCURVE('',#5445,#5752);
#5752 = DEFINITIONAL_REPRESENTATION('',(#5753),#5757);
#5753 = LINE('',#5754,#5755);
#5754 = CARTESIAN_POINT('',(9.596238005295,17.));
#5755 = VECTOR('',#5756,1.);
#5756 = DIRECTION('',(-1.,-0.));
#5757 = ( GEOMETRIC_REPRESENTATION_CONTEXT(2) 
PARAMETRIC_REPRESENTATION_CONTEXT() REPRESENTATION_CONTEXT('2D SPACE',''
  ) );
#5758 = PCURVE('',#4922,#5759);
#5759 = DEFINITIONAL_REPRESENTATION('',(#5760),#5768);
#5760 = ( BOUNDED_CURVE() B_SPLINE_CURVE(2,(#5761,#5762,#5763,#5764,
#5765,#5766,#5767),.UNSPECIFIED.,.T.,.F.) B_SPLINE_CURVE_WITH_KNOTS((1,2
    ,2,2,2,1),(-2.094395102393,0.,2.094395102393,4.188790204786,
6.28318530718,8.377580409573),.UNSPECIFIED.) CURVE() 
GEOMETRIC_REPRESENTATION_ITEM() RATIONAL_B_SPLINE_CURVE((1.,0.5,1.,0.5,
1.,0.5,1.)) REPRESENTATION_ITEM('') );
#5761 = CARTESIAN_POINT('',(10.062757990458,-0.439349502124));
#5762 = CARTESIAN_POINT('',(9.3017823305,3.955282569501));
#5763 = CARTESIAN_POINT('',(13.488133174792,2.416990786874));
#5764 = CARTESIAN_POINT('',(17.674484019084,0.878699004247));
#5765 = CARTESIAN_POINT('',(14.24910883475,-1.97764128475));
#5766 = CARTESIAN_POINT('',(10.823733650416,-4.833981573748));
#5767 = CARTESIAN_POINT('',(10.062757990458,-0.439349502124));
#5768 = ( GEOMETRIC_REPRESENTATION_CONTEXT(2) 
PARAMETRIC_REPRESENTATION_CONTEXT() REPRESENTATION_CONTEXT('2D SPACE',''
  ) );
#5769 = ADVANCED_FACE('',(#5770),#5416,.F.);
#5770 = FACE_BOUND('',#5771,.F.);
#5771 = EDGE_LOOP('',(#5772,#5773,#5794,#5820));
#5772 = ORIENTED_EDGE('',*,*,#5399,.T.);
#5773 = ORIENTED_EDGE('',*,*,#5774,.T.);
#5774 = EDGE_CURVE('',#5371,#5775,#5777,.T.);
#5775 = VERTEX_POINT('',#5776);
#5776 = CARTESIAN_POINT('',(-8.,-50.51065049787,24.937242009542));
#5777 = SURFACE_CURVE('',#5778,(#5782,#5788),.PCURVE_S1.);
#5778 = LINE('',#5779,#5780);
#5779 = CARTESIAN_POINT('',(-25.,-50.51065049787,24.937242009542));
#5780 = VECTOR('',#5781,1.);
#5781 = DIRECTION('',(1.,0.,2.22044604925E-16));
#5782 = PCURVE('',#5416,#5783);
#5783 = DEFINITIONAL_REPRESENTATION('',(#5784),#5787);
#5784 = B_SPLINE_CURVE_WITH_KNOTS('',1,(#5785,#5786),.UNSPECIFIED.,.F.,
  .F.,(2,2),(11.,17.),.PIECEWISE_BEZIER_KNOTS.);
#5785 = CARTESIAN_POINT('',(9.683504467894,11.));
#5786 = CARTESIAN_POINT('',(9.683504467894,17.));
#5787 = ( GEOMETRIC_REPRESENTATION_CONTEXT(2) 
PARAMETRIC_REPRESENTATION_CONTEXT() REPRESENTATION_CONTEXT('2D SPACE',''
  ) );
#5788 = PCURVE('',#5387,#5789);
#5789 = DEFINITIONAL_REPRESENTATION('',(#5790),#5793);
#5790 = B_SPLINE_CURVE_WITH_KNOTS('',1,(#5791,#5792),.UNSPECIFIED.,.F.,
  .F.,(2,2),(10.9999994,17.0000006),.PIECEWISE_BEZIER_KNOTS.);
#5791 = CARTESIAN_POINT('',(9.253317916244,10.9999994));
#5792 = CARTESIAN_POINT('',(9.253317916244,17.0000006));
#5793 = ( GEOMETRIC_REPRESENTATION_CONTEXT(2) 
PARAMETRIC_REPRESENTATION_CONTEXT() REPRESENTATION_CONTEXT('2D SPACE',''
  ) );
#5794 = ORIENTED_EDGE('',*,*,#5795,.T.);
#5795 = EDGE_CURVE('',#5775,#5724,#5796,.T.);
#5796 = SURFACE_CURVE('',#5797,(#5802,#5809),.PCURVE_S1.);
#5797 = CIRCLE('',#5798,2.575);
#5798 = AXIS2_PLACEMENT_3D('',#5799,#5800,#5801);
#5799 = CARTESIAN_POINT('',(-8.,-49.85183764137,22.447946804044));
#5800 = DIRECTION('',(-1.,4.487102968309E-17,-3.44923658136E-16));
#5801 = DIRECTION('',(-3.44923658136E-16,-0.255849653008,0.966716584659)
  );
#5802 = PCURVE('',#5416,#5803);
#5803 = DEFINITIONAL_REPRESENTATION('',(#5804),#5808);
#5804 = LINE('',#5805,#5806);
#5805 = CARTESIAN_POINT('',(9.683504467894,17.));
#5806 = VECTOR('',#5807,1.);
#5807 = DIRECTION('',(-1.,-0.));
#5808 = ( GEOMETRIC_REPRESENTATION_CONTEXT(2) 
PARAMETRIC_REPRESENTATION_CONTEXT() REPRESENTATION_CONTEXT('2D SPACE',''
  ) );
#5809 = PCURVE('',#4922,#5810);
#5810 = DEFINITIONAL_REPRESENTATION('',(#5811),#5819);
#5811 = ( BOUNDED_CURVE() B_SPLINE_CURVE(2,(#5812,#5813,#5814,#5815,
#5816,#5817,#5818),.UNSPECIFIED.,.T.,.F.) B_SPLINE_CURVE_WITH_KNOTS((1,2
    ,2,2,2,1),(-2.094395102393,0.,2.094395102393,4.188790204786,
6.28318530718,8.377580409573),.UNSPECIFIED.) CURVE() 
GEOMETRIC_REPRESENTATION_ITEM() RATIONAL_B_SPLINE_CURVE((1.,0.5,1.,0.5,
1.,0.5,1.)) REPRESENTATION_ITEM('') );
#5812 = CARTESIAN_POINT('',(10.062757990458,0.439349502124));
#5813 = CARTESIAN_POINT('',(8.921660650326,4.750935273084));
#5814 = CARTESIAN_POINT('',(13.226152128639,3.583361672349));
#5815 = CARTESIAN_POINT('',(17.530643606952,2.415788071614));
#5816 = CARTESIAN_POINT('',(14.367249468771,-0.728224098611));
#5817 = CARTESIAN_POINT('',(11.20385533059,-3.872236268836));
#5818 = CARTESIAN_POINT('',(10.062757990458,0.439349502124));
#5819 = ( GEOMETRIC_REPRESENTATION_CONTEXT(2) 
PARAMETRIC_REPRESENTATION_CONTEXT() REPRESENTATION_CONTEXT('2D SPACE',''
  ) );
#5820 = ORIENTED_EDGE('',*,*,#5723,.F.);
#5821 = ADVANCED_FACE('',(#5822),#5387,.F.);
#5822 = FACE_BOUND('',#5823,.F.);
#5823 = EDGE_LOOP('',(#5824,#5825,#5826,#5847));
#5824 = ORIENTED_EDGE('',*,*,#5774,.F.);
#5825 = ORIENTED_EDGE('',*,*,#5370,.T.);
#5826 = ORIENTED_EDGE('',*,*,#5827,.T.);
#5827 = EDGE_CURVE('',#5342,#5828,#5830,.T.);
#5828 = VERTEX_POINT('',#5829);
#5829 = CARTESIAN_POINT('',(-8.,-51.38934950212,24.937242009542));
#5830 = SURFACE_CURVE('',#5831,(#5835,#5841),.PCURVE_S1.);
#5831 = LINE('',#5832,#5833);
#5832 = CARTESIAN_POINT('',(-25.,-51.38934950212,24.937242009542));
#5833 = VECTOR('',#5834,1.);
#5834 = DIRECTION('',(1.,0.,2.22044604925E-16));
#5835 = PCURVE('',#5387,#5836);
#5836 = DEFINITIONAL_REPRESENTATION('',(#5837),#5840);
#5837 = B_SPLINE_CURVE_WITH_KNOTS('',1,(#5838,#5839),.UNSPECIFIED.,.F.,
  .F.,(2,2),(11.,17.),.PIECEWISE_BEZIER_KNOTS.);
#5838 = CARTESIAN_POINT('',(9.596238005295,11.));
#5839 = CARTESIAN_POINT('',(9.596238005295,17.));
#5840 = ( GEOMETRIC_REPRESENTATION_CONTEXT(2) 
PARAMETRIC_REPRESENTATION_CONTEXT() REPRESENTATION_CONTEXT('2D SPACE',''
  ) );
#5841 = PCURVE('',#5358,#5842);
#5842 = DEFINITIONAL_REPRESENTATION('',(#5843),#5846);
#5843 = B_SPLINE_CURVE_WITH_KNOTS('',1,(#5844,#5845),.UNSPECIFIED.,.F.,
  .F.,(2,2),(10.9999994,17.0000006),.PIECEWISE_BEZIER_KNOTS.);
#5844 = CARTESIAN_POINT('',(9.166051453645,10.9999994));
#5845 = CARTESIAN_POINT('',(9.166051453645,17.0000006));
#5846 = ( GEOMETRIC_REPRESENTATION_CONTEXT(2) 
PARAMETRIC_REPRESENTATION_CONTEXT() REPRESENTATION_CONTEXT('2D SPACE',''
  ) );
#5847 = ORIENTED_EDGE('',*,*,#5848,.T.);
#5848 = EDGE_CURVE('',#5828,#5775,#5849,.T.);
#5849 = SURFACE_CURVE('',#5850,(#5855,#5862),.PCURVE_S1.);
#5850 = CIRCLE('',#5851,2.575);
#5851 = AXIS2_PLACEMENT_3D('',#5852,#5853,#5854);
#5852 = CARTESIAN_POINT('',(-8.,-50.95,22.4));
#5853 = DIRECTION('',(-1.,2.964297018604E-17,-3.44923658136E-16));
#5854 = DIRECTION('',(-3.44923658136E-16,-0.170621165873,0.985336702735)
  );
#5855 = PCURVE('',#5387,#5856);
#5856 = DEFINITIONAL_REPRESENTATION('',(#5857),#5861);
#5857 = LINE('',#5858,#5859);
#5858 = CARTESIAN_POINT('',(9.596238005295,17.));
#5859 = VECTOR('',#5860,1.);
#5860 = DIRECTION('',(-1.,-0.));
#5861 = ( GEOMETRIC_REPRESENTATION_CONTEXT(2) 
PARAMETRIC_REPRESENTATION_CONTEXT() REPRESENTATION_CONTEXT('2D SPACE',''
  ) );
#5862 = PCURVE('',#4922,#5863);
#5863 = DEFINITIONAL_REPRESENTATION('',(#5864),#5872);
#5864 = ( BOUNDED_CURVE() B_SPLINE_CURVE(2,(#5865,#5866,#5867,#5868,
#5869,#5870,#5871),.UNSPECIFIED.,.T.,.F.) B_SPLINE_CURVE_WITH_KNOTS((1,2
    ,2,2,2,1),(-2.094395102393,0.,2.094395102393,4.188790204786,
6.28318530718,8.377580409573),.UNSPECIFIED.) CURVE() 
GEOMETRIC_REPRESENTATION_ITEM() RATIONAL_B_SPLINE_CURVE((1.,0.5,1.,0.5,
1.,0.5,1.)) REPRESENTATION_ITEM('') );
#5865 = CARTESIAN_POINT('',(10.062757990458,-0.439349502124));
#5866 = CARTESIAN_POINT('',(9.3017823305,3.955282569501));
#5867 = CARTESIAN_POINT('',(13.488133174792,2.416990786874));
#5868 = CARTESIAN_POINT('',(17.674484019084,0.878699004247));
#5869 = CARTESIAN_POINT('',(14.24910883475,-1.97764128475));
#5870 = CARTESIAN_POINT('',(10.823733650416,-4.833981573748));
#5871 = CARTESIAN_POINT('',(10.062757990458,-0.439349502124));
#5872 = ( GEOMETRIC_REPRESENTATION_CONTEXT(2) 
PARAMETRIC_REPRESENTATION_CONTEXT() REPRESENTATION_CONTEXT('2D SPACE',''
  ) );
#5873 = ADVANCED_FACE('',(#5874),#5358,.F.);
#5874 = FACE_BOUND('',#5875,.F.);
#5875 = EDGE_LOOP('',(#5876,#5877,#5878,#5899));
#5876 = ORIENTED_EDGE('',*,*,#5827,.F.);
#5877 = ORIENTED_EDGE('',*,*,#5341,.T.);
#5878 = ORIENTED_EDGE('',*,*,#5879,.T.);
#5879 = EDGE_CURVE('',#5313,#5880,#5882,.T.);
#5880 = VERTEX_POINT('',#5881);
#5881 = CARTESIAN_POINT('',(-8.,-52.26470479137,25.013825673909));
#5882 = SURFACE_CURVE('',#5883,(#5887,#5893),.PCURVE_S1.);
#5883 = LINE('',#5884,#5885);
#5884 = CARTESIAN_POINT('',(-25.,-52.26470479137,25.013825673909));
#5885 = VECTOR('',#5886,1.);
#5886 = DIRECTION('',(1.,0.,2.22044604925E-16));
#5887 = PCURVE('',#5358,#5888);
#5888 = DEFINITIONAL_REPRESENTATION('',(#5889),#5892);
#5889 = B_SPLINE_CURVE_WITH_KNOTS('',1,(#5890,#5891),.UNSPECIFIED.,.F.,
  .F.,(2,2),(11.,17.),.PIECEWISE_BEZIER_KNOTS.);
#5890 = CARTESIAN_POINT('',(9.508971542695,11.));
#5891 = CARTESIAN_POINT('',(9.508971542695,17.));
#5892 = ( GEOMETRIC_REPRESENTATION_CONTEXT(2) 
PARAMETRIC_REPRESENTATION_CONTEXT() REPRESENTATION_CONTEXT('2D SPACE',''
  ) );
#5893 = PCURVE('',#5329,#5894);
#5894 = DEFINITIONAL_REPRESENTATION('',(#5895),#5898);
#5895 = B_SPLINE_CURVE_WITH_KNOTS('',1,(#5896,#5897),.UNSPECIFIED.,.F.,
  .F.,(2,2),(10.9999994,17.0000006),.PIECEWISE_BEZIER_KNOTS.);
#5896 = CARTESIAN_POINT('',(9.078784991045,10.9999994));
#5897 = CARTESIAN_POINT('',(9.078784991045,17.0000006));
#5898 = ( GEOMETRIC_REPRESENTATION_CONTEXT(2) 
PARAMETRIC_REPRESENTATION_CONTEXT() REPRESENTATION_CONTEXT('2D SPACE',''
  ) );
#5899 = ORIENTED_EDGE('',*,*,#5900,.T.);
#5900 = EDGE_CURVE('',#5880,#5828,#5901,.T.);
#5901 = SURFACE_CURVE('',#5902,(#5907,#5914),.PCURVE_S1.);
#5902 = CIRCLE('',#5903,2.575);
#5903 = AXIS2_PLACEMENT_3D('',#5904,#5905,#5906);
#5904 = CARTESIAN_POINT('',(-8.,-52.04816235862,22.447946804044));
#5905 = DIRECTION('',(-1.,1.452876248155E-17,-3.44923658136E-16));
#5906 = DIRECTION('',(-3.44923658136E-16,-8.409414864178E-02,
    0.99645781354));
#5907 = PCURVE('',#5358,#5908);
#5908 = DEFINITIONAL_REPRESENTATION('',(#5909),#5913);
#5909 = LINE('',#5910,#5911);
#5910 = CARTESIAN_POINT('',(9.508971542695,17.));
#5911 = VECTOR('',#5912,1.);
#5912 = DIRECTION('',(-1.,-0.));
#5913 = ( GEOMETRIC_REPRESENTATION_CONTEXT(2) 
PARAMETRIC_REPRESENTATION_CONTEXT() REPRESENTATION_CONTEXT('2D SPACE',''
  ) );
#5914 = PCURVE('',#4922,#5915);
#5915 = DEFINITIONAL_REPRESENTATION('',(#5916),#5924);
#5916 = ( BOUNDED_CURVE() B_SPLINE_CURVE(2,(#5917,#5918,#5919,#5920,
#5921,#5922,#5923),.UNSPECIFIED.,.T.,.F.) B_SPLINE_CURVE_WITH_KNOTS((1,2
    ,2,2,2,1),(-2.094395102393,0.,2.094395102393,4.188790204786,
6.28318530718,8.377580409573),.UNSPECIFIED.) CURVE() 
GEOMETRIC_REPRESENTATION_ITEM() RATIONAL_B_SPLINE_CURVE((1.,0.5,1.,0.5,
1.,0.5,1.)) REPRESENTATION_ITEM('') );
#5917 = CARTESIAN_POINT('',(9.986174326091,-1.314704791373));
#5918 = CARTESIAN_POINT('',(9.611111830569,3.1295277773));
#5919 = CARTESIAN_POINT('',(13.647461383127,1.232225142092));
#5920 = CARTESIAN_POINT('',(17.683810935685,-0.665077493115));
#5921 = CARTESIAN_POINT('',(14.022523878649,-3.212007426581));
#5922 = CARTESIAN_POINT('',(10.361236821613,-5.758937360046));
#5923 = CARTESIAN_POINT('',(9.986174326091,-1.314704791373));
#5924 = ( GEOMETRIC_REPRESENTATION_CONTEXT(2) 
PARAMETRIC_REPRESENTATION_CONTEXT() REPRESENTATION_CONTEXT('2D SPACE',''
  ) );
#5925 = ADVANCED_FACE('',(#5926),#5329,.F.);
#5926 = FACE_BOUND('',#5927,.F.);
#5927 = EDGE_LOOP('',(#5928,#5929,#5930,#5951));
#5928 = ORIENTED_EDGE('',*,*,#5879,.F.);
#5929 = ORIENTED_EDGE('',*,*,#5312,.T.);
#5930 = ORIENTED_EDGE('',*,*,#5931,.T.);
#5931 = EDGE_CURVE('',#5284,#5932,#5934,.T.);
#5932 = VERTEX_POINT('',#5933);
#5933 = CARTESIAN_POINT('',(-8.,-53.13005438331,25.166410154714));
#5934 = SURFACE_CURVE('',#5935,(#5939,#5945),.PCURVE_S1.);
#5935 = LINE('',#5936,#5937);
#5936 = CARTESIAN_POINT('',(-25.,-53.13005438332,25.166410154714));
#5937 = VECTOR('',#5938,1.);
#5938 = DIRECTION('',(1.,0.,2.22044604925E-16));
#5939 = PCURVE('',#5329,#5940);
#5940 = DEFINITIONAL_REPRESENTATION('',(#5941),#5944);
#5941 = B_SPLINE_CURVE_WITH_KNOTS('',1,(#5942,#5943),.UNSPECIFIED.,.F.,
  .F.,(2,2),(11.,17.),.PIECEWISE_BEZIER_KNOTS.);
#5942 = CARTESIAN_POINT('',(9.421705080095,11.));
#5943 = CARTESIAN_POINT('',(9.421705080095,17.));
#5944 = ( GEOMETRIC_REPRESENTATION_CONTEXT(2) 
PARAMETRIC_REPRESENTATION_CONTEXT() REPRESENTATION_CONTEXT('2D SPACE',''
  ) );
#5945 = PCURVE('',#5300,#5946);
#5946 = DEFINITIONAL_REPRESENTATION('',(#5947),#5950);
#5947 = B_SPLINE_CURVE_WITH_KNOTS('',1,(#5948,#5949),.UNSPECIFIED.,.F.,
  .F.,(2,2),(10.9999994,17.0000006),.PIECEWISE_BEZIER_KNOTS.);
#5948 = CARTESIAN_POINT('',(8.991518528445,10.9999994));
#5949 = CARTESIAN_POINT('',(8.991518528445,17.0000006));
#5950 = ( GEOMETRIC_REPRESENTATION_CONTEXT(2) 
PARAMETRIC_REPRESENTATION_CONTEXT() REPRESENTATION_CONTEXT('2D SPACE',''
  ) );
#5951 = ORIENTED_EDGE('',*,*,#5952,.T.);
#5952 = EDGE_CURVE('',#5932,#5880,#5953,.T.);
#5953 = SURFACE_CURVE('',#5954,(#5959,#5966),.PCURVE_S1.);
#5954 = CIRCLE('',#5955,2.575);
#5955 = AXIS2_PLACEMENT_3D('',#5956,#5957,#5958);
#5956 = CARTESIAN_POINT('',(-8.,-53.1379670386,22.591422312046));
#5957 = DIRECTION('',(-1.,-5.29955038629E-19,-3.44923658136E-16));
#5958 = DIRECTION('',(-3.44923658136E-16,3.072875838417E-03,
    0.999995278706));
#5959 = PCURVE('',#5329,#5960);
#5960 = DEFINITIONAL_REPRESENTATION('',(#5961),#5965);
#5961 = LINE('',#5962,#5963);
#5962 = CARTESIAN_POINT('',(9.421705080095,17.));
#5963 = VECTOR('',#5964,1.);
#5964 = DIRECTION('',(-1.,-0.));
#5965 = ( GEOMETRIC_REPRESENTATION_CONTEXT(2) 
PARAMETRIC_REPRESENTATION_CONTEXT() REPRESENTATION_CONTEXT('2D SPACE',''
  ) );
#5966 = PCURVE('',#4922,#5967);
#5967 = DEFINITIONAL_REPRESENTATION('',(#5968),#5976);
#5968 = ( BOUNDED_CURVE() B_SPLINE_CURVE(2,(#5969,#5970,#5971,#5972,
#5973,#5974,#5975),.UNSPECIFIED.,.T.,.F.) B_SPLINE_CURVE_WITH_KNOTS((1,2
    ,2,2,2,1),(-2.094395102393,0.,2.094395102393,4.188790204786,
6.28318530718,8.377580409573),.UNSPECIFIED.) CURVE() 
GEOMETRIC_REPRESENTATION_ITEM() RATIONAL_B_SPLINE_CURVE((1.,0.5,1.,0.5,
1.,0.5,1.)) REPRESENTATION_ITEM('') );
#5969 = CARTESIAN_POINT('',(9.833589845286,-2.180054383319));
#5970 = CARTESIAN_POINT('',(9.847294966261,2.279955389053));
#5971 = CARTESIAN_POINT('',(13.702924169775,3.808151994102E-02));
#5972 = CARTESIAN_POINT('',(17.558553373289,-2.203792349171));
#5973 = CARTESIAN_POINT('',(13.6892190488,-4.421928252432));
#5974 = CARTESIAN_POINT('',(9.819884724312,-6.640064155692));
#5975 = CARTESIAN_POINT('',(9.833589845286,-2.180054383319));
#5976 = ( GEOMETRIC_REPRESENTATION_CONTEXT(2) 
PARAMETRIC_REPRESENTATION_CONTEXT() REPRESENTATION_CONTEXT('2D SPACE',''
  ) );
#5977 = ADVANCED_FACE('',(#5978),#5300,.F.);
#5978 = FACE_BOUND('',#5979,.F.);
#5979 = EDGE_LOOP('',(#5980,#5981,#5982,#6003));
#5980 = ORIENTED_EDGE('',*,*,#5931,.F.);
#5981 = ORIENTED_EDGE('',*,*,#5283,.T.);
#5982 = ORIENTED_EDGE('',*,*,#5983,.T.);
#5983 = EDGE_CURVE('',#5253,#5984,#5986,.T.);
#5984 = VERTEX_POINT('',#5985);
#5985 = CARTESIAN_POINT('',(-8.,-53.97881244505,25.393834191926));
#5986 = SURFACE_CURVE('',#5987,(#5991,#5997),.PCURVE_S1.);
#5987 = LINE('',#5988,#5989);
#5988 = CARTESIAN_POINT('',(-25.,-53.97881244505,25.393834191926));
#5989 = VECTOR('',#5990,1.);
#5990 = DIRECTION('',(1.,0.,2.22044604925E-16));
#5991 = PCURVE('',#5300,#5992);
#5992 = DEFINITIONAL_REPRESENTATION('',(#5993),#5996);
#5993 = B_SPLINE_CURVE_WITH_KNOTS('',1,(#5994,#5995),.UNSPECIFIED.,.F.,
  .F.,(2,2),(11.,17.),.PIECEWISE_BEZIER_KNOTS.);
#5994 = CARTESIAN_POINT('',(9.334438617495,11.));
#5995 = CARTESIAN_POINT('',(9.334438617495,17.));
#5996 = ( GEOMETRIC_REPRESENTATION_CONTEXT(2) 
PARAMETRIC_REPRESENTATION_CONTEXT() REPRESENTATION_CONTEXT('2D SPACE',''
  ) );
#5997 = PCURVE('',#5271,#5998);
#5998 = DEFINITIONAL_REPRESENTATION('',(#5999),#6002);
#5999 = B_SPLINE_CURVE_WITH_KNOTS('',1,(#6000,#6001),.UNSPECIFIED.,.F.,
  .F.,(2,2),(10.9999994,17.0000006),.PIECEWISE_BEZIER_KNOTS.);
#6000 = CARTESIAN_POINT('',(2.621066758666,10.9999994));
#6001 = CARTESIAN_POINT('',(2.621066758666,17.0000006));
#6002 = ( GEOMETRIC_REPRESENTATION_CONTEXT(2) 
PARAMETRIC_REPRESENTATION_CONTEXT() REPRESENTATION_CONTEXT('2D SPACE',''
  ) );
#6003 = ORIENTED_EDGE('',*,*,#6004,.T.);
#6004 = EDGE_CURVE('',#5984,#5932,#6005,.T.);
#6005 = SURFACE_CURVE('',#6006,(#6011,#6018),.PCURVE_S1.);
#6006 = CIRCLE('',#6007,2.575);
#6007 = AXIS2_PLACEMENT_3D('',#6008,#6009,#6010);
#6008 = CARTESIAN_POINT('',(-8.,-54.21111996829,22.829334588758));
#6009 = DIRECTION('',(-1.,-1.559069304673E-17,-3.44923658136E-16));
#6010 = DIRECTION('',(-3.44923658136E-16,9.021651387775E-02,
    0.995922175988));
#6011 = PCURVE('',#5300,#6012);
#6012 = DEFINITIONAL_REPRESENTATION('',(#6013),#6017);
#6013 = LINE('',#6014,#6015);
#6014 = CARTESIAN_POINT('',(9.334438617495,17.));
#6015 = VECTOR('',#6016,1.);
#6016 = DIRECTION('',(-1.,-0.));
#6017 = ( GEOMETRIC_REPRESENTATION_CONTEXT(2) 
PARAMETRIC_REPRESENTATION_CONTEXT() REPRESENTATION_CONTEXT('2D SPACE',''
  ) );
#6018 = PCURVE('',#4922,#6019);
#6019 = DEFINITIONAL_REPRESENTATION('',(#6020),#6028);
#6020 = ( BOUNDED_CURVE() B_SPLINE_CURVE(2,(#6021,#6022,#6023,#6024,
#6025,#6026,#6027),.UNSPECIFIED.,.T.,.F.) B_SPLINE_CURVE_WITH_KNOTS((1,2
    ,2,2,2,1),(-2.094395102393,0.,2.094395102393,4.188790204786,
6.28318530718,8.377580409573),.UNSPECIFIED.) CURVE() 
GEOMETRIC_REPRESENTATION_ITEM() RATIONAL_B_SPLINE_CURVE((1.,0.5,1.,0.5,
1.,0.5,1.)) REPRESENTATION_ITEM('') );
#6021 = CARTESIAN_POINT('',(9.606165808074,-3.028812445057));
#6022 = CARTESIAN_POINT('',(10.008534241298,1.41303116362));
#6023 = CARTESIAN_POINT('',(13.654099429438,-1.156351925571));
#6024 = CARTESIAN_POINT('',(17.299664617578,-3.725735014762));
#6025 = CARTESIAN_POINT('',(13.251730996214,-5.598195534248));
#6026 = CARTESIAN_POINT('',(9.20379737485,-7.470656053734));
#6027 = CARTESIAN_POINT('',(9.606165808074,-3.028812445057));
#6028 = ( GEOMETRIC_REPRESENTATION_CONTEXT(2) 
PARAMETRIC_REPRESENTATION_CONTEXT() REPRESENTATION_CONTEXT('2D SPACE',''
  ) );
#6029 = ADVANCED_FACE('',(#6030),#5271,.F.);
#6030 = FACE_BOUND('',#6031,.F.);
#6031 = EDGE_LOOP('',(#6032,#6054,#6055,#6056));
#6032 = ORIENTED_EDGE('',*,*,#6033,.F.);
#6033 = EDGE_CURVE('',#5984,#5546,#6034,.T.);
#6034 = SURFACE_CURVE('',#6035,(#6040,#6047),.PCURVE_S1.);
#6035 = CIRCLE('',#6036,2.575);
#6036 = AXIS2_PLACEMENT_3D('',#6037,#6038,#6039);
#6037 = CARTESIAN_POINT('',(-8.,-55.2594538059,23.159872978098));
#6038 = DIRECTION('',(1.,0.,2.22044604925E-16));
#6039 = DIRECTION('',(2.22044604925E-16,0.,-1.));
#6040 = PCURVE('',#5271,#6041);
#6041 = DEFINITIONAL_REPRESENTATION('',(#6042),#6046);
#6042 = LINE('',#6043,#6044);
#6043 = CARTESIAN_POINT('',(0.,17.));
#6044 = VECTOR('',#6045,1.);
#6045 = DIRECTION('',(1.,0.));
#6046 = ( GEOMETRIC_REPRESENTATION_CONTEXT(2) 
PARAMETRIC_REPRESENTATION_CONTEXT() REPRESENTATION_CONTEXT('2D SPACE',''
  ) );
#6047 = PCURVE('',#4922,#6048);
#6048 = DEFINITIONAL_REPRESENTATION('',(#6049),#6053);
#6049 = CIRCLE('',#6050,2.575);
#6050 = AXIS2_PLACEMENT_2D('',#6051,#6052);
#6051 = CARTESIAN_POINT('',(11.840127021902,-4.309453805903));
#6052 = DIRECTION('',(1.,0.));
#6053 = ( GEOMETRIC_REPRESENTATION_CONTEXT(2) 
PARAMETRIC_REPRESENTATION_CONTEXT() REPRESENTATION_CONTEXT('2D SPACE',''
  ) );
#6054 = ORIENTED_EDGE('',*,*,#5983,.F.);
#6055 = ORIENTED_EDGE('',*,*,#5252,.T.);
#6056 = ORIENTED_EDGE('',*,*,#5545,.T.);
#6057 = ADVANCED_FACE('',(#6058),#5216,.T.);
#6058 = FACE_BOUND('',#6059,.T.);
#6059 = EDGE_LOOP('',(#6060,#6086,#6105,#6106));
#6060 = ORIENTED_EDGE('',*,*,#6061,.F.);
#6061 = EDGE_CURVE('',#6062,#6064,#6066,.T.);
#6062 = VERTEX_POINT('',#6063);
#6063 = CARTESIAN_POINT('',(-8.,-50.95,51.5));
#6064 = VERTEX_POINT('',#6065);
#6065 = CARTESIAN_POINT('',(-8.,-36.51913031033,27.));
#6066 = SURFACE_CURVE('',#6067,(#6072,#6079),.PCURVE_S1.);
#6067 = CIRCLE('',#6068,16.5);
#6068 = AXIS2_PLACEMENT_3D('',#6069,#6070,#6071);
#6069 = CARTESIAN_POINT('',(-8.,-50.95,35.));
#6070 = DIRECTION('',(1.,9.272194294609E-32,2.153159805334E-16));
#6071 = DIRECTION('',(-2.153159805334E-16,0.,1.));
#6072 = PCURVE('',#5216,#6073);
#6073 = DEFINITIONAL_REPRESENTATION('',(#6074),#6078);
#6074 = LINE('',#6075,#6076);
#6075 = CARTESIAN_POINT('',(3.14159265359,6.));
#6076 = VECTOR('',#6077,1.);
#6077 = DIRECTION('',(1.,0.));
#6078 = ( GEOMETRIC_REPRESENTATION_CONTEXT(2) 
PARAMETRIC_REPRESENTATION_CONTEXT() REPRESENTATION_CONTEXT('2D SPACE',''
  ) );
#6079 = PCURVE('',#4922,#6080);
#6080 = DEFINITIONAL_REPRESENTATION('',(#6081),#6085);
#6081 = CIRCLE('',#6082,16.5);
#6082 = AXIS2_PLACEMENT_2D('',#6083,#6084);
#6083 = CARTESIAN_POINT('',(0.,0.));
#6084 = DIRECTION('',(-1.,0.));
#6085 = ( GEOMETRIC_REPRESENTATION_CONTEXT(2) 
PARAMETRIC_REPRESENTATION_CONTEXT() REPRESENTATION_CONTEXT('2D SPACE',''
  ) );
#6086 = ORIENTED_EDGE('',*,*,#6087,.F.);
#6087 = EDGE_CURVE('',#5177,#6062,#6088,.T.);
#6088 = SURFACE_CURVE('',#6089,(#6093,#6099),.PCURVE_S1.);
#6089 = LINE('',#6090,#6091);
#6090 = CARTESIAN_POINT('',(-14.,-50.95,51.5));
#6091 = VECTOR('',#6092,1.);
#6092 = DIRECTION('',(1.,0.,2.22044604925E-16));
#6093 = PCURVE('',#5216,#6094);
#6094 = DEFINITIONAL_REPRESENTATION('',(#6095),#6098);
#6095 = B_SPLINE_CURVE_WITH_KNOTS('',1,(#6096,#6097),.UNSPECIFIED.,.F.,
  .F.,(2,2),(0.,6.),.PIECEWISE_BEZIER_KNOTS.);
#6096 = CARTESIAN_POINT('',(3.14159265359,1.110223024625E-16));
#6097 = CARTESIAN_POINT('',(3.14159265359,6.));
#6098 = ( GEOMETRIC_REPRESENTATION_CONTEXT(2) 
PARAMETRIC_REPRESENTATION_CONTEXT() REPRESENTATION_CONTEXT('2D SPACE',''
  ) );
#6099 = PCURVE('',#3261,#6100);
#6100 = DEFINITIONAL_REPRESENTATION('',(#6101),#6104);
#6101 = B_SPLINE_CURVE_WITH_KNOTS('',1,(#6102,#6103),.UNSPECIFIED.,.F.,
  .F.,(2,2),(-5.999999999062E-07,6.0000006),.PIECEWISE_BEZIER_KNOTS.);
#6102 = CARTESIAN_POINT('',(24.5,0.9999994));
#6103 = CARTESIAN_POINT('',(24.5,7.0000006));
#6104 = ( GEOMETRIC_REPRESENTATION_CONTEXT(2) 
PARAMETRIC_REPRESENTATION_CONTEXT() REPRESENTATION_CONTEXT('2D SPACE',''
  ) );
#6105 = ORIENTED_EDGE('',*,*,#5199,.T.);
#6106 = ORIENTED_EDGE('',*,*,#6107,.T.);
#6107 = EDGE_CURVE('',#5200,#6064,#6108,.T.);
#6108 = SURFACE_CURVE('',#6109,(#6113,#6119),.PCURVE_S1.);
#6109 = LINE('',#6110,#6111);
#6110 = CARTESIAN_POINT('',(-14.,-36.51913031033,27.));
#6111 = VECTOR('',#6112,1.);
#6112 = DIRECTION('',(1.,0.,2.22044604925E-16));
#6113 = PCURVE('',#5216,#6114);
#6114 = DEFINITIONAL_REPRESENTATION('',(#6115),#6118);
#6115 = B_SPLINE_CURVE_WITH_KNOTS('',1,(#6116,#6117),.UNSPECIFIED.,.F.,
  .F.,(2,2),(1.7763568394E-15,6.),.PIECEWISE_BEZIER_KNOTS.);
#6116 = CARTESIAN_POINT('',(7.347791714348,0.));
#6117 = CARTESIAN_POINT('',(7.347791714348,6.));
#6118 = ( GEOMETRIC_REPRESENTATION_CONTEXT(2) 
PARAMETRIC_REPRESENTATION_CONTEXT() REPRESENTATION_CONTEXT('2D SPACE',''
  ) );
#6119 = PCURVE('',#213,#6120);
#6120 = DEFINITIONAL_REPRESENTATION('',(#6121),#6125);
#6121 = LINE('',#6122,#6123);
#6122 = CARTESIAN_POINT('',(1.,14.430869689662));
#6123 = VECTOR('',#6124,1.);
#6124 = DIRECTION('',(1.,0.));
#6125 = ( GEOMETRIC_REPRESENTATION_CONTEXT(2) 
PARAMETRIC_REPRESENTATION_CONTEXT() REPRESENTATION_CONTEXT('2D SPACE',''
  ) );
#6126 = ADVANCED_FACE('',(#6127,#6173),#4922,.T.);
#6127 = FACE_BOUND('',#6128,.T.);
#6128 = EDGE_LOOP('',(#6129,#6150,#6151,#6171,#6172));
#6129 = ORIENTED_EDGE('',*,*,#6130,.F.);
#6130 = EDGE_CURVE('',#6062,#4906,#6131,.T.);
#6131 = SURFACE_CURVE('',#6132,(#6136,#6143),.PCURVE_S1.);
#6132 = LINE('',#6133,#6134);
#6133 = CARTESIAN_POINT('',(-8.,-50.95,51.5));
#6134 = VECTOR('',#6135,1.);
#6135 = DIRECTION('',(1.812609019796E-16,0.,-1.));
#6136 = PCURVE('',#4922,#6137);
#6137 = DEFINITIONAL_REPRESENTATION('',(#6138),#6142);
#6138 = LINE('',#6139,#6140);
#6139 = CARTESIAN_POINT('',(-16.5,0.));
#6140 = VECTOR('',#6141,1.);
#6141 = DIRECTION('',(1.,0.));
#6142 = ( GEOMETRIC_REPRESENTATION_CONTEXT(2) 
PARAMETRIC_REPRESENTATION_CONTEXT() REPRESENTATION_CONTEXT('2D SPACE',''
  ) );
#6143 = PCURVE('',#3261,#6144);
#6144 = DEFINITIONAL_REPRESENTATION('',(#6145),#6149);
#6145 = LINE('',#6146,#6147);
#6146 = CARTESIAN_POINT('',(24.5,7.));
#6147 = VECTOR('',#6148,1.);
#6148 = DIRECTION('',(-1.,1.812609019796E-16));
#6149 = ( GEOMETRIC_REPRESENTATION_CONTEXT(2) 
PARAMETRIC_REPRESENTATION_CONTEXT() REPRESENTATION_CONTEXT('2D SPACE',''
  ) );
#6150 = ORIENTED_EDGE('',*,*,#6061,.T.);
#6151 = ORIENTED_EDGE('',*,*,#6152,.F.);
#6152 = EDGE_CURVE('',#5035,#6064,#6153,.T.);
#6153 = SURFACE_CURVE('',#6154,(#6158,#6164),.PCURVE_S1.);
#6154 = LINE('',#6155,#6156);
#6155 = CARTESIAN_POINT('',(-8.,-50.95,27.));
#6156 = VECTOR('',#6157,1.);
#6157 = DIRECTION('',(0.,1.,0.));
#6158 = PCURVE('',#4922,#6159);
#6159 = DEFINITIONAL_REPRESENTATION('',(#6160),#6163);
#6160 = B_SPLINE_CURVE_WITH_KNOTS('',1,(#6161,#6162),.UNSPECIFIED.,.F.,
  .F.,(2,2),(0.,16.5),.PIECEWISE_BEZIER_KNOTS.);
#6161 = CARTESIAN_POINT('',(8.,0.));
#6162 = CARTESIAN_POINT('',(8.,16.5));
#6163 = ( GEOMETRIC_REPRESENTATION_CONTEXT(2) 
PARAMETRIC_REPRESENTATION_CONTEXT() REPRESENTATION_CONTEXT('2D SPACE',''
  ) );
#6164 = PCURVE('',#213,#6165);
#6165 = DEFINITIONAL_REPRESENTATION('',(#6166),#6170);
#6166 = LINE('',#6167,#6168);
#6167 = CARTESIAN_POINT('',(7.,0.));
#6168 = VECTOR('',#6169,1.);
#6169 = DIRECTION('',(0.,1.));
#6170 = ( GEOMETRIC_REPRESENTATION_CONTEXT(2) 
PARAMETRIC_REPRESENTATION_CONTEXT() REPRESENTATION_CONTEXT('2D SPACE',''
  ) );
#6171 = ORIENTED_EDGE('',*,*,#5034,.F.);
#6172 = ORIENTED_EDGE('',*,*,#4905,.F.);
#6173 = FACE_BOUND('',#6174,.T.);
#6174 = EDGE_LOOP('',(#6175,#6176,#6177,#6178,#6179,#6180,#6181,#6182,
    #6183,#6184));
#6175 = ORIENTED_EDGE('',*,*,#6033,.F.);
#6176 = ORIENTED_EDGE('',*,*,#6004,.T.);
#6177 = ORIENTED_EDGE('',*,*,#5952,.T.);
#6178 = ORIENTED_EDGE('',*,*,#5900,.T.);
#6179 = ORIENTED_EDGE('',*,*,#5848,.T.);
#6180 = ORIENTED_EDGE('',*,*,#5795,.T.);
#6181 = ORIENTED_EDGE('',*,*,#5744,.T.);
#6182 = ORIENTED_EDGE('',*,*,#5692,.T.);
#6183 = ORIENTED_EDGE('',*,*,#5640,.T.);
#6184 = ORIENTED_EDGE('',*,*,#5588,.T.);
#6185 = ADVANCED_FACE('',(#6186,#6261),#4970,.F.);
#6186 = FACE_BOUND('',#6187,.F.);
#6187 = EDGE_LOOP('',(#6188,#6211,#6240,#6259,#6260));
#6188 = ORIENTED_EDGE('',*,*,#6189,.T.);
#6189 = EDGE_CURVE('',#4935,#6190,#6192,.T.);
#6190 = VERTEX_POINT('',#6191);
#6191 = CARTESIAN_POINT('',(8.,-50.95,51.5));
#6192 = SURFACE_CURVE('',#6193,(#6197,#6204),.PCURVE_S1.);
#6193 = LINE('',#6194,#6195);
#6194 = CARTESIAN_POINT('',(8.,-50.95,27.));
#6195 = VECTOR('',#6196,1.);
#6196 = DIRECTION('',(-1.450087215837E-16,0.,1.));
#6197 = PCURVE('',#4970,#6198);
#6198 = DEFINITIONAL_REPRESENTATION('',(#6199),#6203);
#6199 = LINE('',#6200,#6201);
#6200 = CARTESIAN_POINT('',(8.,0.));
#6201 = VECTOR('',#6202,1.);
#6202 = DIRECTION('',(-1.,0.));
#6203 = ( GEOMETRIC_REPRESENTATION_CONTEXT(2) 
PARAMETRIC_REPRESENTATION_CONTEXT() REPRESENTATION_CONTEXT('2D SPACE',''
  ) );
#6204 = PCURVE('',#3261,#6205);
#6205 = DEFINITIONAL_REPRESENTATION('',(#6206),#6210);
#6206 = LINE('',#6207,#6208);
#6207 = CARTESIAN_POINT('',(0.,23.));
#6208 = VECTOR('',#6209,1.);
#6209 = DIRECTION('',(1.,-1.450087215837E-16));
#6210 = ( GEOMETRIC_REPRESENTATION_CONTEXT(2) 
PARAMETRIC_REPRESENTATION_CONTEXT() REPRESENTATION_CONTEXT('2D SPACE',''
  ) );
#6211 = ORIENTED_EDGE('',*,*,#6212,.T.);
#6212 = EDGE_CURVE('',#6190,#6213,#6215,.T.);
#6213 = VERTEX_POINT('',#6214);
#6214 = CARTESIAN_POINT('',(8.,-36.51913031033,27.));
#6215 = SURFACE_CURVE('',#6216,(#6221,#6228),.PCURVE_S1.);
#6216 = CIRCLE('',#6217,16.5);
#6217 = AXIS2_PLACEMENT_3D('',#6218,#6219,#6220);
#6218 = CARTESIAN_POINT('',(8.,-50.95,35.));
#6219 = DIRECTION('',(1.,0.,2.153159805334E-16));
#6220 = DIRECTION('',(-2.153159805334E-16,0.,1.));
#6221 = PCURVE('',#4970,#6222);
#6222 = DEFINITIONAL_REPRESENTATION('',(#6223),#6227);
#6223 = CIRCLE('',#6224,16.5);
#6224 = AXIS2_PLACEMENT_2D('',#6225,#6226);
#6225 = CARTESIAN_POINT('',(0.,0.));
#6226 = DIRECTION('',(-1.,0.));
#6227 = ( GEOMETRIC_REPRESENTATION_CONTEXT(2) 
PARAMETRIC_REPRESENTATION_CONTEXT() REPRESENTATION_CONTEXT('2D SPACE',''
  ) );
#6228 = PCURVE('',#6229,#6234);
#6229 = CYLINDRICAL_SURFACE('',#6230,16.5);
#6230 = AXIS2_PLACEMENT_3D('',#6231,#6232,#6233);
#6231 = CARTESIAN_POINT('',(8.,-50.95,35.));
#6232 = DIRECTION('',(1.,0.,2.22044604925E-16));
#6233 = DIRECTION('',(2.22044604925E-16,0.,-1.));
#6234 = DEFINITIONAL_REPRESENTATION('',(#6235),#6239);
#6235 = LINE('',#6236,#6237);
#6236 = CARTESIAN_POINT('',(3.14159265359,0.));
#6237 = VECTOR('',#6238,1.);
#6238 = DIRECTION('',(1.,0.));
#6239 = ( GEOMETRIC_REPRESENTATION_CONTEXT(2) 
PARAMETRIC_REPRESENTATION_CONTEXT() REPRESENTATION_CONTEXT('2D SPACE',''
  ) );
#6240 = ORIENTED_EDGE('',*,*,#6241,.F.);
#6241 = EDGE_CURVE('',#5059,#6213,#6242,.T.);
#6242 = SURFACE_CURVE('',#6243,(#6247,#6253),.PCURVE_S1.);
#6243 = LINE('',#6244,#6245);
#6244 = CARTESIAN_POINT('',(8.,-50.95,27.));
#6245 = VECTOR('',#6246,1.);
#6246 = DIRECTION('',(0.,1.,0.));
#6247 = PCURVE('',#4970,#6248);
#6248 = DEFINITIONAL_REPRESENTATION('',(#6249),#6252);
#6249 = B_SPLINE_CURVE_WITH_KNOTS('',1,(#6250,#6251),.UNSPECIFIED.,.F.,
  .F.,(2,2),(0.,16.5),.PIECEWISE_BEZIER_KNOTS.);
#6250 = CARTESIAN_POINT('',(8.,0.));
#6251 = CARTESIAN_POINT('',(8.,16.5));
#6252 = ( GEOMETRIC_REPRESENTATION_CONTEXT(2) 
PARAMETRIC_REPRESENTATION_CONTEXT() REPRESENTATION_CONTEXT('2D SPACE',''
  ) );
#6253 = PCURVE('',#213,#6254);
#6254 = DEFINITIONAL_REPRESENTATION('',(#6255),#6258);
#6255 = B_SPLINE_CURVE_WITH_KNOTS('',1,(#6256,#6257),.UNSPECIFIED.,.F.,
  .F.,(2,2),(0.,16.5),.PIECEWISE_BEZIER_KNOTS.);
#6256 = CARTESIAN_POINT('',(23.,0.));
#6257 = CARTESIAN_POINT('',(23.,16.5));
#6258 = ( GEOMETRIC_REPRESENTATION_CONTEXT(2) 
PARAMETRIC_REPRESENTATION_CONTEXT() REPRESENTATION_CONTEXT('2D SPACE',''
  ) );
#6259 = ORIENTED_EDGE('',*,*,#5058,.T.);
#6260 = ORIENTED_EDGE('',*,*,#4955,.F.);
#6261 = FACE_BOUND('',#6262,.F.);
#6262 = EDGE_LOOP('',(#6263,#6294,#6323,#6352,#6381,#6410,#6439,#6468,
    #6497,#6526));
#6263 = ORIENTED_EDGE('',*,*,#6264,.F.);
#6264 = EDGE_CURVE('',#6265,#6267,#6269,.T.);
#6265 = VERTEX_POINT('',#6266);
#6266 = CARTESIAN_POINT('',(8.,-53.97881244505,25.393834191926));
#6267 = VERTEX_POINT('',#6268);
#6268 = CARTESIAN_POINT('',(8.,-55.49176132913,20.59537337493));
#6269 = SURFACE_CURVE('',#6270,(#6275,#6282),.PCURVE_S1.);
#6270 = CIRCLE('',#6271,2.575);
#6271 = AXIS2_PLACEMENT_3D('',#6272,#6273,#6274);
#6272 = CARTESIAN_POINT('',(8.,-55.2594538059,23.159872978098));
#6273 = DIRECTION('',(1.,0.,2.22044604925E-16));
#6274 = DIRECTION('',(2.22044604925E-16,0.,-1.));
#6275 = PCURVE('',#4970,#6276);
#6276 = DEFINITIONAL_REPRESENTATION('',(#6277),#6281);
#6277 = CIRCLE('',#6278,2.575);
#6278 = AXIS2_PLACEMENT_2D('',#6279,#6280);
#6279 = CARTESIAN_POINT('',(11.840127021902,-4.309453805903));
#6280 = DIRECTION('',(1.,0.));
#6281 = ( GEOMETRIC_REPRESENTATION_CONTEXT(2) 
PARAMETRIC_REPRESENTATION_CONTEXT() REPRESENTATION_CONTEXT('2D SPACE',''
  ) );
#6282 = PCURVE('',#6283,#6288);
#6283 = CYLINDRICAL_SURFACE('',#6284,2.575);
#6284 = AXIS2_PLACEMENT_3D('',#6285,#6286,#6287);
#6285 = CARTESIAN_POINT('',(-25.,-55.2594538059,23.159872978098));
#6286 = DIRECTION('',(1.,0.,2.22044604925E-16));
#6287 = DIRECTION('',(2.22044604925E-16,0.,-1.));
#6288 = DEFINITIONAL_REPRESENTATION('',(#6289),#6293);
#6289 = LINE('',#6290,#6291);
#6290 = CARTESIAN_POINT('',(0.,33.));
#6291 = VECTOR('',#6292,1.);
#6292 = DIRECTION('',(1.,0.));
#6293 = ( GEOMETRIC_REPRESENTATION_CONTEXT(2) 
PARAMETRIC_REPRESENTATION_CONTEXT() REPRESENTATION_CONTEXT('2D SPACE',''
  ) );
#6294 = ORIENTED_EDGE('',*,*,#6295,.F.);
#6295 = EDGE_CURVE('',#6296,#6265,#6298,.T.);
#6296 = VERTEX_POINT('',#6297);
#6297 = CARTESIAN_POINT('',(8.,-53.13005438332,25.166410154714));
#6298 = SURFACE_CURVE('',#6299,(#6304,#6311),.PCURVE_S1.);
#6299 = CIRCLE('',#6300,2.575);
#6300 = AXIS2_PLACEMENT_3D('',#6301,#6302,#6303);
#6301 = CARTESIAN_POINT('',(8.,-54.21111996829,22.829334588758));
#6302 = DIRECTION('',(1.,0.,0.));
#6303 = DIRECTION('',(0.,-0.497336450814,-0.867557752943));
#6304 = PCURVE('',#4970,#6305);
#6305 = DEFINITIONAL_REPRESENTATION('',(#6306),#6310);
#6306 = CIRCLE('',#6307,2.575);
#6307 = AXIS2_PLACEMENT_2D('',#6308,#6309);
#6308 = CARTESIAN_POINT('',(12.170665411242,-3.261119968292));
#6309 = DIRECTION('',(0.867557752943,-0.497336450814));
#6310 = ( GEOMETRIC_REPRESENTATION_CONTEXT(2) 
PARAMETRIC_REPRESENTATION_CONTEXT() REPRESENTATION_CONTEXT('2D SPACE',''
  ) );
#6311 = PCURVE('',#6312,#6317);
#6312 = CYLINDRICAL_SURFACE('',#6313,2.575);
#6313 = AXIS2_PLACEMENT_3D('',#6314,#6315,#6316);
#6314 = CARTESIAN_POINT('',(-25.,-54.21111996829,22.829334588758));
#6315 = DIRECTION('',(1.,0.,2.22044604925E-16));
#6316 = DIRECTION('',(2.22044604925E-16,0.,-1.));
#6317 = DEFINITIONAL_REPRESENTATION('',(#6318),#6322);
#6318 = LINE('',#6319,#6320);
#6319 = CARTESIAN_POINT('',(5.762659412256,33.));
#6320 = VECTOR('',#6321,1.);
#6321 = DIRECTION('',(1.,0.));
#6322 = ( GEOMETRIC_REPRESENTATION_CONTEXT(2) 
PARAMETRIC_REPRESENTATION_CONTEXT() REPRESENTATION_CONTEXT('2D SPACE',''
  ) );
#6323 = ORIENTED_EDGE('',*,*,#6324,.F.);
#6324 = EDGE_CURVE('',#6325,#6296,#6327,.T.);
#6325 = VERTEX_POINT('',#6326);
#6326 = CARTESIAN_POINT('',(8.,-52.26470479137,25.013825673909));
#6327 = SURFACE_CURVE('',#6328,(#6333,#6340),.PCURVE_S1.);
#6328 = CIRCLE('',#6329,2.575);
#6329 = AXIS2_PLACEMENT_3D('',#6330,#6331,#6332);
#6330 = CARTESIAN_POINT('',(8.,-53.1379670386,22.591422312046));
#6331 = DIRECTION('',(1.,0.,0.));
#6332 = DIRECTION('',(0.,-0.419831295135,-0.907602161536));
#6333 = PCURVE('',#4970,#6334);
#6334 = DEFINITIONAL_REPRESENTATION('',(#6335),#6339);
#6335 = CIRCLE('',#6336,2.575);
#6336 = AXIS2_PLACEMENT_2D('',#6337,#6338);
#6337 = CARTESIAN_POINT('',(12.408577687954,-2.187967038603));
#6338 = DIRECTION('',(0.907602161536,-0.419831295135));
#6339 = ( GEOMETRIC_REPRESENTATION_CONTEXT(2) 
PARAMETRIC_REPRESENTATION_CONTEXT() REPRESENTATION_CONTEXT('2D SPACE',''
  ) );
#6340 = PCURVE('',#6341,#6346);
#6341 = CYLINDRICAL_SURFACE('',#6342,2.575);
#6342 = AXIS2_PLACEMENT_3D('',#6343,#6344,#6345);
#6343 = CARTESIAN_POINT('',(-25.,-53.1379670386,22.591422312046));
#6344 = DIRECTION('',(1.,0.,2.22044604925E-16));
#6345 = DIRECTION('',(2.22044604925E-16,0.,-1.));
#6346 = DEFINITIONAL_REPRESENTATION('',(#6347),#6351);
#6347 = LINE('',#6348,#6349);
#6348 = CARTESIAN_POINT('',(5.849925874855,33.));
#6349 = VECTOR('',#6350,1.);
#6350 = DIRECTION('',(1.,0.));
#6351 = ( GEOMETRIC_REPRESENTATION_CONTEXT(2) 
PARAMETRIC_REPRESENTATION_CONTEXT() REPRESENTATION_CONTEXT('2D SPACE',''
  ) );
#6352 = ORIENTED_EDGE('',*,*,#6353,.F.);
#6353 = EDGE_CURVE('',#6354,#6325,#6356,.T.);
#6354 = VERTEX_POINT('',#6355);
#6355 = CARTESIAN_POINT('',(8.,-51.38934950212,24.937242009542));
#6356 = SURFACE_CURVE('',#6357,(#6362,#6369),.PCURVE_S1.);
#6357 = CIRCLE('',#6358,2.575);
#6358 = AXIS2_PLACEMENT_3D('',#6359,#6360,#6361);
#6359 = CARTESIAN_POINT('',(8.,-52.04816235862,22.447946804044));
#6360 = DIRECTION('',(1.,0.,0.));
#6361 = DIRECTION('',(0.,-0.339130969798,-0.940739169655));
#6362 = PCURVE('',#4970,#6363);
#6363 = DEFINITIONAL_REPRESENTATION('',(#6364),#6368);
#6364 = CIRCLE('',#6365,2.575);
#6365 = AXIS2_PLACEMENT_2D('',#6366,#6367);
#6366 = CARTESIAN_POINT('',(12.552053195956,-1.09816235862));
#6367 = DIRECTION('',(0.940739169655,-0.339130969798));
#6368 = ( GEOMETRIC_REPRESENTATION_CONTEXT(2) 
PARAMETRIC_REPRESENTATION_CONTEXT() REPRESENTATION_CONTEXT('2D SPACE',''
  ) );
#6369 = PCURVE('',#6370,#6375);
#6370 = CYLINDRICAL_SURFACE('',#6371,2.575);
#6371 = AXIS2_PLACEMENT_3D('',#6372,#6373,#6374);
#6372 = CARTESIAN_POINT('',(-25.,-52.04816235862,22.447946804044));
#6373 = DIRECTION('',(1.,0.,2.22044604925E-16));
#6374 = DIRECTION('',(2.22044604925E-16,0.,-1.));
#6375 = DEFINITIONAL_REPRESENTATION('',(#6376),#6380);
#6376 = LINE('',#6377,#6378);
#6377 = CARTESIAN_POINT('',(5.937192337455,33.));
#6378 = VECTOR('',#6379,1.);
#6379 = DIRECTION('',(1.,0.));
#6380 = ( GEOMETRIC_REPRESENTATION_CONTEXT(2) 
PARAMETRIC_REPRESENTATION_CONTEXT() REPRESENTATION_CONTEXT('2D SPACE',''
  ) );
#6381 = ORIENTED_EDGE('',*,*,#6382,.F.);
#6382 = EDGE_CURVE('',#6383,#6354,#6385,.T.);
#6383 = VERTEX_POINT('',#6384);
#6384 = CARTESIAN_POINT('',(8.,-50.51065049787,24.937242009542));
#6385 = SURFACE_CURVE('',#6386,(#6391,#6398),.PCURVE_S1.);
#6386 = CIRCLE('',#6387,2.575);
#6387 = AXIS2_PLACEMENT_3D('',#6388,#6389,#6390);
#6388 = CARTESIAN_POINT('',(8.,-50.95,22.4));
#6389 = DIRECTION('',(1.,0.,0.));
#6390 = DIRECTION('',(0.,-0.255849653009,-0.966716584659));
#6391 = PCURVE('',#4970,#6392);
#6392 = DEFINITIONAL_REPRESENTATION('',(#6393),#6397);
#6393 = CIRCLE('',#6394,2.575);
#6394 = AXIS2_PLACEMENT_2D('',#6395,#6396);
#6395 = CARTESIAN_POINT('',(12.6,0.));
#6396 = DIRECTION('',(0.966716584659,-0.255849653009));
#6397 = ( GEOMETRIC_REPRESENTATION_CONTEXT(2) 
PARAMETRIC_REPRESENTATION_CONTEXT() REPRESENTATION_CONTEXT('2D SPACE',''
  ) );
#6398 = PCURVE('',#6399,#6404);
#6399 = CYLINDRICAL_SURFACE('',#6400,2.575);
#6400 = AXIS2_PLACEMENT_3D('',#6401,#6402,#6403);
#6401 = CARTESIAN_POINT('',(-25.,-50.95,22.4));
#6402 = DIRECTION('',(1.,0.,2.22044604925E-16));
#6403 = DIRECTION('',(2.22044604925E-16,0.,-1.));
#6404 = DEFINITIONAL_REPRESENTATION('',(#6405),#6409);
#6405 = LINE('',#6406,#6407);
#6406 = CARTESIAN_POINT('',(6.024458800055,33.));
#6407 = VECTOR('',#6408,1.);
#6408 = DIRECTION('',(1.,0.));
#6409 = ( GEOMETRIC_REPRESENTATION_CONTEXT(2) 
PARAMETRIC_REPRESENTATION_CONTEXT() REPRESENTATION_CONTEXT('2D SPACE',''
  ) );
#6410 = ORIENTED_EDGE('',*,*,#6411,.F.);
#6411 = EDGE_CURVE('',#6412,#6383,#6414,.T.);
#6412 = VERTEX_POINT('',#6413);
#6413 = CARTESIAN_POINT('',(8.,-50.2911871435,19.910704794502));
#6414 = SURFACE_CURVE('',#6415,(#6420,#6427),.PCURVE_S1.);
#6415 = CIRCLE('',#6416,2.575);
#6416 = AXIS2_PLACEMENT_3D('',#6417,#6418,#6419);
#6417 = CARTESIAN_POINT('',(8.,-49.85183764137,22.447946804044));
#6418 = DIRECTION('',(1.,0.,0.));
#6419 = DIRECTION('',(0.,-0.170621165873,-0.985336702735));
#6420 = PCURVE('',#4970,#6421);
#6421 = DEFINITIONAL_REPRESENTATION('',(#6422),#6426);
#6422 = CIRCLE('',#6423,2.575);
#6423 = AXIS2_PLACEMENT_2D('',#6424,#6425);
#6424 = CARTESIAN_POINT('',(12.552053195956,1.09816235862));
#6425 = DIRECTION('',(0.985336702735,-0.170621165873));
#6426 = ( GEOMETRIC_REPRESENTATION_CONTEXT(2) 
PARAMETRIC_REPRESENTATION_CONTEXT() REPRESENTATION_CONTEXT('2D SPACE',''
  ) );
#6427 = PCURVE('',#6428,#6433);
#6428 = CYLINDRICAL_SURFACE('',#6429,2.575);
#6429 = AXIS2_PLACEMENT_3D('',#6430,#6431,#6432);
#6430 = CARTESIAN_POINT('',(-25.,-49.85183764137,22.447946804044));
#6431 = DIRECTION('',(1.,0.,2.22044604925E-16));
#6432 = DIRECTION('',(2.22044604925E-16,0.,-1.));
#6433 = DEFINITIONAL_REPRESENTATION('',(#6434),#6438);
#6434 = LINE('',#6435,#6436);
#6435 = CARTESIAN_POINT('',(6.111725262655,33.));
#6436 = VECTOR('',#6437,1.);
#6437 = DIRECTION('',(1.,0.));
#6438 = ( GEOMETRIC_REPRESENTATION_CONTEXT(2) 
PARAMETRIC_REPRESENTATION_CONTEXT() REPRESENTATION_CONTEXT('2D SPACE',''
  ) );
#6439 = ORIENTED_EDGE('',*,*,#6440,.F.);
#6440 = EDGE_CURVE('',#6441,#6412,#6443,.T.);
#6441 = VERTEX_POINT('',#6442);
#6442 = CARTESIAN_POINT('',(8.,-51.60881285649,19.910704794502));
#6443 = SURFACE_CURVE('',#6444,(#6449,#6456),.PCURVE_S1.);
#6444 = CIRCLE('',#6445,2.575);
#6445 = AXIS2_PLACEMENT_3D('',#6446,#6447,#6448);
#6446 = CARTESIAN_POINT('',(8.,-50.95,22.4));
#6447 = DIRECTION('',(1.,0.,0.));
#6448 = DIRECTION('',(0.,-0.255849653009,-0.966716584659));
#6449 = PCURVE('',#4970,#6450);
#6450 = DEFINITIONAL_REPRESENTATION('',(#6451),#6455);
#6451 = CIRCLE('',#6452,2.575);
#6452 = AXIS2_PLACEMENT_2D('',#6453,#6454);
#6453 = CARTESIAN_POINT('',(12.6,0.));
#6454 = DIRECTION('',(0.966716584659,-0.255849653009));
#6455 = ( GEOMETRIC_REPRESENTATION_CONTEXT(2) 
PARAMETRIC_REPRESENTATION_CONTEXT() REPRESENTATION_CONTEXT('2D SPACE',''
  ) );
#6456 = PCURVE('',#6457,#6462);
#6457 = CYLINDRICAL_SURFACE('',#6458,2.575);
#6458 = AXIS2_PLACEMENT_3D('',#6459,#6460,#6461);
#6459 = CARTESIAN_POINT('',(-25.,-50.95,22.4));
#6460 = DIRECTION('',(1.,0.,2.22044604925E-16));
#6461 = DIRECTION('',(2.22044604925E-16,0.,-1.));
#6462 = DEFINITIONAL_REPRESENTATION('',(#6463),#6467);
#6463 = LINE('',#6464,#6465);
#6464 = CARTESIAN_POINT('',(6.024458800055,33.));
#6465 = VECTOR('',#6466,1.);
#6466 = DIRECTION('',(1.,0.));
#6467 = ( GEOMETRIC_REPRESENTATION_CONTEXT(2) 
PARAMETRIC_REPRESENTATION_CONTEXT() REPRESENTATION_CONTEXT('2D SPACE',''
  ) );
#6468 = ORIENTED_EDGE('',*,*,#6469,.F.);
#6469 = EDGE_CURVE('',#6470,#6441,#6472,.T.);
#6470 = VERTEX_POINT('',#6471);
#6471 = CARTESIAN_POINT('',(8.,-52.92142460585,20.025543442182));
#6472 = SURFACE_CURVE('',#6473,(#6478,#6485),.PCURVE_S1.);
#6473 = CIRCLE('',#6474,2.575);
#6474 = AXIS2_PLACEMENT_3D('',#6475,#6476,#6477);
#6475 = CARTESIAN_POINT('',(8.,-52.04816235862,22.447946804044));
#6476 = DIRECTION('',(1.,0.,0.));
#6477 = DIRECTION('',(0.,-0.339130969798,-0.940739169655));
#6478 = PCURVE('',#4970,#6479);
#6479 = DEFINITIONAL_REPRESENTATION('',(#6480),#6484);
#6480 = CIRCLE('',#6481,2.575);
#6481 = AXIS2_PLACEMENT_2D('',#6482,#6483);
#6482 = CARTESIAN_POINT('',(12.552053195956,-1.09816235862));
#6483 = DIRECTION('',(0.940739169655,-0.339130969798));
#6484 = ( GEOMETRIC_REPRESENTATION_CONTEXT(2) 
PARAMETRIC_REPRESENTATION_CONTEXT() REPRESENTATION_CONTEXT('2D SPACE',''
  ) );
#6485 = PCURVE('',#6486,#6491);
#6486 = CYLINDRICAL_SURFACE('',#6487,2.575);
#6487 = AXIS2_PLACEMENT_3D('',#6488,#6489,#6490);
#6488 = CARTESIAN_POINT('',(-25.,-52.04816235862,22.447946804044));
#6489 = DIRECTION('',(1.,0.,2.22044604925E-16));
#6490 = DIRECTION('',(2.22044604925E-16,0.,-1.));
#6491 = DEFINITIONAL_REPRESENTATION('',(#6492),#6496);
#6492 = LINE('',#6493,#6494);
#6493 = CARTESIAN_POINT('',(5.937192337455,33.));
#6494 = VECTOR('',#6495,1.);
#6495 = DIRECTION('',(1.,0.));
#6496 = ( GEOMETRIC_REPRESENTATION_CONTEXT(2) 
PARAMETRIC_REPRESENTATION_CONTEXT() REPRESENTATION_CONTEXT('2D SPACE',''
  ) );
#6497 = ORIENTED_EDGE('',*,*,#6498,.F.);
#6498 = EDGE_CURVE('',#6499,#6470,#6501,.T.);
#6499 = VERTEX_POINT('',#6500);
#6500 = CARTESIAN_POINT('',(8.,-54.21903262357,20.25434674609));
#6501 = SURFACE_CURVE('',#6502,(#6507,#6514),.PCURVE_S1.);
#6502 = CIRCLE('',#6503,2.575);
#6503 = AXIS2_PLACEMENT_3D('',#6504,#6505,#6506);
#6504 = CARTESIAN_POINT('',(8.,-53.1379670386,22.591422312046));
#6505 = DIRECTION('',(1.,0.,0.));
#6506 = DIRECTION('',(0.,-0.419831295135,-0.907602161536));
#6507 = PCURVE('',#4970,#6508);
#6508 = DEFINITIONAL_REPRESENTATION('',(#6509),#6513);
#6509 = CIRCLE('',#6510,2.575);
#6510 = AXIS2_PLACEMENT_2D('',#6511,#6512);
#6511 = CARTESIAN_POINT('',(12.408577687954,-2.187967038603));
#6512 = DIRECTION('',(0.907602161536,-0.419831295135));
#6513 = ( GEOMETRIC_REPRESENTATION_CONTEXT(2) 
PARAMETRIC_REPRESENTATION_CONTEXT() REPRESENTATION_CONTEXT('2D SPACE',''
  ) );
#6514 = PCURVE('',#6515,#6520);
#6515 = CYLINDRICAL_SURFACE('',#6516,2.575);
#6516 = AXIS2_PLACEMENT_3D('',#6517,#6518,#6519);
#6517 = CARTESIAN_POINT('',(-25.,-53.1379670386,22.591422312046));
#6518 = DIRECTION('',(1.,0.,2.22044604925E-16));
#6519 = DIRECTION('',(2.22044604925E-16,0.,-1.));
#6520 = DEFINITIONAL_REPRESENTATION('',(#6521),#6525);
#6521 = LINE('',#6522,#6523);
#6522 = CARTESIAN_POINT('',(5.849925874855,33.));
#6523 = VECTOR('',#6524,1.);
#6524 = DIRECTION('',(1.,0.));
#6525 = ( GEOMETRIC_REPRESENTATION_CONTEXT(2) 
PARAMETRIC_REPRESENTATION_CONTEXT() REPRESENTATION_CONTEXT('2D SPACE',''
  ) );
#6526 = ORIENTED_EDGE('',*,*,#6527,.F.);
#6527 = EDGE_CURVE('',#6267,#6499,#6528,.T.);
#6528 = SURFACE_CURVE('',#6529,(#6534,#6541),.PCURVE_S1.);
#6529 = CIRCLE('',#6530,2.575);
#6530 = AXIS2_PLACEMENT_3D('',#6531,#6532,#6533);
#6531 = CARTESIAN_POINT('',(8.,-54.21111996829,22.829334588758));
#6532 = DIRECTION('',(1.,0.,0.));
#6533 = DIRECTION('',(0.,-0.497336450814,-0.867557752943));
#6534 = PCURVE('',#4970,#6535);
#6535 = DEFINITIONAL_REPRESENTATION('',(#6536),#6540);
#6536 = CIRCLE('',#6537,2.575);
#6537 = AXIS2_PLACEMENT_2D('',#6538,#6539);
#6538 = CARTESIAN_POINT('',(12.170665411242,-3.261119968292));
#6539 = DIRECTION('',(0.867557752943,-0.497336450814));
#6540 = ( GEOMETRIC_REPRESENTATION_CONTEXT(2) 
PARAMETRIC_REPRESENTATION_CONTEXT() REPRESENTATION_CONTEXT('2D SPACE',''
  ) );
#6541 = PCURVE('',#6542,#6547);
#6542 = CYLINDRICAL_SURFACE('',#6543,2.575);
#6543 = AXIS2_PLACEMENT_3D('',#6544,#6545,#6546);
#6544 = CARTESIAN_POINT('',(-25.,-54.21111996829,22.829334588758));
#6545 = DIRECTION('',(1.,0.,2.22044604925E-16));
#6546 = DIRECTION('',(2.22044604925E-16,0.,-1.));
#6547 = DEFINITIONAL_REPRESENTATION('',(#6548),#6552);
#6548 = LINE('',#6549,#6550);
#6549 = CARTESIAN_POINT('',(5.762659412256,33.));
#6550 = VECTOR('',#6551,1.);
#6551 = DIRECTION('',(1.,0.));
#6552 = ( GEOMETRIC_REPRESENTATION_CONTEXT(2) 
PARAMETRIC_REPRESENTATION_CONTEXT() REPRESENTATION_CONTEXT('2D SPACE',''
  ) );
#6553 = ADVANCED_FACE('',(#6554),#6542,.F.);
#6554 = FACE_BOUND('',#6555,.F.);
#6555 = EDGE_LOOP('',(#6556,#6577,#6578,#6599));
#6556 = ORIENTED_EDGE('',*,*,#6557,.F.);
#6557 = EDGE_CURVE('',#6267,#6558,#6560,.T.);
#6558 = VERTEX_POINT('',#6559);
#6559 = CARTESIAN_POINT('',(14.,-55.49176132913,20.59537337493));
#6560 = SURFACE_CURVE('',#6561,(#6565,#6571),.PCURVE_S1.);
#6561 = LINE('',#6562,#6563);
#6562 = CARTESIAN_POINT('',(-25.,-55.49176132913,20.59537337493));
#6563 = VECTOR('',#6564,1.);
#6564 = DIRECTION('',(1.,0.,2.22044604925E-16));
#6565 = PCURVE('',#6542,#6566);
#6566 = DEFINITIONAL_REPRESENTATION('',(#6567),#6570);
#6567 = B_SPLINE_CURVE_WITH_KNOTS('',1,(#6568,#6569),.UNSPECIFIED.,.F.,
  .F.,(2,2),(33.,39.),.PIECEWISE_BEZIER_KNOTS.);
#6568 = CARTESIAN_POINT('',(5.762659412256,33.));
#6569 = CARTESIAN_POINT('',(5.762659412256,39.));
#6570 = ( GEOMETRIC_REPRESENTATION_CONTEXT(2) 
PARAMETRIC_REPRESENTATION_CONTEXT() REPRESENTATION_CONTEXT('2D SPACE',''
  ) );
#6571 = PCURVE('',#6283,#6572);
#6572 = DEFINITIONAL_REPRESENTATION('',(#6573),#6576);
#6573 = B_SPLINE_CURVE_WITH_KNOTS('',1,(#6574,#6575),.UNSPECIFIED.,.F.,
  .F.,(2,2),(32.9999994,39.0000006),.PIECEWISE_BEZIER_KNOTS.);
#6574 = CARTESIAN_POINT('',(6.192845963906,32.9999994));
#6575 = CARTESIAN_POINT('',(6.192845963906,39.0000006));
#6576 = ( GEOMETRIC_REPRESENTATION_CONTEXT(2) 
PARAMETRIC_REPRESENTATION_CONTEXT() REPRESENTATION_CONTEXT('2D SPACE',''
  ) );
#6577 = ORIENTED_EDGE('',*,*,#6527,.T.);
#6578 = ORIENTED_EDGE('',*,*,#6579,.T.);
#6579 = EDGE_CURVE('',#6499,#6580,#6582,.T.);
#6580 = VERTEX_POINT('',#6581);
#6581 = CARTESIAN_POINT('',(14.,-54.21903262357,20.25434674609));
#6582 = SURFACE_CURVE('',#6583,(#6587,#6593),.PCURVE_S1.);
#6583 = LINE('',#6584,#6585);
#6584 = CARTESIAN_POINT('',(-25.,-54.21903262357,20.25434674609));
#6585 = VECTOR('',#6586,1.);
#6586 = DIRECTION('',(1.,0.,2.22044604925E-16));
#6587 = PCURVE('',#6542,#6588);
#6588 = DEFINITIONAL_REPRESENTATION('',(#6589),#6592);
#6589 = B_SPLINE_CURVE_WITH_KNOTS('',1,(#6590,#6591),.UNSPECIFIED.,.F.,
  .F.,(2,2),(32.9999994,39.0000006),.PIECEWISE_BEZIER_KNOTS.);
#6590 = CARTESIAN_POINT('',(6.280112426505,32.9999994));
#6591 = CARTESIAN_POINT('',(6.280112426505,39.0000006));
#6592 = ( GEOMETRIC_REPRESENTATION_CONTEXT(2) 
PARAMETRIC_REPRESENTATION_CONTEXT() REPRESENTATION_CONTEXT('2D SPACE',''
  ) );
#6593 = PCURVE('',#6515,#6594);
#6594 = DEFINITIONAL_REPRESENTATION('',(#6595),#6598);
#6595 = B_SPLINE_CURVE_WITH_KNOTS('',1,(#6596,#6597),.UNSPECIFIED.,.F.,
  .F.,(2,2),(33.,39.),.PIECEWISE_BEZIER_KNOTS.);
#6596 = CARTESIAN_POINT('',(5.849925874855,33.));
#6597 = CARTESIAN_POINT('',(5.849925874855,39.));
#6598 = ( GEOMETRIC_REPRESENTATION_CONTEXT(2) 
PARAMETRIC_REPRESENTATION_CONTEXT() REPRESENTATION_CONTEXT('2D SPACE',''
  ) );
#6599 = ORIENTED_EDGE('',*,*,#6600,.T.);
#6600 = EDGE_CURVE('',#6580,#6558,#6601,.T.);
#6601 = SURFACE_CURVE('',#6602,(#6607,#6614),.PCURVE_S1.);
#6602 = CIRCLE('',#6603,2.575);
#6603 = AXIS2_PLACEMENT_3D('',#6604,#6605,#6606);
#6604 = CARTESIAN_POINT('',(14.,-54.21111996829,22.829334588758));
#6605 = DIRECTION('',(-1.,0.,0.));
#6606 = DIRECTION('',(0.,9.021651387775E-02,0.995922175988));
#6607 = PCURVE('',#6542,#6608);
#6608 = DEFINITIONAL_REPRESENTATION('',(#6609),#6613);
#6609 = LINE('',#6610,#6611);
#6610 = CARTESIAN_POINT('',(9.334438617495,39.));
#6611 = VECTOR('',#6612,1.);
#6612 = DIRECTION('',(-1.,-0.));
#6613 = ( GEOMETRIC_REPRESENTATION_CONTEXT(2) 
PARAMETRIC_REPRESENTATION_CONTEXT() REPRESENTATION_CONTEXT('2D SPACE',''
  ) );
#6614 = PCURVE('',#5000,#6615);
#6615 = DEFINITIONAL_REPRESENTATION('',(#6616),#6624);
#6616 = ( BOUNDED_CURVE() B_SPLINE_CURVE(2,(#6617,#6618,#6619,#6620,
#6621,#6622,#6623),.UNSPECIFIED.,.T.,.F.) B_SPLINE_CURVE_WITH_KNOTS((1,2
    ,2,2,2,1),(-2.094395102393,0.,2.094395102393,4.188790204786,
6.28318530718,8.377580409573),.UNSPECIFIED.) CURVE() 
GEOMETRIC_REPRESENTATION_ITEM() RATIONAL_B_SPLINE_CURVE((1.,0.5,1.,0.5,
1.,0.5,1.)) REPRESENTATION_ITEM('') );
#6617 = CARTESIAN_POINT('',(9.606165808074,-3.028812445057));
#6618 = CARTESIAN_POINT('',(10.008534241298,1.41303116362));
#6619 = CARTESIAN_POINT('',(13.654099429438,-1.156351925571));
#6620 = CARTESIAN_POINT('',(17.299664617578,-3.725735014762));
#6621 = CARTESIAN_POINT('',(13.251730996214,-5.598195534248));
#6622 = CARTESIAN_POINT('',(9.203797374851,-7.470656053734));
#6623 = CARTESIAN_POINT('',(9.606165808074,-3.028812445057));
#6624 = ( GEOMETRIC_REPRESENTATION_CONTEXT(2) 
PARAMETRIC_REPRESENTATION_CONTEXT() REPRESENTATION_CONTEXT('2D SPACE',''
  ) );
#6625 = ADVANCED_FACE('',(#6626),#6515,.F.);
#6626 = FACE_BOUND('',#6627,.F.);
#6627 = EDGE_LOOP('',(#6628,#6629,#6630,#6651));
#6628 = ORIENTED_EDGE('',*,*,#6579,.F.);
#6629 = ORIENTED_EDGE('',*,*,#6498,.T.);
#6630 = ORIENTED_EDGE('',*,*,#6631,.T.);
#6631 = EDGE_CURVE('',#6470,#6632,#6634,.T.);
#6632 = VERTEX_POINT('',#6633);
#6633 = CARTESIAN_POINT('',(14.,-52.92142460585,20.025543442182));
#6634 = SURFACE_CURVE('',#6635,(#6639,#6645),.PCURVE_S1.);
#6635 = LINE('',#6636,#6637);
#6636 = CARTESIAN_POINT('',(-25.,-52.92142460585,20.025543442182));
#6637 = VECTOR('',#6638,1.);
#6638 = DIRECTION('',(1.,0.,2.22044604925E-16));
#6639 = PCURVE('',#6515,#6640);
#6640 = DEFINITIONAL_REPRESENTATION('',(#6641),#6644);
#6641 = B_SPLINE_CURVE_WITH_KNOTS('',1,(#6642,#6643),.UNSPECIFIED.,.F.,
  .F.,(2,2),(32.9999994,39.0000006),.PIECEWISE_BEZIER_KNOTS.);
#6642 = CARTESIAN_POINT('',(6.367378889105,32.9999994));
#6643 = CARTESIAN_POINT('',(6.367378889105,39.0000006));
#6644 = ( GEOMETRIC_REPRESENTATION_CONTEXT(2) 
PARAMETRIC_REPRESENTATION_CONTEXT() REPRESENTATION_CONTEXT('2D SPACE',''
  ) );
#6645 = PCURVE('',#6486,#6646);
#6646 = DEFINITIONAL_REPRESENTATION('',(#6647),#6650);
#6647 = B_SPLINE_CURVE_WITH_KNOTS('',1,(#6648,#6649),.UNSPECIFIED.,.F.,
  .F.,(2,2),(33.,39.),.PIECEWISE_BEZIER_KNOTS.);
#6648 = CARTESIAN_POINT('',(5.937192337455,33.));
#6649 = CARTESIAN_POINT('',(5.937192337455,39.));
#6650 = ( GEOMETRIC_REPRESENTATION_CONTEXT(2) 
PARAMETRIC_REPRESENTATION_CONTEXT() REPRESENTATION_CONTEXT('2D SPACE',''
  ) );
#6651 = ORIENTED_EDGE('',*,*,#6652,.T.);
#6652 = EDGE_CURVE('',#6632,#6580,#6653,.T.);
#6653 = SURFACE_CURVE('',#6654,(#6659,#6666),.PCURVE_S1.);
#6654 = CIRCLE('',#6655,2.575);
#6655 = AXIS2_PLACEMENT_3D('',#6656,#6657,#6658);
#6656 = CARTESIAN_POINT('',(14.,-53.1379670386,22.591422312046));
#6657 = DIRECTION('',(-1.,0.,0.));
#6658 = DIRECTION('',(0.,3.072875838268E-03,0.999995278706));
#6659 = PCURVE('',#6515,#6660);
#6660 = DEFINITIONAL_REPRESENTATION('',(#6661),#6665);
#6661 = LINE('',#6662,#6663);
#6662 = CARTESIAN_POINT('',(9.421705080095,39.));
#6663 = VECTOR('',#6664,1.);
#6664 = DIRECTION('',(-1.,-0.));
#6665 = ( GEOMETRIC_REPRESENTATION_CONTEXT(2) 
PARAMETRIC_REPRESENTATION_CONTEXT() REPRESENTATION_CONTEXT('2D SPACE',''
  ) );
#6666 = PCURVE('',#5000,#6667);
#6667 = DEFINITIONAL_REPRESENTATION('',(#6668),#6676);
#6668 = ( BOUNDED_CURVE() B_SPLINE_CURVE(2,(#6669,#6670,#6671,#6672,
#6673,#6674,#6675),.UNSPECIFIED.,.T.,.F.) B_SPLINE_CURVE_WITH_KNOTS((1,2
    ,2,2,2,1),(-2.094395102393,0.,2.094395102393,4.188790204786,
6.28318530718,8.377580409573),.UNSPECIFIED.) CURVE() 
GEOMETRIC_REPRESENTATION_ITEM() RATIONAL_B_SPLINE_CURVE((1.,0.5,1.,0.5,
1.,0.5,1.)) REPRESENTATION_ITEM('') );
#6669 = CARTESIAN_POINT('',(9.833589845286,-2.18005438332));
#6670 = CARTESIAN_POINT('',(9.84729496626,2.279955389053));
#6671 = CARTESIAN_POINT('',(13.702924169775,3.808151994121E-02));
#6672 = CARTESIAN_POINT('',(17.558553373289,-2.20379234917));
#6673 = CARTESIAN_POINT('',(13.689219048801,-4.421928252431));
#6674 = CARTESIAN_POINT('',(9.819884724312,-6.640064155692));
#6675 = CARTESIAN_POINT('',(9.833589845286,-2.18005438332));
#6676 = ( GEOMETRIC_REPRESENTATION_CONTEXT(2) 
PARAMETRIC_REPRESENTATION_CONTEXT() REPRESENTATION_CONTEXT('2D SPACE',''
  ) );
#6677 = ADVANCED_FACE('',(#6678),#6486,.F.);
#6678 = FACE_BOUND('',#6679,.F.);
#6679 = EDGE_LOOP('',(#6680,#6681,#6682,#6703));
#6680 = ORIENTED_EDGE('',*,*,#6631,.F.);
#6681 = ORIENTED_EDGE('',*,*,#6469,.T.);
#6682 = ORIENTED_EDGE('',*,*,#6683,.T.);
#6683 = EDGE_CURVE('',#6441,#6684,#6686,.T.);
#6684 = VERTEX_POINT('',#6685);
#6685 = CARTESIAN_POINT('',(14.,-51.60881285649,19.910704794502));
#6686 = SURFACE_CURVE('',#6687,(#6691,#6697),.PCURVE_S1.);
#6687 = LINE('',#6688,#6689);
#6688 = CARTESIAN_POINT('',(-25.,-51.60881285649,19.910704794502));
#6689 = VECTOR('',#6690,1.);
#6690 = DIRECTION('',(1.,0.,2.22044604925E-16));
#6691 = PCURVE('',#6486,#6692);
#6692 = DEFINITIONAL_REPRESENTATION('',(#6693),#6696);
#6693 = B_SPLINE_CURVE_WITH_KNOTS('',1,(#6694,#6695),.UNSPECIFIED.,.F.,
  .F.,(2,2),(32.9999994,39.0000006),.PIECEWISE_BEZIER_KNOTS.);
#6694 = CARTESIAN_POINT('',(6.454645351705,32.9999994));
#6695 = CARTESIAN_POINT('',(6.454645351705,39.0000006));
#6696 = ( GEOMETRIC_REPRESENTATION_CONTEXT(2) 
PARAMETRIC_REPRESENTATION_CONTEXT() REPRESENTATION_CONTEXT('2D SPACE',''
  ) );
#6697 = PCURVE('',#6457,#6698);
#6698 = DEFINITIONAL_REPRESENTATION('',(#6699),#6702);
#6699 = B_SPLINE_CURVE_WITH_KNOTS('',1,(#6700,#6701),.UNSPECIFIED.,.F.,
  .F.,(2,2),(33.,39.),.PIECEWISE_BEZIER_KNOTS.);
#6700 = CARTESIAN_POINT('',(6.024458800055,33.));
#6701 = CARTESIAN_POINT('',(6.024458800055,39.));
#6702 = ( GEOMETRIC_REPRESENTATION_CONTEXT(2) 
PARAMETRIC_REPRESENTATION_CONTEXT() REPRESENTATION_CONTEXT('2D SPACE',''
  ) );
#6703 = ORIENTED_EDGE('',*,*,#6704,.T.);
#6704 = EDGE_CURVE('',#6684,#6632,#6705,.T.);
#6705 = SURFACE_CURVE('',#6706,(#6711,#6718),.PCURVE_S1.);
#6706 = CIRCLE('',#6707,2.575);
#6707 = AXIS2_PLACEMENT_3D('',#6708,#6709,#6710);
#6708 = CARTESIAN_POINT('',(14.,-52.04816235862,22.447946804044));
#6709 = DIRECTION('',(-1.,0.,0.));
#6710 = DIRECTION('',(0.,-8.409414864163E-02,0.99645781354));
#6711 = PCURVE('',#6486,#6712);
#6712 = DEFINITIONAL_REPRESENTATION('',(#6713),#6717);
#6713 = LINE('',#6714,#6715);
#6714 = CARTESIAN_POINT('',(9.508971542695,39.));
#6715 = VECTOR('',#6716,1.);
#6716 = DIRECTION('',(-1.,-0.));
#6717 = ( GEOMETRIC_REPRESENTATION_CONTEXT(2) 
PARAMETRIC_REPRESENTATION_CONTEXT() REPRESENTATION_CONTEXT('2D SPACE',''
  ) );
#6718 = PCURVE('',#5000,#6719);
#6719 = DEFINITIONAL_REPRESENTATION('',(#6720),#6728);
#6720 = ( BOUNDED_CURVE() B_SPLINE_CURVE(2,(#6721,#6722,#6723,#6724,
#6725,#6726,#6727),.UNSPECIFIED.,.T.,.F.) B_SPLINE_CURVE_WITH_KNOTS((1,2
    ,2,2,2,1),(-2.094395102393,0.,2.094395102393,4.188790204786,
6.28318530718,8.377580409573),.UNSPECIFIED.) CURVE() 
GEOMETRIC_REPRESENTATION_ITEM() RATIONAL_B_SPLINE_CURVE((1.,0.5,1.,0.5,
1.,0.5,1.)) REPRESENTATION_ITEM('') );
#6721 = CARTESIAN_POINT('',(9.986174326091,-1.314704791373));
#6722 = CARTESIAN_POINT('',(9.61111183057,3.1295277773));
#6723 = CARTESIAN_POINT('',(13.647461383128,1.232225142092));
#6724 = CARTESIAN_POINT('',(17.683810935685,-0.665077493116));
#6725 = CARTESIAN_POINT('',(14.022523878649,-3.212007426581));
#6726 = CARTESIAN_POINT('',(10.361236821613,-5.758937360046));
#6727 = CARTESIAN_POINT('',(9.986174326091,-1.314704791373));
#6728 = ( GEOMETRIC_REPRESENTATION_CONTEXT(2) 
PARAMETRIC_REPRESENTATION_CONTEXT() REPRESENTATION_CONTEXT('2D SPACE',''
  ) );
#6729 = ADVANCED_FACE('',(#6730),#6457,.F.);
#6730 = FACE_BOUND('',#6731,.F.);
#6731 = EDGE_LOOP('',(#6732,#6733,#6734,#6755));
#6732 = ORIENTED_EDGE('',*,*,#6683,.F.);
#6733 = ORIENTED_EDGE('',*,*,#6440,.T.);
#6734 = ORIENTED_EDGE('',*,*,#6735,.T.);
#6735 = EDGE_CURVE('',#6412,#6736,#6738,.T.);
#6736 = VERTEX_POINT('',#6737);
#6737 = CARTESIAN_POINT('',(14.,-50.2911871435,19.910704794502));
#6738 = SURFACE_CURVE('',#6739,(#6743,#6749),.PCURVE_S1.);
#6739 = LINE('',#6740,#6741);
#6740 = CARTESIAN_POINT('',(-25.,-50.2911871435,19.910704794502));
#6741 = VECTOR('',#6742,1.);
#6742 = DIRECTION('',(1.,0.,2.22044604925E-16));
#6743 = PCURVE('',#6457,#6744);
#6744 = DEFINITIONAL_REPRESENTATION('',(#6745),#6748);
#6745 = B_SPLINE_CURVE_WITH_KNOTS('',1,(#6746,#6747),.UNSPECIFIED.,.F.,
  .F.,(2,2),(32.9999994,39.0000006),.PIECEWISE_BEZIER_KNOTS.);
#6746 = CARTESIAN_POINT('',(6.541911814304,32.9999994));
#6747 = CARTESIAN_POINT('',(6.541911814304,39.0000006));
#6748 = ( GEOMETRIC_REPRESENTATION_CONTEXT(2) 
PARAMETRIC_REPRESENTATION_CONTEXT() REPRESENTATION_CONTEXT('2D SPACE',''
  ) );
#6749 = PCURVE('',#6428,#6750);
#6750 = DEFINITIONAL_REPRESENTATION('',(#6751),#6754);
#6751 = B_SPLINE_CURVE_WITH_KNOTS('',1,(#6752,#6753),.UNSPECIFIED.,.F.,
  .F.,(2,2),(33.,39.),.PIECEWISE_BEZIER_KNOTS.);
#6752 = CARTESIAN_POINT('',(6.111725262654,33.));
#6753 = CARTESIAN_POINT('',(6.111725262654,39.));
#6754 = ( GEOMETRIC_REPRESENTATION_CONTEXT(2) 
PARAMETRIC_REPRESENTATION_CONTEXT() REPRESENTATION_CONTEXT('2D SPACE',''
  ) );
#6755 = ORIENTED_EDGE('',*,*,#6756,.T.);
#6756 = EDGE_CURVE('',#6736,#6684,#6757,.T.);
#6757 = SURFACE_CURVE('',#6758,(#6763,#6770),.PCURVE_S1.);
#6758 = CIRCLE('',#6759,2.575);
#6759 = AXIS2_PLACEMENT_3D('',#6760,#6761,#6762);
#6760 = CARTESIAN_POINT('',(14.,-50.95,22.4));
#6761 = DIRECTION('',(-1.,0.,0.));
#6762 = DIRECTION('',(0.,-0.170621165873,0.985336702735));
#6763 = PCURVE('',#6457,#6764);
#6764 = DEFINITIONAL_REPRESENTATION('',(#6765),#6769);
#6765 = LINE('',#6766,#6767);
#6766 = CARTESIAN_POINT('',(9.596238005295,39.));
#6767 = VECTOR('',#6768,1.);
#6768 = DIRECTION('',(-1.,-0.));
#6769 = ( GEOMETRIC_REPRESENTATION_CONTEXT(2) 
PARAMETRIC_REPRESENTATION_CONTEXT() REPRESENTATION_CONTEXT('2D SPACE',''
  ) );
#6770 = PCURVE('',#5000,#6771);
#6771 = DEFINITIONAL_REPRESENTATION('',(#6772),#6780);
#6772 = ( BOUNDED_CURVE() B_SPLINE_CURVE(2,(#6773,#6774,#6775,#6776,
#6777,#6778,#6779),.UNSPECIFIED.,.T.,.F.) B_SPLINE_CURVE_WITH_KNOTS((1,2
    ,2,2,2,1),(-2.094395102393,0.,2.094395102393,4.188790204786,
6.28318530718,8.377580409573),.UNSPECIFIED.) CURVE() 
GEOMETRIC_REPRESENTATION_ITEM() RATIONAL_B_SPLINE_CURVE((1.,0.5,1.,0.5,
1.,0.5,1.)) REPRESENTATION_ITEM('') );
#6773 = CARTESIAN_POINT('',(10.062757990458,-0.439349502124));
#6774 = CARTESIAN_POINT('',(9.3017823305,3.955282569501));
#6775 = CARTESIAN_POINT('',(13.488133174792,2.416990786874));
#6776 = CARTESIAN_POINT('',(17.674484019084,0.878699004247));
#6777 = CARTESIAN_POINT('',(14.24910883475,-1.97764128475));
#6778 = CARTESIAN_POINT('',(10.823733650416,-4.833981573748));
#6779 = CARTESIAN_POINT('',(10.062757990458,-0.439349502124));
#6780 = ( GEOMETRIC_REPRESENTATION_CONTEXT(2) 
PARAMETRIC_REPRESENTATION_CONTEXT() REPRESENTATION_CONTEXT('2D SPACE',''
  ) );
#6781 = ADVANCED_FACE('',(#6782),#6428,.F.);
#6782 = FACE_BOUND('',#6783,.F.);
#6783 = EDGE_LOOP('',(#6784,#6785,#6806,#6832));
#6784 = ORIENTED_EDGE('',*,*,#6411,.T.);
#6785 = ORIENTED_EDGE('',*,*,#6786,.T.);
#6786 = EDGE_CURVE('',#6383,#6787,#6789,.T.);
#6787 = VERTEX_POINT('',#6788);
#6788 = CARTESIAN_POINT('',(14.,-50.51065049787,24.937242009542));
#6789 = SURFACE_CURVE('',#6790,(#6794,#6800),.PCURVE_S1.);
#6790 = LINE('',#6791,#6792);
#6791 = CARTESIAN_POINT('',(-25.,-50.51065049787,24.937242009542));
#6792 = VECTOR('',#6793,1.);
#6793 = DIRECTION('',(1.,0.,2.22044604925E-16));
#6794 = PCURVE('',#6428,#6795);
#6795 = DEFINITIONAL_REPRESENTATION('',(#6796),#6799);
#6796 = B_SPLINE_CURVE_WITH_KNOTS('',1,(#6797,#6798),.UNSPECIFIED.,.F.,
  .F.,(2,2),(33.,39.),.PIECEWISE_BEZIER_KNOTS.);
#6797 = CARTESIAN_POINT('',(9.683504467894,33.));
#6798 = CARTESIAN_POINT('',(9.683504467894,39.));
#6799 = ( GEOMETRIC_REPRESENTATION_CONTEXT(2) 
PARAMETRIC_REPRESENTATION_CONTEXT() REPRESENTATION_CONTEXT('2D SPACE',''
  ) );
#6800 = PCURVE('',#6399,#6801);
#6801 = DEFINITIONAL_REPRESENTATION('',(#6802),#6805);
#6802 = B_SPLINE_CURVE_WITH_KNOTS('',1,(#6803,#6804),.UNSPECIFIED.,.F.,
  .F.,(2,2),(32.9999994,39.0000006),.PIECEWISE_BEZIER_KNOTS.);
#6803 = CARTESIAN_POINT('',(9.253317916244,32.9999994));
#6804 = CARTESIAN_POINT('',(9.253317916244,39.0000006));
#6805 = ( GEOMETRIC_REPRESENTATION_CONTEXT(2) 
PARAMETRIC_REPRESENTATION_CONTEXT() REPRESENTATION_CONTEXT('2D SPACE',''
  ) );
#6806 = ORIENTED_EDGE('',*,*,#6807,.T.);
#6807 = EDGE_CURVE('',#6787,#6736,#6808,.T.);
#6808 = SURFACE_CURVE('',#6809,(#6814,#6821),.PCURVE_S1.);
#6809 = CIRCLE('',#6810,2.575);
#6810 = AXIS2_PLACEMENT_3D('',#6811,#6812,#6813);
#6811 = CARTESIAN_POINT('',(14.,-49.85183764137,22.447946804044));
#6812 = DIRECTION('',(-1.,0.,0.));
#6813 = DIRECTION('',(0.,-0.255849653008,0.966716584659));
#6814 = PCURVE('',#6428,#6815);
#6815 = DEFINITIONAL_REPRESENTATION('',(#6816),#6820);
#6816 = LINE('',#6817,#6818);
#6817 = CARTESIAN_POINT('',(9.683504467894,39.));
#6818 = VECTOR('',#6819,1.);
#6819 = DIRECTION('',(-1.,-0.));
#6820 = ( GEOMETRIC_REPRESENTATION_CONTEXT(2) 
PARAMETRIC_REPRESENTATION_CONTEXT() REPRESENTATION_CONTEXT('2D SPACE',''
  ) );
#6821 = PCURVE('',#5000,#6822);
#6822 = DEFINITIONAL_REPRESENTATION('',(#6823),#6831);
#6823 = ( BOUNDED_CURVE() B_SPLINE_CURVE(2,(#6824,#6825,#6826,#6827,
#6828,#6829,#6830),.UNSPECIFIED.,.T.,.F.) B_SPLINE_CURVE_WITH_KNOTS((1,2
    ,2,2,2,1),(-2.094395102393,0.,2.094395102393,4.188790204786,
6.28318530718,8.377580409573),.UNSPECIFIED.) CURVE() 
GEOMETRIC_REPRESENTATION_ITEM() RATIONAL_B_SPLINE_CURVE((1.,0.5,1.,0.5,
1.,0.5,1.)) REPRESENTATION_ITEM('') );
#6824 = CARTESIAN_POINT('',(10.062757990458,0.439349502124));
#6825 = CARTESIAN_POINT('',(8.921660650326,4.750935273084));
#6826 = CARTESIAN_POINT('',(13.226152128639,3.583361672349));
#6827 = CARTESIAN_POINT('',(17.530643606952,2.415788071614));
#6828 = CARTESIAN_POINT('',(14.367249468771,-0.728224098611));
#6829 = CARTESIAN_POINT('',(11.20385533059,-3.872236268836));
#6830 = CARTESIAN_POINT('',(10.062757990458,0.439349502124));
#6831 = ( GEOMETRIC_REPRESENTATION_CONTEXT(2) 
PARAMETRIC_REPRESENTATION_CONTEXT() REPRESENTATION_CONTEXT('2D SPACE',''
  ) );
#6832 = ORIENTED_EDGE('',*,*,#6735,.F.);
#6833 = ADVANCED_FACE('',(#6834),#6399,.F.);
#6834 = FACE_BOUND('',#6835,.F.);
#6835 = EDGE_LOOP('',(#6836,#6837,#6838,#6859));
#6836 = ORIENTED_EDGE('',*,*,#6786,.F.);
#6837 = ORIENTED_EDGE('',*,*,#6382,.T.);
#6838 = ORIENTED_EDGE('',*,*,#6839,.T.);
#6839 = EDGE_CURVE('',#6354,#6840,#6842,.T.);
#6840 = VERTEX_POINT('',#6841);
#6841 = CARTESIAN_POINT('',(14.,-51.38934950212,24.937242009542));
#6842 = SURFACE_CURVE('',#6843,(#6847,#6853),.PCURVE_S1.);
#6843 = LINE('',#6844,#6845);
#6844 = CARTESIAN_POINT('',(-25.,-51.38934950212,24.937242009542));
#6845 = VECTOR('',#6846,1.);
#6846 = DIRECTION('',(1.,0.,2.22044604925E-16));
#6847 = PCURVE('',#6399,#6848);
#6848 = DEFINITIONAL_REPRESENTATION('',(#6849),#6852);
#6849 = B_SPLINE_CURVE_WITH_KNOTS('',1,(#6850,#6851),.UNSPECIFIED.,.F.,
  .F.,(2,2),(33.,39.),.PIECEWISE_BEZIER_KNOTS.);
#6850 = CARTESIAN_POINT('',(9.596238005295,33.));
#6851 = CARTESIAN_POINT('',(9.596238005295,39.));
#6852 = ( GEOMETRIC_REPRESENTATION_CONTEXT(2) 
PARAMETRIC_REPRESENTATION_CONTEXT() REPRESENTATION_CONTEXT('2D SPACE',''
  ) );
#6853 = PCURVE('',#6370,#6854);
#6854 = DEFINITIONAL_REPRESENTATION('',(#6855),#6858);
#6855 = B_SPLINE_CURVE_WITH_KNOTS('',1,(#6856,#6857),.UNSPECIFIED.,.F.,
  .F.,(2,2),(32.9999994,39.0000006),.PIECEWISE_BEZIER_KNOTS.);
#6856 = CARTESIAN_POINT('',(9.166051453645,32.9999994));
#6857 = CARTESIAN_POINT('',(9.166051453645,39.0000006));
#6858 = ( GEOMETRIC_REPRESENTATION_CONTEXT(2) 
PARAMETRIC_REPRESENTATION_CONTEXT() REPRESENTATION_CONTEXT('2D SPACE',''
  ) );
#6859 = ORIENTED_EDGE('',*,*,#6860,.T.);
#6860 = EDGE_CURVE('',#6840,#6787,#6861,.T.);
#6861 = SURFACE_CURVE('',#6862,(#6867,#6874),.PCURVE_S1.);
#6862 = CIRCLE('',#6863,2.575);
#6863 = AXIS2_PLACEMENT_3D('',#6864,#6865,#6866);
#6864 = CARTESIAN_POINT('',(14.,-50.95,22.4));
#6865 = DIRECTION('',(-1.,0.,0.));
#6866 = DIRECTION('',(0.,-0.170621165873,0.985336702735));
#6867 = PCURVE('',#6399,#6868);
#6868 = DEFINITIONAL_REPRESENTATION('',(#6869),#6873);
#6869 = LINE('',#6870,#6871);
#6870 = CARTESIAN_POINT('',(9.596238005295,39.));
#6871 = VECTOR('',#6872,1.);
#6872 = DIRECTION('',(-1.,-0.));
#6873 = ( GEOMETRIC_REPRESENTATION_CONTEXT(2) 
PARAMETRIC_REPRESENTATION_CONTEXT() REPRESENTATION_CONTEXT('2D SPACE',''
  ) );
#6874 = PCURVE('',#5000,#6875);
#6875 = DEFINITIONAL_REPRESENTATION('',(#6876),#6884);
#6876 = ( BOUNDED_CURVE() B_SPLINE_CURVE(2,(#6877,#6878,#6879,#6880,
#6881,#6882,#6883),.UNSPECIFIED.,.T.,.F.) B_SPLINE_CURVE_WITH_KNOTS((1,2
    ,2,2,2,1),(-2.094395102393,0.,2.094395102393,4.188790204786,
6.28318530718,8.377580409573),.UNSPECIFIED.) CURVE() 
GEOMETRIC_REPRESENTATION_ITEM() RATIONAL_B_SPLINE_CURVE((1.,0.5,1.,0.5,
1.,0.5,1.)) REPRESENTATION_ITEM('') );
#6877 = CARTESIAN_POINT('',(10.062757990458,-0.439349502124));
#6878 = CARTESIAN_POINT('',(9.3017823305,3.955282569501));
#6879 = CARTESIAN_POINT('',(13.488133174792,2.416990786874));
#6880 = CARTESIAN_POINT('',(17.674484019084,0.878699004247));
#6881 = CARTESIAN_POINT('',(14.24910883475,-1.97764128475));
#6882 = CARTESIAN_POINT('',(10.823733650416,-4.833981573748));
#6883 = CARTESIAN_POINT('',(10.062757990458,-0.439349502124));
#6884 = ( GEOMETRIC_REPRESENTATION_CONTEXT(2) 
PARAMETRIC_REPRESENTATION_CONTEXT() REPRESENTATION_CONTEXT('2D SPACE',''
  ) );
#6885 = ADVANCED_FACE('',(#6886),#6370,.F.);
#6886 = FACE_BOUND('',#6887,.F.);
#6887 = EDGE_LOOP('',(#6888,#6889,#6890,#6911));
#6888 = ORIENTED_EDGE('',*,*,#6839,.F.);
#6889 = ORIENTED_EDGE('',*,*,#6353,.T.);
#6890 = ORIENTED_EDGE('',*,*,#6891,.T.);
#6891 = EDGE_CURVE('',#6325,#6892,#6894,.T.);
#6892 = VERTEX_POINT('',#6893);
#6893 = CARTESIAN_POINT('',(14.,-52.26470479137,25.013825673908));
#6894 = SURFACE_CURVE('',#6895,(#6899,#6905),.PCURVE_S1.);
#6895 = LINE('',#6896,#6897);
#6896 = CARTESIAN_POINT('',(-25.,-52.26470479137,25.013825673909));
#6897 = VECTOR('',#6898,1.);
#6898 = DIRECTION('',(1.,0.,2.22044604925E-16));
#6899 = PCURVE('',#6370,#6900);
#6900 = DEFINITIONAL_REPRESENTATION('',(#6901),#6904);
#6901 = B_SPLINE_CURVE_WITH_KNOTS('',1,(#6902,#6903),.UNSPECIFIED.,.F.,
  .F.,(2,2),(33.,39.),.PIECEWISE_BEZIER_KNOTS.);
#6902 = CARTESIAN_POINT('',(9.508971542695,33.));
#6903 = CARTESIAN_POINT('',(9.508971542695,39.));
#6904 = ( GEOMETRIC_REPRESENTATION_CONTEXT(2) 
PARAMETRIC_REPRESENTATION_CONTEXT() REPRESENTATION_CONTEXT('2D SPACE',''
  ) );
#6905 = PCURVE('',#6341,#6906);
#6906 = DEFINITIONAL_REPRESENTATION('',(#6907),#6910);
#6907 = B_SPLINE_CURVE_WITH_KNOTS('',1,(#6908,#6909),.UNSPECIFIED.,.F.,
  .F.,(2,2),(32.9999994,39.0000006),.PIECEWISE_BEZIER_KNOTS.);
#6908 = CARTESIAN_POINT('',(9.078784991045,32.9999994));
#6909 = CARTESIAN_POINT('',(9.078784991045,39.0000006));
#6910 = ( GEOMETRIC_REPRESENTATION_CONTEXT(2) 
PARAMETRIC_REPRESENTATION_CONTEXT() REPRESENTATION_CONTEXT('2D SPACE',''
  ) );
#6911 = ORIENTED_EDGE('',*,*,#6912,.T.);
#6912 = EDGE_CURVE('',#6892,#6840,#6913,.T.);
#6913 = SURFACE_CURVE('',#6914,(#6919,#6926),.PCURVE_S1.);
#6914 = CIRCLE('',#6915,2.575);
#6915 = AXIS2_PLACEMENT_3D('',#6916,#6917,#6918);
#6916 = CARTESIAN_POINT('',(14.,-52.04816235862,22.447946804044));
#6917 = DIRECTION('',(-1.,0.,0.));
#6918 = DIRECTION('',(0.,-8.409414864163E-02,0.99645781354));
#6919 = PCURVE('',#6370,#6920);
#6920 = DEFINITIONAL_REPRESENTATION('',(#6921),#6925);
#6921 = LINE('',#6922,#6923);
#6922 = CARTESIAN_POINT('',(9.508971542695,39.));
#6923 = VECTOR('',#6924,1.);
#6924 = DIRECTION('',(-1.,-0.));
#6925 = ( GEOMETRIC_REPRESENTATION_CONTEXT(2) 
PARAMETRIC_REPRESENTATION_CONTEXT() REPRESENTATION_CONTEXT('2D SPACE',''
  ) );
#6926 = PCURVE('',#5000,#6927);
#6927 = DEFINITIONAL_REPRESENTATION('',(#6928),#6936);
#6928 = ( BOUNDED_CURVE() B_SPLINE_CURVE(2,(#6929,#6930,#6931,#6932,
#6933,#6934,#6935),.UNSPECIFIED.,.T.,.F.) B_SPLINE_CURVE_WITH_KNOTS((1,2
    ,2,2,2,1),(-2.094395102393,0.,2.094395102393,4.188790204786,
6.28318530718,8.377580409573),.UNSPECIFIED.) CURVE() 
GEOMETRIC_REPRESENTATION_ITEM() RATIONAL_B_SPLINE_CURVE((1.,0.5,1.,0.5,
1.,0.5,1.)) REPRESENTATION_ITEM('') );
#6929 = CARTESIAN_POINT('',(9.986174326091,-1.314704791373));
#6930 = CARTESIAN_POINT('',(9.61111183057,3.1295277773));
#6931 = CARTESIAN_POINT('',(13.647461383128,1.232225142092));
#6932 = CARTESIAN_POINT('',(17.683810935685,-0.665077493116));
#6933 = CARTESIAN_POINT('',(14.022523878649,-3.212007426581));
#6934 = CARTESIAN_POINT('',(10.361236821613,-5.758937360046));
#6935 = CARTESIAN_POINT('',(9.986174326091,-1.314704791373));
#6936 = ( GEOMETRIC_REPRESENTATION_CONTEXT(2) 
PARAMETRIC_REPRESENTATION_CONTEXT() REPRESENTATION_CONTEXT('2D SPACE',''
  ) );
#6937 = ADVANCED_FACE('',(#6938),#6341,.F.);
#6938 = FACE_BOUND('',#6939,.F.);
#6939 = EDGE_LOOP('',(#6940,#6941,#6942,#6963));
#6940 = ORIENTED_EDGE('',*,*,#6891,.F.);
#6941 = ORIENTED_EDGE('',*,*,#6324,.T.);
#6942 = ORIENTED_EDGE('',*,*,#6943,.T.);
#6943 = EDGE_CURVE('',#6296,#6944,#6946,.T.);
#6944 = VERTEX_POINT('',#6945);
#6945 = CARTESIAN_POINT('',(14.,-53.13005438332,25.166410154714));
#6946 = SURFACE_CURVE('',#6947,(#6951,#6957),.PCURVE_S1.);
#6947 = LINE('',#6948,#6949);
#6948 = CARTESIAN_POINT('',(-25.,-53.13005438332,25.166410154714));
#6949 = VECTOR('',#6950,1.);
#6950 = DIRECTION('',(1.,0.,2.22044604925E-16));
#6951 = PCURVE('',#6341,#6952);
#6952 = DEFINITIONAL_REPRESENTATION('',(#6953),#6956);
#6953 = B_SPLINE_CURVE_WITH_KNOTS('',1,(#6954,#6955),.UNSPECIFIED.,.F.,
  .F.,(2,2),(33.,39.),.PIECEWISE_BEZIER_KNOTS.);
#6954 = CARTESIAN_POINT('',(9.421705080095,33.));
#6955 = CARTESIAN_POINT('',(9.421705080095,39.));
#6956 = ( GEOMETRIC_REPRESENTATION_CONTEXT(2) 
PARAMETRIC_REPRESENTATION_CONTEXT() REPRESENTATION_CONTEXT('2D SPACE',''
  ) );
#6957 = PCURVE('',#6312,#6958);
#6958 = DEFINITIONAL_REPRESENTATION('',(#6959),#6962);
#6959 = B_SPLINE_CURVE_WITH_KNOTS('',1,(#6960,#6961),.UNSPECIFIED.,.F.,
  .F.,(2,2),(32.9999994,39.0000006),.PIECEWISE_BEZIER_KNOTS.);
#6960 = CARTESIAN_POINT('',(8.991518528445,32.9999994));
#6961 = CARTESIAN_POINT('',(8.991518528445,39.0000006));
#6962 = ( GEOMETRIC_REPRESENTATION_CONTEXT(2) 
PARAMETRIC_REPRESENTATION_CONTEXT() REPRESENTATION_CONTEXT('2D SPACE',''
  ) );
#6963 = ORIENTED_EDGE('',*,*,#6964,.T.);
#6964 = EDGE_CURVE('',#6944,#6892,#6965,.T.);
#6965 = SURFACE_CURVE('',#6966,(#6971,#6978),.PCURVE_S1.);
#6966 = CIRCLE('',#6967,2.575);
#6967 = AXIS2_PLACEMENT_3D('',#6968,#6969,#6970);
#6968 = CARTESIAN_POINT('',(14.,-53.1379670386,22.591422312046));
#6969 = DIRECTION('',(-1.,0.,0.));
#6970 = DIRECTION('',(0.,3.072875838268E-03,0.999995278706));
#6971 = PCURVE('',#6341,#6972);
#6972 = DEFINITIONAL_REPRESENTATION('',(#6973),#6977);
#6973 = LINE('',#6974,#6975);
#6974 = CARTESIAN_POINT('',(9.421705080095,39.));
#6975 = VECTOR('',#6976,1.);
#6976 = DIRECTION('',(-1.,-0.));
#6977 = ( GEOMETRIC_REPRESENTATION_CONTEXT(2) 
PARAMETRIC_REPRESENTATION_CONTEXT() REPRESENTATION_CONTEXT('2D SPACE',''
  ) );
#6978 = PCURVE('',#5000,#6979);
#6979 = DEFINITIONAL_REPRESENTATION('',(#6980),#6988);
#6980 = ( BOUNDED_CURVE() B_SPLINE_CURVE(2,(#6981,#6982,#6983,#6984,
#6985,#6986,#6987),.UNSPECIFIED.,.T.,.F.) B_SPLINE_CURVE_WITH_KNOTS((1,2
    ,2,2,2,1),(-2.094395102393,0.,2.094395102393,4.188790204786,
6.28318530718,8.377580409573),.UNSPECIFIED.) CURVE() 
GEOMETRIC_REPRESENTATION_ITEM() RATIONAL_B_SPLINE_CURVE((1.,0.5,1.,0.5,
1.,0.5,1.)) REPRESENTATION_ITEM('') );
#6981 = CARTESIAN_POINT('',(9.833589845286,-2.18005438332));
#6982 = CARTESIAN_POINT('',(9.84729496626,2.279955389053));
#6983 = CARTESIAN_POINT('',(13.702924169775,3.808151994121E-02));
#6984 = CARTESIAN_POINT('',(17.558553373289,-2.20379234917));
#6985 = CARTESIAN_POINT('',(13.689219048801,-4.421928252431));
#6986 = CARTESIAN_POINT('',(9.819884724312,-6.640064155692));
#6987 = CARTESIAN_POINT('',(9.833589845286,-2.18005438332));
#6988 = ( GEOMETRIC_REPRESENTATION_CONTEXT(2) 
PARAMETRIC_REPRESENTATION_CONTEXT() REPRESENTATION_CONTEXT('2D SPACE',''
  ) );
#6989 = ADVANCED_FACE('',(#6990),#6312,.F.);
#6990 = FACE_BOUND('',#6991,.F.);
#6991 = EDGE_LOOP('',(#6992,#6993,#6994,#7015));
#6992 = ORIENTED_EDGE('',*,*,#6943,.F.);
#6993 = ORIENTED_EDGE('',*,*,#6295,.T.);
#6994 = ORIENTED_EDGE('',*,*,#6995,.T.);
#6995 = EDGE_CURVE('',#6265,#6996,#6998,.T.);
#6996 = VERTEX_POINT('',#6997);
#6997 = CARTESIAN_POINT('',(14.,-53.97881244505,25.393834191926));
#6998 = SURFACE_CURVE('',#6999,(#7003,#7009),.PCURVE_S1.);
#6999 = LINE('',#7000,#7001);
#7000 = CARTESIAN_POINT('',(-25.,-53.97881244505,25.393834191926));
#7001 = VECTOR('',#7002,1.);
#7002 = DIRECTION('',(1.,0.,2.22044604925E-16));
#7003 = PCURVE('',#6312,#7004);
#7004 = DEFINITIONAL_REPRESENTATION('',(#7005),#7008);
#7005 = B_SPLINE_CURVE_WITH_KNOTS('',1,(#7006,#7007),.UNSPECIFIED.,.F.,
  .F.,(2,2),(33.,39.),.PIECEWISE_BEZIER_KNOTS.);
#7006 = CARTESIAN_POINT('',(9.334438617495,33.));
#7007 = CARTESIAN_POINT('',(9.334438617495,39.));
#7008 = ( GEOMETRIC_REPRESENTATION_CONTEXT(2) 
PARAMETRIC_REPRESENTATION_CONTEXT() REPRESENTATION_CONTEXT('2D SPACE',''
  ) );
#7009 = PCURVE('',#6283,#7010);
#7010 = DEFINITIONAL_REPRESENTATION('',(#7011),#7014);
#7011 = B_SPLINE_CURVE_WITH_KNOTS('',1,(#7012,#7013),.UNSPECIFIED.,.F.,
  .F.,(2,2),(32.9999994,39.0000006),.PIECEWISE_BEZIER_KNOTS.);
#7012 = CARTESIAN_POINT('',(2.621066758666,32.9999994));
#7013 = CARTESIAN_POINT('',(2.621066758666,39.0000006));
#7014 = ( GEOMETRIC_REPRESENTATION_CONTEXT(2) 
PARAMETRIC_REPRESENTATION_CONTEXT() REPRESENTATION_CONTEXT('2D SPACE',''
  ) );
#7015 = ORIENTED_EDGE('',*,*,#7016,.T.);
#7016 = EDGE_CURVE('',#6996,#6944,#7017,.T.);
#7017 = SURFACE_CURVE('',#7018,(#7023,#7030),.PCURVE_S1.);
#7018 = CIRCLE('',#7019,2.575);
#7019 = AXIS2_PLACEMENT_3D('',#7020,#7021,#7022);
#7020 = CARTESIAN_POINT('',(14.,-54.21111996829,22.829334588758));
#7021 = DIRECTION('',(-1.,0.,0.));
#7022 = DIRECTION('',(0.,9.021651387775E-02,0.995922175988));
#7023 = PCURVE('',#6312,#7024);
#7024 = DEFINITIONAL_REPRESENTATION('',(#7025),#7029);
#7025 = LINE('',#7026,#7027);
#7026 = CARTESIAN_POINT('',(9.334438617495,39.));
#7027 = VECTOR('',#7028,1.);
#7028 = DIRECTION('',(-1.,-0.));
#7029 = ( GEOMETRIC_REPRESENTATION_CONTEXT(2) 
PARAMETRIC_REPRESENTATION_CONTEXT() REPRESENTATION_CONTEXT('2D SPACE',''
  ) );
#7030 = PCURVE('',#5000,#7031);
#7031 = DEFINITIONAL_REPRESENTATION('',(#7032),#7040);
#7032 = ( BOUNDED_CURVE() B_SPLINE_CURVE(2,(#7033,#7034,#7035,#7036,
#7037,#7038,#7039),.UNSPECIFIED.,.T.,.F.) B_SPLINE_CURVE_WITH_KNOTS((1,2
    ,2,2,2,1),(-2.094395102393,0.,2.094395102393,4.188790204786,
6.28318530718,8.377580409573),.UNSPECIFIED.) CURVE() 
GEOMETRIC_REPRESENTATION_ITEM() RATIONAL_B_SPLINE_CURVE((1.,0.5,1.,0.5,
1.,0.5,1.)) REPRESENTATION_ITEM('') );
#7033 = CARTESIAN_POINT('',(9.606165808074,-3.028812445057));
#7034 = CARTESIAN_POINT('',(10.008534241298,1.41303116362));
#7035 = CARTESIAN_POINT('',(13.654099429438,-1.156351925571));
#7036 = CARTESIAN_POINT('',(17.299664617578,-3.725735014762));
#7037 = CARTESIAN_POINT('',(13.251730996214,-5.598195534248));
#7038 = CARTESIAN_POINT('',(9.203797374851,-7.470656053734));
#7039 = CARTESIAN_POINT('',(9.606165808074,-3.028812445057));
#7040 = ( GEOMETRIC_REPRESENTATION_CONTEXT(2) 
PARAMETRIC_REPRESENTATION_CONTEXT() REPRESENTATION_CONTEXT('2D SPACE',''
  ) );
#7041 = ADVANCED_FACE('',(#7042),#6283,.F.);
#7042 = FACE_BOUND('',#7043,.F.);
#7043 = EDGE_LOOP('',(#7044,#7066,#7067,#7068));
#7044 = ORIENTED_EDGE('',*,*,#7045,.F.);
#7045 = EDGE_CURVE('',#6996,#6558,#7046,.T.);
#7046 = SURFACE_CURVE('',#7047,(#7052,#7059),.PCURVE_S1.);
#7047 = CIRCLE('',#7048,2.575);
#7048 = AXIS2_PLACEMENT_3D('',#7049,#7050,#7051);
#7049 = CARTESIAN_POINT('',(14.,-55.2594538059,23.159872978098));
#7050 = DIRECTION('',(1.,0.,2.22044604925E-16));
#7051 = DIRECTION('',(2.22044604925E-16,0.,-1.));
#7052 = PCURVE('',#6283,#7053);
#7053 = DEFINITIONAL_REPRESENTATION('',(#7054),#7058);
#7054 = LINE('',#7055,#7056);
#7055 = CARTESIAN_POINT('',(0.,39.));
#7056 = VECTOR('',#7057,1.);
#7057 = DIRECTION('',(1.,0.));
#7058 = ( GEOMETRIC_REPRESENTATION_CONTEXT(2) 
PARAMETRIC_REPRESENTATION_CONTEXT() REPRESENTATION_CONTEXT('2D SPACE',''
  ) );
#7059 = PCURVE('',#5000,#7060);
#7060 = DEFINITIONAL_REPRESENTATION('',(#7061),#7065);
#7061 = CIRCLE('',#7062,2.575);
#7062 = AXIS2_PLACEMENT_2D('',#7063,#7064);
#7063 = CARTESIAN_POINT('',(11.840127021902,-4.309453805903));
#7064 = DIRECTION('',(1.,0.));
#7065 = ( GEOMETRIC_REPRESENTATION_CONTEXT(2) 
PARAMETRIC_REPRESENTATION_CONTEXT() REPRESENTATION_CONTEXT('2D SPACE',''
  ) );
#7066 = ORIENTED_EDGE('',*,*,#6995,.F.);
#7067 = ORIENTED_EDGE('',*,*,#6264,.T.);
#7068 = ORIENTED_EDGE('',*,*,#6557,.T.);
#7069 = ADVANCED_FACE('',(#7070),#6229,.T.);
#7070 = FACE_BOUND('',#7071,.T.);
#7071 = EDGE_LOOP('',(#7072,#7098,#7117,#7118));
#7072 = ORIENTED_EDGE('',*,*,#7073,.F.);
#7073 = EDGE_CURVE('',#7074,#7076,#7078,.T.);
#7074 = VERTEX_POINT('',#7075);
#7075 = CARTESIAN_POINT('',(14.,-50.95,51.5));
#7076 = VERTEX_POINT('',#7077);
#7077 = CARTESIAN_POINT('',(14.,-36.51913031033,27.));
#7078 = SURFACE_CURVE('',#7079,(#7084,#7091),.PCURVE_S1.);
#7079 = CIRCLE('',#7080,16.5);
#7080 = AXIS2_PLACEMENT_3D('',#7081,#7082,#7083);
#7081 = CARTESIAN_POINT('',(14.,-50.95,35.));
#7082 = DIRECTION('',(1.,9.272194294609E-32,2.153159805334E-16));
#7083 = DIRECTION('',(-2.153159805334E-16,0.,1.));
#7084 = PCURVE('',#6229,#7085);
#7085 = DEFINITIONAL_REPRESENTATION('',(#7086),#7090);
#7086 = LINE('',#7087,#7088);
#7087 = CARTESIAN_POINT('',(3.14159265359,6.));
#7088 = VECTOR('',#7089,1.);
#7089 = DIRECTION('',(1.,0.));
#7090 = ( GEOMETRIC_REPRESENTATION_CONTEXT(2) 
PARAMETRIC_REPRESENTATION_CONTEXT() REPRESENTATION_CONTEXT('2D SPACE',''
  ) );
#7091 = PCURVE('',#5000,#7092);
#7092 = DEFINITIONAL_REPRESENTATION('',(#7093),#7097);
#7093 = CIRCLE('',#7094,16.5);
#7094 = AXIS2_PLACEMENT_2D('',#7095,#7096);
#7095 = CARTESIAN_POINT('',(0.,0.));
#7096 = DIRECTION('',(-1.,0.));
#7097 = ( GEOMETRIC_REPRESENTATION_CONTEXT(2) 
PARAMETRIC_REPRESENTATION_CONTEXT() REPRESENTATION_CONTEXT('2D SPACE',''
  ) );
#7098 = ORIENTED_EDGE('',*,*,#7099,.F.);
#7099 = EDGE_CURVE('',#6190,#7074,#7100,.T.);
#7100 = SURFACE_CURVE('',#7101,(#7105,#7111),.PCURVE_S1.);
#7101 = LINE('',#7102,#7103);
#7102 = CARTESIAN_POINT('',(8.,-50.95,51.5));
#7103 = VECTOR('',#7104,1.);
#7104 = DIRECTION('',(1.,0.,2.22044604925E-16));
#7105 = PCURVE('',#6229,#7106);
#7106 = DEFINITIONAL_REPRESENTATION('',(#7107),#7110);
#7107 = B_SPLINE_CURVE_WITH_KNOTS('',1,(#7108,#7109),.UNSPECIFIED.,.F.,
  .F.,(2,2),(0.,6.),.PIECEWISE_BEZIER_KNOTS.);
#7108 = CARTESIAN_POINT('',(3.14159265359,1.110223024625E-16));
#7109 = CARTESIAN_POINT('',(3.14159265359,6.));
#7110 = ( GEOMETRIC_REPRESENTATION_CONTEXT(2) 
PARAMETRIC_REPRESENTATION_CONTEXT() REPRESENTATION_CONTEXT('2D SPACE',''
  ) );
#7111 = PCURVE('',#3261,#7112);
#7112 = DEFINITIONAL_REPRESENTATION('',(#7113),#7116);
#7113 = B_SPLINE_CURVE_WITH_KNOTS('',1,(#7114,#7115),.UNSPECIFIED.,.F.,
  .F.,(2,2),(-5.999999999062E-07,6.0000006),.PIECEWISE_BEZIER_KNOTS.);
#7114 = CARTESIAN_POINT('',(24.5,22.9999994));
#7115 = CARTESIAN_POINT('',(24.5,29.0000006));
#7116 = ( GEOMETRIC_REPRESENTATION_CONTEXT(2) 
PARAMETRIC_REPRESENTATION_CONTEXT() REPRESENTATION_CONTEXT('2D SPACE',''
  ) );
#7117 = ORIENTED_EDGE('',*,*,#6212,.T.);
#7118 = ORIENTED_EDGE('',*,*,#7119,.T.);
#7119 = EDGE_CURVE('',#6213,#7076,#7120,.T.);
#7120 = SURFACE_CURVE('',#7121,(#7125,#7131),.PCURVE_S1.);
#7121 = LINE('',#7122,#7123);
#7122 = CARTESIAN_POINT('',(8.,-36.51913031033,27.));
#7123 = VECTOR('',#7124,1.);
#7124 = DIRECTION('',(1.,0.,2.22044604925E-16));
#7125 = PCURVE('',#6229,#7126);
#7126 = DEFINITIONAL_REPRESENTATION('',(#7127),#7130);
#7127 = B_SPLINE_CURVE_WITH_KNOTS('',1,(#7128,#7129),.UNSPECIFIED.,.F.,
  .F.,(2,2),(1.7763568394E-15,6.),.PIECEWISE_BEZIER_KNOTS.);
#7128 = CARTESIAN_POINT('',(7.347791714348,0.));
#7129 = CARTESIAN_POINT('',(7.347791714348,6.));
#7130 = ( GEOMETRIC_REPRESENTATION_CONTEXT(2) 
PARAMETRIC_REPRESENTATION_CONTEXT() REPRESENTATION_CONTEXT('2D SPACE',''
  ) );
#7131 = PCURVE('',#213,#7132);
#7132 = DEFINITIONAL_REPRESENTATION('',(#7133),#7136);
#7133 = B_SPLINE_CURVE_WITH_KNOTS('',1,(#7134,#7135),.UNSPECIFIED.,.F.,
  .F.,(2,2),(-5.999999981299E-07,6.0000006),.PIECEWISE_BEZIER_KNOTS.);
#7134 = CARTESIAN_POINT('',(22.9999994,14.430869689662));
#7135 = CARTESIAN_POINT('',(29.0000006,14.430869689662));
#7136 = ( GEOMETRIC_REPRESENTATION_CONTEXT(2) 
PARAMETRIC_REPRESENTATION_CONTEXT() REPRESENTATION_CONTEXT('2D SPACE',''
  ) );
#7137 = ADVANCED_FACE('',(#7138,#7205),#5000,.T.);
#7138 = FACE_BOUND('',#7139,.T.);
#7139 = EDGE_LOOP('',(#7140,#7161,#7162,#7183,#7204));
#7140 = ORIENTED_EDGE('',*,*,#7141,.F.);
#7141 = EDGE_CURVE('',#7074,#4984,#7142,.T.);
#7142 = SURFACE_CURVE('',#7143,(#7147,#7154),.PCURVE_S1.);
#7143 = LINE('',#7144,#7145);
#7144 = CARTESIAN_POINT('',(14.,-50.95,51.5));
#7145 = VECTOR('',#7146,1.);
#7146 = DIRECTION('',(1.450087215837E-16,0.,-1.));
#7147 = PCURVE('',#5000,#7148);
#7148 = DEFINITIONAL_REPRESENTATION('',(#7149),#7153);
#7149 = LINE('',#7150,#7151);
#7150 = CARTESIAN_POINT('',(-16.5,0.));
#7151 = VECTOR('',#7152,1.);
#7152 = DIRECTION('',(1.,0.));
#7153 = ( GEOMETRIC_REPRESENTATION_CONTEXT(2) 
PARAMETRIC_REPRESENTATION_CONTEXT() REPRESENTATION_CONTEXT('2D SPACE',''
  ) );
#7154 = PCURVE('',#3261,#7155);
#7155 = DEFINITIONAL_REPRESENTATION('',(#7156),#7160);
#7156 = LINE('',#7157,#7158);
#7157 = CARTESIAN_POINT('',(24.5,29.));
#7158 = VECTOR('',#7159,1.);
#7159 = DIRECTION('',(-1.,1.450087215837E-16));
#7160 = ( GEOMETRIC_REPRESENTATION_CONTEXT(2) 
PARAMETRIC_REPRESENTATION_CONTEXT() REPRESENTATION_CONTEXT('2D SPACE',''
  ) );
#7161 = ORIENTED_EDGE('',*,*,#7073,.T.);
#7162 = ORIENTED_EDGE('',*,*,#7163,.F.);
#7163 = EDGE_CURVE('',#7164,#7076,#7166,.T.);
#7164 = VERTEX_POINT('',#7165);
#7165 = CARTESIAN_POINT('',(14.,-50.95,27.));
#7166 = SURFACE_CURVE('',#7167,(#7171,#7177),.PCURVE_S1.);
#7167 = LINE('',#7168,#7169);
#7168 = CARTESIAN_POINT('',(14.,-50.95,27.));
#7169 = VECTOR('',#7170,1.);
#7170 = DIRECTION('',(0.,1.,0.));
#7171 = PCURVE('',#5000,#7172);
#7172 = DEFINITIONAL_REPRESENTATION('',(#7173),#7176);
#7173 = B_SPLINE_CURVE_WITH_KNOTS('',1,(#7174,#7175),.UNSPECIFIED.,.F.,
  .F.,(2,2),(0.,16.5),.PIECEWISE_BEZIER_KNOTS.);
#7174 = CARTESIAN_POINT('',(8.,0.));
#7175 = CARTESIAN_POINT('',(8.,16.5));
#7176 = ( GEOMETRIC_REPRESENTATION_CONTEXT(2) 
PARAMETRIC_REPRESENTATION_CONTEXT() REPRESENTATION_CONTEXT('2D SPACE',''
  ) );
#7177 = PCURVE('',#213,#7178);
#7178 = DEFINITIONAL_REPRESENTATION('',(#7179),#7182);
#7179 = B_SPLINE_CURVE_WITH_KNOTS('',1,(#7180,#7181),.UNSPECIFIED.,.F.,
  .F.,(2,2),(0.,16.5),.PIECEWISE_BEZIER_KNOTS.);
#7180 = CARTESIAN_POINT('',(29.,0.));
#7181 = CARTESIAN_POINT('',(29.,16.5));
#7182 = ( GEOMETRIC_REPRESENTATION_CONTEXT(2) 
PARAMETRIC_REPRESENTATION_CONTEXT() REPRESENTATION_CONTEXT('2D SPACE',''
  ) );
#7183 = ORIENTED_EDGE('',*,*,#7184,.F.);
#7184 = EDGE_CURVE('',#4708,#7164,#7185,.T.);
#7185 = SURFACE_CURVE('',#7186,(#7190,#7197),.PCURVE_S1.);
#7186 = LINE('',#7187,#7188);
#7187 = CARTESIAN_POINT('',(14.,-50.95,51.5));
#7188 = VECTOR('',#7189,1.);
#7189 = DIRECTION('',(1.450087215837E-16,0.,-1.));
#7190 = PCURVE('',#5000,#7191);
#7191 = DEFINITIONAL_REPRESENTATION('',(#7192),#7196);
#7192 = LINE('',#7193,#7194);
#7193 = CARTESIAN_POINT('',(-16.5,0.));
#7194 = VECTOR('',#7195,1.);
#7195 = DIRECTION('',(1.,0.));
#7196 = ( GEOMETRIC_REPRESENTATION_CONTEXT(2) 
PARAMETRIC_REPRESENTATION_CONTEXT() REPRESENTATION_CONTEXT('2D SPACE',''
  ) );
#7197 = PCURVE('',#4579,#7198);
#7198 = DEFINITIONAL_REPRESENTATION('',(#7199),#7203);
#7199 = LINE('',#7200,#7201);
#7200 = CARTESIAN_POINT('',(24.5,29.));
#7201 = VECTOR('',#7202,1.);
#7202 = DIRECTION('',(-1.,1.450087215837E-16));
#7203 = ( GEOMETRIC_REPRESENTATION_CONTEXT(2) 
PARAMETRIC_REPRESENTATION_CONTEXT() REPRESENTATION_CONTEXT('2D SPACE',''
  ) );
#7204 = ORIENTED_EDGE('',*,*,#4983,.F.);
#7205 = FACE_BOUND('',#7206,.T.);
#7206 = EDGE_LOOP('',(#7207,#7208,#7209,#7210,#7211,#7212,#7213,#7214,
    #7215,#7216));
#7207 = ORIENTED_EDGE('',*,*,#7045,.F.);
#7208 = ORIENTED_EDGE('',*,*,#7016,.T.);
#7209 = ORIENTED_EDGE('',*,*,#6964,.T.);
#7210 = ORIENTED_EDGE('',*,*,#6912,.T.);
#7211 = ORIENTED_EDGE('',*,*,#6860,.T.);
#7212 = ORIENTED_EDGE('',*,*,#6807,.T.);
#7213 = ORIENTED_EDGE('',*,*,#6756,.T.);
#7214 = ORIENTED_EDGE('',*,*,#6704,.T.);
#7215 = ORIENTED_EDGE('',*,*,#6652,.T.);
#7216 = ORIENTED_EDGE('',*,*,#6600,.T.);
#7217 = ADVANCED_FACE('',(#7218),#4579,.F.);
#7218 = FACE_BOUND('',#7219,.F.);
#7219 = EDGE_LOOP('',(#7220,#7221,#7222,#7243));
#7220 = ORIENTED_EDGE('',*,*,#4707,.T.);
#7221 = ORIENTED_EDGE('',*,*,#4563,.F.);
#7222 = ORIENTED_EDGE('',*,*,#7223,.F.);
#7223 = EDGE_CURVE('',#7164,#4564,#7224,.T.);
#7224 = SURFACE_CURVE('',#7225,(#7229,#7236),.PCURVE_S1.);
#7225 = LINE('',#7226,#7227);
#7226 = CARTESIAN_POINT('',(-15.,-50.95,27.));
#7227 = VECTOR('',#7228,1.);
#7228 = DIRECTION('',(1.,0.,-0.));
#7229 = PCURVE('',#4579,#7230);
#7230 = DEFINITIONAL_REPRESENTATION('',(#7231),#7235);
#7231 = LINE('',#7232,#7233);
#7232 = CARTESIAN_POINT('',(0.,0.));
#7233 = VECTOR('',#7234,1.);
#7234 = DIRECTION('',(0.,1.));
#7235 = ( GEOMETRIC_REPRESENTATION_CONTEXT(2) 
PARAMETRIC_REPRESENTATION_CONTEXT() REPRESENTATION_CONTEXT('2D SPACE',''
  ) );
#7236 = PCURVE('',#213,#7237);
#7237 = DEFINITIONAL_REPRESENTATION('',(#7238),#7242);
#7238 = LINE('',#7239,#7240);
#7239 = CARTESIAN_POINT('',(0.,0.));
#7240 = VECTOR('',#7241,1.);
#7241 = DIRECTION('',(1.,0.));
#7242 = ( GEOMETRIC_REPRESENTATION_CONTEXT(2) 
PARAMETRIC_REPRESENTATION_CONTEXT() REPRESENTATION_CONTEXT('2D SPACE',''
  ) );
#7243 = ORIENTED_EDGE('',*,*,#7184,.F.);
#7244 = ADVANCED_FACE('',(#7245),#4671,.T.);
#7245 = FACE_BOUND('',#7246,.T.);
#7246 = EDGE_LOOP('',(#7247,#7270,#7296,#7317));
#7247 = ORIENTED_EDGE('',*,*,#7248,.F.);
#7248 = EDGE_CURVE('',#7249,#4635,#7251,.T.);
#7249 = VERTEX_POINT('',#7250);
#7250 = CARTESIAN_POINT('',(10.774711699246,-11.22528830075,
    31.225288300754));
#7251 = SURFACE_CURVE('',#7252,(#7256,#7263),.PCURVE_S1.);
#7252 = LINE('',#7253,#7254);
#7253 = CARTESIAN_POINT('',(-17.77471169924,-11.22528830075,
    31.225288300754));
#7254 = VECTOR('',#7255,1.);
#7255 = DIRECTION('',(1.,0.,-0.));
#7256 = PCURVE('',#4671,#7257);
#7257 = DEFINITIONAL_REPRESENTATION('',(#7258),#7262);
#7258 = LINE('',#7259,#7260);
#7259 = CARTESIAN_POINT('',(0.,0.));
#7260 = VECTOR('',#7261,1.);
#7261 = DIRECTION('',(0.,1.));
#7262 = ( GEOMETRIC_REPRESENTATION_CONTEXT(2) 
PARAMETRIC_REPRESENTATION_CONTEXT() REPRESENTATION_CONTEXT('2D SPACE',''
  ) );
#7263 = PCURVE('',#3118,#7264);
#7264 = DEFINITIONAL_REPRESENTATION('',(#7265),#7269);
#7265 = LINE('',#7266,#7267);
#7266 = CARTESIAN_POINT('',(0.,0.));
#7267 = VECTOR('',#7268,1.);
#7268 = DIRECTION('',(1.,0.));
#7269 = ( GEOMETRIC_REPRESENTATION_CONTEXT(2) 
PARAMETRIC_REPRESENTATION_CONTEXT() REPRESENTATION_CONTEXT('2D SPACE',''
  ) );
#7270 = ORIENTED_EDGE('',*,*,#7271,.F.);
#7271 = EDGE_CURVE('',#7272,#7249,#7274,.T.);
#7272 = VERTEX_POINT('',#7273);
#7273 = CARTESIAN_POINT('',(10.774711699246,-11.22528830075,
    48.774711699246));
#7274 = SURFACE_CURVE('',#7275,(#7279,#7285),.PCURVE_S1.);
#7275 = LINE('',#7276,#7277);
#7276 = CARTESIAN_POINT('',(10.774711699246,-11.22528830075,
    31.225288300754));
#7277 = VECTOR('',#7278,1.);
#7278 = DIRECTION('',(-0.,0.,-1.));
#7279 = PCURVE('',#4671,#7280);
#7280 = DEFINITIONAL_REPRESENTATION('',(#7281),#7284);
#7281 = B_SPLINE_CURVE_WITH_KNOTS('',1,(#7282,#7283),.UNSPECIFIED.,.F.,
  .F.,(2,2),(-17.54942339849,0.),.PIECEWISE_BEZIER_KNOTS.);
#7282 = CARTESIAN_POINT('',(17.549423398492,28.549423398492));
#7283 = CARTESIAN_POINT('',(0.,28.549423398492));
#7284 = ( GEOMETRIC_REPRESENTATION_CONTEXT(2) 
PARAMETRIC_REPRESENTATION_CONTEXT() REPRESENTATION_CONTEXT('2D SPACE',''
  ) );
#7285 = PCURVE('',#7286,#7291);
#7286 = PLANE('',#7287);
#7287 = AXIS2_PLACEMENT_3D('',#7288,#7289,#7290);
#7288 = CARTESIAN_POINT('',(10.774711699246,-31.95,31.225288300754));
#7289 = DIRECTION('',(1.,0.,-0.));
#7290 = DIRECTION('',(0.,0.,1.));
#7291 = DEFINITIONAL_REPRESENTATION('',(#7292),#7295);
#7292 = B_SPLINE_CURVE_WITH_KNOTS('',1,(#7293,#7294),.UNSPECIFIED.,.F.,
  .F.,(2,2),(-17.54942339849,0.),.PIECEWISE_BEZIER_KNOTS.);
#7293 = CARTESIAN_POINT('',(17.549423398492,-20.72471169924));
#7294 = CARTESIAN_POINT('',(0.,-20.72471169924));
#7295 = ( GEOMETRIC_REPRESENTATION_CONTEXT(2) 
PARAMETRIC_REPRESENTATION_CONTEXT() REPRESENTATION_CONTEXT('2D SPACE',''
  ) );
#7296 = ORIENTED_EDGE('',*,*,#7297,.T.);
#7297 = EDGE_CURVE('',#7272,#4657,#7298,.T.);
#7298 = SURFACE_CURVE('',#7299,(#7303,#7310),.PCURVE_S1.);
#7299 = LINE('',#7300,#7301);
#7300 = CARTESIAN_POINT('',(-17.77471169924,-11.22528830075,
    48.774711699246));
#7301 = VECTOR('',#7302,1.);
#7302 = DIRECTION('',(1.,0.,-0.));
#7303 = PCURVE('',#4671,#7304);
#7304 = DEFINITIONAL_REPRESENTATION('',(#7305),#7309);
#7305 = LINE('',#7306,#7307);
#7306 = CARTESIAN_POINT('',(17.549423398492,0.));
#7307 = VECTOR('',#7308,1.);
#7308 = DIRECTION('',(0.,1.));
#7309 = ( GEOMETRIC_REPRESENTATION_CONTEXT(2) 
PARAMETRIC_REPRESENTATION_CONTEXT() REPRESENTATION_CONTEXT('2D SPACE',''
  ) );
#7310 = PCURVE('',#3065,#7311);
#7311 = DEFINITIONAL_REPRESENTATION('',(#7312),#7316);
#7312 = LINE('',#7313,#7314);
#7313 = CARTESIAN_POINT('',(0.,0.));
#7314 = VECTOR('',#7315,1.);
#7315 = DIRECTION('',(1.,0.));
#7316 = ( GEOMETRIC_REPRESENTATION_CONTEXT(2) 
PARAMETRIC_REPRESENTATION_CONTEXT() REPRESENTATION_CONTEXT('2D SPACE',''
  ) );
#7317 = ORIENTED_EDGE('',*,*,#4656,.F.);
#7318 = ADVANCED_FACE('',(#7319),#7286,.F.);
#7319 = FACE_BOUND('',#7320,.F.);
#7320 = EDGE_LOOP('',(#7321,#7344,#7372,#7393));
#7321 = ORIENTED_EDGE('',*,*,#7322,.F.);
#7322 = EDGE_CURVE('',#7323,#7272,#7325,.T.);
#7323 = VERTEX_POINT('',#7324);
#7324 = CARTESIAN_POINT('',(10.774711699246,-31.95,48.774711699246));
#7325 = SURFACE_CURVE('',#7326,(#7330,#7337),.PCURVE_S1.);
#7326 = LINE('',#7327,#7328);
#7327 = CARTESIAN_POINT('',(10.774711699246,-31.95,48.774711699246));
#7328 = VECTOR('',#7329,1.);
#7329 = DIRECTION('',(-0.,1.,0.));
#7330 = PCURVE('',#7286,#7331);
#7331 = DEFINITIONAL_REPRESENTATION('',(#7332),#7336);
#7332 = LINE('',#7333,#7334);
#7333 = CARTESIAN_POINT('',(17.549423398492,0.));
#7334 = VECTOR('',#7335,1.);
#7335 = DIRECTION('',(0.,-1.));
#7336 = ( GEOMETRIC_REPRESENTATION_CONTEXT(2) 
PARAMETRIC_REPRESENTATION_CONTEXT() REPRESENTATION_CONTEXT('2D SPACE',''
  ) );
#7337 = PCURVE('',#3065,#7338);
#7338 = DEFINITIONAL_REPRESENTATION('',(#7339),#7343);
#7339 = LINE('',#7340,#7341);
#7340 = CARTESIAN_POINT('',(28.549423398492,-20.72471169924));
#7341 = VECTOR('',#7342,1.);
#7342 = DIRECTION('',(0.,1.));
#7343 = ( GEOMETRIC_REPRESENTATION_CONTEXT(2) 
PARAMETRIC_REPRESENTATION_CONTEXT() REPRESENTATION_CONTEXT('2D SPACE',''
  ) );
#7344 = ORIENTED_EDGE('',*,*,#7345,.F.);
#7345 = EDGE_CURVE('',#7346,#7323,#7348,.T.);
#7346 = VERTEX_POINT('',#7347);
#7347 = CARTESIAN_POINT('',(10.774711699246,-31.95,31.225288300754));
#7348 = SURFACE_CURVE('',#7349,(#7353,#7360),.PCURVE_S1.);
#7349 = LINE('',#7350,#7351);
#7350 = CARTESIAN_POINT('',(10.774711699246,-31.95,31.225288300754));
#7351 = VECTOR('',#7352,1.);
#7352 = DIRECTION('',(0.,0.,1.));
#7353 = PCURVE('',#7286,#7354);
#7354 = DEFINITIONAL_REPRESENTATION('',(#7355),#7359);
#7355 = LINE('',#7356,#7357);
#7356 = CARTESIAN_POINT('',(0.,0.));
#7357 = VECTOR('',#7358,1.);
#7358 = DIRECTION('',(1.,0.));
#7359 = ( GEOMETRIC_REPRESENTATION_CONTEXT(2) 
PARAMETRIC_REPRESENTATION_CONTEXT() REPRESENTATION_CONTEXT('2D SPACE',''
  ) );
#7360 = PCURVE('',#7361,#7366);
#7361 = PLANE('',#7362);
#7362 = AXIS2_PLACEMENT_3D('',#7363,#7364,#7365);
#7363 = CARTESIAN_POINT('',(-10.77471169924,-31.95,31.225288300754));
#7364 = DIRECTION('',(-0.,1.,0.));
#7365 = DIRECTION('',(0.,0.,1.));
#7366 = DEFINITIONAL_REPRESENTATION('',(#7367),#7371);
#7367 = LINE('',#7368,#7369);
#7368 = CARTESIAN_POINT('',(0.,21.549423398492));
#7369 = VECTOR('',#7370,1.);
#7370 = DIRECTION('',(1.,0.));
#7371 = ( GEOMETRIC_REPRESENTATION_CONTEXT(2) 
PARAMETRIC_REPRESENTATION_CONTEXT() REPRESENTATION_CONTEXT('2D SPACE',''
  ) );
#7372 = ORIENTED_EDGE('',*,*,#7373,.T.);
#7373 = EDGE_CURVE('',#7346,#7249,#7374,.T.);
#7374 = SURFACE_CURVE('',#7375,(#7379,#7386),.PCURVE_S1.);
#7375 = LINE('',#7376,#7377);
#7376 = CARTESIAN_POINT('',(10.774711699246,-31.95,31.225288300754));
#7377 = VECTOR('',#7378,1.);
#7378 = DIRECTION('',(-0.,1.,0.));
#7379 = PCURVE('',#7286,#7380);
#7380 = DEFINITIONAL_REPRESENTATION('',(#7381),#7385);
#7381 = LINE('',#7382,#7383);
#7382 = CARTESIAN_POINT('',(0.,0.));
#7383 = VECTOR('',#7384,1.);
#7384 = DIRECTION('',(0.,-1.));
#7385 = ( GEOMETRIC_REPRESENTATION_CONTEXT(2) 
PARAMETRIC_REPRESENTATION_CONTEXT() REPRESENTATION_CONTEXT('2D SPACE',''
  ) );
#7386 = PCURVE('',#3118,#7387);
#7387 = DEFINITIONAL_REPRESENTATION('',(#7388),#7392);
#7388 = LINE('',#7389,#7390);
#7389 = CARTESIAN_POINT('',(28.549423398492,-20.72471169924));
#7390 = VECTOR('',#7391,1.);
#7391 = DIRECTION('',(0.,1.));
#7392 = ( GEOMETRIC_REPRESENTATION_CONTEXT(2) 
PARAMETRIC_REPRESENTATION_CONTEXT() REPRESENTATION_CONTEXT('2D SPACE',''
  ) );
#7393 = ORIENTED_EDGE('',*,*,#7271,.F.);
#7394 = ADVANCED_FACE('',(#7395),#7361,.T.);
#7395 = FACE_BOUND('',#7396,.T.);
#7396 = EDGE_LOOP('',(#7397,#7420,#7448,#7469));
#7397 = ORIENTED_EDGE('',*,*,#7398,.F.);
#7398 = EDGE_CURVE('',#7399,#7346,#7401,.T.);
#7399 = VERTEX_POINT('',#7400);
#7400 = CARTESIAN_POINT('',(-10.77471169924,-31.95,31.225288300754));
#7401 = SURFACE_CURVE('',#7402,(#7406,#7413),.PCURVE_S1.);
#7402 = LINE('',#7403,#7404);
#7403 = CARTESIAN_POINT('',(-10.77471169924,-31.95,31.225288300754));
#7404 = VECTOR('',#7405,1.);
#7405 = DIRECTION('',(1.,0.,-0.));
#7406 = PCURVE('',#7361,#7407);
#7407 = DEFINITIONAL_REPRESENTATION('',(#7408),#7412);
#7408 = LINE('',#7409,#7410);
#7409 = CARTESIAN_POINT('',(0.,0.));
#7410 = VECTOR('',#7411,1.);
#7411 = DIRECTION('',(0.,1.));
#7412 = ( GEOMETRIC_REPRESENTATION_CONTEXT(2) 
PARAMETRIC_REPRESENTATION_CONTEXT() REPRESENTATION_CONTEXT('2D SPACE',''
  ) );
#7413 = PCURVE('',#3118,#7414);
#7414 = DEFINITIONAL_REPRESENTATION('',(#7415),#7419);
#7415 = LINE('',#7416,#7417);
#7416 = CARTESIAN_POINT('',(7.,-20.72471169924));
#7417 = VECTOR('',#7418,1.);
#7418 = DIRECTION('',(1.,0.));
#7419 = ( GEOMETRIC_REPRESENTATION_CONTEXT(2) 
PARAMETRIC_REPRESENTATION_CONTEXT() REPRESENTATION_CONTEXT('2D SPACE',''
  ) );
#7420 = ORIENTED_EDGE('',*,*,#7421,.T.);
#7421 = EDGE_CURVE('',#7399,#7422,#7424,.T.);
#7422 = VERTEX_POINT('',#7423);
#7423 = CARTESIAN_POINT('',(-10.77471169924,-31.95,48.774711699246));
#7424 = SURFACE_CURVE('',#7425,(#7429,#7436),.PCURVE_S1.);
#7425 = LINE('',#7426,#7427);
#7426 = CARTESIAN_POINT('',(-10.77471169924,-31.95,31.225288300754));
#7427 = VECTOR('',#7428,1.);
#7428 = DIRECTION('',(0.,0.,1.));
#7429 = PCURVE('',#7361,#7430);
#7430 = DEFINITIONAL_REPRESENTATION('',(#7431),#7435);
#7431 = LINE('',#7432,#7433);
#7432 = CARTESIAN_POINT('',(0.,0.));
#7433 = VECTOR('',#7434,1.);
#7434 = DIRECTION('',(1.,0.));
#7435 = ( GEOMETRIC_REPRESENTATION_CONTEXT(2) 
PARAMETRIC_REPRESENTATION_CONTEXT() REPRESENTATION_CONTEXT('2D SPACE',''
  ) );
#7436 = PCURVE('',#7437,#7442);
#7437 = PLANE('',#7438);
#7438 = AXIS2_PLACEMENT_3D('',#7439,#7440,#7441);
#7439 = CARTESIAN_POINT('',(-10.77471169924,-31.95,31.225288300754));
#7440 = DIRECTION('',(1.,0.,-0.));
#7441 = DIRECTION('',(0.,0.,1.));
#7442 = DEFINITIONAL_REPRESENTATION('',(#7443),#7447);
#7443 = LINE('',#7444,#7445);
#7444 = CARTESIAN_POINT('',(0.,0.));
#7445 = VECTOR('',#7446,1.);
#7446 = DIRECTION('',(1.,0.));
#7447 = ( GEOMETRIC_REPRESENTATION_CONTEXT(2) 
PARAMETRIC_REPRESENTATION_CONTEXT() REPRESENTATION_CONTEXT('2D SPACE',''
  ) );
#7448 = ORIENTED_EDGE('',*,*,#7449,.T.);
#7449 = EDGE_CURVE('',#7422,#7323,#7450,.T.);
#7450 = SURFACE_CURVE('',#7451,(#7455,#7462),.PCURVE_S1.);
#7451 = LINE('',#7452,#7453);
#7452 = CARTESIAN_POINT('',(-10.77471169924,-31.95,48.774711699246));
#7453 = VECTOR('',#7454,1.);
#7454 = DIRECTION('',(1.,0.,-0.));
#7455 = PCURVE('',#7361,#7456);
#7456 = DEFINITIONAL_REPRESENTATION('',(#7457),#7461);
#7457 = LINE('',#7458,#7459);
#7458 = CARTESIAN_POINT('',(17.549423398492,0.));
#7459 = VECTOR('',#7460,1.);
#7460 = DIRECTION('',(0.,1.));
#7461 = ( GEOMETRIC_REPRESENTATION_CONTEXT(2) 
PARAMETRIC_REPRESENTATION_CONTEXT() REPRESENTATION_CONTEXT('2D SPACE',''
  ) );
#7462 = PCURVE('',#3065,#7463);
#7463 = DEFINITIONAL_REPRESENTATION('',(#7464),#7468);
#7464 = LINE('',#7465,#7466);
#7465 = CARTESIAN_POINT('',(7.,-20.72471169924));
#7466 = VECTOR('',#7467,1.);
#7467 = DIRECTION('',(1.,0.));
#7468 = ( GEOMETRIC_REPRESENTATION_CONTEXT(2) 
PARAMETRIC_REPRESENTATION_CONTEXT() REPRESENTATION_CONTEXT('2D SPACE',''
  ) );
#7469 = ORIENTED_EDGE('',*,*,#7345,.F.);
#7470 = ADVANCED_FACE('',(#7471),#7437,.T.);
#7471 = FACE_BOUND('',#7472,.T.);
#7472 = EDGE_LOOP('',(#7473,#7496,#7497,#7520));
#7473 = ORIENTED_EDGE('',*,*,#7474,.F.);
#7474 = EDGE_CURVE('',#7422,#7475,#7477,.T.);
#7475 = VERTEX_POINT('',#7476);
#7476 = CARTESIAN_POINT('',(-10.77471169924,-11.22528830075,
    48.774711699246));
#7477 = SURFACE_CURVE('',#7478,(#7482,#7489),.PCURVE_S1.);
#7478 = LINE('',#7479,#7480);
#7479 = CARTESIAN_POINT('',(-10.77471169924,-31.95,48.774711699246));
#7480 = VECTOR('',#7481,1.);
#7481 = DIRECTION('',(-0.,1.,0.));
#7482 = PCURVE('',#7437,#7483);
#7483 = DEFINITIONAL_REPRESENTATION('',(#7484),#7488);
#7484 = LINE('',#7485,#7486);
#7485 = CARTESIAN_POINT('',(17.549423398492,0.));
#7486 = VECTOR('',#7487,1.);
#7487 = DIRECTION('',(0.,-1.));
#7488 = ( GEOMETRIC_REPRESENTATION_CONTEXT(2) 
PARAMETRIC_REPRESENTATION_CONTEXT() REPRESENTATION_CONTEXT('2D SPACE',''
  ) );
#7489 = PCURVE('',#3065,#7490);
#7490 = DEFINITIONAL_REPRESENTATION('',(#7491),#7495);
#7491 = LINE('',#7492,#7493);
#7492 = CARTESIAN_POINT('',(7.,-20.72471169924));
#7493 = VECTOR('',#7494,1.);
#7494 = DIRECTION('',(0.,1.));
#7495 = ( GEOMETRIC_REPRESENTATION_CONTEXT(2) 
PARAMETRIC_REPRESENTATION_CONTEXT() REPRESENTATION_CONTEXT('2D SPACE',''
  ) );
#7496 = ORIENTED_EDGE('',*,*,#7421,.F.);
#7497 = ORIENTED_EDGE('',*,*,#7498,.T.);
#7498 = EDGE_CURVE('',#7399,#7499,#7501,.T.);
#7499 = VERTEX_POINT('',#7500);
#7500 = CARTESIAN_POINT('',(-10.77471169924,-11.22528830075,
    31.225288300754));
#7501 = SURFACE_CURVE('',#7502,(#7506,#7513),.PCURVE_S1.);
#7502 = LINE('',#7503,#7504);
#7503 = CARTESIAN_POINT('',(-10.77471169924,-31.95,31.225288300754));
#7504 = VECTOR('',#7505,1.);
#7505 = DIRECTION('',(-0.,1.,0.));
#7506 = PCURVE('',#7437,#7507);
#7507 = DEFINITIONAL_REPRESENTATION('',(#7508),#7512);
#7508 = LINE('',#7509,#7510);
#7509 = CARTESIAN_POINT('',(0.,0.));
#7510 = VECTOR('',#7511,1.);
#7511 = DIRECTION('',(0.,-1.));
#7512 = ( GEOMETRIC_REPRESENTATION_CONTEXT(2) 
PARAMETRIC_REPRESENTATION_CONTEXT() REPRESENTATION_CONTEXT('2D SPACE',''
  ) );
#7513 = PCURVE('',#3118,#7514);
#7514 = DEFINITIONAL_REPRESENTATION('',(#7515),#7519);
#7515 = LINE('',#7516,#7517);
#7516 = CARTESIAN_POINT('',(7.,-20.72471169924));
#7517 = VECTOR('',#7518,1.);
#7518 = DIRECTION('',(0.,1.));
#7519 = ( GEOMETRIC_REPRESENTATION_CONTEXT(2) 
PARAMETRIC_REPRESENTATION_CONTEXT() REPRESENTATION_CONTEXT('2D SPACE',''
  ) );
#7520 = ORIENTED_EDGE('',*,*,#7521,.F.);
#7521 = EDGE_CURVE('',#7475,#7499,#7522,.T.);
#7522 = SURFACE_CURVE('',#7523,(#7527,#7533),.PCURVE_S1.);
#7523 = LINE('',#7524,#7525);
#7524 = CARTESIAN_POINT('',(-10.77471169924,-11.22528830075,
    31.225288300754));
#7525 = VECTOR('',#7526,1.);
#7526 = DIRECTION('',(-0.,0.,-1.));
#7527 = PCURVE('',#7437,#7528);
#7528 = DEFINITIONAL_REPRESENTATION('',(#7529),#7532);
#7529 = B_SPLINE_CURVE_WITH_KNOTS('',1,(#7530,#7531),.UNSPECIFIED.,.F.,
  .F.,(2,2),(-17.54942339849,0.),.PIECEWISE_BEZIER_KNOTS.);
#7530 = CARTESIAN_POINT('',(17.549423398492,-20.72471169924));
#7531 = CARTESIAN_POINT('',(0.,-20.72471169924));
#7532 = ( GEOMETRIC_REPRESENTATION_CONTEXT(2) 
PARAMETRIC_REPRESENTATION_CONTEXT() REPRESENTATION_CONTEXT('2D SPACE',''
  ) );
#7533 = PCURVE('',#7534,#7539);
#7534 = PLANE('',#7535);
#7535 = AXIS2_PLACEMENT_3D('',#7536,#7537,#7538);
#7536 = CARTESIAN_POINT('',(-17.77471169924,-11.22528830075,
    31.225288300754));
#7537 = DIRECTION('',(-0.,1.,0.));
#7538 = DIRECTION('',(0.,0.,1.));
#7539 = DEFINITIONAL_REPRESENTATION('',(#7540),#7543);
#7540 = B_SPLINE_CURVE_WITH_KNOTS('',1,(#7541,#7542),.UNSPECIFIED.,.F.,
  .F.,(2,2),(-17.54942339849,0.),.PIECEWISE_BEZIER_KNOTS.);
#7541 = CARTESIAN_POINT('',(17.549423398492,7.));
#7542 = CARTESIAN_POINT('',(0.,7.));
#7543 = ( GEOMETRIC_REPRESENTATION_CONTEXT(2) 
PARAMETRIC_REPRESENTATION_CONTEXT() REPRESENTATION_CONTEXT('2D SPACE',''
  ) );
#7544 = ADVANCED_FACE('',(#7545),#7534,.T.);
#7545 = FACE_BOUND('',#7546,.T.);
#7546 = EDGE_LOOP('',(#7547,#7570,#7591,#7612));
#7547 = ORIENTED_EDGE('',*,*,#7548,.F.);
#7548 = EDGE_CURVE('',#7549,#7499,#7551,.T.);
#7549 = VERTEX_POINT('',#7550);
#7550 = CARTESIAN_POINT('',(-15.,-11.22528830075,31.225288300754));
#7551 = SURFACE_CURVE('',#7552,(#7556,#7563),.PCURVE_S1.);
#7552 = LINE('',#7553,#7554);
#7553 = CARTESIAN_POINT('',(-17.77471169924,-11.22528830075,
    31.225288300754));
#7554 = VECTOR('',#7555,1.);
#7555 = DIRECTION('',(1.,0.,-0.));
#7556 = PCURVE('',#7534,#7557);
#7557 = DEFINITIONAL_REPRESENTATION('',(#7558),#7562);
#7558 = LINE('',#7559,#7560);
#7559 = CARTESIAN_POINT('',(0.,0.));
#7560 = VECTOR('',#7561,1.);
#7561 = DIRECTION('',(0.,1.));
#7562 = ( GEOMETRIC_REPRESENTATION_CONTEXT(2) 
PARAMETRIC_REPRESENTATION_CONTEXT() REPRESENTATION_CONTEXT('2D SPACE',''
  ) );
#7563 = PCURVE('',#3118,#7564);
#7564 = DEFINITIONAL_REPRESENTATION('',(#7565),#7569);
#7565 = LINE('',#7566,#7567);
#7566 = CARTESIAN_POINT('',(0.,0.));
#7567 = VECTOR('',#7568,1.);
#7568 = DIRECTION('',(1.,0.));
#7569 = ( GEOMETRIC_REPRESENTATION_CONTEXT(2) 
PARAMETRIC_REPRESENTATION_CONTEXT() REPRESENTATION_CONTEXT('2D SPACE',''
  ) );
#7570 = ORIENTED_EDGE('',*,*,#7571,.T.);
#7571 = EDGE_CURVE('',#7549,#7572,#7574,.T.);
#7572 = VERTEX_POINT('',#7573);
#7573 = CARTESIAN_POINT('',(-15.,-11.22528830075,48.774711699246));
#7574 = SURFACE_CURVE('',#7575,(#7579,#7585),.PCURVE_S1.);
#7575 = LINE('',#7576,#7577);
#7576 = CARTESIAN_POINT('',(-15.,-11.22528830075,29.112644150377));
#7577 = VECTOR('',#7578,1.);
#7578 = DIRECTION('',(0.,0.,1.));
#7579 = PCURVE('',#7534,#7580);
#7580 = DEFINITIONAL_REPRESENTATION('',(#7581),#7584);
#7581 = B_SPLINE_CURVE_WITH_KNOTS('',1,(#7582,#7583),.UNSPECIFIED.,.F.,
  .F.,(2,2),(2.112644150377,19.662067548869),.PIECEWISE_BEZIER_KNOTS.);
#7582 = CARTESIAN_POINT('',(0.,2.774711699246));
#7583 = CARTESIAN_POINT('',(17.549423398492,2.774711699246));
#7584 = ( GEOMETRIC_REPRESENTATION_CONTEXT(2) 
PARAMETRIC_REPRESENTATION_CONTEXT() REPRESENTATION_CONTEXT('2D SPACE',''
  ) );
#7585 = PCURVE('',#3039,#7586);
#7586 = DEFINITIONAL_REPRESENTATION('',(#7587),#7590);
#7587 = B_SPLINE_CURVE_WITH_KNOTS('',1,(#7588,#7589),.UNSPECIFIED.,.F.,
  .F.,(2,2),(2.112644150377,19.662067548869),.PIECEWISE_BEZIER_KNOTS.);
#7588 = CARTESIAN_POINT('',(4.225288300754,-39.72471169924));
#7589 = CARTESIAN_POINT('',(21.774711699246,-39.72471169924));
#7590 = ( GEOMETRIC_REPRESENTATION_CONTEXT(2) 
PARAMETRIC_REPRESENTATION_CONTEXT() REPRESENTATION_CONTEXT('2D SPACE',''
  ) );
#7591 = ORIENTED_EDGE('',*,*,#7592,.T.);
#7592 = EDGE_CURVE('',#7572,#7475,#7593,.T.);
#7593 = SURFACE_CURVE('',#7594,(#7598,#7605),.PCURVE_S1.);
#7594 = LINE('',#7595,#7596);
#7595 = CARTESIAN_POINT('',(-17.77471169924,-11.22528830075,
    48.774711699246));
#7596 = VECTOR('',#7597,1.);
#7597 = DIRECTION('',(1.,0.,-0.));
#7598 = PCURVE('',#7534,#7599);
#7599 = DEFINITIONAL_REPRESENTATION('',(#7600),#7604);
#7600 = LINE('',#7601,#7602);
#7601 = CARTESIAN_POINT('',(17.549423398492,0.));
#7602 = VECTOR('',#7603,1.);
#7603 = DIRECTION('',(0.,1.));
#7604 = ( GEOMETRIC_REPRESENTATION_CONTEXT(2) 
PARAMETRIC_REPRESENTATION_CONTEXT() REPRESENTATION_CONTEXT('2D SPACE',''
  ) );
#7605 = PCURVE('',#3065,#7606);
#7606 = DEFINITIONAL_REPRESENTATION('',(#7607),#7611);
#7607 = LINE('',#7608,#7609);
#7608 = CARTESIAN_POINT('',(0.,0.));
#7609 = VECTOR('',#7610,1.);
#7610 = DIRECTION('',(1.,0.));
#7611 = ( GEOMETRIC_REPRESENTATION_CONTEXT(2) 
PARAMETRIC_REPRESENTATION_CONTEXT() REPRESENTATION_CONTEXT('2D SPACE',''
  ) );
#7612 = ORIENTED_EDGE('',*,*,#7521,.T.);
#7613 = ADVANCED_FACE('',(#7614),#3261,.F.);
#7614 = FACE_BOUND('',#7615,.F.);
#7615 = EDGE_LOOP('',(#7616,#7617,#7638,#7639,#7640,#7641,#7642,#7643,
    #7644,#7645,#7646,#7647));
#7616 = ORIENTED_EDGE('',*,*,#4856,.F.);
#7617 = ORIENTED_EDGE('',*,*,#7618,.T.);
#7618 = EDGE_CURVE('',#4833,#3223,#7619,.T.);
#7619 = SURFACE_CURVE('',#7620,(#7624,#7631),.PCURVE_S1.);
#7620 = LINE('',#7621,#7622);
#7621 = CARTESIAN_POINT('',(-15.,-50.95,27.));
#7622 = VECTOR('',#7623,1.);
#7623 = DIRECTION('',(0.,0.,1.));
#7624 = PCURVE('',#3261,#7625);
#7625 = DEFINITIONAL_REPRESENTATION('',(#7626),#7630);
#7626 = LINE('',#7627,#7628);
#7627 = CARTESIAN_POINT('',(0.,0.));
#7628 = VECTOR('',#7629,1.);
#7629 = DIRECTION('',(1.,0.));
#7630 = ( GEOMETRIC_REPRESENTATION_CONTEXT(2) 
PARAMETRIC_REPRESENTATION_CONTEXT() REPRESENTATION_CONTEXT('2D SPACE',''
  ) );
#7631 = PCURVE('',#3039,#7632);
#7632 = DEFINITIONAL_REPRESENTATION('',(#7633),#7637);
#7633 = LINE('',#7634,#7635);
#7634 = CARTESIAN_POINT('',(0.,0.));
#7635 = VECTOR('',#7636,1.);
#7636 = DIRECTION('',(1.,0.));
#7637 = ( GEOMETRIC_REPRESENTATION_CONTEXT(2) 
PARAMETRIC_REPRESENTATION_CONTEXT() REPRESENTATION_CONTEXT('2D SPACE',''
  ) );
#7638 = ORIENTED_EDGE('',*,*,#3245,.T.);
#7639 = ORIENTED_EDGE('',*,*,#4511,.F.);
#7640 = ORIENTED_EDGE('',*,*,#5012,.F.);
#7641 = ORIENTED_EDGE('',*,*,#7141,.F.);
#7642 = ORIENTED_EDGE('',*,*,#7099,.F.);
#7643 = ORIENTED_EDGE('',*,*,#6189,.F.);
#7644 = ORIENTED_EDGE('',*,*,#4934,.F.);
#7645 = ORIENTED_EDGE('',*,*,#6130,.F.);
#7646 = ORIENTED_EDGE('',*,*,#6087,.F.);
#7647 = ORIENTED_EDGE('',*,*,#5176,.F.);
#7648 = ADVANCED_FACE('',(#7649),#3065,.F.);
#7649 = FACE_BOUND('',#7650,.F.);
#7650 = EDGE_LOOP('',(#7651,#7652,#7673,#7674,#7694,#7695,#7696,#7697,
    #7698,#7699,#7700,#7701));
#7651 = ORIENTED_EDGE('',*,*,#4485,.F.);
#7652 = ORIENTED_EDGE('',*,*,#7653,.F.);
#7653 = EDGE_CURVE('',#3051,#4463,#7654,.T.);
#7654 = SURFACE_CURVE('',#7655,(#7659,#7666),.PCURVE_S1.);
#7655 = LINE('',#7656,#7657);
#7656 = CARTESIAN_POINT('',(-17.77471169924,-11.22528830075,
    48.774711699246));
#7657 = VECTOR('',#7658,1.);
#7658 = DIRECTION('',(-0.,1.,0.));
#7659 = PCURVE('',#3065,#7660);
#7660 = DEFINITIONAL_REPRESENTATION('',(#7661),#7665);
#7661 = LINE('',#7662,#7663);
#7662 = CARTESIAN_POINT('',(0.,0.));
#7663 = VECTOR('',#7664,1.);
#7664 = DIRECTION('',(0.,1.));
#7665 = ( GEOMETRIC_REPRESENTATION_CONTEXT(2) 
PARAMETRIC_REPRESENTATION_CONTEXT() REPRESENTATION_CONTEXT('2D SPACE',''
  ) );
#7666 = PCURVE('',#3092,#7667);
#7667 = DEFINITIONAL_REPRESENTATION('',(#7668),#7672);
#7668 = LINE('',#7669,#7670);
#7669 = CARTESIAN_POINT('',(17.549423398492,0.));
#7670 = VECTOR('',#7671,1.);
#7671 = DIRECTION('',(0.,-1.));
#7672 = ( GEOMETRIC_REPRESENTATION_CONTEXT(2) 
PARAMETRIC_REPRESENTATION_CONTEXT() REPRESENTATION_CONTEXT('2D SPACE',''
  ) );
#7673 = ORIENTED_EDGE('',*,*,#3050,.T.);
#7674 = ORIENTED_EDGE('',*,*,#7675,.T.);
#7675 = EDGE_CURVE('',#3025,#7572,#7676,.T.);
#7676 = SURFACE_CURVE('',#7677,(#7681,#7688),.PCURVE_S1.);
#7677 = LINE('',#7678,#7679);
#7678 = CARTESIAN_POINT('',(-15.,-31.08764415037,48.774711699246));
#7679 = VECTOR('',#7680,1.);
#7680 = DIRECTION('',(0.,-1.,0.));
#7681 = PCURVE('',#3065,#7682);
#7682 = DEFINITIONAL_REPRESENTATION('',(#7683),#7687);
#7683 = LINE('',#7684,#7685);
#7684 = CARTESIAN_POINT('',(2.774711699246,-19.86235584962));
#7685 = VECTOR('',#7686,1.);
#7686 = DIRECTION('',(0.,-1.));
#7687 = ( GEOMETRIC_REPRESENTATION_CONTEXT(2) 
PARAMETRIC_REPRESENTATION_CONTEXT() REPRESENTATION_CONTEXT('2D SPACE',''
  ) );
#7688 = PCURVE('',#3039,#7689);
#7689 = DEFINITIONAL_REPRESENTATION('',(#7690),#7693);
#7690 = B_SPLINE_CURVE_WITH_KNOTS('',1,(#7691,#7692),.UNSPECIFIED.,.F.,
  .F.,(2,2),(-24.08764415037,-19.86235584962),.PIECEWISE_BEZIER_KNOTS.);
#7691 = CARTESIAN_POINT('',(21.774711699246,-43.95));
#7692 = CARTESIAN_POINT('',(21.774711699246,-39.72471169924));
#7693 = ( GEOMETRIC_REPRESENTATION_CONTEXT(2) 
PARAMETRIC_REPRESENTATION_CONTEXT() REPRESENTATION_CONTEXT('2D SPACE',''
  ) );
#7694 = ORIENTED_EDGE('',*,*,#7592,.T.);
#7695 = ORIENTED_EDGE('',*,*,#7474,.F.);
#7696 = ORIENTED_EDGE('',*,*,#7449,.T.);
#7697 = ORIENTED_EDGE('',*,*,#7322,.T.);
#7698 = ORIENTED_EDGE('',*,*,#7297,.T.);
#7699 = ORIENTED_EDGE('',*,*,#4682,.F.);
#7700 = ORIENTED_EDGE('',*,*,#4296,.T.);
#7701 = ORIENTED_EDGE('',*,*,#4363,.T.);
#7702 = ADVANCED_FACE('',(#7703),#3092,.T.);
#7703 = FACE_BOUND('',#7704,.T.);
#7704 = EDGE_LOOP('',(#7705,#7706,#7707,#7728));
#7705 = ORIENTED_EDGE('',*,*,#7653,.F.);
#7706 = ORIENTED_EDGE('',*,*,#3077,.T.);
#7707 = ORIENTED_EDGE('',*,*,#7708,.T.);
#7708 = EDGE_CURVE('',#3078,#4440,#7709,.T.);
#7709 = SURFACE_CURVE('',#7710,(#7714,#7721),.PCURVE_S1.);
#7710 = LINE('',#7711,#7712);
#7711 = CARTESIAN_POINT('',(-17.77471169924,-11.22528830075,
    31.225288300754));
#7712 = VECTOR('',#7713,1.);
#7713 = DIRECTION('',(-0.,1.,0.));
#7714 = PCURVE('',#3092,#7715);
#7715 = DEFINITIONAL_REPRESENTATION('',(#7716),#7720);
#7716 = LINE('',#7717,#7718);
#7717 = CARTESIAN_POINT('',(0.,0.));
#7718 = VECTOR('',#7719,1.);
#7719 = DIRECTION('',(0.,-1.));
#7720 = ( GEOMETRIC_REPRESENTATION_CONTEXT(2) 
PARAMETRIC_REPRESENTATION_CONTEXT() REPRESENTATION_CONTEXT('2D SPACE',''
  ) );
#7721 = PCURVE('',#3118,#7722);
#7722 = DEFINITIONAL_REPRESENTATION('',(#7723),#7727);
#7723 = LINE('',#7724,#7725);
#7724 = CARTESIAN_POINT('',(0.,0.));
#7725 = VECTOR('',#7726,1.);
#7726 = DIRECTION('',(0.,1.));
#7727 = ( GEOMETRIC_REPRESENTATION_CONTEXT(2) 
PARAMETRIC_REPRESENTATION_CONTEXT() REPRESENTATION_CONTEXT('2D SPACE',''
  ) );
#7728 = ORIENTED_EDGE('',*,*,#4462,.T.);
#7729 = ADVANCED_FACE('',(#7730),#3118,.T.);
#7730 = FACE_BOUND('',#7731,.T.);
#7731 = EDGE_LOOP('',(#7732,#7733,#7734,#7735,#7755,#7756,#7757,#7758,
    #7759,#7760,#7761,#7762));
#7732 = ORIENTED_EDGE('',*,*,#4439,.T.);
#7733 = ORIENTED_EDGE('',*,*,#7708,.F.);
#7734 = ORIENTED_EDGE('',*,*,#3103,.T.);
#7735 = ORIENTED_EDGE('',*,*,#7736,.T.);
#7736 = EDGE_CURVE('',#3104,#7549,#7737,.T.);
#7737 = SURFACE_CURVE('',#7738,(#7742,#7749),.PCURVE_S1.);
#7738 = LINE('',#7739,#7740);
#7739 = CARTESIAN_POINT('',(-15.,-31.08764415037,31.225288300754));
#7740 = VECTOR('',#7741,1.);
#7741 = DIRECTION('',(0.,-1.,0.));
#7742 = PCURVE('',#3118,#7743);
#7743 = DEFINITIONAL_REPRESENTATION('',(#7744),#7748);
#7744 = LINE('',#7745,#7746);
#7745 = CARTESIAN_POINT('',(2.774711699246,-19.86235584962));
#7746 = VECTOR('',#7747,1.);
#7747 = DIRECTION('',(0.,-1.));
#7748 = ( GEOMETRIC_REPRESENTATION_CONTEXT(2) 
PARAMETRIC_REPRESENTATION_CONTEXT() REPRESENTATION_CONTEXT('2D SPACE',''
  ) );
#7749 = PCURVE('',#3039,#7750);
#7750 = DEFINITIONAL_REPRESENTATION('',(#7751),#7754);
#7751 = B_SPLINE_CURVE_WITH_KNOTS('',1,(#7752,#7753),.UNSPECIFIED.,.F.,
  .F.,(2,2),(-24.08764415037,-19.86235584962),.PIECEWISE_BEZIER_KNOTS.);
#7752 = CARTESIAN_POINT('',(4.225288300754,-43.95));
#7753 = CARTESIAN_POINT('',(4.225288300754,-39.72471169924));
#7754 = ( GEOMETRIC_REPRESENTATION_CONTEXT(2) 
PARAMETRIC_REPRESENTATION_CONTEXT() REPRESENTATION_CONTEXT('2D SPACE',''
  ) );
#7755 = ORIENTED_EDGE('',*,*,#7548,.T.);
#7756 = ORIENTED_EDGE('',*,*,#7498,.F.);
#7757 = ORIENTED_EDGE('',*,*,#7398,.T.);
#7758 = ORIENTED_EDGE('',*,*,#7373,.T.);
#7759 = ORIENTED_EDGE('',*,*,#7248,.T.);
#7760 = ORIENTED_EDGE('',*,*,#4634,.F.);
#7761 = ORIENTED_EDGE('',*,*,#4248,.T.);
#7762 = ORIENTED_EDGE('',*,*,#4387,.T.);
#7763 = ADVANCED_FACE('',(#7764),#3039,.F.);
#7764 = FACE_BOUND('',#7765,.F.);
#7765 = EDGE_LOOP('',(#7766,#7767,#7768,#7769,#7770,#7791,#7812,#7813,
    #7814,#7815,#7816));
#7766 = ORIENTED_EDGE('',*,*,#3222,.F.);
#7767 = ORIENTED_EDGE('',*,*,#7618,.F.);
#7768 = ORIENTED_EDGE('',*,*,#4832,.F.);
#7769 = ORIENTED_EDGE('',*,*,#5130,.F.);
#7770 = ORIENTED_EDGE('',*,*,#7771,.T.);
#7771 = EDGE_CURVE('',#5106,#197,#7772,.T.);
#7772 = SURFACE_CURVE('',#7773,(#7777,#7784),.PCURVE_S1.);
#7773 = LINE('',#7774,#7775);
#7774 = CARTESIAN_POINT('',(-15.,-50.95,27.));
#7775 = VECTOR('',#7776,1.);
#7776 = DIRECTION('',(-0.,1.,0.));
#7777 = PCURVE('',#3039,#7778);
#7778 = DEFINITIONAL_REPRESENTATION('',(#7779),#7783);
#7779 = LINE('',#7780,#7781);
#7780 = CARTESIAN_POINT('',(0.,0.));
#7781 = VECTOR('',#7782,1.);
#7782 = DIRECTION('',(0.,-1.));
#7783 = ( GEOMETRIC_REPRESENTATION_CONTEXT(2) 
PARAMETRIC_REPRESENTATION_CONTEXT() REPRESENTATION_CONTEXT('2D SPACE',''
  ) );
#7784 = PCURVE('',#213,#7785);
#7785 = DEFINITIONAL_REPRESENTATION('',(#7786),#7790);
#7786 = LINE('',#7787,#7788);
#7787 = CARTESIAN_POINT('',(0.,0.));
#7788 = VECTOR('',#7789,1.);
#7789 = DIRECTION('',(0.,1.));
#7790 = ( GEOMETRIC_REPRESENTATION_CONTEXT(2) 
PARAMETRIC_REPRESENTATION_CONTEXT() REPRESENTATION_CONTEXT('2D SPACE',''
  ) );
#7791 = ORIENTED_EDGE('',*,*,#7792,.T.);
#7792 = EDGE_CURVE('',#197,#3131,#7793,.T.);
#7793 = SURFACE_CURVE('',#7794,(#7798,#7805),.PCURVE_S1.);
#7794 = LINE('',#7795,#7796);
#7795 = CARTESIAN_POINT('',(-15.,-50.95,27.));
#7796 = VECTOR('',#7797,1.);
#7797 = DIRECTION('',(-0.,1.,0.));
#7798 = PCURVE('',#3039,#7799);
#7799 = DEFINITIONAL_REPRESENTATION('',(#7800),#7804);
#7800 = LINE('',#7801,#7802);
#7801 = CARTESIAN_POINT('',(0.,0.));
#7802 = VECTOR('',#7803,1.);
#7803 = DIRECTION('',(0.,-1.));
#7804 = ( GEOMETRIC_REPRESENTATION_CONTEXT(2) 
PARAMETRIC_REPRESENTATION_CONTEXT() REPRESENTATION_CONTEXT('2D SPACE',''
  ) );
#7805 = PCURVE('',#242,#7806);
#7806 = DEFINITIONAL_REPRESENTATION('',(#7807),#7811);
#7807 = LINE('',#7808,#7809);
#7808 = CARTESIAN_POINT('',(-15.,-50.95));
#7809 = VECTOR('',#7810,1.);
#7810 = DIRECTION('',(0.,1.));
#7811 = ( GEOMETRIC_REPRESENTATION_CONTEXT(2) 
PARAMETRIC_REPRESENTATION_CONTEXT() REPRESENTATION_CONTEXT('2D SPACE',''
  ) );
#7812 = ORIENTED_EDGE('',*,*,#3130,.T.);
#7813 = ORIENTED_EDGE('',*,*,#7736,.T.);
#7814 = ORIENTED_EDGE('',*,*,#7571,.T.);
#7815 = ORIENTED_EDGE('',*,*,#7675,.F.);
#7816 = ORIENTED_EDGE('',*,*,#3024,.T.);
#7817 = ADVANCED_FACE('',(#7818),#2930,.F.);
#7818 = FACE_BOUND('',#7819,.F.);
#7819 = EDGE_LOOP('',(#7820,#7821,#7822,#7843));
#7820 = ORIENTED_EDGE('',*,*,#2973,.F.);
#7821 = ORIENTED_EDGE('',*,*,#2914,.T.);
#7822 = ORIENTED_EDGE('',*,*,#7823,.T.);
#7823 = EDGE_CURVE('',#2887,#3176,#7824,.T.);
#7824 = SURFACE_CURVE('',#7825,(#7829,#7836),.PCURVE_S1.);
#7825 = LINE('',#7826,#7827);
#7826 = CARTESIAN_POINT('',(-22.,19.,27.));
#7827 = VECTOR('',#7828,1.);
#7828 = DIRECTION('',(0.,0.,1.));
#7829 = PCURVE('',#2930,#7830);
#7830 = DEFINITIONAL_REPRESENTATION('',(#7831),#7835);
#7831 = LINE('',#7832,#7833);
#7832 = CARTESIAN_POINT('',(0.,-26.));
#7833 = VECTOR('',#7834,1.);
#7834 = DIRECTION('',(1.,0.));
#7835 = ( GEOMETRIC_REPRESENTATION_CONTEXT(2) 
PARAMETRIC_REPRESENTATION_CONTEXT() REPRESENTATION_CONTEXT('2D SPACE',''
  ) );
#7836 = PCURVE('',#2902,#7837);
#7837 = DEFINITIONAL_REPRESENTATION('',(#7838),#7842);
#7838 = LINE('',#7839,#7840);
#7839 = CARTESIAN_POINT('',(0.,0.));
#7840 = VECTOR('',#7841,1.);
#7841 = DIRECTION('',(1.,0.));
#7842 = ( GEOMETRIC_REPRESENTATION_CONTEXT(2) 
PARAMETRIC_REPRESENTATION_CONTEXT() REPRESENTATION_CONTEXT('2D SPACE',''
  ) );
#7843 = ORIENTED_EDGE('',*,*,#3200,.F.);
#7844 = ADVANCED_FACE('',(#7845),#2902,.T.);
#7845 = FACE_BOUND('',#7846,.T.);
#7846 = EDGE_LOOP('',(#7847,#7868,#7869,#7870,#7871,#7872,#7873,#7874,
    #7875));
#7847 = ORIENTED_EDGE('',*,*,#7848,.F.);
#7848 = EDGE_CURVE('',#255,#4157,#7849,.T.);
#7849 = SURFACE_CURVE('',#7850,(#7854,#7861),.PCURVE_S1.);
#7850 = LINE('',#7851,#7852);
#7851 = CARTESIAN_POINT('',(1.047744064056E-12,19.,27.));
#7852 = VECTOR('',#7853,1.);
#7853 = DIRECTION('',(1.,0.,0.));
#7854 = PCURVE('',#2902,#7855);
#7855 = DEFINITIONAL_REPRESENTATION('',(#7856),#7860);
#7856 = LINE('',#7857,#7858);
#7857 = CARTESIAN_POINT('',(0.,22.000000000001));
#7858 = VECTOR('',#7859,1.);
#7859 = DIRECTION('',(0.,1.));
#7860 = ( GEOMETRIC_REPRESENTATION_CONTEXT(2) 
PARAMETRIC_REPRESENTATION_CONTEXT() REPRESENTATION_CONTEXT('2D SPACE',''
  ) );
#7861 = PCURVE('',#155,#7862);
#7862 = DEFINITIONAL_REPRESENTATION('',(#7863),#7867);
#7863 = LINE('',#7864,#7865);
#7864 = CARTESIAN_POINT('',(22.000000000001,26.));
#7865 = VECTOR('',#7866,1.);
#7866 = DIRECTION('',(1.,0.));
#7867 = ( GEOMETRIC_REPRESENTATION_CONTEXT(2) 
PARAMETRIC_REPRESENTATION_CONTEXT() REPRESENTATION_CONTEXT('2D SPACE',''
  ) );
#7868 = ORIENTED_EDGE('',*,*,#2886,.F.);
#7869 = ORIENTED_EDGE('',*,*,#7823,.T.);
#7870 = ORIENTED_EDGE('',*,*,#3175,.T.);
#7871 = ORIENTED_EDGE('',*,*,#3995,.F.);
#7872 = ORIENTED_EDGE('',*,*,#4080,.T.);
#7873 = ORIENTED_EDGE('',*,*,#4015,.T.);
#7874 = ORIENTED_EDGE('',*,*,#3357,.T.);
#7875 = ORIENTED_EDGE('',*,*,#4179,.F.);
#7876 = ADVANCED_FACE('',(#7877),#242,.T.);
#7877 = FACE_BOUND('',#7878,.T.);
#7878 = EDGE_LOOP('',(#7879,#7880,#7881));
#7879 = ORIENTED_EDGE('',*,*,#3151,.F.);
#7880 = ORIENTED_EDGE('',*,*,#225,.T.);
#7881 = ORIENTED_EDGE('',*,*,#7792,.T.);
#7882 = ADVANCED_FACE('',(#7883),#213,.F.);
#7883 = FACE_BOUND('',#7884,.F.);
#7884 = EDGE_LOOP('',(#7885,#7886,#7887,#7888,#7889,#7890,#7891,#7892,
    #7893,#7894,#7895,#7896));
#7885 = ORIENTED_EDGE('',*,*,#7771,.F.);
#7886 = ORIENTED_EDGE('',*,*,#5105,.T.);
#7887 = ORIENTED_EDGE('',*,*,#5228,.T.);
#7888 = ORIENTED_EDGE('',*,*,#6107,.T.);
#7889 = ORIENTED_EDGE('',*,*,#6152,.F.);
#7890 = ORIENTED_EDGE('',*,*,#5081,.T.);
#7891 = ORIENTED_EDGE('',*,*,#6241,.T.);
#7892 = ORIENTED_EDGE('',*,*,#7119,.T.);
#7893 = ORIENTED_EDGE('',*,*,#7163,.F.);
#7894 = ORIENTED_EDGE('',*,*,#7223,.T.);
#7895 = ORIENTED_EDGE('',*,*,#4591,.T.);
#7896 = ORIENTED_EDGE('',*,*,#196,.F.);
#7897 = ADVANCED_FACE('',(#7898),#184,.T.);
#7898 = FACE_BOUND('',#7899,.T.);
#7899 = EDGE_LOOP('',(#7900,#7901,#7902));
#7900 = ORIENTED_EDGE('',*,*,#4612,.F.);
#7901 = ORIENTED_EDGE('',*,*,#167,.T.);
#7902 = ORIENTED_EDGE('',*,*,#4204,.F.);
#7903 = ADVANCED_FACE('',(#7904),#155,.F.);
#7904 = FACE_BOUND('',#7905,.F.);
#7905 = EDGE_LOOP('',(#7906,#7907,#7908,#7909,#7910));
#7906 = ORIENTED_EDGE('',*,*,#7848,.F.);
#7907 = ORIENTED_EDGE('',*,*,#287,.T.);
#7908 = ORIENTED_EDGE('',*,*,#138,.F.);
#7909 = ORIENTED_EDGE('',*,*,#4339,.T.);
#7910 = ORIENTED_EDGE('',*,*,#4156,.T.);
#7911 = ADVANCED_FACE('',(#7912),#103,.T.);
#7912 = FACE_BOUND('',#7913,.T.);
#7913 = EDGE_LOOP('',(#7914,#7915,#7936,#7937,#7938));
#7914 = ORIENTED_EDGE('',*,*,#86,.F.);
#7915 = ORIENTED_EDGE('',*,*,#7916,.F.);
#7916 = EDGE_CURVE('',#2776,#55,#7917,.T.);
#7917 = SURFACE_CURVE('',#7918,(#7922,#7929),.PCURVE_S1.);
#7918 = LINE('',#7919,#7920);
#7919 = CARTESIAN_POINT('',(22.111958069039,-6.342027306238,19.));
#7920 = VECTOR('',#7921,1.);
#7921 = DIRECTION('',(-0.956304755963,0.292371704723,0.));
#7922 = PCURVE('',#103,#7923);
#7923 = DEFINITIONAL_REPRESENTATION('',(#7924),#7928);
#7924 = LINE('',#7925,#7926);
#7925 = CARTESIAN_POINT('',(22.111958069039,-6.342027306238));
#7926 = VECTOR('',#7927,1.);
#7927 = DIRECTION('',(-0.956304755963,0.292371704723));
#7928 = ( GEOMETRIC_REPRESENTATION_CONTEXT(2) 
PARAMETRIC_REPRESENTATION_CONTEXT() REPRESENTATION_CONTEXT('2D SPACE',''
  ) );
#7929 = PCURVE('',#74,#7930);
#7930 = DEFINITIONAL_REPRESENTATION('',(#7931),#7935);
#7931 = LINE('',#7932,#7933);
#7932 = CARTESIAN_POINT('',(-0.,-0.282842712475));
#7933 = VECTOR('',#7934,1.);
#7934 = DIRECTION('',(-1.,0.));
#7935 = ( GEOMETRIC_REPRESENTATION_CONTEXT(2) 
PARAMETRIC_REPRESENTATION_CONTEXT() REPRESENTATION_CONTEXT('2D SPACE',''
  ) );
#7936 = ORIENTED_EDGE('',*,*,#2775,.F.);
#7937 = ORIENTED_EDGE('',*,*,#2860,.T.);
#7938 = ORIENTED_EDGE('',*,*,#314,.F.);
#7939 = ADVANCED_FACE('',(#7940),#74,.F.);
#7940 = FACE_BOUND('',#7941,.T.);
#7941 = EDGE_LOOP('',(#7942,#7943,#7944,#7945));
#7942 = ORIENTED_EDGE('',*,*,#2803,.F.);
#7943 = ORIENTED_EDGE('',*,*,#7916,.T.);
#7944 = ORIENTED_EDGE('',*,*,#54,.T.);
#7945 = ORIENTED_EDGE('',*,*,#7946,.F.);
#7946 = EDGE_CURVE('',#2356,#24,#7947,.T.);
#7947 = SURFACE_CURVE('',#7948,(#7952,#7959),.PCURVE_S1.);
#7948 = LINE('',#7949,#7950);
#7949 = CARTESIAN_POINT('',(21.99500938715,-6.724549208623,18.6));
#7950 = VECTOR('',#7951,1.);
#7951 = DIRECTION('',(-0.956304755963,0.292371704723,0.));
#7952 = PCURVE('',#74,#7953);
#7953 = DEFINITIONAL_REPRESENTATION('',(#7954),#7958);
#7954 = LINE('',#7955,#7956);
#7955 = CARTESIAN_POINT('',(-0.,0.282842712475));
#7956 = VECTOR('',#7957,1.);
#7957 = DIRECTION('',(-1.,0.));
#7958 = ( GEOMETRIC_REPRESENTATION_CONTEXT(2) 
PARAMETRIC_REPRESENTATION_CONTEXT() REPRESENTATION_CONTEXT('2D SPACE',''
  ) );
#7959 = PCURVE('',#43,#7960);
#7960 = DEFINITIONAL_REPRESENTATION('',(#7961),#7965);
#7961 = LINE('',#7962,#7963);
#7962 = CARTESIAN_POINT('',(12.1,69.));
#7963 = VECTOR('',#7964,1.);
#7964 = DIRECTION('',(0.,-1.));
#7965 = ( GEOMETRIC_REPRESENTATION_CONTEXT(2) 
PARAMETRIC_REPRESENTATION_CONTEXT() REPRESENTATION_CONTEXT('2D SPACE',''
  ) );
#7966 = ADVANCED_FACE('',(#7967),#43,.F.);
#7967 = FACE_BOUND('',#7968,.F.);
#7968 = EDGE_LOOP('',(#7969,#7970,#7971,#7972));
#7969 = ORIENTED_EDGE('',*,*,#2355,.F.);
#7970 = ORIENTED_EDGE('',*,*,#2281,.T.);
#7971 = ORIENTED_EDGE('',*,*,#21,.T.);
#7972 = ORIENTED_EDGE('',*,*,#7946,.F.);
#7973 = ( GEOMETRIC_REPRESENTATION_CONTEXT(3) 
GLOBAL_UNCERTAINTY_ASSIGNED_CONTEXT((#7977)) 
GLOBAL_UNIT_ASSIGNED_CONTEXT((#7974,#7975,#7976)) REPRESENTATION_CONTEXT
('Context #1','3D Context with UNIT and UNCERTAINTY') );
#7974 = ( LENGTH_UNIT() NAMED_UNIT(*) SI_UNIT(.MILLI.,.METRE.) );
#7975 = ( NAMED_UNIT(*) PLANE_ANGLE_UNIT() SI_UNIT($,.RADIAN.) );
#7976 = ( NAMED_UNIT(*) SI_UNIT($,.STERADIAN.) SOLID_ANGLE_UNIT() );
#7977 = UNCERTAINTY_MEASURE_WITH_UNIT(LENGTH_MEASURE(1.E-07),#7974,
  'distance_accuracy_value','confusion accuracy');
#7978 = PRODUCT_RELATED_PRODUCT_CATEGORY('part',$,(#7));
ENDSEC;
END-ISO-10303-21;
